"V6","V5","V3","V4","V1","V7","V8","V2"
44.7013670222768,49.5325447918174,64.5221069945665,75.7678813301115,58.2322632369474,51.7036280580597,84.679012802511,81.4440988728528
49.4805001875236,48.4134032026554,67.4381396900837,70.8912685103243,61.9802039080292,54.444622800064,77.7784382395019,82.9744232546962
46.7276249144218,49.6719693629523,67.5604077940646,70.6001291414234,62.7042725212202,54.5324396220072,80.1707248421038,82.9665568459514
48.9655943023042,53.8698424747118,69.5276188762924,79.7228869301724,62.3762443186509,51.9823331280775,91.7854770107855,87.7776452904994
47.386669398098,49.5476328314937,67.7013697126698,69.1977202583104,61.1113029749129,51.4891342715721,79.4712959655241,83.8265104357762
51.2970232815318,47.6804298998573,70.4620699287821,66.3983484446849,67.8999527166239,57.3886850212915,76.5054156865041,84.0554478520771
46.7726750958113,48.2983251679959,64.3754068820455,72.2391086610857,57.8261582265084,50.4069544967463,81.1756860073717,80.5170587703081
50.5501012602649,49.3777368051058,71.0399471327812,68.3399698588801,66.1815817671126,58.7746460797158,80.830196837558,86.4236310030191
49.7382527734053,51.7836732119346,71.7340207738671,76.6273882117849,66.6879208041572,54.10162363056,85.9782500968424,88.3932329947774
46.3139391179214,49.7841191870178,68.1196479688266,74.2199267330244,59.3596628279965,51.1687121931883,83.0047382192445,85.8298723668195
48.8745886190303,48.4638938797968,67.0818156362615,69.2532448242907,65.1698289700522,56.8178280547497,80.0094201197181,81.3119074776997
51.7205873464496,50.009465843196,70.7692850361591,72.273841655852,67.36935207395,57.8462217251669,80.1880973477369,85.8676441539105
50.451685860333,48.411574906444,69.2354980552022,68.484699659888,67.0709394034233,57.8522905106477,78.0198406881642,83.1551284738203
48.4425718078719,45.7516821948623,70.3921167353587,58.0784940729333,64.8188356355189,54.9408030166992,66.6470670705962,83.86820982004
50.0254936532981,48.300450576589,66.893890641905,69.7490481895394,64.0907295232871,54.6596086045268,81.1863263473875,81.601203425199
50.5188857568607,53.350901395332,72.0868760481341,77.8576492701325,64.1510031465286,50.4304755715754,88.7375511997923,90.378328634311
49.9158796342309,49.0232011138324,67.2964001360496,69.8205923571041,63.2996281732489,53.9056502073495,77.0603741586866,82.1384028247709
48.1935485815711,49.0150388801193,67.7588288432048,70.6500471324973,62.2939326077009,52.9534604702316,79.565002539131,83.4241984118264
45.8883405288032,49.4274193651251,68.1115202827822,71.9521893337429,58.2910810948883,49.6881117720537,82.0691268043112,86.0449038285278
48.1064441960572,48.3813703922639,66.942329217207,71.0376218516785,63.7135311291063,56.3536418418294,80.0653201684885,81.8890605013897
46.374952680539,49.7443717180793,68.0417508716579,70.6634903372636,59.0611751715921,50.4938173152424,81.2716200530087,85.5647230631102
51.0827333255754,47.0479938323719,70.1624514923044,65.0071294393036,67.911577290495,59.6075513350081,72.3413468461949,83.5373949037364
49.937145645298,56.528395751218,72.1831106957843,82.8075146686526,68.9495445751795,56.8164995300629,91.8632059397593,89.0653951318234
48.4621416118847,56.3681642819282,69.4496424265115,86.6089125007224,64.0501725601287,54.9956929953795,95.5983574821407,87.9279985872244
48.9225373042489,50.8977419198624,64.9530137452092,74.8697381983402,62.395857363506,56.1409074918843,84.9169833121034,79.9555797665208
46.2415848046933,45.4239147334508,65.1648549649197,65.029112705479,62.3598172068385,54.7946614500999,75.7192214761629,78.8108732155458
50.4452461823181,50.5244614869241,71.4428092053306,72.2441164760904,68.3272159842545,57.5478770861317,81.8584734281536,86.5543528685289
46.0243952829437,48.9934627993789,67.2510876758736,69.1483386935307,57.3321109539873,49.1706601438752,78.8133749399057,84.573078357533
48.9501988837469,49.4253192542446,68.8813245266951,68.9693366588151,62.5083954006366,51.8810030517742,79.4566563087847,84.9665313695905
46.2419344647134,50.3838034612519,67.261439432732,71.7102832106695,59.7529403482909,50.695630779688,81.0957326747393,83.8423355327235
45.9446383064228,50.0115032590405,66.9566711521672,72.1983797559141,59.1979826203592,51.0148585321309,82.9583600915758,84.0022202087643
50.4566555873204,54.3423104719711,69.5883780320052,79.3249759002379,64.0817078517155,55.5082245630908,90.2864732708508,87.0824115494572
46.7792563217961,48.8109386491081,67.4800340755215,66.6696031241177,60.5817117334862,50.9964345813276,76.5845577769262,83.0841201753147
47.4422778542437,47.7082709503884,66.3611996827316,69.2191350624019,57.9314800316083,50.8766119343595,77.818656007163,82.9455041485785
44.448079669135,49.5262292685907,65.5174691028892,72.019078811353,57.1488642581373,50.5706946206267,83.9506824131085,82.6692222408058
47.5242619476664,51.1027244685789,68.1454793028657,75.1469501693003,63.0270824828279,52.4844876956866,86.2156802704697,84.5761919070769
48.6558953356866,48.2867237966769,70.1471771110033,64.0182900764172,64.5642615703801,54.80738990427,72.9879455077068,84.9072154827265
48.4023998918127,55.0267827323352,68.8839788683333,79.4505137419688,62.6149324353032,52.5177344382114,88.4255565543463,86.5479205042751
43.1917206649605,47.9589131726009,64.4336493552667,69.0728523726019,54.2763560201535,47.8975123931387,79.0018596868469,81.8086042559317
50.7260548863768,47.9335421214875,68.9821063422422,67.6744308261655,66.672441108554,57.5142124573236,72.1040619537031,82.5106157538218
48.0497288479279,53.251885623893,68.5985784524095,77.3196166112872,60.8846670197405,51.9584693454262,88.400582033116,86.5594714651117
49.5206260956585,48.8798929250693,70.1556844490046,61.7480485761542,64.7642168967142,55.894881198495,68.6138791726135,84.1574002644321
45.1034757402285,48.0626680401894,64.746558063215,71.376157566325,58.0855473749695,52.0610102780849,79.5256794496591,80.8131679544758
46.5101760994772,48.0262923450467,66.3783377939487,66.1904325839779,57.5656011756667,48.4124285197444,74.3016355607951,82.6712211311751
50.5798608655665,53.2198526912528,68.3339207423197,78.6431280141606,62.1612587002806,52.8911116444509,86.3116889517252,85.563973765401
49.095084864381,49.1925069017106,68.4034666170813,73.4451536301561,67.4423152277381,58.1373918406757,82.9360322592925,82.8362435235816
46.5418517721883,54.5349527707673,67.4897075144509,80.8236616334067,60.9051262275598,53.6415866169692,94.2386998303455,85.8174371253888
51.2577984566077,48.7795169930339,71.9698046373672,64.0150937805398,67.259783002087,54.848378775063,71.3226727742764,86.1927050270438
48.1684840248479,53.4210543951918,67.9195221906151,80.1831413361181,61.4931183168643,53.913249110719,94.5012258318623,86.0411291351541
48.5423908675574,46.8332149694433,66.5549282176166,66.7944769404583,62.8273707272407,55.5284955105106,73.9056889397513,80.7113056047655
47.4169553840374,45.2667002581688,64.5153609031182,62.6884639740529,59.1064701358829,52.053808204764,70.6465416181464,78.5410028120952
51.4816767436555,50.7644015853843,72.2406374076386,74.5738876282697,67.240954636904,56.7641624201806,82.0884963407058,88.3488901719308
52.533020570305,56.5992942546262,71.8179243439343,88.7000465641809,69.2109000885798,59.1764421466026,100.527101827483,89.8727100511626
44.7096929561694,48.4632015803234,65.6379225437707,70.4274062331008,60.630106304869,51.9963860632527,78.8862885890458,80.9809743500352
45.5307731155619,52.8408999560576,68.1650379861819,78.5638935611791,57.965961371396,49.2944670654319,84.6893543584473,87.0097313480106
46.2872564897231,48.0852540210224,66.4749909451547,71.7458105300734,59.2340717575193,50.553297160762,79.161606564601,82.9135077487674
48.1181259935941,51.1087444487058,68.0778837774274,76.1650036408757,66.8197242690262,58.7764270690763,85.6639276816371,82.9119161292267
49.8180247359211,51.3636431665111,68.4749354824326,77.9059330352862,66.5969964872789,58.1503917170616,90.7307824841283,84.3178965514927
50.0134733504973,49.4625760072389,68.8016582353205,70.9328636460408,66.1315455312513,56.5838733371679,78.8955242571405,83.2210995084628
48.0197168841056,51.9740175715503,70.436312009997,75.6253453686009,60.1734014763452,50.540621108471,84.1022876765594,88.7962635707399
48.2115023795718,51.1708557632759,67.1966378687381,76.9753616905984,61.3437863885088,53.3654805087014,88.3890959366151,84.4176988682415
50.3296235607833,48.4491146602393,66.164416303859,72.9804888155517,65.9631496942116,57.0977145410579,80.621131894213,79.6683016149914
49.2018804257067,48.7016281450149,66.3703200041447,74.4394299803898,63.9530606958635,54.9296750799053,84.6005641746326,81.6233957015204
46.0707053672996,49.3383218362912,65.6483370014025,69.9560465395657,59.3799678057676,51.2055931071364,77.7846591075547,81.2299291444555
49.4656230455142,46.8349928142789,67.5139062222232,65.0312737747696,65.4870287979822,57.3690890316265,74.907680314211,80.7296459809091
47.3751817397056,49.8353226704584,68.0069883753921,70.6768976166217,61.9136462640028,53.6032568822553,80.0121786623242,84.0465874856844
46.3624315978807,48.6186232165205,68.2057572871681,62.7164080827358,60.838191230938,50.0662596220309,70.928601092438,83.4280660104502
49.436618672496,48.4754207874536,69.2247029733054,72.2361125446296,63.9765071138245,53.8996330933101,80.5219368580329,84.8633670717695
48.1458021282923,49.9408478226408,70.2711421486249,66.5635304174176,63.7686282810058,54.4715912571641,76.9337598615966,85.8705713489833
49.2611028830714,50.6130212329301,69.2125448393316,72.4564557413803,62.1904872770735,53.4728358428061,82.7182248727264,85.9811028995742
46.3592845691696,51.6082669954225,65.3235147093804,73.5382505270312,59.0223947963072,51.6024271305091,86.1859058824327,82.2003031201908
47.1948819147418,49.5940652439172,69.8170525287854,71.6022109718632,69.0857115877187,59.9387166551959,80.0357507577353,83.6622639923955
48.6008836463089,54.4239437713019,69.0723253877593,82.1054831493324,64.010403722223,54.0597026045374,93.8503522986978,86.947685802442
50.0781033809801,49.0660569712794,71.1011593166079,64.5830459889389,67.6185295791001,54.2364879055971,75.4202432441162,85.2757405793679
49.8110263638873,54.4430782977503,71.8978596144249,77.4061919518397,65.9540835385817,56.3902469030057,89.3353882502339,89.4160846165309
47.7670369595468,52.7084816306027,68.2313867731786,77.6437927284692,62.1636712243081,52.2226822497706,86.3944680618935,85.4401431524322
48.7698093862391,53.5902563068813,69.1037665623222,80.7160910599542,64.4185112610779,54.1155491270478,89.330553789225,86.3894324288657
46.7488995330294,46.6839768102676,68.7361492836755,62.4161389333758,58.8224067328804,48.6066380693655,70.5903466771496,84.7307006873609
48.9032861609908,51.4851367493582,70.1791706991002,78.9124034505356,65.9307126134286,54.6900345938916,89.7279359888366,87.0380730129041
47.308905873664,52.948170398352,68.2613819724053,76.7383681477141,58.5557374006965,49.9063319100242,89.208623778202,87.0415305418227
48.632056712485,47.6975276810278,67.2971110696663,73.0759020354536,62.9717532492912,54.2119768613183,79.8740773290925,82.7918860786629
48.7831543065131,49.5529330030458,67.7183201023592,73.0480698609331,60.4382547769871,51.5053878292964,79.3630616181284,84.215356610535
46.0852504824273,50.7138268319127,67.7312643619485,73.4321859647668,61.3142641174279,53.0771806293471,82.3741443452556,84.3942552179163
49.2055229831481,44.4196611305549,69.2341336214261,57.7118365638718,64.9942793612962,53.7810459571486,63.0104259148268,81.8186791562555
48.2417438658002,52.9478492279405,68.4148903579903,73.9404633413107,65.4827559141505,55.8076422991579,85.3795695017708,83.9021919935144
50.5410657243899,47.9212283500866,71.2788666723997,67.3519845476177,67.3579271618236,57.1384231989321,75.008367917955,85.6360205003034
48.6085248525774,50.5556319650775,65.2690405254612,76.8751025259181,59.9750501429792,51.5596104259124,87.0951013599007,81.8061948517218
48.9852022529815,51.7085004074433,69.6793216636903,75.3757805669951,61.5740857050324,52.7623784249449,85.1251666500741,87.404794580311
52.4666116397969,49.2793961414156,71.2231318612123,67.3987727843988,70.7234082519245,59.4108752932137,78.9749765645315,84.3987323895123
50.7877994111363,50.9145191503976,68.9786664180132,77.1784998151161,69.6742910079512,60.0374960538353,84.1395425083412,83.1443990082981
47.7137810050531,52.4558018136953,68.1580823268747,77.3324466514053,62.368084959506,54.2449473975547,88.6794875832104,85.3729015105468
50.3026796124565,50.8763186524485,70.3210741968653,67.96578226298,64.0923685042787,53.526414554481,79.0674915211716,86.081838808295
49.0051129524855,56.2167247659214,70.4582891285046,80.949804307714,63.4291245011128,52.9766031954032,91.6096731064898,88.7739073464252
49.056128166423,47.636906286659,68.9528292486692,66.1353695026845,65.084991320996,54.6859400977458,75.7648571825959,83.3362993438601
51.426741854387,49.8960962900895,73.0691966489345,70.313968272124,67.1227026452978,56.6190169181809,78.9044243121871,88.9519495408521
48.6495985426292,48.0807684499134,69.8822232933893,68.3677146593946,66.1212716842911,56.1991433924053,78.6395316069007,84.5915687105934
43.8932648058906,52.7408874404064,67.6087934035657,77.3988491525039,56.0243435844872,47.493819583023,86.6428915994708,87.0044917937604
52.109187986916,53.7154881539065,70.4852458234297,78.8368096375654,66.5721881434618,55.3599140955657,89.4636181737104,87.1855217127727
51.7904697465664,50.7549480774109,74.9918422938053,66.9924360991174,68.7705617484755,55.2484239448532,77.7459065530537,90.6953333421325
48.4293974880339,48.4612808751907,69.475125329975,68.1355175903258,68.3864141323889,58.8402639794637,78.6731555355545,83.1181017338351
47.5772897045382,50.9178072064694,63.8474676590761,78.6777853523048,57.6009000681563,51.7856516037885,89.9565628257399,81.3956283848411
48.0232784050656,47.63158339989,69.7939907050774,63.0701051478745,63.3682215560838,53.1982233763209,70.9483875766281,84.5854080899703
46.0185392272638,48.8004292785865,65.622229549986,72.6304943656649,61.3085724121836,54.3301585859411,82.4290640985596,81.2416852359638
48.2100184582654,49.1003887638644,67.6194423583628,69.6485193613166,64.0916507527685,55.477523719227,82.1279081093641,82.4166521912783
50.8187768251325,48.9731364427724,70.6004620036691,69.475090454964,69.5136642214181,58.6730689999396,78.2475767238479,84.2721737560061
46.0768977693284,51.9222412542092,65.0037507785196,81.0554242313083,57.9103531730492,51.0020222139924,93.4206653420258,83.5513475504778
48.5572532617219,51.3650866387588,67.2280585120431,75.5084869859649,59.8114123228019,51.2536277167391,84.3273664731623,84.6762730219435
53.4287703120239,52.7105577167898,70.503603406923,80.1801768098525,72.4951859798445,62.2233276839644,90.8335885776654,85.1156052913259
48.7793074723969,55.0294875716252,69.6213961094444,79.9605388588641,61.7652308836409,51.3593149276262,89.0073452176311,87.9926131304352
46.5205870826692,46.8495133064007,65.0229390579589,63.3992044684711,58.1582614353422,51.4200689007534,73.6616869750208,80.1155174518946
52.2402668293601,46.4734941203145,69.6260338496984,65.612599116278,68.6446419104602,57.1738497903712,73.6656770193833,82.5529516802203
51.562964330004,52.5641978451653,68.6179622517111,77.6753079740652,67.2021793576597,56.7425837527747,87.8107359338569,83.9512903518419
49.1083552157159,51.9661465549685,69.2199203023309,75.1491626671699,62.0071581046976,52.1030427297617,84.3462774965179,86.4313525603791
51.8661224217718,50.5627462724163,69.5066928829479,74.7088934084805,68.1904611077764,58.2216712185124,81.5879381072815,84.1847050913215
49.8600955989159,48.376356089458,69.925604853177,66.4550358178142,63.4761249029774,52.3032458671374,73.1788582212744,85.1557520071084
49.3943712816457,48.169918153138,68.0130775813148,69.254260851356,65.2601124086594,56.4404534402212,78.560927059887,82.0774203173698
48.2054039707873,48.0031093749545,65.0497983939065,70.2310873389832,60.0146873155012,52.7951579658305,77.8571566156576,80.3513543133833
47.8738607723482,49.519051008399,69.8107044646795,72.9985964852954,66.1019504356609,55.3766423280646,83.478347373231,85.3049475157749
50.1358557216094,46.3618641915909,69.0668264708249,64.4524274954696,64.7485618271473,53.7365040090982,72.5385703960871,83.1581638605491
45.9507104784945,48.4045306019461,68.4996239722928,66.6930717173199,57.6838134212946,48.4454408344296,76.1600201734137,85.866780391398
49.0908204093868,47.7460071668269,69.6047321022161,68.2832843003563,64.6023034268969,54.0938168634757,74.0225467620621,84.2566393996218
47.063125443363,50.4373806551001,66.322930805744,73.9761569375566,58.8943078986294,50.6675903711904,83.0713388855288,83.4678028007066
51.1764590044606,49.4604331911636,68.7678412228102,69.8319544126189,66.1375330706254,57.1083550395324,81.3991712773096,83.2825848238573
48.5198207062218,49.954347956181,69.2547138749738,68.0506817022931,63.0095054426088,54.1843865722855,78.3025544787657,84.9749140812604
50.1003916365399,50.183890591111,67.8404684049039,72.8498184746496,63.4935318777587,53.8306803327412,80.6791343911584,83.2666030394563
48.7000918407574,49.9659322491556,69.6837787823591,71.7580510053384,64.4829135419952,56.5680758966053,80.4637501008175,85.4481352046116
48.7940093117227,50.9280872316141,67.9943695219358,73.2103156995072,62.1719623090502,51.9825526676492,84.2320656410975,84.4446014578896
47.4479689721937,48.5697944687602,66.8727187872983,69.3139754076512,61.0591547597193,53.2008210975751,78.04150710493,82.3367590004907
47.4895999705574,50.2584836063224,67.9061223662022,73.6255278820675,62.347687131558,52.1410352664649,83.4583350842469,84.424017002622
46.5061989412395,48.6848321640219,68.1669283507101,70.570168271043,61.0960613375357,50.4515451050219,77.849285527662,84.7471717135383
45.7046321416772,50.6216999223986,67.8633199074213,72.4313993876971,60.2796547813938,51.7465696393123,84.9886558081775,84.9557970341935
47.2001575602713,50.5555598807117,69.5919945550004,73.9924542064986,59.0838885079975,49.3973280792075,86.0054504719084,88.0418667769511
47.5411979071328,51.4728272261603,69.0748124912053,71.379176785185,62.5226564080887,52.0109486776232,83.8290281572927,85.7471699136009
50.0687305384493,50.3063363385054,70.5028065440711,68.532035979066,65.1323009330564,54.3311033857174,77.7204088014343,85.7871650806977
48.1219652158991,49.6408085502485,69.1875268787742,68.593575570678,63.342193460493,54.3911216714466,77.3806376192561,84.814131059882
45.0818363070331,52.0838337768814,65.777306614468,77.1100149886802,54.9106746023353,46.5893757900701,89.7283722823119,85.1655755798403
44.6312952154174,50.0729798522308,66.6637733798171,70.8683713649622,55.7641200696768,48.7787312979297,80.8253381131162,84.6636968556393
48.4212491686711,49.2982854430759,68.434009150835,72.4671804954417,59.9582256674789,51.5534896275531,79.4117665167634,85.3798620155321
46.7002793112424,50.1188118410941,67.050654707066,73.3501035068316,59.9138273443384,52.3049953110931,82.0451232015302,83.7356707046062
47.902895085862,47.0539740170832,66.0446466476557,65.0377563583629,64.7878161764311,55.5678213789702,73.5605501845866,78.9075044932827
48.0239089937219,51.3479009580124,68.3456371300735,79.6363768610058,62.1478659519084,52.0185402713146,89.6818979894722,85.9478936976922
49.5707552130658,52.5403340570204,69.7646505935206,75.7789539223452,63.475653793709,53.1117767428682,87.3682060735271,87.0971178103781
47.8211526050878,49.0746853852658,66.7152999929784,69.1896949225041,59.6383846280505,51.1908973211879,79.1309421702899,82.8481646864277
48.0167754920672,55.3381645382429,70.9052824235737,77.7591835971173,60.8300600532714,50.9030569332574,88.4076559793821,89.839302630701
46.5221805973876,51.7250397539941,65.5531643755046,82.5737140368352,59.9111484255651,52.6648323087267,92.7462417783287,83.2293430730495
50.4516749363484,48.7504592668988,70.5692381715357,68.7915750876279,65.8691492306826,54.5939740825256,78.3238085346893,85.6674742443724
45.0925179528972,48.0578162933018,65.2046433478591,64.1363176802496,55.1551804616602,47.9545102798887,74.1173416065214,81.593158902946
50.1032041853214,47.9262851639499,68.312672468747,67.2646280213727,68.4070205136493,60.336134772013,76.5485826810327,80.9792758582612
50.4611622855633,50.8813089401447,70.4842652170687,76.6198332183707,63.9246039448348,53.8286891567505,87.0253359937428,87.5914283186502
47.2832255536758,46.154701646568,68.3050375759529,64.8758536870228,60.1596950973468,53.1337519594265,72.4748244244448,84.0468264539083
48.8857555567266,47.3332777354528,68.8646043023015,60.7762318988739,64.9442342830334,54.5982410086026,68.7643229981176,82.1864086742869
49.7595919064824,48.0458553227532,69.2909191363617,72.2216715583038,65.4743264047646,56.2232093169072,80.4156942729236,84.6587064879742
49.4356501813011,50.4726438834501,70.9167804525289,68.2003553569505,67.5242042507865,56.5647151514549,77.2360333759095,85.5426804994239
50.7259999143087,51.7706161768051,71.3928118740584,75.6176496634679,67.9768422058393,57.8107820519248,87.9419202822167,87.4961660592183
47.6006178178166,48.9551579795094,66.8368105232378,71.196175764466,65.531665648883,57.3906409541095,80.8523495943383,80.8718041583849
48.1929081218774,46.0513282735742,66.684327094202,67.3788140859827,61.459842064036,51.4691123178462,75.8087797343035,81.5562868233378
47.3661919435078,53.3961353833432,69.2800849234412,77.6689611557848,66.6122046513812,56.9782471816279,88.8530803435929,85.1655650834741
47.7425225335155,47.0465133826221,66.4219162359331,67.5040112146557,64.0828954413209,55.9862139661583,75.8820094748854,80.0354666873883
48.9314903837187,50.0700806899209,69.1013665586869,73.4992473097762,67.5548432895757,58.8104578457175,82.1915273338448,83.5116274080132
46.2073692930886,53.7397300408676,66.3509914420152,78.5386276268858,61.0220126404729,52.809921508697,90.461467289812,83.7585426333796
49.6140142243724,52.9309290068089,71.1139961306292,73.3695396781043,63.1309815958887,53.3950494150716,82.3839938476907,88.5032955529326
48.5525813584349,50.5723925805901,70.0514886095324,71.0935968288115,67.4769897377123,57.3736603776359,80.9731377001718,84.7100404394459
50.9231622184781,50.590120161127,71.2316790623131,69.8701303167047,68.7161752381113,57.0347754187887,79.8423468714278,85.7409493122491
50.8126166179426,50.2464978787155,71.0388164211093,67.4865022528555,67.026807075153,57.0052447332917,78.6264634151975,85.7069216019076
44.1467458747752,47.4845802905246,64.2405250969847,63.4666846910706,54.5781617807982,47.7664430475247,73.5807845261548,80.4321970382393
48.8321868374343,47.3817243329984,67.4843839288011,65.9977070033829,63.4069105983564,54.6564915032702,75.6715959553331,81.7220898937025
49.3489707903141,47.7653959405318,71.8964594181472,60.172612840245,66.2314810789307,56.5838521999264,67.7054838114788,85.8967715528545
47.721388935591,49.6377518974765,67.8154456559128,70.2870521014501,62.1978626792567,55.0963307909883,79.5411227604796,83.4502685900623
46.1166031926964,49.5724451890284,63.1877742665729,77.0444736945991,60.3599744629568,54.8246230404939,86.9661415795704,78.8455538840943
49.8770918113201,50.1573989981176,71.9354886915697,69.9184337871844,67.4608713100801,55.8349226446157,81.4066883813499,87.5049419288469
49.8624817730286,49.8212733181322,68.6827881177724,72.442974786648,64.0774591668525,55.6719677626088,82.9741300839036,84.413503017163
46.9318825529607,50.3794530286653,65.2941723444192,72.5908816446366,58.388278518677,51.4909006050994,82.3475352332566,81.9708071765088
47.44830821747,48.7109777626434,69.0405835123288,65.5858572849876,62.9222791648259,52.7883643608218,74.7408047537577,84.0966438383034
48.0987353393821,48.4908456513695,67.6525198090346,62.6576596000109,59.896500922941,52.0178573844053,70.914901058118,82.9771971059364
48.9672111793914,47.0165534891067,70.6610453418996,61.9983520386627,66.3658566337665,55.7657506636737,68.7483787121764,84.3035842459168
48.0140604464681,46.6079641236546,68.3335112183987,64.5491525164653,63.0646800926427,56.0300185167983,72.9891262437003,82.8891392438273
51.8730005891221,48.0621004211232,71.5218528713683,64.6933402489738,70.0028853393973,60.3618423468967,74.7173978190221,84.5784683478886
45.8993368003409,49.3419839266459,64.9629197183033,70.1145116926436,55.8117501178173,49.2568607634211,79.7908293397871,82.3121985238149
47.7966933145113,52.1989557870992,67.5226584458309,77.6389463343642,63.4718463950616,54.3028210362786,85.6875725050702,83.7720533557834
48.0955689975471,45.8942023676502,67.3099050335094,60.217958331502,62.8215562578579,54.2376584869171,68.5059452350312,80.5569749666045
47.7105313396,55.9155796890973,67.8245162079563,87.8032477876982,62.9102334523516,54.5986193507269,100.094720777106,86.6410628696048
45.3755656893012,49.1277842654794,66.0171421487478,70.378192476213,58.4637147032405,52.4305082109591,80.2731610320317,82.562305213294
45.0785338017317,50.8844937575134,64.2707605724843,72.4819859991424,57.091728355706,50.5797375604709,85.7928846752835,81.20534667584
52.2140825019112,50.3982361412493,72.7357142699459,65.0315796699418,67.5984504047105,55.7690276106347,75.0835268448803,87.8302294989073
51.2224152041671,52.8052753032189,71.1712472482852,78.7297000387773,64.7991376559517,54.7469955627076,91.093083736363,88.91577486644
48.5226467386388,47.0277627577223,68.5300036907593,65.6639079264178,65.6864515372933,57.121176537164,75.5987443688415,82.5048236318925
47.9670280834044,51.1840093427314,68.6612320655078,73.8086375309803,66.4542798108958,56.4770117256697,83.752211687638,83.7512262398326
48.2828656507392,53.8949758176812,68.2392560811496,80.3256453934495,58.8594363436934,51.704595004537,91.815993279977,87.5922901529449
48.3834826134362,50.455289211134,66.5264572173795,80.6677170208711,65.7853041106098,56.827057981437,90.7366221058839,81.9339157635612
48.106516408873,48.9069599635235,70.5370690610752,66.077171161312,62.286396339474,52.6299016730643,75.0842184308435,86.67906796966
51.9534025082344,48.5932905758485,70.0756453902723,70.0217683922752,65.9988695646254,55.9297237771247,74.9539003073564,84.726504789518
48.2606362320901,49.1289260915567,69.0096317285662,67.5907651065598,62.29644770337,51.9397007283534,75.1647367379808,84.525053013767
53.8347773870262,48.6191228129896,71.9311663475967,67.8831401634371,73.5323440868805,63.1831200979016,77.8632447895131,84.3659418640927
47.0988472360892,50.9329433223555,67.7480046381145,76.7058106224688,63.5761076512406,56.7276433009657,87.3634681685432,84.2317437674318
48.7534839863269,54.1768887574211,68.2988604011633,79.0052081384732,65.1819591871778,57.7562823015514,90.3523003500515,84.7327537722461
46.5305450486371,49.3597845264797,65.8824436740136,75.3730651121389,60.3228122523194,53.4221994497048,85.1750638757051,82.4018993781313
46.5048601535367,44.5260827235377,62.9258053885906,64.8932829322714,58.7789890076898,53.5682859766962,71.2090596103726,76.560732092511
47.5957760686846,51.3586546329286,69.5452984386914,72.8975955007751,59.7793733281729,50.2799256616854,80.5138352978271,87.1638332413744
50.5891975400167,52.511401673179,65.9367972077579,80.1128723180002,63.985044590965,57.6285590715267,91.111267219691,82.0418373798545
47.5938588655986,48.376080075085,68.8116440925701,65.857969593809,62.2430275190134,54.1949180043933,73.7973107818572,84.2561336024685
50.451211717848,50.9418895570559,69.3325860600535,74.7237349091766,69.4251256985604,60.4619593093468,87.459423505278,83.9051630225578
47.6308250538204,49.2435551058461,68.5360378037417,71.6066702064419,66.2955859071381,55.6341631408774,79.8601938172693,83.1242503989828
45.3546150737813,51.2251075285449,66.8719324997036,71.2644636373597,55.7878388832073,46.7154666279786,81.7652590955913,84.8996235699487
45.0647615916128,48.1014317158478,66.4931573827641,70.7102202067853,59.4213162877293,50.6384389153271,81.0956914434633,82.9455964767632
49.6250808667242,49.4168829263135,70.7185913793413,64.67291832192,64.7818902998298,54.2921025374463,75.567580061756,85.7505896942835
49.6909167954827,46.5183872000409,68.7882696403827,63.996357607711,63.9290149446203,55.3515413818025,72.8584316175494,83.3100646466749
46.9309999518247,49.6182494397797,68.5324636962078,71.3835128143573,59.7300979030288,51.495841014946,82.4573920321463,86.0200647598475
48.6547382843922,55.0824410040643,71.9519469678945,80.2981072742528,63.1709342402861,52.6871598132337,88.8676996186203,90.7653150475338
50.3769573870077,48.3943522595696,70.2019847743463,68.180705832692,66.093603511843,56.2162972352868,76.494596134677,84.8929728398716
48.4784561556622,50.7634827009019,69.8548980913923,74.7012324210983,63.5260442930481,53.3717753368814,84.1662080361106,86.6894824759891
50.2349358900915,54.4459842423904,72.7086104100057,83.5167660653086,67.8308295226755,58.0811879239376,93.6291111143813,90.4515599573351
48.8432268195099,48.8097367081733,67.5495708645696,69.4269611632233,64.1868336260258,55.4907105604585,77.7526837746933,82.2841312835309
50.2798670649846,48.6299939771594,68.31289500861,67.785267717265,67.7174059921959,59.962133987316,77.3398568152086,81.3418774973585
46.5194214161534,51.2303402789936,68.3399366428009,73.0273664960368,63.1352016407653,55.5655152485188,84.3908290478994,84.5510355461417
51.5916201055367,50.6246241784511,71.5172174236795,69.4009075859194,69.3526539404013,59.3897210030542,79.025212662611,85.7193140670274
46.7765991905755,54.2581864145466,67.7185491734091,81.1050059635134,56.2142920367824,47.4609035187608,92.0706995269968,88.1084709657984
49.9155384284509,50.0459779249705,68.4669786827879,77.813791142959,67.3323458216138,59.8881126411671,87.0202713303332,83.5979290353733
46.9408715357982,48.3453853519287,66.5699757427326,69.2674279006351,57.7243646013727,49.7331102958137,78.7320268675425,83.5686533750037
49.9106518393335,53.5454619789208,66.7395947990409,80.4510617775356,64.5628758220724,56.9746653402785,89.6561369145152,82.7008423762156
51.1929199601147,50.1668402719908,71.7841724612951,63.6633560070055,66.1191944750906,53.3411140505676,72.423509766668,86.3183927083928
52.2580047132992,51.49640054072,70.0255693121007,76.1096892029522,68.3313343297226,59.6491713381412,86.5679487484948,85.4072096169706
48.806423877613,48.3242936562138,68.8670310668098,64.6084741893466,62.0745889100123,53.0260443512486,72.2373196904794,83.9979268884036
48.9428360483461,49.582987123909,70.2182097959306,71.782287416947,60.9702865847119,51.0197741347337,80.4612042106109,87.8394572037923
47.0729698101082,48.3446599449628,66.6826958591286,64.4807460317628,60.0754520008934,51.4567760620104,75.9777212112574,81.7589687475497
50.6073464905247,50.9487292172226,69.0469975757909,76.3372011791763,64.2618708554171,54.3845385347171,83.0806090364153,85.2428383779843
47.8877622677976,46.108674431858,66.7033480696393,61.5216100119744,62.9245973104329,55.9597013839399,68.4350717276621,79.7191036234072
48.4938574686987,51.7213194981684,69.8178116309969,75.9340530357256,62.5419857009626,53.4299060995043,86.5532270838124,87.5027803328109
47.6899299492051,49.303751739071,65.4390572350961,70.875061814864,62.2339619227708,55.0739178805133,79.4558494578849,80.2553787965995
48.2635630088866,49.7446254976693,71.8784988384134,70.2648382441922,63.5566055169749,53.6104109247018,79.559627832636,88.9111181445037
49.9286893076585,48.9844950317534,68.1427552269769,72.8321092963784,67.1766527991388,58.7342885732669,84.2451507999708,82.579048660109
45.3919486724663,45.1825869891835,63.2981408853295,66.4285683622588,55.4550372967617,47.539892495072,77.2152471342425,79.1978861670242
47.6612094697466,49.3803515104673,69.2280402790946,72.3045414724359,64.0709452464036,52.9742598141531,82.1866130553114,85.0904060736138
48.5170362353837,50.4246966185948,69.5360437408299,73.4399179128785,62.7852449440439,53.3005189727556,84.3471873178941,86.1919944408644
48.8602744402893,47.517606421555,67.8394958833761,65.4441673671344,63.2989955695884,53.959961072717,72.1656617546834,81.866516529588
47.0825082780918,46.7955426055286,64.6503764744046,66.8036648303106,62.3153014534137,54.3010519278877,75.9413148279329,78.3465769080799
50.3759004226501,51.7376049083253,70.6646068624224,73.7877060637472,67.7375099031718,58.5044724847632,83.5004073271461,85.9412342166611
47.5101938339256,49.0808278273397,66.9998256146148,75.5611935283618,61.4636632823979,53.9231152221545,82.9550929774166,83.2212883958951
47.5785116259884,44.722819879839,63.3333091200754,69.8745647154041,60.1708485152815,54.7114347168628,77.9443526659196,77.6031953573965
47.0097130934447,46.3520682577217,69.9651112256857,64.9933884405146,63.3713853520717,53.1828328873125,72.2072399166653,85.0109410669706
50.6749143433348,52.1796923604563,72.6271826921308,74.01984652564,67.2431149279524,57.4033198448256,85.628837173848,89.1218028878004
48.3217616697605,49.5242356716382,68.8555000020907,66.7369126447104,63.0519223989718,54.7163394736263,79.2823829727621,84.5076659388733
51.2447087115273,45.2647163263057,71.4667917261391,61.0032997458696,69.7452378569518,58.8822007003506,68.6448968771088,83.7123051552259
49.3690966737439,49.3167287711835,71.9991738627357,74.9570238719043,66.1995628407365,55.8979591263452,83.6013928897427,88.5753043300181
49.5631514773703,50.4516875785653,68.757406228063,71.2401106957129,64.6678799494035,54.7144260587482,80.1469067925403,84.029888695645
48.6955655152824,50.8191451218662,69.9595780463008,74.0610364999756,65.3779648902619,56.3876813079116,84.618085571464,85.8066925841822
49.1244794322392,46.1780549131894,70.0267706054152,58.7022392109609,65.0401604493895,53.3185540743345,67.1955933660749,83.5612037764253
46.6616423530717,48.1069195543628,67.6618705539199,72.1600933280331,60.0411976427437,53.0627854096913,83.5901043323675,84.7146732655608
50.4605483722939,51.7274388726002,67.7071530494152,73.0485824093536,61.9414398742469,52.8471552599991,82.6164218836022,84.0486235467284
48.6946152512236,51.0107053991416,70.5401814970525,69.6291975475183,61.5648648177493,51.4779360882525,78.953042254352,87.9558515918678
46.5053173544221,53.6836250756022,68.2745521954204,82.7281255558035,61.2044397835364,53.4970402290065,93.157985667774,86.9380249474222
46.5352940429488,51.2560866144218,65.2739359454074,77.3388480263247,59.2367920550655,52.4573163263252,86.1261945937042,81.9792568251021
47.5956352930284,50.4144134886655,71.4865161557061,70.7159395224643,64.0379099495113,53.5252958431745,79.7211218427495,88.2897612827403
48.2999875656417,47.2013471343627,64.3053896247084,68.1406266731403,63.3401320083792,57.0818597923893,77.4030397428583,77.6437788380885
45.0429803086877,48.1213600844724,65.1137238835842,63.4786861064295,56.1268557723605,49.5463478633161,73.6107116959143,81.1076211133446
47.5807680076195,52.4697482899527,66.9812735184472,77.5463161106933,59.5584436200699,50.1078867794449,86.1423938489657,84.600540254254
46.8428921028824,48.8966393084314,67.748597753536,70.4613409650301,62.0925906956866,53.3211393336039,80.5917432036029,83.4352004271277
48.7899350250267,50.2601056004915,67.8256671076177,69.8750906767707,62.1257614995405,53.6584654242084,76.5707521662428,83.4478452413036
50.8583234016538,52.6911238496277,72.9825508661665,74.2021065881038,67.7461926018177,56.0899352102721,84.0599464830918,89.385737999963
49.3152017152401,47.4173956972394,69.1800574619476,67.4672798678686,64.0660573595531,53.670452441454,77.7862204876275,84.2010191325264
46.3143423187069,51.3101246705714,66.8882461158424,72.5629711040889,60.9604047597048,53.8259467909799,84.1858908726197,83.4059548518556
48.2180062564978,50.7027567949914,70.5047008854207,71.4335315469147,66.2978413555876,54.131324348386,80.8018884722578,85.7021561732731
51.4278310567948,50.9759202520696,72.6757424771704,73.2407663375736,67.6163466824362,55.3398698968498,83.18619874897,88.9001502989752
47.1778445536525,52.5699336020905,66.938323824174,85.4945694626343,62.1137504916185,53.1776824425147,94.8228799892515,84.8735156197297
49.6949850342237,50.1519564636451,71.0726719631384,71.5082655164367,69.6482997251747,61.4001989940207,80.3839358759396,85.1928060829925
47.4091510712232,47.2255804352573,65.461598818924,69.4185701601651,61.7608848097,54.725226454334,79.565793071297,80.0397489023801
49.3862534709983,48.9829786519484,67.222100296358,68.1098246896171,62.5538099549553,53.377519712202,78.1024683394471,82.0742306997225
49.3431422063454,48.4148166720244,67.2945321421929,71.221375360837,65.6616261668616,57.7382009029933,80.9866326824365,81.5586882148945
48.7532437280649,49.8373628693285,67.3622323196824,70.9202446506162,65.4131236404864,55.9718841471548,80.1854529117372,81.6884369190519
50.0689892099589,52.5338053050458,66.2463417630712,76.182631172185,62.7878510512662,55.3478896726928,88.0747938334509,82.4373761906962
46.2507995015374,46.0753254142828,65.8539402995855,63.1308145183747,58.6423253827355,50.0114178767547,72.1378831088955,80.5914363826386
46.0424001359608,46.8878084888874,64.7854383918524,65.9047128783733,58.3691171534401,50.1583111855921,78.488977295649,80.4126754433842
50.4368076110332,50.7127934278116,70.0054336585319,74.317507101056,67.663800282172,58.3246230360053,85.1701122499081,85.3348361611018
49.7731770837135,50.1442041904383,70.4435394654921,72.3484056983261,66.853911370234,56.8662903582605,83.1885930322761,85.9585434051069
47.5607883838747,51.8729143719034,68.1465226808193,75.2013252566436,61.8817956937,52.9337227433444,83.2170311971775,84.9316640085532
50.330627028587,52.4638029878583,67.7238652788885,80.1157589859828,65.3842462191768,57.8732183365152,89.6269858108039,83.7259632372386
47.530386504891,52.9772946955852,64.3217334676636,82.3277545368125,58.9804170294306,50.834949123279,92.3634606529486,82.0931663885009
45.890297184839,54.1261758104489,69.2200171380257,76.3747897129511,61.1019795704423,51.8069033371206,86.8064688068429,87.2450702555146
48.4733719890819,49.0855303583485,67.9525955999068,70.6349543330942,62.5499639428105,53.6961622875025,81.3816332323061,83.7567174739715
47.7859531825372,47.6420088714603,67.2641971140567,68.9354205317758,60.4183298616339,52.7306823171677,79.723987731473,83.3784027741735
49.6269234582698,52.3059915076209,72.3948550602266,73.6606867614413,69.9869771751222,56.6466522762002,81.6818230384599,87.3495281472976
50.1713010742507,50.0157827855691,68.9031652434658,69.7969382799381,66.725448452338,56.2437467209712,78.0802645873019,83.0790171554022
45.3191653647635,52.4112851299284,64.6252616220218,83.8394224211259,61.3951714297038,54.8708674952339,96.3311877742767,81.7787196285254
46.5482481490439,48.6454044946087,68.2157292742497,69.5316921156921,62.8390063918157,51.3614193722982,78.4765325936563,83.6132413329102
45.6514497985759,50.0439097247989,66.8581759033993,74.3570813368041,60.6351029482375,52.3268254369988,84.0755313554643,83.5243008727148
48.5996582807713,53.6268284800868,69.5705645899924,76.8477368096907,63.1298248394414,54.8542284330232,87.0531297891967,86.8086896160275
46.7986140587868,49.3360328527252,66.6530019093635,75.2440897411989,62.1794444160352,54.1097200389081,87.239917716479,82.8769747370971
49.4967560329215,49.3536104540329,67.453433690488,69.7170237075398,64.2267971338833,56.3098405401985,76.9294408821735,82.0827514044769
50.311279855543,48.666246496357,70.1351284834687,71.4306592009291,63.4647211565767,54.6112899090503,81.2660300810666,86.3485386122322
49.0102335805279,49.0386945188596,70.2934697123254,68.5796310198807,65.3618925496187,54.7436961330256,77.9877631076545,85.5182793168928
47.6084362880349,48.1871689148582,66.1304559953543,70.9144710535535,60.4053757008137,54.2701678497433,79.9783537919988,81.7360121702017
46.3840112873799,48.4393735209925,67.2403810593522,65.2321999922552,60.3514624219715,50.9359017339641,74.4833515463162,82.5378442926065
49.0212712967844,49.5458062702307,64.1015888765362,74.8708994822972,64.2989339748363,57.7229634494184,84.8278946468471,78.0710274738794
51.8487295233155,49.8859541581246,71.0715914381298,73.4227052214309,72.4182223252109,62.7459325019748,84.4746317058767,84.6899687366807
45.9808150239781,52.5683530067239,68.3172641815513,79.2052488042502,58.7311877743556,49.539665066437,89.8543225966391,87.5182107905013
48.4801602188768,47.7798730642324,67.58831692338,66.3955508769132,61.8708589152335,54.7424637480674,75.0488995502275,82.6348315854986
50.1183208737207,49.2060094730356,68.9768664091439,73.8518021001244,65.3003281499389,56.9355151974781,83.2120033424594,84.5272132871798
48.9589554640774,52.0609481550396,69.4483994190937,80.7022503250002,64.9859171267123,54.9642954686855,89.2764053132753,86.5566216885861
48.0796285183565,56.4990931433278,70.0875406158799,80.6836383344998,63.6580733898457,54.30781709925,91.0984663716887,88.290855812818
48.5436496899752,48.3074988682722,70.6864211356535,69.5920657142557,65.6434089303453,55.7944108255905,79.1433374669759,86.2356855151451
45.8400187761316,49.7478657747682,66.2180359697146,68.8860379465109,59.6501154067455,51.1360886123562,78.515661566694,82.0509720957702
46.9424551365153,50.2218126389305,67.7262864807753,70.1701972024769,62.41627761825,53.7603672347268,82.3015135149467,83.562785704539
49.9771102161127,48.9941827392587,69.1745000101461,71.1844188075038,63.322042331299,53.9681170040214,80.6993426569857,85.3062904106408
48.7247138998169,48.5866096229792,69.4449699814912,68.8764271603101,64.0778022374495,54.5098913022658,77.1889112766475,84.915074434756
46.5572833788222,47.092929302042,66.761758498657,67.3291572442036,59.1528231668461,49.8772666932881,78.2176807893142,82.8626538482233
46.7939877628259,51.5649647078474,66.5268283056402,76.9421155400219,62.1174850444846,54.5490151284078,87.114855658199,83.1326133660394
47.7952608210452,50.6789368619229,66.7120369938152,73.8853501028062,61.1068465235926,52.0142650103635,84.3806426872314,83.1963279764388
49.9958689698728,47.872138399907,70.3557407725863,66.2258456876751,65.1089705584421,54.2145367584818,73.5293361110281,85.1327237988767
48.3566475446834,48.2460207265273,65.0452197473684,66.9309201751612,59.1839312652856,51.0305933836912,75.8379566496409,80.2874862032925
48.177408940658,51.5782467226853,66.7520882081732,74.7233435334045,60.5407810639544,52.1421888679082,84.616660387842,83.5471302820543
44.9726844169111,45.9591252555732,62.9339882313523,71.4333693908519,58.3723728582246,53.0067467530892,79.1377281638253,78.07008907588
50.6301932598306,51.2870734785924,70.4881800635398,69.8218231575798,69.4312581882936,58.2512577553034,78.2721299272021,84.0480772367987
48.7109400636455,52.4056419003888,71.6947718232365,72.7420722896732,66.2067274162798,55.2252559834919,81.7717392552209,87.7165487948656
47.9363516558375,46.6072129721016,66.6228504266151,69.6914025978171,61.2743667702767,53.1737566847602,78.5902080047584,81.8372440396953
47.1296268236734,51.194909888276,67.7095072965162,73.9025113656334,60.5209423355049,51.7642943597673,81.3369545927718,84.7021021207066
47.6306576905728,51.022312144227,68.3993777798894,71.8419696409986,63.0595540777117,53.8889054994734,81.3457488641742,84.2668794902273
49.6052893792521,53.4659551775198,68.2791366335823,79.8893518831515,60.8859099516888,52.2634855626566,92.1757500964001,86.8246901551757
48.9571656438459,51.4679604229185,69.5261188234122,69.2745385167354,68.0852468403747,58.5815778763049,77.6579824455008,83.2246874546538
46.4759295752804,49.860647124185,64.8067474303411,74.9496420456534,57.0793084118793,49.1029466259658,82.9627157695341,82.155863729023
48.9600845833424,50.8470689754919,73.0398362421656,68.1989331432966,66.1065112392968,53.9073617816428,75.7989158738268,88.7979182723491
48.7676872025707,52.8970236869807,69.4730337294006,78.2873491314505,66.0006258270443,57.9366115805127,90.9737608611067,86.0654848660114
48.8391134716919,48.5489728305681,66.7960257632096,74.1243677686594,63.5387123984023,53.7700756919814,83.2558935531595,81.9279412987439
47.0855968720456,49.4095575068339,67.115856885923,68.7890475179883,60.1275483485983,52.4938349710732,76.720288923698,82.9269572855138
44.0257988393314,47.1498071644613,62.9555637504255,69.5391945622632,56.5953055214387,49.2304617738683,77.2759926094078,78.5184870242454
49.1219637855045,51.2448869368688,71.2679781596115,74.3070973048574,66.4612238781379,54.2476203006252,84.3387152928536,87.504145070441
50.0958704508691,50.9281491187906,69.3266396305193,71.1736684364529,66.3413332270228,57.3214433535745,81.1873421264847,84.2242083314572
47.8777400240267,51.7484572650488,66.7010075429833,75.7540255956018,62.9847229463125,54.944937365452,85.5593725193502,82.4909401137097
46.1092698907641,47.0805590657072,65.7378118374723,66.8549907286464,60.9611991149033,53.4172061722863,76.1757708389153,80.3932667429777
49.0863701474097,51.369420752708,71.4802777182499,72.7131653712019,64.7243223943485,53.4529226120396,80.9187421194544,88.1921215651941
46.70864227302,50.6025240233036,66.8768207098497,74.5454130475427,60.840465200483,52.7994661279996,86.8079289694168,83.8627655898093
49.8351859423822,49.9591221299683,68.6314663031135,74.2782710433508,68.6735264554086,60.3092102391324,85.4175934003163,82.891692727791
46.8649967022433,48.8141359310787,66.763580054433,70.7259698995516,59.0870968184988,51.0788119956169,79.4253710484854,83.4420051500107
46.512431844623,50.4001422385097,67.7741145931029,73.4316354232518,62.0814636543264,53.2346978156531,84.4946733318451,84.4194657776749
47.3972092189918,51.758804901713,66.767563487419,82.3630423974566,58.3398586718113,50.8287970084057,90.2269048973001,85.5935546260545
47.3768108719134,50.5299769633287,68.3890806226792,75.2991724611111,64.9674078458046,56.0869860986095,84.1685986871045,83.979590195501
48.2467939856008,50.6617355215469,66.9730300120689,78.9647114583317,64.3630437078719,55.8660956624357,88.1130016602459,82.8026567664675
50.6683154508767,47.8340489396486,69.9581805095664,68.7111575278432,69.2040991191149,60.717418572863,78.0024767188012,83.5387429755551
45.5062546449724,44.3099771953247,65.1384653017147,65.5542327439858,59.0347828795669,50.8054140894725,73.2409628752159,79.9192229817357
47.2114824367678,49.8453671742431,66.565243924023,72.1954347036701,62.1163777900036,51.6160619526178,83.2443906150061,82.3135155229727
49.2098034287347,46.5955977833326,66.5769099074636,68.333810041003,62.4333757244538,53.4455173494915,76.7968061853588,80.9837845110914
44.0025143356203,52.7163186917871,67.5937333744253,78.8767279759718,57.0589314283139,47.6963023660353,87.7391508996093,86.9285407592677
46.2547932526854,49.4813519032581,65.4665895412463,72.2890290817013,55.7886065588838,48.9545580639394,81.612965945925,83.2022941185298
50.867001370401,52.9353041034134,73.9219595049299,74.88766168975,69.9571167112678,57.6584119916837,83.7271480498925,89.9680060038143
44.7189426863084,48.3283325696924,61.883558519883,71.4961105212319,56.487044183086,51.8546190518574,81.0644558327287,77.5723441686377
47.0714638184266,46.2453194050498,65.5602110245592,68.686064775909,60.1372217247275,53.0149287350043,76.9897574365774,80.8295807873924
46.5430238467777,43.8965304816296,67.260239871697,58.9555470259882,59.2260733472442,50.5151300815331,67.4448751297002,81.7972443472761
50.1945563763099,48.9598148126722,69.4342561396604,71.0340586463754,65.1257988034236,56.2664676191427,81.4104054193259,84.7631416364983
45.8628003145596,48.9039587758426,66.1214209434293,69.7267051493374,57.7107349299083,48.3640066653609,80.1088783332677,82.7845136956493
49.4755514312409,47.7908851033274,65.8533492635739,72.1364615381219,60.9984340089612,53.2776286163318,78.0238731432443,81.2031123797733
48.3870890702965,44.9862557847307,66.9654080759495,59.3128724652705,64.1655384661019,55.9987585428403,67.727232381956,79.377198011703
48.860574358435,50.8628445018382,66.5720167634915,75.5853489751706,62.4365617516706,54.1391789128942,85.1667843561588,82.4772268535817
45.7422753681287,50.9810538948294,67.5055196387573,71.0517388877414,59.7906578029369,50.0379211664702,84.6585272449733,84.6232873050032
47.4936811666148,51.6756801733571,66.6891237257996,81.608054202184,63.538801426576,56.0599361648205,92.4419584812652,83.389870198287
47.8970117415033,51.1127655251543,69.4043949127927,74.5969359926288,63.4996747501175,55.3405712927923,84.4859866065892,86.0700291630714
47.1696599091611,46.5261516244927,68.4725993502848,69.4926237778375,60.1880638202576,50.4529797840981,76.4870349040702,84.8009968432468
50.5408444195753,53.8758222646391,69.5171317801118,76.8328693051047,66.1685315160221,58.7344266660671,89.7893769474798,86.0062136144992
49.9204491861964,50.270921754941,69.5631023041259,69.5780869817362,63.5637686461768,53.1860729411251,81.4259217151983,85.4125114574635
49.2056053422821,46.5764665082567,66.5273041279165,63.0871622072787,61.6174779427425,53.865924974837,72.2920212756298,80.5721554996189
49.5220752855148,51.6013518198692,70.852621531032,74.6474746623845,66.1490514589394,55.6509277242033,85.7805465277842,87.1971215487912
49.3328197872011,47.6629714354891,66.887411730766,67.5512586509546,62.6614498432015,55.5868615334582,75.9962577111919,81.3694756755414
44.313241588521,50.9662511148428,65.5206461859801,71.7626360929067,55.1909762942619,46.931264789441,82.1259524279238,83.4695557183752
50.8755862292358,50.7452276217895,69.4101831475577,67.2149785348528,65.5325310407684,56.7035454066792,75.2501041738558,83.8341479062609
47.6014096274632,47.872390228544,64.7499671116859,71.3767918942402,62.2843344113154,55.0020586054947,79.8730720071365,79.0752563770208
47.7192087752626,44.0369940027948,69.7116508604166,55.4498746498553,62.8963005808352,53.6934468447915,61.9217579059543,83.0622188540795
49.3230911271194,47.5255819372034,70.2106329692128,63.3193429952108,65.8071976718922,55.1358380080962,72.8159029064888,84.3781617597855
49.4925085668311,51.3265878109603,69.4189627550204,74.7142786601218,65.5094478138148,55.3794822269224,81.6846802606823,84.9645249533087
46.7892300871985,45.0930808386322,64.7144279047969,64.5427711531429,59.7873118300629,51.4913364334127,75.3382200702254,79.1274505857237
45.9851603624044,50.6817273073794,65.8310804653675,77.3405155057855,56.2650618340699,48.8843151505335,86.9466863160396,84.4626013868262
45.1177518528905,51.0841283924295,67.4082678507187,75.1575156311276,53.3846041737457,43.3957487359504,85.9136709091848,87.2351952334734
48.6001137163288,51.9283233643185,68.7773667387443,72.7651723744902,61.7881274485768,53.3852363835747,80.9527571007611,85.4044436757068
47.3095110094555,50.1706385881222,66.87890536071,74.5039377704672,61.9268513138038,53.0724475295582,86.4758170205059,83.344301394863
48.3912949778995,49.6334147811542,66.9838144455773,68.0192450832386,64.169296248494,53.4213084074189,78.0192827518141,81.1790612529229
44.201886540923,50.8191682539427,64.8866996632972,73.7761676736417,57.1983060300234,49.9148905664466,83.858289702521,82.0180898553385
46.9717547053764,49.5967710189115,67.5747734608396,72.833489951222,63.9960214995698,54.461829541089,82.5949307533624,83.0031315260191
48.3766255354441,51.8501333527711,71.6980874066211,69.4108971633109,65.180568559616,55.4086642894555,78.7727671144991,87.7975355888845
50.495632261217,52.047816499446,72.4276844540449,73.7787013332742,66.9192047605918,57.4977884626677,83.5904319923542,88.8089452127189
50.5397696879611,46.6942697896559,71.8930974226479,59.5003540988362,66.0199645742024,55.0433475588813,67.8909066666297,86.0475159164141
53.0662590704919,51.2937793317249,71.3154057986813,74.1783801215399,68.0802333672914,58.2190128797661,82.7044223422423,86.7928068835435
47.6149910945851,50.2468242236446,70.3789318251625,69.744349058748,66.1581241943223,55.7694460561121,78.1664886183215,85.2756230623303
50.0614169468178,48.2510400574555,68.0175534511932,67.05719071649,63.6003914394168,52.570180132133,76.9300702307306,82.7913789135297
46.962013790641,53.0002032613605,68.0827247702229,78.140903335737,62.0769614286868,53.0819385612195,89.3825527482488,85.6649888227064
53.2393784220305,48.9109954925314,71.97174754039,69.098893758343,71.9280250187404,60.2912716557889,79.5193299143345,85.3792044785704
51.7014691563251,49.0379320685777,69.6856645061898,70.9964915780748,65.6350323356336,55.7175602055383,78.7725537063236,84.6815542076438
49.4500108944049,54.9224108423806,71.5568814038062,77.6018842969129,65.0652439370394,52.0217162951919,89.7374385131343,89.2691931755192
45.0184938354608,48.7510212226739,67.3600521922194,65.5579100893278,55.53430561462,46.5688928896008,73.8214940485473,84.660607215678
47.1529094787258,50.9519833325212,65.4020598604862,77.0656132818674,60.1501970462311,51.458229819155,86.1102448497079,82.0686454218225
49.322692134838,49.4318487210324,69.4714674652324,68.6380705889374,61.526841261941,50.1599811261846,77.8886186778775,85.7484386644423
48.0968623494635,46.8392056591984,66.9299358726245,67.6941420623579,58.3715887808691,50.654097502999,74.8703458556466,82.987235655495
50.2023118774885,49.0717066541744,69.2278077351068,67.7866503065282,65.3907334360229,55.4957905605274,77.3195224929619,83.8113875193768
48.732817241265,53.3396569385833,68.8696858698127,82.2112651411005,65.5387561447312,54.5540946441809,92.7963978012496,85.584000163607
50.2480034453141,55.3351823831971,71.7004828297771,81.2967668244303,67.9552563870985,56.6805095166492,93.1377280744123,88.7220787332234
47.5215622394391,45.9013910415441,68.4257729628146,66.6266123679459,61.3643471170653,53.5345637109272,74.0725523867791,83.7526341823043
47.7485738274658,52.834516512976,67.0589669536005,81.196738577271,61.8586105421976,52.376315794156,91.2956756792695,84.6373870855765
50.8859006942657,50.3655086385871,70.4883334645728,68.6726308921157,68.1418564208802,57.3167048016048,76.1437516312498,84.4113518521451
50.7876516644542,53.0265516622313,70.0057293533682,80.8909611002304,66.1129465944656,56.1271933566942,94.2104548222397,87.4105822426401
45.7851845411414,52.6258304696827,67.9754400216783,72.2329117572803,59.7372481051998,50.0918121577168,84.5377793619456,85.3807082276621
47.9643686037795,49.8130673170884,69.0851662434552,66.4877786797998,60.6674713973069,50.0594082026326,74.8812919574089,85.3473404166284
50.4037859413356,47.3088251718633,70.3035597151983,68.0887103759411,68.7234606166866,61.0458924109641,75.2909888597534,83.8073932666923
49.8263806238072,48.8464793681611,69.9476880345511,71.1974271126652,66.3835277614242,56.8360440340889,81.7253267437221,85.2084981162515
46.7846717589439,48.1956854730541,67.5957948586894,70.3885654137916,63.3253290543174,56.0287349745419,78.8001599754893,82.415701383978
48.5101487666041,51.7125725680242,69.186502199339,68.0835290254475,60.6231632303447,51.513271838653,78.600172281137,85.9523330614881
49.6972336873375,48.7394434889648,67.4111430794442,69.6662456978275,65.1475222336563,58.2503751747613,79.3009070928644,81.8426907456215
48.3971629109058,49.0061987085795,68.742115547904,72.1059680117204,65.4456483440504,54.3931724136152,81.124117494139,83.7593233636651
48.3564637867471,49.9782862156704,68.2140783672235,72.5717574574755,63.3627016496608,54.1450981742448,80.748736173899,83.8665122740076
46.0492032943132,49.6888294860275,65.8526443673601,72.0814753082455,59.0110591816633,52.1219594756965,81.5753717463733,82.387385250421
48.0044627220919,47.4245897769021,69.0394340519744,64.7189456870022,60.6915380430831,50.4111913262643,74.2504017328004,84.9353298215807
44.2143362534914,52.6491252634355,65.6115975094878,81.970594696648,54.6948077425263,47.4520507253264,92.1622311680441,85.4560599787026
48.5327324108787,52.922388427293,70.0156062625155,81.7585482947559,61.1933007806762,50.6141480802662,91.1477261073744,89.056119101145
49.5698043365503,49.117805921597,68.1797212832676,71.3282467733301,66.1649056518701,56.9857803865306,80.0010375621111,82.7134497732423
47.3631935891624,50.7329303716316,67.9229045190731,70.1176477948184,57.6154514140277,48.906604251523,81.7754511898077,85.9985218078407
49.7280294580327,48.4228108619476,70.6216051362179,66.733120047919,66.7779425273436,57.0539151377323,74.2694797547193,84.9831095173672
47.9328393711926,49.9120789787586,68.2577108416938,69.6732847118761,61.3599878896324,53.2089480915248,81.0215571374352,84.4502989611848
49.0159757416999,53.5259718740947,69.1349126406042,80.8906229541149,61.996354193458,52.5592239967619,92.0818988044639,87.6528737393885
49.0004152988296,47.2550080253892,71.2750587523743,63.4475536281006,63.9146173944551,52.8514853472198,71.8206592508655,86.5387646218218
50.0243411437169,51.113325771985,67.7985795522104,75.0759981580417,64.6686145461001,54.8956219086163,86.5923144768981,83.5178972223489
48.1557195884508,50.7985734654303,69.6588514494211,77.8069056404606,63.2620000486326,51.3811213582946,89.4156361398996,87.2241475001942
49.2317646943214,51.2682542081387,67.926869930802,74.544460473639,63.93807240151,53.7271444752431,86.3770400553906,84.0099592305528
48.3086176671113,52.4243873515721,69.311915704027,78.2381438613104,63.2588829542838,50.5249194601239,86.7367619559089,86.8655410075329
48.3864889284361,52.4950638069584,68.1545252187942,77.9795314541504,62.3796710147475,54.22553294954,87.9853233997084,85.1270300168225
49.01792210447,53.5080777220704,69.288510412894,78.3396817473821,63.1835349385994,55.3005503127358,88.8218507715888,86.83188777322
50.8621654066096,49.3919042030041,69.8771371613702,71.0680117012541,64.688936113875,55.1889242528023,79.7602284924325,85.5051019226061
46.484738895929,50.5705480974279,68.4609142015155,74.8255404700981,62.3300177847061,54.1619018333473,86.1711260402572,85.3886545524524
46.2261219056678,45.6361908118635,67.5379644448852,62.21668965155,60.1826012451387,49.0719758504756,72.0456638580547,82.3906070851196
45.8648898247047,45.6140823265467,68.0636646899562,57.0404379021487,60.2362744319979,51.2701691965493,64.4424609331726,82.259660576862
49.1281020789936,47.3303490873512,65.1808975636957,71.6916539412424,63.7546922233285,56.6265895247152,83.2958208976323,79.3819906170867
48.2605615836067,49.4866508247418,68.8597684998253,70.4055489262674,64.3594643574924,55.8314161254695,79.8042247836721,84.3166993546982
49.6218424831039,49.9554626685142,66.9242723347776,70.9132439069739,61.3978618072698,54.2739934282863,79.3790176078671,82.8636091542043
48.1475037809993,48.782453792857,67.4422612187782,68.7322444428912,62.1381709092556,53.343412158661,76.6835459438023,82.6577142088938
49.0061395995426,46.5894581376802,66.7494916081834,64.2817398825023,64.3498215345475,54.7988311504539,73.109179274444,79.8164297427256
48.7339443514839,53.1385605502653,70.5281190178091,80.2827879532749,65.6853072888489,55.0051423996735,90.4839874006465,87.6270505310309
52.1815097768477,53.2639826235572,71.7322936676294,80.5319890297313,69.885441472756,58.5317652513415,89.7504401700138,87.7113870823308
47.8306942497084,50.3420373104246,69.4746626228216,68.8752756277177,61.5436972514651,52.2342362666757,82.3251270791692,86.3099606992692
49.9278130023645,50.6450802060879,69.8333357144848,72.9363819924488,66.3753929748628,58.1106411562456,81.2543809563455,85.2641318436047
47.994061774924,49.1076057463302,69.0980113056925,73.6863655921585,63.6261705380811,54.596524376916,85.3459675316518,85.5249589607991
45.0036096746151,50.9912551217207,61.4994319547658,80.4429927240534,55.759227710812,51.3697832432141,90.9296331201341,79.0285528447367
50.6605436362885,49.0957113820181,71.0219660803587,70.1048420554014,65.3744174769976,55.2501496721748,78.9941937177108,86.7861121468495
47.7536872929525,49.874648707585,66.0387964801713,75.5106758378203,60.231344416117,52.5526266396271,84.3536931977301,82.5059221101724
46.5987831769435,47.8745228074322,69.05499085244,69.6112799991017,61.2305492107602,52.7529347420157,79.3175192401712,85.4471837695359
50.1143748085415,56.8376912042617,70.3753104441752,82.5634554833433,64.4266770416928,56.2762052308422,93.5739095430654,88.781565610036
50.4568871655578,46.6334851013315,67.9588891404918,65.0860440299405,63.4827701639611,52.336417292533,73.326021897214,82.1978591693819
45.8748420903848,49.6138191422157,64.2318960207757,73.2224467820404,57.9785907497261,52.6709705429032,82.3780571595735,80.6317494913108
48.9559340175087,48.6042428690644,72.8615852249736,69.3382509260906,66.3333474394473,53.7857684433784,78.5332718781602,89.0084401728951
49.4205718320937,49.0594074164783,68.564457893321,72.997242261032,67.4151343934406,58.8119404652808,83.0763781933255,83.0883408163651
47.1977705392879,46.4699044342261,66.1984618706805,62.2715220236971,60.4323758297581,50.924796179496,72.0821865755423,80.5802131911626
46.3468374936784,47.9822708904959,66.3453502043454,64.0133589416876,57.8505367662671,47.4463601170481,71.4128069901259,81.9139207938173
47.9455139697772,52.0673522328943,69.353314269441,77.3991596757958,61.469774681932,52.7771562394232,85.6850318163265,87.1049985326924
48.9319686966344,52.4099368817819,70.4136403943187,79.8536026835074,61.6159866661087,51.4004158694629,90.4453490250776,89.3572814028781
50.6702776892029,53.5489169304138,74.0906576831828,77.2476827729118,69.9231192566335,60.2499139291976,87.0135925302109,90.6887694043555
48.1342170780989,52.8258565160481,69.9634511138584,77.4500389864963,65.0383134957891,55.9514194390788,86.8018413375304,86.5764026898856
48.045714298398,53.8964070783578,68.2244918004087,80.1794035628341,61.3169049395385,52.2204113577268,90.4254187183637,86.2761227580484
48.8033193341355,49.3677853658649,64.9450512732975,69.4197249617062,60.4190870343735,54.328207007242,77.2285535152011,79.6995342229003
45.3128069623297,51.8408109312424,67.3372367291864,70.9969624581405,55.2257633251479,45.4658770315986,79.8869251035167,85.7935845301787
49.5961981774363,45.9348292210948,67.7443058513916,68.191377626303,65.2004371870466,57.4500013907294,76.569588848514,81.792358460626
47.9349400934417,47.814884004637,68.926511419266,65.5613073048904,61.6697050713797,50.2937388991185,74.7461185851224,84.2996762216194
47.7392463510244,51.187669431253,68.6962800924166,73.3591203639105,60.2739006374742,52.2379844197127,83.9104595475409,86.2164708700951
49.7798666195884,49.108977725436,70.3886863164753,70.0270378991453,66.3946378465634,57.9786700745172,80.2212777807321,85.6614127044099
47.270342155818,48.3024382807012,66.3025105144217,67.7655594548851,55.9733183013347,46.1428724730299,75.8520147458372,83.2855496559605
50.3250465136248,49.1144076971416,70.83352719239,66.9074306433682,65.7394823982632,54.6103395402036,74.485859910746,85.7461795117352
52.500089412512,50.676058803111,72.5704815641275,65.6125041241946,66.8293204645434,54.8823451349652,76.6571184390869,87.8127161068183
47.874841415337,44.9590780672925,66.133576580296,64.7656449233949,62.8739593527421,57.0119465787248,75.1696362258895,80.2264772696655
48.0311189771114,47.0939112541235,68.6216345192987,64.8322039764281,60.7098554484762,51.4798513613858,75.4087606468798,84.3932701291981
45.2747114446886,48.1158179711899,64.5060784123955,73.4717111719824,59.4870637021241,52.9649556876774,82.2553287985855,80.3013178673456
47.3063242712336,53.7149224887319,69.8473738582346,78.0545203592022,63.0244550153008,53.4629696005421,87.5254236552886,87.4104918653977
49.7864261755283,52.8816573967543,71.5365995822444,76.0519392616091,67.6631296463858,58.2285581398376,85.3214583623878,87.8015745083521
46.0855299933362,50.9429524203766,65.593974975534,76.8610234194436,60.7965962881971,53.8347874845311,87.355813347529,82.2352089022373
49.9331621546097,48.7429821192414,67.6276022715475,70.9790979783704,61.7387016215209,52.4719600061101,80.6821475115938,83.7831526097444
46.9048622499711,50.7047990122504,68.0541686864976,70.8560702704325,60.0784418364449,52.0784975043803,78.2127839754779,84.7591055353823
45.1991875375893,53.8304546734896,65.3027407963699,85.075176921461,57.9241916072644,50.6120020810662,93.3773811413893,84.1448962842027
48.101433589352,48.7384337391101,69.3427065219444,65.2075433852467,61.9498484373024,51.5660132730053,73.628555279854,84.8721840163593
43.8628875854242,47.527556436997,63.6776636458186,65.6983165305797,52.5795882558295,44.5210270545037,74.8004761807672,80.6161413873018
46.5739199296546,49.3400382644029,66.8822012698145,68.8128305728745,58.5606275292937,49.4725798791792,80.9515331987812,83.7004531360883
51.9686500447142,51.0733943910942,73.2201784647534,70.6674378002488,70.9409974313577,59.326530539543,79.5835268806246,87.9424139514813
47.7123333765428,49.7907891828306,64.3371848303802,75.3755335865094,62.9522902422518,55.8978120444776,85.215972321998,79.2461340358462
49.350561174192,56.2833352416159,69.6523210130477,82.1653500650731,65.5866701424513,54.4732322264864,94.0400289703661,87.2285679424338
46.5834073602433,49.8864258043842,65.9598599153418,78.2422767459764,58.7181062007492,49.4428969044924,89.0039403122933,83.7163456605339
46.6376549505434,47.7633850512688,67.1771827050617,68.0094490247588,63.152759180604,53.7047869535549,76.2500254503192,81.8481315039489
47.8675851643533,50.3147023877885,67.0007442335259,74.5316387003001,59.6669858639815,50.3878133500048,83.0943821628742,84.1568274259259
47.9562134797241,53.4221599454007,66.5817804843064,81.8053556276447,62.1256726704744,52.9530785220365,91.5116896097554,84.2050358616175
49.4619993213743,49.0206741698017,70.4880152615527,73.84934141294,63.0978746660064,54.4930778778937,83.3447691000067,87.5728184656304
48.0358579897048,46.7183678335331,67.4835926161418,69.8018996672521,60.3174531165943,52.8720768493875,82.4072161601272,84.1330735657255
50.2546358666931,48.0668920879939,68.4820836715271,72.0729008049713,69.6542831844413,58.5327266967851,79.7698459599352,81.7520033980629
45.9801915517674,48.1567219878373,67.4198698295342,71.8599781228206,59.6481490593598,50.2201253212891,81.163815137941,84.5067632624976
51.8552037461128,50.8828061550212,70.1924897275482,74.7278213393841,70.8043465064854,60.0617471849094,85.3243379578679,84.0671313021015
49.0607129218249,50.0282513394264,69.416593023261,65.6403968072561,61.8511523843178,52.0946119216584,74.3835491715062,85.0310782249435
47.4753724399665,49.0269942304999,66.7625859516817,73.4952834032137,61.4429717302973,52.0701474146253,84.2347894141657,82.9847555555658
49.5090707583054,48.6413988161675,71.1571005447411,66.7153546698593,69.0545682917425,59.382796909014,77.0454960547528,84.9158872459689
47.41484709593,49.8905927665158,70.21726244859,69.7132090825848,59.3712216763372,49.9777424796104,78.8601652387051,87.9210874151157
47.6620417250355,47.7704710814613,64.9020110245323,69.6196826829334,61.4170927223637,53.7214572859395,79.3100942303423,79.3989999279408
50.2200668915541,49.2236566245063,68.3629785318702,68.1880071657546,64.4360555880671,56.0953422795861,80.4658609789837,83.0888112073979
45.6044411580706,53.2135295018972,67.5459382455414,78.4903523258216,58.0281760942022,47.4169638205207,86.3704672141923,86.2354940144123
46.1578589434431,50.7131584535879,68.1461658614172,69.7490491939684,56.0413863073986,47.2053311973184,79.9926465803755,86.7200680815014
50.4880197565058,44.6447616462187,65.6291768489229,58.9247411016459,65.0558570544775,58.5378867615548,67.8538343166293,77.1055140514392
48.4142638365621,51.9715960792426,68.5700015572554,74.3729564703592,63.9265407051884,55.3408866821667,83.3273631481159,84.6009733339575
49.9074130545438,53.7935730097666,69.4380163637837,79.915532161023,64.3988248065307,53.489012140899,92.0352356472927,87.0657505633763
47.9526805302837,45.4336684486253,66.1589263788604,63.2407724002695,62.0490634835776,54.3854087669538,70.4415843718979,79.6622497881673
48.66018201323,46.5724486110386,67.8028644503408,63.3174080950905,62.2324792532201,54.0435230000394,71.3444309272563,82.2769426390238
48.4698481679828,45.6515760120577,66.039672871072,68.8379118353507,64.1834101425374,56.4495255718127,77.1626016802907,79.7180829346588
47.9197046976948,49.1602708858955,67.479697184629,69.3230384565031,64.5004458061433,55.392403956465,79.5961410256952,82.0514781856362
49.8514628518012,48.9377201638082,68.3292026573807,68.0149119361004,62.0712123841845,52.97073333617,74.3473140408869,83.652559981831
47.137628859863,51.0339775960345,68.0629820251418,79.4096090755203,61.2921501355469,50.9047087234551,89.7508862089845,85.8962193869818
52.6773630017286,53.2676817697955,71.2400920008022,77.2570220628742,70.7834273572028,60.3897491286909,89.0409625999516,86.5763494582856
49.511400469363,47.1037155282894,67.4376722947194,64.7081992084711,67.170728685176,58.9637872541384,73.5946884192591,79.8043307920717
45.8140335410493,48.2375413875092,64.740407883142,76.3464548786442,56.2903793962265,49.5391819261379,83.7425241532804,82.3348877072686
48.2492044340131,52.232068015164,69.0170301721444,70.7453894628171,63.0203389871415,54.4113520091551,81.6484284183874,84.9186593367731
49.3096222797418,49.4985548305589,72.8256394683023,67.8796928822921,63.9073558976415,52.7896441833021,76.1324594038981,89.3856209154587
49.198673333509,53.3270294634016,69.7709726387295,78.4158405763567,65.697201038641,56.3091299314131,88.754166805563,86.4033272338937
48.2915541173224,50.8578044453467,67.647944197414,78.7139926123086,59.7095091627659,51.7642558454891,87.014559943525,85.493959104409
46.9919048375259,51.8801961614417,69.826415036928,69.4054070103268,61.0049218783717,52.8083912452572,81.2340333292824,86.9707392669728
43.8411841733381,50.3633045104806,65.9110334123628,75.3742779626835,54.8264529043708,46.5904840037333,86.2985264277589,84.7920577565942
47.9508958008542,47.8084555371124,66.7036115082135,75.3492665183228,63.8586139630845,56.2850735506801,86.1192644076796,82.2859168831458
46.7839610327756,44.6494131294435,67.5752303452032,63.9815111613082,64.2774629003846,56.2956798574515,71.9957189840958,81.0345061485874
45.5923135340875,51.3249196474166,67.3174625872376,76.2463016595804,62.3075996050472,52.7370455887554,85.9128808281785,84.0495544190172
46.3569636854907,49.0561197295149,67.1780889669094,69.2760487831137,60.6783104882615,52.3260278729973,79.3141343289055,83.1074364831158
46.5396729184212,51.8075280234812,66.3046640979927,73.3362232787642,59.2508425992888,50.3618600228786,83.741564087153,83.2641696868035
48.4208313940203,48.1441617338075,69.9452295040895,66.304196467427,62.9261066949982,51.4111886976221,75.9609668606319,85.8160913193957
49.8588702248896,47.1379549570162,69.7139308617305,59.4823185914301,61.9973162278754,50.8844722057768,66.9380179807447,84.3636342978029
48.6476026331223,51.7447719781242,67.7117589196262,74.4235089777001,62.4282555079488,53.7278006567983,84.701857352553,84.0708430198009
46.3758014926551,52.998495505836,67.6584037972124,75.7522945783073,56.618419841256,47.4384242777137,84.0391431674751,86.2932900510926
47.9698996242807,45.0672753689764,66.1582634383891,59.3255764738872,64.6694692281135,57.4305055219875,65.7889832313005,77.8492435527384
47.6463066049053,50.4969889049867,69.2592176666741,75.9320674960978,60.7651911701663,50.487319082552,85.8017448541659,86.9432532781037
47.4098242013662,48.4232203464162,67.6429687482872,64.2574994390075,58.2404776330456,49.3483815246432,73.046699689145,83.9061327067055
43.5481996124614,49.3482428624617,65.9671750017597,71.0766592191037,54.5534597698606,46.8930986683326,78.4172860601513,84.1186051451751
46.1696376493278,47.088012758778,65.7611465907995,69.2431284034654,58.5573064042718,51.7810927607864,77.7620251992413,81.7877178954696
49.6809108318785,50.5205122217165,69.6247348941282,77.1261693091164,63.1931639355867,54.9295439679163,87.5082795808839,86.8456309034655
43.6510017931452,49.0619444428825,64.7814157594994,73.6184607201216,53.9321685140712,43.2370271510961,83.3601903215937,83.1765975816434
49.1508997898034,47.6473883131382,69.170463556984,67.8120939155228,65.6063728197186,56.0537138888314,78.9675525520615,83.774797378827
48.9905662842903,49.3145970952701,66.141104872169,70.9405870490513,60.6456167864026,52.1403200282818,81.9197452686449,82.0303514535706
48.9280277624856,43.0010467804711,68.2348582180103,54.1908830013752,61.9455065354311,52.7667860010848,60.8884563817408,80.9697926499114
51.9282685177953,49.3273589827075,70.1472346033867,68.5653418974529,67.5811614574995,58.529312340422,77.8847654609608,84.3656219304373
47.2469107250284,54.8763338566174,69.4953626936376,80.8821383112379,61.6188192155094,52.3758925316611,93.1563802416237,88.195890861883
51.1509921771572,52.6221949828983,71.3124226538652,77.2753562081814,66.5653956819728,55.2015041652444,84.2861847500582,87.7195113751981
47.3969909588485,50.5399909349971,67.6105546566495,76.5106715115647,59.8625013361465,51.9702555373628,87.7216754556647,85.3645774966793
48.7855801072402,51.9222609696432,68.3689583161927,78.1283142406799,61.4613258499157,51.7160910815034,90.1333958398168,86.175513685904
47.0332359179728,48.725233694282,65.0911588915343,67.7463199330707,60.3806276919718,53.4734805855188,77.7303866161855,79.8354060969478
48.253920148294,48.9212352548995,68.3291420610674,67.9244603426083,64.6798887940386,55.2822991519294,80.0364411438983,83.0773717150679
46.899064657581,54.9802142188557,65.2864120883885,82.752887910561,58.2999188488663,50.8381831204638,92.8440739684125,83.8508910128356
45.4862374774536,48.5759847469851,66.6068397470848,75.2212090420656,58.9528761175207,50.3790291990103,82.7506017221493,83.8183969373697
49.3591591013696,47.2601480108714,68.2040585147377,71.2333934972781,70.3266478508957,61.1636413567723,83.3303956901342,81.031451924802
49.4050620437005,51.0500617838346,70.0893893095214,73.9958155774706,64.8603732746051,54.4300861896532,85.3172534727619,86.7112170454869
46.5552150917723,51.8191680795033,66.6291866230878,77.4573793741716,61.9666457041848,54.5860211455364,87.5154767729649,83.0743166777069
45.6948977613813,47.2545055545427,64.9641036381664,64.4034972555682,58.3423129923027,52.2817810291503,73.8563772075489,79.9918173936915
48.728694999553,49.1202762586324,67.8789317741097,66.5431751013372,64.1251202149079,55.3879144852386,76.7994234217007,82.2727235011202
48.5276794596221,49.5598933881452,67.273056256237,67.120036517076,64.2530348139938,57.9024464156328,76.9768416324653,81.4757104066004
47.2956151281075,53.4620429934429,68.7380982230811,77.1418031624595,59.9752820715241,51.7170445613985,89.1936592910269,87.382824033963
47.91940635935,51.2503808218741,67.9748561498605,79.3291597888919,62.4744423035946,54.7324661231659,89.6844282877629,85.4119894548464
47.6521117354453,50.3888626038814,68.5318353021196,74.1688075395998,61.5908663894296,52.968450080922,85.1619712768293,85.6094005100098
48.6219780907936,46.2063814417964,67.1791244842938,64.5304629561873,64.0097610875157,55.8104184861448,71.7481613072538,80.8597845574525
48.0043290616111,50.0591230064656,68.1683478205707,77.5477200467239,61.1651629908506,51.7639668562227,86.8949589155906,85.5732767887266
47.2951320143461,45.1112588928084,65.5491724731749,67.5945438191589,56.3725304878055,48.1842284304617,75.0286462832385,82.0433097479741
44.3424272052154,50.8835404860754,65.5231709966402,74.6462588616881,57.5851172244424,47.953721023115,85.9617604416855,83.0029284450648
50.9462573002376,51.1577782688338,71.5716462332116,64.8652907692361,66.6695421933701,53.9496289540964,73.2128188287999,86.1450700856166
48.1542498318996,47.9611758781761,69.3693223728279,63.5780108760898,61.299029641366,52.0648807054506,72.4613547127329,84.8439340303852
45.4638636889137,46.3374337244071,65.7344449566428,63.6086023484326,59.1328863901398,52.46825627715,69.765844647988,80.3177949965517
48.0256057016788,49.9731959532347,66.6107071787581,76.0908880112197,63.9391285738304,54.941083013662,87.7259626326217,82.1993820861839
47.7472166292138,47.9198281652303,70.2514803608745,68.1117357353778,65.0871879404288,56.1150324571396,75.5336139353512,85.350035286621
48.8519412844475,46.5806433570353,67.2886978898733,64.3494766421627,62.608195404307,54.5144323894329,74.1123675422013,81.5340406944909
48.5603339352348,50.5369969159212,67.0194029360028,74.4855620452295,61.780373478998,53.211675311225,84.728449450327,83.3469552669925
53.0932819539813,49.8538162563316,72.4955828141331,71.8489936868148,68.0913608920155,56.7867300490312,80.7678807113102,87.9654602630058
47.6117822167927,45.5739989816212,69.7132002689771,60.4042092208875,60.1810608311491,49.6278828568146,67.0678107693652,84.8025972620867
49.2632956518214,49.7063688059534,68.8346705358023,68.3251476070474,62.2737932933403,52.7762112772357,75.5539851018782,84.5382749776218
46.6123281922959,45.1401584617201,67.5426168956233,59.0326763247469,59.5782680967444,49.2773972350333,68.9283995132027,82.3723678052667
48.8410323870616,46.3645358807792,70.6775738213636,60.132321915482,65.9438621875566,54.2231246861503,67.0130961115048,83.8270575450591
49.1983258932248,51.7915309280245,69.2493223445518,78.7862262256114,65.7526253525442,54.415656920934,89.283082990913,86.0251405240344
50.506642805783,51.9260653862275,69.6750417780905,73.5566024405674,63.310135169183,53.4651752400357,86.7394639451495,86.8175762611676
48.9088382586568,49.4963122960103,67.421995189057,72.2673650647158,58.3267668667441,49.0188188572607,80.1406539809929,84.6803469641682
48.2281683986157,47.9212160778873,68.1225763509714,70.216176605278,61.3471532907658,51.6607688864753,78.5992514355879,84.3002270132014
46.8270106613514,50.9106664698884,67.1576121996113,74.7536889233721,57.2866076659902,49.5070086040909,83.6794039658675,85.2098128326811
48.6514889613724,49.7504109231225,63.5246681372627,71.9431557962711,62.3538240741725,56.9374123342794,82.0646463978759,77.8761453786822
49.8769320261866,54.3006482556725,71.9322070023753,77.0963841421591,66.7337732267988,56.1008817272691,88.2273278525545,88.9648621136431
45.0776689631217,48.4039844629266,65.3024229239549,66.8915047289266,56.2520059922762,47.9080125855227,80.1021835052624,82.0690842479324
51.3030366804104,52.8637977305571,69.7659760791955,74.3266815835524,64.3272895668763,54.3722323781218,84.5805179511705,86.3694555285395
49.0415209439985,49.0524210833904,67.0508727069854,66.1381128426308,61.4043669067191,54.0721512098259,78.6666756849231,82.2622230785293
49.5067484726563,51.257579978951,69.9521808605206,71.5148030290841,63.1741931797138,53.846582232641,81.5941085568893,86.4535531245216
51.4234069859718,49.330554086629,69.9864248404082,68.8738857040904,66.5484172366733,57.4596568415895,76.9886489376713,84.4436914348824
50.6627890642832,47.21154578679,71.0838940652776,66.2439062911902,68.212561642651,56.9058462574677,73.3943472836549,84.999144288436
46.2417050163914,50.6203278781799,64.34981461698,78.1991241009701,59.032070160444,51.9788696783392,90.7075605384254,81.5854726548496
48.4818323847838,48.1244841570836,70.6825160455779,64.6432595783596,64.8483070791826,54.5417077122806,74.8330073025414,85.6530409749903
46.2977712747304,48.5870661871414,67.1201859681594,71.5915268235576,58.9681950875353,52.1371777560962,81.4359439358589,84.0768873926664
50.7304478196989,48.0264877597533,72.5658000920263,63.4185555712881,69.7803845305944,59.0530245012891,69.61430460785,85.8198712239908
50.9280493616155,53.6415681171078,67.9576361693408,83.2234917435366,65.3313890829644,56.2749815257042,92.7823651818992,84.6114619710558
47.8804955206608,47.0337379123583,67.3726570824171,70.6865133371515,59.96990895913,49.7735815144005,81.2907103178237,83.990525913522
51.1695602387961,46.9465713503887,68.4446223618769,64.171697361422,67.2151725284583,57.204116828363,71.3236718330368,80.8933082791873
45.4128611908643,49.2195856621647,68.6271630988096,72.3262004473678,59.3487815839231,51.2799310757817,77.8880719437913,85.7087094429947
45.9864815143209,50.2763855870402,66.0456007133395,72.6397392761749,60.1470043254515,51.8248331308363,82.6486717047987,82.359734074412
50.3246477054125,54.9359773760798,71.2462528065006,81.5873780355934,65.4431408007607,54.5323913530039,93.2218778179253,89.2605508153058
50.7814646392738,47.3169460343941,70.4299736508401,62.9655340285663,67.8166634880129,57.3380267431213,70.0384763624129,83.5346675648963
51.2820609959725,48.1543973178826,68.3117248638923,69.5380900084538,65.8026103379359,56.16212560077,75.000452663389,82.3232617969206
51.0013417572722,52.4777767553964,70.7785058001546,77.2173290166314,68.0849704794007,55.6324366948718,85.2341446500182,86.5140733556582
47.114809970729,51.7290520264097,67.9145631322349,72.0801811882991,62.6610077539763,54.4336064729595,83.3859110160083,84.2093529166604
49.8269639612527,51.7062634679703,70.6026882910912,74.3167390478835,65.1910938464913,55.0256371574778,82.5525332337239,86.8185834189839
48.2437401624397,48.6042558360132,69.0765862687208,70.7466881301194,62.9523677271424,52.6243701767971,79.9480549780301,85.1793329910413
47.1614886519006,47.6747281509389,67.136449229935,69.2433905598466,63.7813709321555,56.6132021739538,77.0716756552056,81.4820617378886
48.1235235306854,47.1877862195919,65.9109629801526,66.5047512029037,60.885178522448,53.3092631226621,75.7895408011092,80.5460612384656
48.0979285280577,48.8541723182167,69.0779544150397,66.3163637030453,59.5049065950514,49.1535199955309,76.0898962601399,85.9316815833457
47.8520631161441,51.856578531169,66.2035397500968,79.1441300382183,57.1962596527859,50.0232103279634,89.3052689028296,84.7426482915917
47.5373576936636,48.0694057827377,69.0798094761692,66.507591039491,61.8417173822273,51.3116953986743,75.1352199729596,84.4978242433078
48.5981226175902,52.3344421214849,68.4918488837083,72.4740195368548,64.0491592678527,55.7043686749682,80.5374417724928,84.236890790347
49.6602559432079,49.0515416760392,67.5283903918531,72.3245445988125,64.9957837242347,54.6661045948801,83.0534575661863,82.5248986925871
49.765469320453,44.0600631651341,69.3903018888463,58.5804382843231,62.0550497863384,51.9609603126212,66.586484169272,83.4282602869721
46.0189386024895,48.5046645063967,65.7811993513078,66.7160506660956,58.9540269660521,52.247563396567,74.3831123628079,81.02508264179
48.6774190434567,49.0119854518902,67.6229358712767,70.4983360971811,66.1572695472456,57.5318839219785,80.9972188857826,81.7943938422474
46.0280626519193,48.521513149556,67.1884860107389,68.3988848673055,58.7766263451545,49.6428448443795,77.4622173530743,83.7200075867597
47.5004752093277,45.9392204182795,68.8489912725154,61.9762278282499,60.8101665661942,51.0933910705795,69.119424519104,84.1494928297825
44.5849981594266,46.3225083569584,62.6919425502616,68.7631782718259,58.1545296036489,52.4208817511106,80.2477245693668,77.7970924056976
50.6836361074327,52.4280140473204,71.0820843522677,69.2209845045104,65.4693692145664,55.068666100274,78.4899852291077,86.7730394120877
47.2582646226135,51.0455972442524,64.2516214344112,75.7838364892945,55.7567501794289,49.0086900151739,86.8888248631738,82.0673935425579
48.8155048809576,48.3203309608797,67.485046502198,71.4071901708662,61.8047183888988,52.0057037389711,79.122287665942,83.2895414974673
46.4868348162952,52.7757454564084,64.6752348761564,80.9904912825983,59.716308100254,51.7586259935155,91.8767504618314,82.1038615923146
47.8281067798407,48.1152359141591,72.0754166555753,64.7299900051844,65.9241069950704,56.0325350380656,73.37523467505,87.184800303667
48.2653502293059,49.860179507049,69.6377083732204,66.2675981798562,65.3181812606651,55.4372631439491,77.3530403077648,84.2248814468158
47.3511811014922,51.9764873790682,68.8141739656947,78.6699603196548,62.6897431143015,54.2679110315731,87.425344009327,86.2029729631831
47.7934472589584,48.9263612371489,66.4755573940528,68.4458605608732,60.2165899588516,50.3611995275306,76.9643448697912,81.9773761961538
49.5924123427842,46.5311533385035,63.9742522361663,69.9568945760259,64.9061621885635,56.8507015275324,81.2820116879531,77.0649383727833
46.740700258963,48.8720882600527,63.8775777858503,70.551503328887,64.6193812748033,58.4393632693463,79.1292615049327,76.5606076609424
49.3819691386413,45.7093764335789,69.6409744580464,60.3757279509751,64.4184769369661,56.5922607610944,71.9488668946421,83.5223948043952
47.3845372943716,46.4559671637546,68.3111786960079,68.7913936320232,62.0807879571223,52.6436001003478,77.6222082390938,83.8568917591929
48.4351638267552,46.9609025936039,65.0319223141939,70.1926207891504,64.922633581634,55.4399822758627,81.1405582200174,78.506483205647
49.1114842951186,50.2664633258328,70.5456902351277,74.5877101091838,68.483943414352,57.6769400064958,82.4438425441395,85.4270692052682
47.5011090116301,51.1261653606784,67.4050445791857,75.3549830279954,64.3187522509819,56.5475713019991,86.48201657989,83.1252473612229
47.3782265220906,48.1990683039759,67.3916933229149,74.4744216836981,59.2387157152084,50.3805207701811,83.8632792555578,84.8482145052969
45.0371240647266,52.0711145573455,66.2006100188079,81.1466123628279,61.2832578633603,54.4086714117118,91.6327095295111,83.5458531266985
47.9707439512485,49.2149877729789,69.2453611156083,68.544268625648,61.7206546867662,49.2524754084015,76.8336299506413,85.4634842705257
46.8145971509907,50.2924599519023,66.0715023903797,70.1329770042958,60.2494260654415,52.4940479670524,80.2294456070897,81.9600442915664
45.5080524126459,48.8881499356456,66.0870784194096,68.6182150265847,61.8594521079159,52.2814099174371,77.8673823113727,81.0460906001659
47.869945749905,52.0108563304757,67.1462417574346,76.9449670932217,61.8579224511325,53.4280820226085,88.1642885437127,84.1335133892314
47.273381110265,56.0120351818175,66.3078339239884,83.6316319684749,58.4878241613872,50.2174365325143,93.3239487798356,85.3974068624843
50.5512835945749,49.3378352384878,70.8992296994902,71.0329951817309,63.6937066084799,53.9569462171984,80.1003578917224,87.8406567882319
48.921638005442,51.747794185488,69.2849733416617,70.3005753936697,63.5047625417791,53.1169968713942,80.1836798877111,85.1981434714956
48.3023730032126,48.1694073198094,69.1818972973917,67.5159148803346,62.0878869246458,50.6036016895577,76.8063646933923,85.0034227883631
45.4060478299991,58.8199605088086,68.2814673832067,91.6510288409334,59.6269986652604,50.0006885926352,103.604188672272,89.2455867286325
49.8610476510209,54.3673537364655,71.4079162478839,77.45472726178,68.7801685654402,57.3176742124552,88.488538198377,87.3090115795028
48.6067074456779,47.3593549619622,68.3653215152226,66.6055761613133,64.7007527503045,57.1671604681504,76.5093230086237,82.7836362215027
46.1582212046004,50.0775393757402,62.5065016149715,72.9408269242334,55.6876076498377,50.7875832118848,81.9486168457386,79.1269177345562
48.5640787426782,49.317300777999,68.7659166299511,73.5932114906928,63.9133022797549,54.3128909479502,82.6153747674596,84.7487783362384
49.542851824891,46.7622419879206,69.3365205111902,67.7154460103504,63.4651173208342,53.5665554581727,76.1075810787674,84.6388935367314
49.6909166668953,46.7832021258668,69.2312192136473,63.9776092319784,65.9242436456987,57.3406189753949,69.9197527776631,82.7455514050253
52.6004235041204,50.1388081588255,71.9554472608983,71.0376840045164,69.5629507087614,59.1315218661691,78.3480087109832,86.22330204462
48.5810438599219,48.9101221658645,67.2568018634137,71.922380484714,64.6623449855037,57.8089441274566,82.8910450654757,81.8514975643674
46.7303370401218,48.9906949124658,68.0564231613722,69.7116083981245,58.278148822668,48.9401890815971,78.8809191287108,85.539933256772
47.2946789493257,49.0786799696581,70.7267371419944,76.6340830253139,66.2203790006408,56.2496854365541,83.7488991877033,86.7124950158873
48.1955428305067,52.3737041854533,66.2445764147842,75.3139499673136,61.7108978916774,53.9253716478792,86.6653887255068,82.6520657300316
48.9227567113591,49.5528188795894,70.6562852863897,64.3590643241157,62.4499137322882,53.150749685811,74.5147805612187,86.6072613852004
47.562084042246,50.7042517179541,67.2371914357898,72.3460150788823,63.6660405634346,55.7211730029391,83.3337439239206,82.648422457278
49.2480983831958,49.4493387876352,67.5170822827191,73.1672963845479,67.5230967934637,59.8281127549376,80.7075767457685,81.3247006793574
49.6741519678514,47.1988552565444,68.4769800365114,66.489059154058,63.1551395081061,54.1925450004845,74.1655511024713,83.1225529804593
46.3883192437801,49.1274234019419,66.8269697633255,68.6137913301685,57.8023064030907,49.3947311097837,76.7978114421378,83.339794385563
49.7793665607805,50.266459344827,68.8499204301469,76.8453001357988,65.1806647869838,55.6064194818788,84.1021384913893,84.5889150762654
46.6928313980023,52.7640340781391,68.4140970128978,74.7525741507144,59.4913197330115,49.3926943758037,83.4121794989369,86.0792387665366
45.174778388469,50.9662623312677,65.7656058807531,77.1480267499305,56.609681156729,46.9591360277818,86.7116334263291,84.1432017510465
49.168783266418,52.1027419446513,68.3550966044365,78.7985015007908,64.3119169208241,54.7343846176122,89.6067939158279,85.101165877335
46.138892436469,47.512171310466,66.4878757499224,62.2832596343753,59.222425712299,50.7015536931252,72.0758480557958,81.5883125084664
46.5494112174605,52.7144993469839,66.321863092618,73.5567354842618,59.412022578195,50.1111940293175,83.8366521494068,83.3738681031599
48.6409530740733,46.8084153312201,67.6024291935055,61.2177910223643,65.6014178775546,56.8716558534106,71.3554182838868,80.3531306490135
48.6399623057925,50.5508868083195,67.650916788591,75.1826021820531,64.3848037215876,57.1195384100555,82.2690291551089,83.0762807885358
46.3963798269466,53.5645942591507,67.566546589196,80.8206218505824,63.5860922229369,54.6741824039183,92.4678426463802,84.7099490370989
44.614591277766,48.1936471406735,62.2166512152228,72.4144115590176,55.7439868105167,48.9533042413586,83.8776369521554,78.8531339116735
46.733799420255,51.0297940582792,71.0381866353091,75.4894121249045,61.4719759156604,51.3365363886064,84.9877022556755,89.1594171071487
45.8713958169679,48.9806651177115,68.6579766364539,68.2879108790085,61.2362030137197,52.4529159140364,77.6357373148811,85.0918877750735
49.4403456227436,50.3486512150874,68.6111639618702,73.375792805728,64.1486494681737,55.6948997156286,86.2727656919809,84.9027708464512
48.4700362506687,50.1670724348611,67.2021174986788,78.0015143944335,62.4929125754801,52.14409070894,89.3631165049635,83.8983371742601
51.5617667715762,47.685050235533,70.2660941934842,64.7923530283598,70.8384529002809,58.8733745711257,75.9964604561983,82.8279169522678
46.9128076504199,50.8109664345866,68.5222273984734,75.3292771966857,60.1028862502864,50.4534554952863,84.6815199147054,86.530861837103
48.3411319195414,52.7663272500945,69.0366307597195,79.5352494243329,62.4720351926823,53.4365459341135,89.5418899156315,86.839169354534
49.2404466411163,51.2096008864179,71.1338758093512,76.3257777981686,66.0456032804073,55.2107209403336,86.1380478681952,87.661953006809
47.0822145701758,52.6625069300465,66.6645564537511,82.4841657393011,61.7323453435735,54.8154555517695,92.9973163201569,84.4273317757834
47.221658395461,49.325450612811,68.5856617737628,70.8458661481792,62.4696847355897,52.8149453596791,79.8690919820618,84.6026580712437
45.8211815003724,48.9496866901013,65.659813106636,68.5689317275013,59.8457686237517,50.8290306510942,77.193511653403,81.0167962307509
48.521824095828,52.7570028515704,70.733079192572,77.6230831005833,64.1433608774025,53.1971579768693,88.6869605350447,88.2747594532773
46.5054978877885,48.0335189919301,65.2284230016063,69.84806254667,59.5702406507513,51.8838108043529,76.0050801143005,80.5570111334864
45.5166890524281,47.7188080115576,65.7090052709294,70.8004479413881,57.8144850806228,49.5400212924305,79.1785798392668,82.4198230357437
45.7594929877505,50.024853654632,65.312644392947,75.4822116023172,57.1391104090248,48.6851846647905,86.2444314334204,83.1393141719563
50.4757378437454,47.6682400404704,68.9195878610752,63.4949480755963,63.6238151573504,53.2254037108208,72.442050837247,83.2610551927133
46.2450015253602,52.4137545054691,64.9892603422337,73.6692556721776,59.6803113706251,52.2826893048064,84.2638482143557,81.1987680299725
49.8600535198776,50.3870519071768,68.3540631632141,74.9298675603313,66.051044153424,56.4327462664546,84.827637926994,83.5868940513383
50.8255156084512,48.77725217783,70.5696339147672,64.8017162045057,65.8666366667978,53.3221704128708,72.5404193299909,84.7419233287432
45.7411418208954,47.8840033422543,67.9438498968594,67.2475008347885,55.9854865214442,47.4948064860499,78.2707537305769,85.7652854962973
49.0021479993775,51.90669938449,70.7455864706334,74.7246637384259,64.11634950651,53.3720924882597,83.8627696959445,87.9034773722988
47.0134811167811,49.5578766206793,67.4065960250596,65.3245244350095,58.7818640417968,50.212777325026,75.0930817051009,83.5323750543192
49.0096892087209,52.2719481693483,67.861402924347,79.32093092454,64.4779846713226,55.7125243180748,86.9023022288969,84.209475504748
47.4770079882601,47.3261895304367,65.473523202929,68.8586490352595,61.6272058253295,54.2715347030808,79.0196543720858,80.1303179285629
48.677663200639,45.895738962976,67.445495262228,65.7815515298321,62.053393805405,53.8056638528102,74.5917825910911,82.1517705680847
47.3180527670044,50.2976605571,67.2909131924191,78.8356984669824,60.4361774724867,52.7104532696018,87.9635287521661,84.8339036651237
50.4623285052259,49.278603657179,70.7416554635586,70.0399161219646,70.3883781692794,58.885175324101,79.7036582359662,84.543935522637
44.4184791997162,52.5929849534126,65.7258179115444,72.9774917909945,53.8490910771248,44.4709466623466,82.9938911923336,84.4425329491488
47.517617444236,49.4683909537133,65.7116540435592,74.171468217484,63.3387529785739,55.8897429565677,85.7871554434437,80.8898841126261
49.1846170031989,51.9882740420258,69.697525631941,79.1553489855424,66.358279751132,58.8473097174714,89.49504862017,86.1542022086599
47.8383394329091,53.7735688379578,69.9500556735099,80.8114208308887,63.5586133195329,53.363301813387,91.9448598647146,88.1566860028182
49.5400962782414,47.3189331528643,69.2223363969353,60.0081848943871,64.2079874173661,53.1712923000766,67.8162095927951,83.0309860905255
48.9327938725905,53.3497027727967,68.9451820559054,79.2568298155585,65.1231076892282,54.4942816366246,88.1498372214989,85.3441020841166
49.2361292615674,47.9438899699977,67.3157573825728,66.7902965031766,64.1659707815566,53.4290889096582,79.1324108161642,81.6659581539326
47.4362109851419,48.7217562610235,66.5276368650802,71.6124688281514,60.7895461600139,53.8750567454125,82.4573477516729,82.5698643837509
49.0690010854881,50.6325733817835,68.5175994384606,75.3977955768964,67.406059291603,57.8012113812857,82.7295162056861,82.9892686005644
49.9346815365148,47.6895444344244,70.29073140719,70.3553891303491,65.759371281047,56.5541509975595,76.8593417129746,85.310067773631
49.1759127217672,55.8987965761532,68.6367847502494,77.9083335534495,63.4403427230947,54.1195832527043,88.9374601513173,85.7522197406373
49.0519339779259,51.9979867744327,66.902593594327,78.9913109026977,61.3366985372893,54.8005924094288,88.4916999575124,84.0512799787839
47.2633544952091,47.7244937790171,65.6087126894385,67.8505608010859,58.8523227627053,51.9236325782661,79.9383745990843,81.5735338384702
49.1418378430218,51.1139716492837,69.4336241311458,73.6308040211993,63.2928942226617,54.0844942620321,81.1449523598582,85.6640759884133
48.0161280403823,48.5608243405691,69.4032758415934,66.9975974014668,61.2285400540208,51.5565800329441,74.9882901312587,85.3589675307698
44.6422027709413,45.9629387605019,62.7191588096293,65.2861664986421,52.5073509337995,46.6853846231548,76.4911988315173,79.4720035584615
47.206915921486,53.0270267716812,68.0824437393483,78.1080012933951,61.2539454959972,52.1553680344381,88.4199928646146,85.9079965600824
47.3074660002793,46.9277256102841,66.8130325924633,65.8551458132755,60.7984375425347,52.3552166347859,76.3404589834216,82.0940791042918
47.8168021161877,50.4959012166583,66.2960348660543,72.0047441485336,58.6734838872842,51.4167938866056,81.8447171144677,83.0983641898588
47.3003763476673,49.7448225605886,67.865097679456,68.8652060290819,60.9009172721456,52.5951344521067,77.4251678981822,83.7507536510176
49.4474665547625,48.9346285335446,68.1508155796707,72.4099729980152,67.3862771966187,58.9187355326708,82.6905081765542,82.4798309672803
47.1110736126394,48.2010306291394,64.2437806195617,66.8311502741408,60.9408728177923,52.9983601239661,79.5574534008076,78.6047129544139
47.4083372304963,50.9657097918756,69.4633609476019,71.8547863271416,64.4153559016233,55.8149085152933,80.7220911921491,85.331604692142
50.3282433980215,50.8350132229,71.6346931921638,72.5410166729322,64.9071983390024,54.8655383325341,79.9796078699716,88.0861971383302
47.975780858081,50.4004020634056,67.5459930732904,73.634010474422,61.5724639917106,52.5174255121635,79.1192995858842,83.6087091579494
49.0121708773101,52.0990372207353,68.71000015905,73.6087055889182,61.7679504609412,50.2400745007717,84.5484920147033,85.5587066234987
49.3917484189922,48.5582042453276,66.6646678487943,72.0802115305774,65.0519423548154,58.8437594755559,82.1557149739654,81.010146986591
45.2169021402245,48.8415496549161,63.9867262480359,69.7303165324857,55.9618288622631,49.3874650657842,78.3279319932254,80.5905192449692
48.4261288425436,47.1334976848177,67.884126033454,69.1518379304477,61.9097823843566,53.444359049491,78.1992942371839,83.5700637626885
48.6445607915155,47.4934866748455,67.0328426682862,66.2025601273253,65.9735716813528,55.8417898664456,76.2840088584098,80.2300706099227
48.7016043399573,49.916845236364,67.088484814169,72.7214465364004,65.9592069028942,58.2136441570771,81.9312132429795,81.2992675789079
49.3865491290918,51.1270226032636,69.1047806557082,72.8799475277507,65.3513482607778,56.5328236239146,80.820988954563,84.4236835412073
48.61426533474,47.5413071778351,65.7676397406727,68.5474916995276,61.8301702502925,53.7973806605107,80.4623043265489,80.5858282548352
45.8799943422065,49.6474012797534,67.1407538023246,71.8870572587603,58.9389275315582,50.4159412340062,81.1368591922164,84.3108883222547
50.7575022291162,52.8141981326007,68.8965808399997,79.6057834392644,65.9234236225713,57.4803705531515,93.4304642653239,85.8024893442254
46.7820003476088,45.3228214027989,65.8827939614686,64.2550557622376,62.3967753677224,52.3883396116964,71.6126603171061,79.5340865205867
48.6564022420116,51.9005847989384,67.4543393746336,79.2904461827481,63.5706562865087,55.2624600710029,88.6967069456614,84.1819592178023
48.8072596891743,50.4327305556782,66.7241297767334,78.7174405418222,64.4372720490533,55.5482074154535,92.7507971823551,82.8599444878469
46.258453357786,50.2341917832448,67.6337810700911,70.9924203866212,56.991454083232,47.3254623800111,79.3215725397254,85.2886860542497
49.6866447646646,48.3522219721781,69.0600554016295,69.8778800663141,68.9904530907097,59.6738365709609,77.2588601005854,82.4164294527405
48.5356323032282,51.1712554909468,67.9651723292198,72.7842989257199,64.9479632993247,56.3751319111316,82.8492099666056,83.0660113389718
46.3932617845434,49.6735633311264,64.8293869272581,72.9207485762965,62.531475973351,55.5711975747204,84.7880678478338,79.905349287178
49.7501709187398,50.5016220911196,69.975104526207,70.2057768324644,63.2155825807223,53.259134058702,79.19351864669,86.1110648875868
44.5291348444735,51.3040452094262,65.6664953769534,79.6694089899644,54.1118872598549,46.0439585022333,91.0763971507694,85.7371164616384
47.8207756893187,48.9835508096983,68.925587004729,68.7390764685811,62.6363738683012,53.2735676763686,78.1942517607343,84.7859649186385
46.5041059655226,49.3485117798656,65.7492428536939,75.5189282123625,59.9073270448308,51.7559646865708,84.3356617846828,82.2991403799751
43.5669173278832,45.710845904795,65.7401948707921,63.4052407545771,54.2487221362172,48.0433905988546,72.630303077646,82.6230439720366
47.2885934354576,51.081450166532,66.8937393321198,76.330878911503,59.1669614626489,50.4385443424736,84.6294579320951,84.5587859928719
50.0992385137579,49.3400992110045,70.7592096790289,72.6605239052994,66.7837454011769,56.6835030469253,81.6905415058668,86.2902979279519
46.1507789274565,50.5982600902273,65.4094587250773,72.2836013813314,56.7051943171811,50.00971451239,83.3087975880853,82.764272974983
49.8558295478847,47.9531044716303,70.0817181616687,64.7595298555918,62.6529872992203,53.4255008527582,72.1190926847594,85.4129592596665
47.6108316728184,46.8980112594408,66.0020678061116,62.9413995507642,59.0790035840775,50.0887808332451,69.0328230650484,80.601298157824
48.5607383407237,52.1490981371354,68.6608008476665,72.9520136097012,61.5209119135597,52.3663150591523,84.2633673558099,85.5639708018592
44.9456489028137,47.9576194442974,65.90257971976,65.668706810941,54.7617798087167,46.6109060852077,78.5132631687154,83.33940585349
52.5334837642343,48.3595132057181,73.75626890583,69.5440945968696,70.9035409158219,59.371192346378,79.8333667854464,88.4556793336918
50.4395738523691,50.6919708045986,73.9966578484809,66.3564359916686,66.7178479531523,52.4126971617042,75.5829543945007,89.9316021946867
46.2511073624181,48.8864973396904,68.6339189199806,68.2870363830788,61.4461352233381,51.4122358800663,80.2465355339149,84.9884983272598
49.772764151225,50.1951817579181,73.3291367549575,72.9725893163093,70.7344691252183,60.3737805175328,83.4625743232694,88.421327443724
47.6649644870869,48.3575287215031,67.9085288879959,73.0534209086717,62.7223190672021,53.2518584430207,80.4722628303545,83.9465477900189
49.2266853562993,50.8407311518461,67.0264393613549,76.8236358138778,66.193982785978,55.8590051830965,89.8333708951727,82.2102904475392
46.7358164664763,47.7125043510534,64.4492146373117,67.4699550480579,58.2730323935086,51.6045185765191,76.0331682371777,79.8867741281448
49.7468594174281,48.8184102489209,71.298124029276,68.1206947365286,68.8622854876863,59.0404902606662,76.6430023342823,85.5601473675243
49.2340333678729,50.8925671229057,69.68043213062,73.6950341703045,66.3913981317019,57.8797894828827,81.8021819458925,85.1723710507925
51.2759718634276,51.7525385949169,69.7821005145155,74.0729498002239,67.0917408052736,56.4019467348116,83.264821452222,85.1476531962641
49.2238098404288,47.9450950483891,68.850291025437,70.6403739617669,65.0293906698051,55.8421625621754,79.9451747026945,83.8419448494255
49.0028329148958,46.7082668773635,66.86486119988,65.7800079415019,62.193540036167,53.4996169490331,73.8334852384963,81.2408579204716
47.9743818249437,47.2922134986647,68.2725275082546,61.0044011928972,64.401723323336,56.1344857494227,70.6144534500033,82.0733430375336
49.4261433160693,50.3664385375612,71.5852224031483,62.2620822338825,66.3063009968697,56.4211452947175,69.555748966651,85.7353962022126
51.4428033701076,48.8972772737525,70.6948365391187,67.434562889422,69.6652453946459,59.4605967116043,78.0956467320953,84.2592669922375
47.1503405608887,48.2872433502704,67.8583289629138,71.3130897113174,60.6325442720637,50.782036917148,79.5079995984685,84.1913663407623
49.9466646046681,48.9002922423379,69.2158844886834,66.0462576019964,66.0156394765996,57.6391474150428,78.8219171024442,83.4992279746868
50.1987618310704,50.1703203991444,70.5415119883087,74.3062498073318,67.1888925623755,57.445310529084,84.242736810204,86.261262391768
50.5107003307111,52.2558542370753,73.5064154761289,72.2729624697322,68.8088026487315,58.0231775728424,83.2066410701579,89.5650697449544
50.5831916869314,51.3644910988818,68.7275948731607,79.6534997928663,66.2194976963713,59.0065574551309,87.6314293264513,84.8055258341747
50.2688509101484,51.6228239769261,69.421409677598,77.9317017164222,64.750112489759,55.2154268146255,85.6067614063088,85.8339911817538
44.6499285753471,48.8662463703814,68.2290038192431,63.1630266792181,54.8134343365652,45.6180759474128,71.3517149774263,85.6954838139666
50.9018058487598,48.613940186527,72.2086786787518,70.090896474068,70.2771410968148,57.9154468797818,78.5645925034603,86.3821559261779
49.0327327418603,54.5812754473867,70.6024285805858,78.933738604282,64.6053762381256,54.3627747867734,90.6379729287965,88.3098192667821
49.5899328381224,50.9657105893406,67.3405290908088,74.7709828020872,66.0599508885409,56.7933150124772,84.1178319252202,82.1372409860298
49.7667143020567,47.5360356724198,64.5180815042403,69.2192038561121,64.9327912172172,57.6521411524992,78.764701441436,77.4833444245085
49.0433558845975,51.628656687842,67.9271604440114,79.592241359253,62.9705718643744,55.0420081547799,89.4767462959813,85.0926070208108
48.7602674442732,53.0141323651326,67.1185071579078,77.5868101517754,63.428072158663,54.758036103712,88.6214541634622,83.702716428228
50.7327001827785,52.1294801203993,69.0028738092962,75.3751079874887,68.4327426178411,58.7724439897171,87.4019995806264,83.8238422456479
49.9300547798787,48.7061016130973,69.6496996313909,67.513338296828,65.8576717609078,56.8797311486661,77.7561133821809,84.3128499759905
48.0488846068571,50.2542784830998,66.1743552243244,71.7207458405992,61.768291867703,54.7010990753211,79.7938964917535,81.3301881863562
49.9683606011745,50.0999002810375,70.2959228578403,68.2600016581613,66.3691406764872,55.7562601729665,75.6249326703271,85.0088186290481
50.6438150395233,51.0110782175321,72.221386436618,69.3433998767768,65.5529473649582,56.4896514397715,77.0783409452032,88.1330329815197
49.7535039213253,50.0996853921479,67.3431023024811,70.1633362717022,64.6714047165952,56.9688523191883,79.1775877440313,81.8481531964213
50.2657687507883,51.1344988132147,67.903296350428,72.5906627894472,65.2901444884544,55.6140584333107,82.5308126141453,82.7986249609417
50.4963111816103,52.7183430128172,67.9159530041785,80.2665133043292,66.7420256725329,57.511352430378,87.7509647130314,83.434790954305
48.8951632123235,56.360769406183,69.4068405661977,84.5142331080733,64.4974328020962,52.6603612193072,96.6677779641192,87.6985655661586
47.8290475040478,46.3049680991642,67.49397392534,64.9723152093121,60.3899749851761,52.6973191624553,71.9309860019857,82.7026879586849
48.8881045227909,50.1277206553228,69.3235282971206,72.8098265483563,62.2866004804392,50.7694292196507,81.7594769674042,85.7657956424445
50.5249564110391,50.747241901435,70.7208223393964,74.8321523097355,66.5895136801761,55.9468188878727,85.7666050651983,86.90890884754
47.1234266360024,47.3709563587356,67.0299581720476,67.1017658093452,62.8421987108625,54.347666643261,73.1028552796631,81.3077992382695
50.7760835431601,50.7815913461435,68.4131472542179,75.2616512348648,64.0917207154957,54.9942132847615,82.7468641182516,84.4946661343543
52.085600240002,46.7934504436829,71.1623844073437,62.4851354255396,69.6410059846453,59.3426542483309,71.2892574087984,83.8421172291961
47.3546736414032,47.0862491648555,65.2972065921263,69.2019752805675,59.850938497624,51.7111017664296,76.433633833166,80.5043931671328
46.8731819737885,49.2183752241074,68.1048953586038,66.0170729003197,63.3215779354961,54.4543753824414,76.5643621799824,82.9623178808457
46.004022275905,48.5350880863707,64.5238430279505,70.7882442137808,55.1043320912642,48.5391848065611,79.1052791666032,81.2777993979807
49.910795960691,50.7924096251806,69.5688960150826,70.7804686065155,64.2299128790674,54.7680236886531,79.1022666513069,85.2394763839649
49.0653746782639,48.8098553469946,70.2183206325474,69.2695156542324,64.277267901838,54.5132879396239,75.9350945523846,85.7008496180338
48.8505349082328,50.7251259774134,70.3665015154668,71.4083448703213,64.167965315556,55.1031823151709,80.0659117805771,86.5083233590473
50.9275235840227,47.81842388631,69.5938553450611,61.8035982062705,66.0063182887457,55.487740660372,69.8787642810855,82.6775632169678
47.3451817648474,47.5159464082438,64.3948155109374,64.7533442466519,60.1287767681141,51.8717108797499,77.2132315928809,78.8673963972599
46.4971336676431,47.2406476842287,65.5042765558164,67.4585996054,59.3128526842192,52.303147718917,78.1029993873081,80.8441926207033
48.8026594875025,47.2345609079381,69.5626855599901,65.0489753406333,66.3541962246256,56.9038220312064,70.4619793134002,83.0186177442638
45.8014232776122,46.3153908897081,65.016372316212,62.0808345975059,57.2305178845891,47.6351761692705,70.5964451318317,80.0282133418049
48.436685601515,53.3617695075576,68.5023536101782,80.1214400789649,64.3650668961559,56.8128890858302,89.6517539636962,85.5153468708555
50.1885825807542,51.6549312705378,70.6923715036464,70.6257213484968,70.0277695737295,60.5350137778721,80.7338107158405,84.6872723931599
50.0336208545878,48.6223732282204,69.3961327915445,61.5356343649264,62.6372208126589,53.7061952810742,72.510136551727,84.344832305055
47.3258564219094,48.8399369208471,66.901200196878,68.5786236775348,64.0975797592974,56.3807049154066,77.4857617998165,81.1339887963086
47.7158261481841,49.3925042936998,67.2708360327434,71.4155101542669,61.0831807460989,55.1503474827627,78.3664892079067,83.2241648224948
50.3631976077946,49.426615030309,68.3611052064541,69.3122420656893,65.2240952136148,55.1958040552212,78.8688210910635,82.9842521053203
47.5351238165917,50.3459848719872,66.0965235221004,74.2161431698056,60.8419795230297,53.9953102627792,79.7983318386041,81.9966015373337
48.2426418548385,51.4968695529671,69.4157621369237,72.3633225525629,62.6734961180289,52.9382334381109,81.9618651910017,86.0498122223184
46.6322825308407,49.6884256119893,67.3228372535951,72.3847593100488,59.2735111944201,50.8424519377223,80.5029199983992,84.4444467671286
47.3120455829942,50.7347908924284,69.5784585367807,70.2947676525053,65.1053602952466,55.380064291474,80.7391518405209,84.9763752869002
50.6650481095554,51.636545758766,68.6351399282746,72.1169251315978,64.8358433593632,54.9484073012329,83.7937560960502,84.0778168536587
50.2317102686351,47.8598573037403,68.0316461771537,66.9388678695627,61.7652241514123,52.7043458190907,76.8051282307183,83.6482354321612
48.7315333399036,51.8006783526922,68.1177208365824,73.8763683577949,60.6761452417862,53.7425316326577,85.8823569598656,85.4704931670854
47.6264362541548,50.6205920434509,67.1500027832787,72.4197113974071,58.8061397534018,49.7376285969243,81.7682758517044,84.2281633390516
47.6171598259576,55.1792033379765,67.2675177445766,82.4777133267383,60.8182933437546,52.8564214706385,91.8300526895524,85.4050474901823
50.4433649451297,51.4742364006835,70.7137228022554,67.6844426080115,68.0948682880945,56.8679147613921,78.7821363469623,85.1729191710295
46.9333380251502,52.5827613463479,68.5607318434827,73.9461561183397,61.766115971196,52.4805162770134,84.5887869265628,85.479293267957
47.6709511587531,48.093135653254,66.1216215964849,68.7751737993158,62.9454948261232,53.6728789029322,77.5317104036578,80.305050128974
49.9406109547861,49.1446926433626,68.9782593077088,65.2348125178651,66.4060174971292,56.0794363392013,74.7972540724271,82.6141754846389
48.6352624777617,52.5728122120779,70.2798659531328,76.6117321703272,63.8644007541133,54.7948550452771,88.7249543587632,87.7930359492178
46.1461639683314,48.7638308511614,64.6236251206139,72.0392661527716,55.8678148440862,49.7771490386726,82.0827199278821,81.7863757979233
50.2161920921536,49.531499969878,69.4238045497426,67.4451730368511,64.0739137400485,54.4258872241086,75.3984506014495,84.4921188678092
47.8241912155605,51.9507433564878,67.5871003624613,77.3252832604343,60.7797337853804,51.3753539696917,89.0747499139435,85.1808513324895
48.4741749966006,47.2962616233899,66.5694350041572,69.7108866321429,62.0639611573082,54.0918707021929,79.3326614821839,81.4169994854332
46.9675715780461,49.3341569878099,67.2156533173064,70.9369037295141,62.021602709074,52.6237767427432,80.708105029301,83.0084758215688
48.6375730173425,48.439093203527,68.8845441207832,69.3920878518478,63.1380769016868,54.4748043692044,78.3850600912995,84.4086127928159
47.5211810398021,48.1271858348418,68.278299681539,70.2676703554928,62.038903318233,53.648083376857,77.7941124380406,84.0967980263839
48.9705005594414,47.3709468119669,67.1920328258136,66.5239175853747,62.1838710803156,53.6047962085321,73.8910821259621,81.8169344823939
49.7506850058671,47.053477095851,68.1240882554076,66.4735528644265,67.8108510574781,57.3705564161454,75.5620974478471,80.9199372271657
46.3124531668536,45.5670575017404,63.9432353091596,63.3007962999912,59.0390101081642,52.6047372771706,71.3339108823899,77.9677469559138
48.5834845590504,47.8090255443163,68.9583738139479,70.5986055236326,62.7159349604068,52.462670245491,79.0639005005647,84.8128407356458
47.9408393585453,48.7362380619363,66.4438404606609,70.6298217031851,64.7341949753756,56.1892536385632,80.7372789443218,80.5733774561016
48.5891621662784,51.8480794522105,66.652301985894,76.0193250162955,60.8618986341792,54.4887953213855,87.4048629798326,83.675338159466
47.402089967536,47.3380604575742,68.7875858701723,65.6285055063013,64.3529569412901,53.9138769667016,73.7130908253517,83.2743503611007
46.3794706580585,50.7652190755563,65.42191962378,73.7169068328675,58.2843667422506,50.8135948466272,83.3741969669487,82.2156663883209
49.7612328523297,50.6025589692562,69.5393769923946,72.3881520942302,64.9447160096163,53.4662762465964,83.2733577465906,85.5432643759244
51.12790518791,50.1505560857891,69.1233757532374,71.7175034709354,67.958102385162,59.4169716693794,81.5794676264802,83.2584221535807
50.5077402670999,45.680357107387,70.5443260227714,60.2416230176925,69.1327831422772,59.8851861960588,71.7812383266667,82.7466132406841
48.3695143850273,46.9007556626071,67.7336987813561,62.2255623164469,62.2616870821744,55.70006025897,72.4815109781072,82.0152525621041
49.6472776881967,52.9484485776637,72.0768153477016,81.8071958003724,65.0711186369853,54.8528626197369,91.615814185343,90.4196529000913
50.7661331668584,47.9306919605002,68.7940183443833,65.136508952958,67.6532224476336,58.6898083441712,73.7529427338659,81.6126809076471
47.8540832660244,53.9088611451132,68.8564996681799,80.5350273354945,61.4076007550635,51.6057026560573,88.4071303010258,86.814515619623
45.0306662283702,51.7848761592153,64.9331201792894,71.7972339132977,58.0937293451709,49.6452341614656,83.3343257387656,81.7357313081782
49.3580671921603,47.0923484211522,70.0442631243358,67.6580806896577,68.2122342676218,59.0632098463478,77.0198782606069,83.8825553478584
50.6749293593997,46.3577486111397,73.0797837657445,66.0546044260207,65.8206482367402,54.9013872405692,75.3639282272142,88.7045431680514
48.6989283628732,52.258958223948,66.2152035999334,71.6052080985061,59.6022993617105,53.8603767598857,82.6313099809808,82.5377806010595
51.447777950336,47.4043828298465,72.8734216050559,65.6768939906031,70.5004650230716,60.3404035672429,73.6096968931287,86.6428530426509
49.7726545649103,49.1415351540475,68.9366267309755,67.6364702540413,63.3981207611821,55.0406118899824,75.294405988678,84.0833427945201
46.5221689452244,48.9031184333011,69.2616709353863,70.6712124844901,58.6123895687017,48.3156809077783,79.1890921158826,86.9782727327434
52.4471877132029,50.3340294815802,70.803635122212,75.3686833826009,68.3565880986921,57.2763528697985,86.4078753982822,86.4772888613507
51.1176042544244,48.6457148247435,70.3085211702188,66.440814296142,67.0786864060263,55.3703809761293,76.2997865501698,84.5277216764469
49.7822254909268,53.8646258197839,69.1365382927844,77.5626724877068,64.9493363782992,56.4811498706745,88.0643809055592,85.6484296031954
49.8947679236154,47.7633600205559,68.2848371873933,68.5050299277566,65.5443632135041,56.6742766311629,76.1705319754162,82.4486738638408
46.8819020744481,48.6419849111281,65.6633045673388,68.9369092194408,61.095703971134,54.5884825950439,76.126944844816,80.606868124171
46.7481966894525,48.954989670244,66.3280877858789,73.2045799089556,59.6850566925136,51.6395604356369,81.6365356014867,82.6006537538692
48.8261512384452,49.2959300485117,71.0401465266379,65.3914030201088,66.6394040795805,56.3153072765901,75.6440069483403,85.6037872930646
51.9497986632446,47.7691644757067,69.6802812755664,63.6706812147315,67.7650829846435,58.374131323108,72.1218373961037,82.7336216817228
47.6212383671556,51.536564630563,67.7012089752143,80.0080707688337,65.3854296140488,55.2014101241309,90.1728225843625,83.9198619689042
49.2085638553673,46.6305417134869,70.1758290161864,63.3822417128643,64.7562893931027,56.2010578331801,69.4935156333229,84.3729566329814
49.7761664611435,50.2773962102742,71.1158728033232,69.5515148112153,66.6521946350815,54.9870443625515,79.3472139250464,86.3958561101993
48.538796279613,47.741682073199,71.0804887963265,66.4858026704776,66.0517628066472,56.383031058005,77.7461996212309,86.2757961700183
49.7097769439906,46.7519018701884,67.3098478126427,66.0323585421929,64.4635144466294,55.312615706841,73.6699204585105,80.9507861934462
49.909251987986,50.6314317310908,69.2661035955805,74.4300996965338,64.9607242792934,54.6858425133737,85.3291546545956,85.4097088216257
45.8484233573956,43.7175449297949,63.6087058854647,64.3421525773599,60.5720491649577,53.765413880313,72.4799115911979,76.8626233502318
48.7896833359148,53.15288543046,70.2799996307441,75.8096682625654,68.8371660267926,58.2228022148569,85.2306923433726,85.2967739002133
49.8058264143691,49.7577109265193,70.0853905622583,68.8178962775971,67.3943495047334,56.4622357178443,76.1532643138167,84.2753004269015
48.6024741770426,49.2725818666277,66.7528324685942,68.5346193593677,62.2291102479356,53.653893175954,79.3446859305984,81.771140224446
51.252954673938,47.2414071855004,67.5480513841278,64.4510772352325,68.2322363067621,60.6461958823527,76.2303712804599,79.9294836149738
48.1333855168527,47.9093414631744,70.5974874201819,63.8376679802124,65.2855688944566,56.2161275885948,72.7192935419762,85.1948056108461
47.5665323486367,52.2503920276755,66.9887011971771,78.742696749285,60.4900416280928,52.9421553393851,88.6474013614114,84.5774330722258
45.9934583235246,50.3504011451941,67.1090472245686,76.0506943721037,58.8939886132774,52.4940159758558,86.5246367576752,85.0957205257529
45.7809134553306,51.5979584178191,67.9758670594319,73.4523990960849,58.5871612626847,48.3879370230187,81.956911673603,85.8393847846925
49.0791473899876,54.7860408764726,72.7900986928205,75.1805097894302,65.3405749216451,54.4562375138997,82.7338582218321,90.030439888741
46.6885408283601,49.3940573979709,69.1742321176585,73.56965750986,62.5657842347857,54.3543160786654,81.2636499231275,85.784501743888
48.7772661178924,47.9797234896205,68.3451191201111,70.1714600958423,63.0762611679177,55.1113161233182,80.5480103732019,83.8446838184001
51.6920092703812,58.6617630395222,71.6895069268185,88.7178716942574,67.978987476284,57.531945186806,100.431431498958,90.3626654641117
48.9621266758727,48.495414152417,71.3846057005529,64.5107239904148,64.3083921065234,53.6226059339043,72.1542274703158,86.6379797338671
45.5907599565685,48.8281456197421,64.9969542805581,69.3333183416349,58.1066675978537,50.7048624856962,78.6352937323686,81.0172377358386
44.6351437392931,47.9360003805114,66.9075567863748,62.443449115628,57.3737314318875,48.3413189435161,73.1846000818834,82.8554167570791
48.6333329173367,50.2101519027661,68.8408461052923,69.5503773029552,64.0362473656518,55.2750899249064,77.7923214141887,84.0972273607347
45.1283609034962,48.2867491087359,68.8143973010849,65.6798970975375,61.2976641143338,53.6362973619715,76.0952636951562,84.8334260928052
46.6644788066848,55.3249072087208,66.3972454884407,77.9040517411285,59.1098580417994,51.8203068388712,90.8959009224227,84.6518155885139
48.4262273233053,50.9855757144053,68.6236651217537,77.7132108392832,63.8681515925542,54.3587669453116,88.1033064614894,85.4572074997298
49.7236169302983,52.221705253872,68.6728368085051,76.1652307026061,64.5351399014526,54.9913602786852,86.3207935753178,84.9320553184856
49.9427260164343,50.9300277286361,69.2235072239802,74.3238916881454,63.1717500819559,54.5328922291777,83.4842647078911,85.9783483920373
49.7127028184458,50.654780548328,69.8213887787027,71.6825228014435,68.0726392664559,57.3015738412078,80.8771604332061,84.3498958747806
46.4163898778354,45.9720210579973,66.2821928824748,63.3198963994711,60.6931195121775,51.8622087098508,71.7507552937471,80.548842009529
47.4542470952471,49.4732882480317,68.5905275635775,73.2895012994302,62.1273366729053,52.5689940006821,79.3952411737882,84.9082978985277
48.3291117744118,51.2552404608666,70.9451435545535,76.3352982909047,67.744585191567,58.173130828782,84.6139969147572,86.7770912581245
48.9827016277566,52.3075103295898,70.8536041528279,72.1076132703596,61.1791596991128,50.6785425693535,78.8343923957068,88.4616434803751
45.5155296023156,48.5437974985053,65.0685179418291,65.5040547053037,52.7117007012256,44.4638213908416,70.9777964802856,82.4270878771771
46.4058067244845,50.4757371410003,67.3993121782734,71.2572567981435,58.8011558072768,48.1633042945615,81.1508548246676,84.4580977120506
46.9245800537499,48.9073400008797,66.349335190619,69.4596472153909,60.0931508930574,51.1642284673574,78.2038110546707,82.1142532722427
46.3358239154958,47.7813030816127,68.1340936751433,67.4803421323751,61.1421622664751,50.863296373435,78.2677816218104,83.9031109781485
47.3666274562806,50.545795625273,65.008470103768,73.7399261476977,61.6731198835507,54.6165036012783,82.9149427860453,80.1856742669877
48.7790106626774,48.2877703292924,68.9384664188171,68.6101447210646,64.9995714716777,54.6290945173742,77.5604989736592,83.535716180197
48.4553954379923,47.5165689594121,67.9142320709641,71.3371845434657,63.5287531323065,56.7806699382454,80.727898607263,83.0394060180971
49.2915489710444,48.6518484784397,66.7261480601013,73.3718983495625,58.4122735535792,50.8440881284295,81.0163827613845,84.0051859422365
50.2378277893848,53.1824946889801,70.9208657581675,79.4143448688245,66.578325527853,53.7612950145804,89.7921187211194,87.9326948973938
49.935198335616,47.145969566855,69.3432335713926,63.8123140132553,64.1228468987909,53.8510876246491,72.737322259553,83.7409822409922
46.9482055232765,47.3842440730973,63.1611872327832,73.496225084301,60.1656510930749,54.9895252336309,79.7841651894618,77.8582699510238
48.5594830449286,48.0443972569136,67.2777308900143,68.3167971866372,60.8182317734002,53.4356113004804,76.4816183901287,82.8932696408555
46.3652153143985,50.0771669391735,65.8773441448644,72.4016834539984,60.5860673133293,53.2465185038225,80.3982993911379,81.6041846650004
49.8671669559277,46.7146577175756,64.0169407080615,73.4648146083256,59.5056625504174,52.9386434878188,82.7156662433543,79.7184189202916
48.2343999018629,48.5518518395666,70.0309177160759,66.948611559556,64.3122017114811,52.7889789832478,76.4312632805597,85.3093068024022
47.5198286876193,44.5341415107531,64.8466455344482,60.3805584447874,57.8315243762867,50.9007222374718,66.6172530447373,79.0194595966123
50.115139166695,50.571288488167,69.8121657498118,69.3382667052501,70.0174401814517,58.977443572141,79.0988092501889,83.3296799014737
47.8752529410743,50.6198301745099,68.6764586637515,72.7821168085631,62.4969245252748,54.5234572341983,81.8662551239601,85.1778700142665
47.1106443800037,48.3812547893965,67.8311212332937,69.0978809409032,64.0428162522848,55.5125137551246,78.8497732297153,82.6542262082259
47.3758093187479,51.382182855212,64.7749712045355,80.8453199480529,59.9935545313862,52.3539235015244,88.7815836347712,81.8323240156771
51.5504789782347,50.8250244235125,70.5465913704289,74.249772761698,70.3102992796772,59.6434090880851,84.2073086452026,84.8896148821479
48.8138697398841,47.8679034647013,67.8983985308348,70.10182857827,63.673751433445,53.4669482746511,78.2448085442521,82.9033154958496
49.5264283542657,49.2982152261177,70.2457321125709,69.9739028457553,62.8729203960776,52.7343573879751,80.4677222868207,86.7839063863027
48.8352582551459,49.3178219154645,69.2987385336597,70.93432132173,60.262125195524,52.2190203610833,80.2312842213625,86.5866379988166
50.6213334895202,48.7158518420851,69.9072299395389,65.0895633758781,66.9181526381444,56.7168041779549,74.9401007070757,83.7994073229432
50.6199436931031,50.9904545602754,70.010155521487,76.2467324402898,66.2265043230382,56.2706281566878,83.0565246870788,85.6076968952108
49.9013274476468,51.7833397955654,69.7778990744687,73.6644173596637,67.2098906830018,56.391308192994,83.0511658501713,84.8381208508943
46.0899792645687,46.9538054424765,65.4462038971511,69.1302896841811,63.1123168357778,56.4762080814716,78.266058133983,79.490209099946
49.1466723289354,49.7909395119399,69.0207898957719,69.4625710087503,60.7784651934133,50.5013312427193,77.3800381139422,85.4676809196661
49.9005228720143,47.5362524379266,66.9813629512227,68.2909048771316,66.861573940398,57.980203727077,77.0509169390782,79.9817980630331
46.5894592981869,48.5658759307689,66.9165297791127,65.5985566538866,60.3511466834992,53.0546131545276,76.1807019753093,82.1737552327548
53.3817488566511,49.1351335561966,72.1789853387989,66.7291048854485,71.1589708757143,60.8114896288269,75.2248750420913,85.308014001388
43.4331728664872,49.664327139318,64.0928191626565,71.7213384100368,56.2589431927103,49.9233275799684,80.8447793188196,80.8324260682973
50.3500390487352,44.8652564200148,70.8138173026945,57.7505832731922,67.6183925092276,58.4737455834982,67.1162365750406,83.3737136231908
46.8469098586039,45.1797755524763,66.2595869642397,63.5447731133483,59.6717208389303,52.6600595386664,70.3823479868105,80.9621341815376
49.2222908513,48.3324759152383,68.2161283049639,68.9426808913056,63.5638678218569,53.7283404341743,79.1571225058957,83.3598921700333
47.3650028652757,51.4513054992815,66.410219553459,76.2436740838632,61.6120100430894,53.5268581149274,85.1383539498415,82.7852874327867
46.8106508825043,48.8563303369676,65.7978668554211,70.8210971066483,59.2830969561211,51.8831753961912,81.0080706826478,82.0518463831626
45.2240757793219,51.2065141903672,66.3422520889072,79.9354528498629,57.6715418569326,47.5784247247521,88.850484859764,85.022615887243
47.7935532745207,51.661312879168,69.6803509358555,75.2347392032157,60.9382264304474,50.565550303719,83.1605445871422,87.5572888647238
49.491982250557,49.3301261810392,69.3304265380114,69.5749612948901,65.7257488582555,55.7008888733286,79.9548262806016,84.1476578475454
45.8693603512674,48.8824725470797,66.366584872891,66.6680972951152,60.7207546618784,52.2900108928145,74.7880131707228,81.2321988121205
48.6246767041674,51.3078788730518,69.5983183868656,77.7846341971715,64.6463481532723,52.9003921553031,89.462101522818,86.6460719036741
48.1135352965995,52.2715705952598,67.0867766840401,77.3193562152379,64.2614788688091,55.5655319253895,87.2133944131313,82.9357217260696
51.0387881822737,48.969424918365,71.5249451742169,66.5470168896711,67.7509588530713,59.3655292805643,76.1751544290644,85.9415174486665
50.1753424580876,51.1314693095456,70.2625324460682,78.7421729827455,66.5100644993101,57.8362426669788,89.0749907203006,86.869602238486
48.2899160215733,50.1537852073385,66.2417413926195,67.4561117400275,62.7664844528558,53.9092905048375,77.8939260271422,80.8291584021233
48.7637967844769,49.4308540685625,66.5347079109369,74.3466580303156,62.7926758962636,54.8370297165432,82.034858748445,81.8794418925369
52.6714953299834,53.607410853958,72.6699905198546,75.195389505857,69.5159180285403,57.9417990739337,83.9883690937631,88.3834835366916
47.4321610889646,51.1625945275078,68.1655480144577,72.7893038416653,63.7161741992993,54.9248543330584,83.9686895405661,84.0193323906834
47.6685321076987,45.8317693345868,67.6939898268281,61.5933281864171,58.5152402269068,48.4565684408742,70.3176516472384,83.156603014953
48.0259831069018,45.9132136136048,67.7291518046196,59.2781675105259,61.5016034972268,51.6903151789698,68.2201727045948,81.5321021254053
46.309976254408,52.6545680702301,67.4905886241624,76.8863006002128,57.622247368265,46.3028708486158,85.6908223501376,86.0144535482934
47.6966972024103,53.729260481732,69.2269443652671,86.622300800209,62.9663486475935,51.7786194835535,94.3935422306287,88.0304904184502
48.6944486882444,51.9603543672262,67.706664519372,81.9879682383702,59.5876515827824,51.3086305463268,93.1183511572522,86.5177041789867
46.3302039052354,50.6051752082388,67.7630327889711,72.2466063944616,58.5827215862882,49.3030956489564,81.9856817157134,85.3285319682806
48.7269600811654,47.9908504793625,67.7178644243543,70.3165315150987,64.9140085215964,57.7363117855977,81.1199953631322,82.4112196340582
45.0590385367053,46.6517949614544,67.1255499728106,62.8395846627385,59.381950421225,51.9342212494563,73.8466229308661,82.5373766153539
48.6856611507043,47.8362197206202,67.6026847819033,66.1085585708631,62.2966080667111,53.1242971969486,73.8302964653034,82.067587535522
46.6382267260002,52.6562357377366,65.3874160813471,77.9420791300879,57.3719675718947,52.1205903359859,85.7394853494469,83.2439910604225
48.2235091725472,51.9058111193098,71.8899970634687,72.4853996406501,64.3406152930051,52.520241960442,82.5008583970436,89.0492925757178
47.5318224799091,49.6178920537222,65.3202720767356,72.4275293318267,60.1881689459488,52.9123568544577,80.062879766411,80.8782933104468
47.4558219217124,48.5082356488235,66.7618846586142,69.1352435848026,63.4546360520703,57.3726706761634,78.2872864569957,81.2944545779852
46.4525577719842,49.9307629173073,68.1871682495972,68.3906165299986,62.5500910743177,51.0316754670775,79.4017195276119,83.7296224452467
48.4379019216009,49.8214692151563,68.1866953620775,74.5341533706076,61.9715627872861,54.8597743157216,86.0125693963545,85.0668518508831
46.7221707880534,48.2309386699593,68.0208369214982,66.2461859215782,63.6337274585264,53.0920629280453,74.6563363489443,82.4989737610621
51.4639062558424,45.5916344576785,68.9492613796936,62.790608131143,66.6544774855521,57.627068729564,71.5449580039869,81.9336533980408
45.7985765539996,52.3999765782766,65.1089268599202,76.9752143888207,59.5114392587431,51.2592390225238,89.1371167405478,82.1398330153558
50.2878545613868,48.3668952452066,70.043369818323,67.9856331853953,67.4819815514859,55.5563269910974,78.512867969865,84.2988654882412
48.0498228642138,49.0841337048468,66.9414877821364,68.1673730320103,63.804188689276,54.7115826703025,80.6481575579393,81.5135314253974
47.535051467327,49.9074030832109,67.9720919690388,71.4491149828976,62.6285199623957,55.8628754806558,79.1596650306998,83.6694078968224
49.4366611724448,50.2087092172,69.7508927675873,71.2204893341154,65.2849359522784,55.8406345227611,82.3733683960882,85.2696869713791
49.1192977616915,51.4143129386109,71.1077571053708,66.5618457765627,64.4923543491113,53.9107469637144,77.1604085953889,86.8389972586759
48.8244102534463,47.369835291696,67.4920014705553,64.7825032741116,63.1369045326896,55.713574506897,72.6805730166758,81.7234739416452
48.9236201206825,50.7108190386602,68.4255923725518,72.6085326605154,60.3567181492432,52.5328098539001,82.9959648583564,85.5989164777321
46.0726129593146,47.8749223916811,65.8417278289056,69.735133004554,60.7171232973261,52.2320930692719,78.1635539738399,81.1177576197619
46.7857914991241,48.2926957762553,71.6359505182197,63.8406528817388,59.935294092487,50.5113150660728,71.8774435022779,88.3929950570871
50.1757472547053,46.5704630806789,70.6772813932244,64.0472472916638,67.870928939073,57.3085802744945,72.5947450952713,84.2411042377171
49.8930042146821,52.8514225706494,68.9609208679058,77.7349036049568,66.8362406881468,58.442010567513,86.6402306010235,84.5983386275418
43.666991968127,48.6582394408191,62.375882202468,71.734097658302,54.3189370003474,48.8364398614479,80.327019731822,79.2908102577869
44.7936846623933,46.5583552689858,66.1754022860042,63.4917085368528,55.0563800075475,48.6543223609796,71.8964085132573,82.823482230183
46.3063530932648,50.5416519416981,66.4560629285026,71.8747417198914,59.5879621355372,53.6104362206491,82.5650284581698,83.0328054941188
49.0875985153449,46.3847130541803,71.3104691995308,63.3282809746925,65.6983104712687,55.907485075044,70.9505554376362,85.9792733693582
49.8798137104013,50.8443308408106,68.324564888507,74.4669127784225,61.0147814539885,52.0779330509723,83.825777804405,85.4428278082432
48.7271898223084,46.7412878726492,69.0116046462989,62.9361769556928,65.0892518567457,54.7345763273765,72.6493671843338,82.8552433665786
47.1842516242486,49.3975431866323,64.9752207125098,73.1857754402966,58.0353976800217,49.7863299652244,84.7821223855877,81.9256295264355
46.6805449919283,50.5049386028565,66.7294736641399,75.4226196052865,60.9993039928588,53.2699377902323,84.9233442307758,83.273980264298
47.1619890387762,51.0705674630831,67.7980542344582,70.2527601431445,60.9284794103589,52.9623300527181,80.0138133357369,84.1460306264797
46.9288131017278,48.2099527506134,64.5025709556164,73.9971549043858,64.6567976710567,58.4949339899751,84.7281914339545,78.44813517053
46.6028538938284,50.9327862458244,68.0977677142643,73.8572588008718,57.3745335695875,46.9760778943965,85.325633760651,86.8824338791603
44.2886125833691,45.5237591947246,66.0745560684709,63.5834170574462,57.7308021864119,49.9702415338716,73.3223544723239,81.5822416900982
48.9875929555768,48.8563140592634,69.3974022329163,68.3737953058653,66.2189231829532,57.0040148100557,78.7855761187493,83.9066265131301
46.8441679782603,45.6443063344425,66.1404246508094,63.9999474335987,59.0975316420651,48.8552978282666,70.1061818007094,80.8440688990346
48.2701471150868,47.6290039979521,68.9082970626879,65.6699171939846,61.1082528101466,53.0296477859941,74.3271305359122,84.7258119888456
50.1210535066539,51.8168107903375,68.8605052383742,78.002517722815,66.455785836137,57.6427603344294,90.2843829123797,84.8910858728705
49.3733911404946,50.74867791287,67.8960761894511,70.8498545905395,61.3517035980387,53.0153673443063,78.6171160864124,83.8492462911661
44.6178820231544,52.204973289261,65.2652683132418,77.354897966016,58.0830658220349,51.2909774512112,89.9034229242685,83.0640925674353
49.0611183082528,47.6804634500452,67.9585634398657,65.5031889816816,64.5341267189213,55.4962794972357,75.1348401012169,82.0306630732125
49.739874417029,56.2331515237081,72.9098972154128,83.2996636550665,65.9654710640513,53.3447283535963,93.8152254842371,91.7416845463507
48.8437854579357,50.3457870273929,66.9490829221482,77.655645246271,62.1213615675572,54.6812765283003,88.4195413001275,83.6491798921231
50.5016159318724,47.0120864040325,70.1301460498831,63.3440149751081,68.1310976932876,58.2534999627842,72.2969479394806,83.2737591393143
48.3849700271319,48.2664280232503,68.0242173594936,70.3046031720705,63.8903663993757,54.1479932368121,77.5164031082078,82.9706660451589
51.7198755114191,52.7817140628195,67.8888728224907,82.1096001212417,68.4732223239349,57.6154642780688,91.7514661825564,83.3098262404999
49.1733026220165,48.761730162904,68.2965786830653,67.2942125960668,63.95518939166,54.8851196293162,78.034714872077,83.1663609041704
48.071074419929,48.8854369734843,67.0895691536338,69.9436419988324,61.321622160871,52.6777074612933,80.4638004552503,82.9381868108513
46.0222653710659,52.3929595555749,68.5287924148054,75.2450363705843,60.2645771596226,50.6647960244475,87.4339963304022,86.4241077904754
51.2807100358032,49.2322218202214,69.4677047783902,73.9934649404612,67.0329331639988,57.8918892000608,80.7642596662645,84.1917992079364
46.9003614282084,48.4916457655629,65.0743240792174,72.051468957072,61.003333090951,54.9999518174689,81.5295054644137,80.3575669464935
48.0714743393861,49.0643254629216,66.539775484308,69.0450099564982,61.3853027273249,51.5755871439215,78.2357482729977,81.8654987650783
47.8125189063229,48.5954258959073,69.6165109426485,65.2019773653879,62.4563702487122,52.2484354246632,74.1312854742054,85.1600396094736
45.8879561462719,45.1131468580893,67.5322441332135,63.4077205506297,63.4137221450739,56.5026670750131,72.4912600303109,81.3431494610457
44.7843715584695,50.3400893960367,65.6057738657224,75.0021548096959,56.7594641876677,48.4665318866366,83.7155634534518,83.105273994575
50.2274304002737,50.792993013544,67.7699843831761,73.0781029025894,66.5083550121548,58.1125082568542,80.6940362910248,82.0834500702713
49.3612783779928,51.3482161167737,66.879062707232,79.631808045371,66.8173894695778,58.6904329923277,91.5365392094251,82.2468505128505
45.5897109812036,48.1601479896502,66.3199256221785,69.2244612814541,58.8157953562297,51.5947153436741,76.5046464669179,82.5312158963388
48.2893809681396,50.7232899975284,69.3906902520218,72.5000494263881,64.3909589087918,54.8266273590319,82.1686256050366,85.4197167566692
48.5298322896105,46.2481587233959,66.9107481173198,65.9126654818342,65.0801920159697,56.0821800434495,73.4211265060927,80.2129316199615
49.7375735314105,51.8131274239252,67.8946491116748,77.6207832063232,63.9843651385618,54.9954172701172,88.4269636707829,84.2263756179769
49.7560713606667,50.8923236732586,68.3882738197117,74.4768831077082,65.8476404539287,57.9013184171138,84.9214620884446,83.6298513757294
48.8051559983379,48.8568739412551,68.6023375177602,67.2500201139732,65.7242714589868,56.9347672516727,75.2841178764054,82.3290624003559
51.7149177471462,47.3220416167756,72.450221731431,61.7907500582934,70.0879769029027,60.2227080725386,67.1406566735071,85.1391838356633
50.257398688777,49.4962926489447,70.658253379438,69.6396640685385,65.4179409116576,55.5236274606693,75.4104283970449,86.00624201414
50.4570983994729,52.6971855437017,71.8311712561383,69.8447225541194,64.9825254186974,53.6147044859913,79.2884269838675,88.2391463982509
48.9610214772856,52.5192547906466,68.1499469065287,77.7271779924835,64.0604537061583,53.0921485499228,87.7987003215497,84.4813267463823
46.9425239286145,48.5627212594534,67.4975134842865,67.5010513561342,63.423028973506,54.1264721771508,77.067930526311,81.9319972887351
49.615718054978,50.281410472432,69.578213895669,67.7844608717728,65.1033386190668,52.8376868695393,77.3126064938576,84.4242543311507
48.6213449798528,50.4418262317596,68.1986322764642,76.0598575773128,61.7807855195071,52.5538169595467,84.8620798323541,85.1084595142655
50.3451066765181,51.9423098899918,69.9403664443473,73.215774359382,62.8530034013935,52.8355277458126,79.3860852662551,86.6566345873342
52.0265045233504,50.1752650882829,71.4739277131837,72.6316736757281,70.8626021589163,60.6928605640083,80.3677590647099,85.631963118192
45.4895350660012,49.3905593226995,64.6460078733702,72.2969688333535,56.5355971307264,49.4986778647921,80.2507835583427,81.6065367390865
50.4378392949593,53.8607411223893,71.9757409136655,75.7322765171551,67.3488269329974,56.3521583917493,84.0860443936619,88.4617520948752
50.1016477089979,46.9592266995823,69.2653585653163,62.7533820575234,61.6085217395755,52.3014935197702,72.6762366693439,84.5112357640779
45.7213469336752,53.2665635014405,66.9259177194662,75.3714635294463,55.9504006129086,48.1154496491947,85.990817603568,85.7854477015334
50.611995567358,50.0278939853329,72.2476305825157,62.1125895298191,68.9949387397768,58.6348837264642,71.4018685344821,85.4816842415409
48.88909899526,50.6076440680561,69.1403722213384,71.1979223712951,62.647859866311,53.1731144060132,81.8727897141325,85.8272980731166
48.6478179031388,49.7263709084237,68.1911434330855,68.0881370775375,62.2102963945431,54.3194461232685,77.8127007786791,83.7944538681161
48.1610443368507,46.6309113147328,66.970142556916,64.6705016516781,61.6551514844696,52.7871144573157,73.9538767323762,81.6382988028385
48.9186734215485,46.7017341612811,69.6915446242461,61.1102954439729,65.6462021508502,54.1484141941524,70.7068768151196,83.2275204722641
45.8579872048126,46.9557592017984,67.0734175351774,67.8818917196353,57.8055664884051,49.1776401590727,75.0090130007459,83.5748527076028
44.7679651514384,49.9984571229873,66.0793459541732,73.0216544226889,54.705565945925,45.6004594074549,80.1451774354262,84.2705920295286
50.7544395392594,48.6526488266133,70.5357647855596,68.9716284807827,65.4287357287859,55.9482552660776,77.8014814686794,85.9527356632867
50.3365883159289,50.4394915812849,70.1794818143008,72.9790365566211,63.1991580854748,55.3862858421186,81.1670753554723,86.8128641588065
48.6596615280307,50.35295931981,70.2995546505093,70.802432066858,62.6861778346582,53.7077876918383,80.2065379432252,86.910051996516
47.6736736860529,51.5902616846681,68.2680151587321,76.1217438370538,62.7104543297891,53.3598485214144,85.4948435236578,84.9855738188586
47.405695060831,52.8549315576363,67.6654464009139,77.6646163460868,58.6381700766563,49.2003849400493,85.8059785611344,86.0368775843032
52.5010961752869,47.6278324622826,69.4422784243745,69.498802704231,69.3864161054713,58.4970601291291,78.5456961149617,82.8164201519759
49.1418277798955,53.0311341923732,68.8850676630011,77.1974123256266,65.0179192362296,54.6370312284754,88.2851638016505,85.1940449609306
50.4858172945276,44.8145350480398,67.1145160867678,62.1873059493573,66.8818390458904,60.5878392890273,71.9437727618125,79.0401297030067
52.3182556905237,50.7675270349945,70.9135224355585,75.1298183163503,67.2353218417457,56.5448335564672,84.0108523025942,86.6017369993099
45.9089874909307,49.2321126031137,66.1917096524724,71.4241350447622,61.7625282789763,53.0690371748193,80.9917093117679,81.6517340627558
50.4462453063786,50.8722438906173,69.3083524513761,74.8831964527725,67.9650229672042,56.8154061995223,84.2684948870533,84.2019998714486
45.9032069358912,51.8058086198084,65.795011048766,79.8442440706605,60.6269744216188,53.145374519263,90.6793237545909,82.9983877287264
48.1438532180751,52.2281314547733,68.0890865127485,79.9856571684665,63.5989666624028,57.2796444179738,91.4395435134132,85.1587459224732
47.5908411346774,53.2101722227173,67.7848418330874,76.0217867643365,63.5856040454363,56.5534551549671,87.8613885808258,84.1399817731682
48.5047158853707,49.5377204149087,71.0974747105428,68.8766472273101,64.7845281738431,55.0392611669163,77.1641863190273,86.8532144856765
50.5685749555678,49.2756497333972,68.4145574909582,72.8143313667617,66.7645755772721,57.1055101195264,82.163981133438,82.9414536307509
47.0255743287843,47.895533168627,64.7281132496261,70.4637973726593,57.1376856734547,50.1357974605668,76.934693493759,80.7190415823169
46.6070900810017,50.0314082931206,67.5404266228509,71.0089489749864,58.7742941253179,50.4067714637241,82.938306224362,84.9705278344032
46.315325654504,48.2585556251334,65.5651119440519,69.6853672668286,60.2621970368454,52.1696148746683,79.0097628014839,80.9797037959911
47.506820882943,47.8253481052322,67.4205448334827,70.7571530680784,60.231750663143,52.8364424836533,79.1074049041736,83.757968985945
46.3060328983827,51.7017117568161,65.7001061890209,75.5877256279467,60.345991528506,54.9769304152461,86.5033584069969,82.119289932919
46.2898826610593,49.6184426173543,67.4475881003108,70.6626530838344,60.1396962593348,52.812567393167,79.9148390927041,83.6988403889936
46.7231434438786,48.7245736577211,67.9186399167846,69.5461827713179,58.3329051239584,48.0958001948007,80.3190804013261,85.3584915536819
50.7586094846585,53.1869445882962,73.3949602261878,76.7501249336925,64.1265086125493,52.7157924312696,82.9028967090288,91.7114640115886
46.988237424669,47.2203881264859,67.3057004265716,62.9553536034152,58.9270898037482,51.1024083557864,70.1951157556904,82.7625623436391
50.5390152732773,54.5225879763977,72.498345361428,79.7307247090071,68.4615960526532,56.8634576371834,88.9573056329725,89.347556425321
46.8726036152812,49.7184155155951,67.400652008093,74.6363380785069,60.2664134559909,52.0458902769665,82.3174772789742,84.2180773647826
46.4953832205252,52.6065499631312,67.8528377712011,73.5391775573981,57.8185712662596,47.1499792589134,83.6015709553287,85.944037359668
47.8454999867024,47.4001898004561,67.0016787028119,70.208566247639,59.5358970482671,50.1998050161664,77.9977663889807,83.3800039998958
48.7058910780451,51.3832866190535,66.7518921317101,76.4270760581635,63.9504907447581,56.5437777344299,85.2599238379516,82.2469103135576
46.6221857695287,47.033548597986,68.2735096474659,62.1614793777912,61.6586197158931,53.3234516275595,71.9581743576739,83.0353654807626
46.9713418393294,47.6535479032382,65.2766933919486,63.8461462419741,60.9038260644534,52.9476071820172,72.9476624754473,79.3180701212167
48.136512951537,47.3463214473997,68.9360890937153,69.1198862874953,65.1568381810469,57.2993075189868,82.5429113268039,84.1389020107598
43.7519817725359,48.4688509800183,63.5457994489269,73.7082209608142,53.4670777809476,46.77432482501,81.7602181278177,81.4580001126273
51.0298401393269,47.0618821779338,68.5342532655303,62.2251127048497,64.3569560427669,53.7348700206458,68.8014176321223,81.6998529047278
50.963701185486,50.4557077817481,68.4516593099236,70.1747331312504,66.9612091590434,58.0364834957222,80.9709953594922,82.779763080923
46.4657439633708,50.0016297674499,66.3039499377522,73.125539228331,60.1221218197779,54.0600971346305,82.6877759611264,82.5315121737841
45.9572605070844,51.6349570520726,68.8552116011385,69.9363061968418,57.6920577136022,50.1040762288601,78.3297738146362,86.9216537240635
48.5030860921866,49.972543403446,70.6581576597806,67.798232254311,63.4315314995278,53.1864800295167,75.995462092611,86.7022053077436
45.2860773810088,49.2671930820922,65.6425432563973,70.0757198596187,59.1286061784841,51.6401349784489,76.8447930010458,81.5041420308906
50.8812166156999,50.8001737230491,72.060159042716,73.0392011397789,70.2422233315939,58.9647776756809,81.4691568971821,86.6819717601695
47.652871764569,49.3243778023156,65.6836448357336,73.3842993976953,59.9951833544763,51.0743324456337,81.2280049058894,81.7652794184107
52.0518952990439,50.6469291199055,70.2509259937746,72.7750728722595,68.4484558607798,57.8511691300532,85.0844399667846,85.0479787000775
49.5701410026275,54.4088431994233,69.0770957416796,81.174425420387,66.8220879141125,56.1376477750527,92.1231676062631,85.3245124599572
49.9958558689145,52.6411765448275,70.2497351795274,76.6312497619992,65.5660048903632,54.4508942767622,86.1038293960654,86.8359642277748
48.6596903720771,48.7278516589356,68.8232565043697,67.6197562115416,62.5180889665691,52.6347083258573,75.3742841481672,84.3565513289529
53.0694812254362,51.6344862571665,73.7355767186487,71.7776740947015,69.0129277735674,55.526838306435,82.7285779825176,89.5391536344155
49.716150222626,51.0677400467116,68.5548635811129,74.8980642376535,65.0857044309547,57.058488065545,86.7252651462418,84.5177823452616
53.8045491580181,54.4127364024154,73.3704961581258,80.8482514446778,73.3910277636893,60.1769390686571,92.6372493978696,88.85115013428
46.5168143796525,50.2191362686267,65.0871410447101,70.1228911112022,59.7907663041381,51.749490367364,79.628590659821,80.4471595039558
45.6000510947322,47.1674506892999,65.5350390840281,63.2397724557474,57.1597555654419,50.1611395575188,71.0411943100666,80.9566756526364
48.7601245815184,51.5248104157608,65.8517873240506,77.0651360603107,62.8568958833007,55.37719982423,87.2452385322248,81.9489018390894
48.1753611266446,52.697168499758,70.4933475956429,77.5042460638174,64.5076204195312,54.4971901359149,85.7276971114929,87.6811152146409
47.956881325625,48.8593957447281,64.9057423037189,74.9832808068294,58.9323171996086,51.828647459772,85.2535747694324,81.2945622623812
49.2816670202417,50.7069089716358,70.5103305047541,67.7450827746318,63.2122047298777,53.4423160291015,78.0016800869645,86.6899488054178
47.4983709684039,49.9307877234211,66.4998572051326,73.4304094481463,58.884565290963,51.5409045414704,82.5739724576406,83.4763832351703
44.6808082648512,45.5061438980687,63.2641913382816,65.3101083909742,54.4853965667524,49.3837002205264,75.4808888182945,79.1580083123536
46.7109796471661,48.3947034605147,66.9934870161894,71.7029483916596,57.6908610628155,49.7481306538125,82.4217979157837,84.6888808889611
45.8128311882754,47.5059929703031,67.0983618463011,66.617035524414,59.2834471579457,50.8146439325968,71.8958051076866,82.7407563670929
44.6817553033749,45.9119848185714,65.0087252831838,58.1154034979342,55.7158986320163,46.8799391879073,66.4789102935217,80.0409922309942
43.9315678916611,49.8963566481874,64.7427083608195,70.572683509106,53.0852038600684,45.1698563450997,79.1378434223689,82.7795339246884
47.0249290071182,46.1237027252315,64.8362710632288,66.03151300127,57.3753468836882,50.2670764259248,75.0601562476217,80.295902964282
51.0150873986185,51.1031550015748,70.0602355443905,73.2582573005259,68.1536628869193,57.5107737707849,83.9403702101389,84.7437297391659
50.9215476292513,48.4429140686282,69.6379689156217,69.7072644779301,67.9296276677218,57.6252682823038,77.6807749991603,83.617390780171
47.9905594149264,50.8428744709725,68.0883468062985,73.3568549255569,61.2027751158722,50.59042985773,82.1171889412095,84.8380295028964
47.1808540798879,47.6438709925469,66.6748897231364,69.1537990743758,59.6675535701375,51.3332158318124,78.2412287024846,82.6391023101656
47.5808050809914,45.997380718875,66.5615665282616,58.9209710608377,57.3473214548319,49.4562387376825,69.0110515117704,81.5587530843382
46.1314196475993,50.5844653191259,65.6956405702607,71.4570300337761,55.9762220179602,47.3371111154443,80.704894907748,83.3057757226898
46.4401718008733,55.8132328373846,64.619795645071,81.5022131569574,57.6601958244977,50.5460802224289,92.722801766871,83.2327094715335
47.9149818349707,44.2527140910186,66.3681917326517,59.3750634335766,61.4457655418009,53.6136927957554,70.6717359403009,79.995929434922
48.6940097204844,52.0805597000262,67.5792850581732,77.655510740535,62.0843533938401,53.450771870298,89.3061081666837,84.7729725915955
44.5275626866326,50.6591806880094,63.8408109322003,71.4809628014706,56.1639699344502,49.9665222766704,80.0215549432493,80.4774216886814
48.6142490102972,49.0698711469631,69.4442402876002,67.2620606651337,64.0316623895041,53.3518198811413,76.906522765934,84.517950160839
51.0700494553886,46.5963813550612,68.0697724490127,62.9272877589535,67.4722996413052,58.3273728718254,74.4222232579406,80.5747400657216
47.0646178962805,47.3401875917672,65.9816373693627,72.6844737424505,66.3777965745333,58.6655618306637,84.0700964774424,79.4969707719461
47.8645413300365,51.2217784294381,69.4365993607359,81.4835590341289,62.0114449815787,53.3074351120922,91.701682941315,87.7704415748012
50.2619932148582,48.9762668932513,69.9219416718636,71.7408938083115,67.0461118435364,57.1253698865209,80.6166047156758,84.825017035351
52.3427466219411,50.6846662075775,69.0294880658766,77.1127869973424,71.7895812547583,63.74840945298,85.3212919719293,82.2234740354394
47.3551828900449,49.0953441591151,65.8057087116371,71.0030511517969,60.5924950494756,54.1509540788309,77.0902142753708,80.9736983198383
45.6586071423546,51.1486346050496,63.2245351727962,74.8194323423587,57.8094034357743,51.1182840953856,86.891537247027,80.03496692001
49.038893331713,46.9889795748705,66.858454154034,68.3502437817408,66.9047684048979,60.0543583308417,77.5422766296589,79.5538925590713
48.6946496235538,51.2867984547295,65.3606676722186,72.5533403710525,61.7386291960859,53.4842195141534,83.4605888948488,80.6891206206189
51.2734628357151,50.9796689670866,69.1714692363187,72.8282764140543,68.2699957525686,59.398723058314,82.6246263982399,83.353376896385
50.3759135762707,46.5440027532642,69.0466234867392,62.3105249983319,64.8952945716323,54.8015596039529,70.8726538643078,82.8518354143019
47.1092908743974,52.5546694152264,66.3311519176186,77.9464395463426,58.8193961990273,49.0088521828543,88.929188530731,84.4827638219832
46.7742930179199,50.1611160539653,66.1712390132218,73.1805525341824,60.1584138346429,50.5230474355962,82.8337073323063,82.645674023904
50.7010145742669,46.375661698342,71.7804050550213,62.4563065824055,66.4046577201165,55.5342044660649,68.3526563968065,85.7158737508963
50.5928498433856,47.4768079755966,68.0696303193175,66.5844962125039,65.6580561303674,54.9494008574547,75.0967516937977,81.5063737879209
47.372282528624,50.0063161141138,70.0790112168193,68.5283448910585,62.0832255053337,50.3636953749127,77.0759051075988,86.3871306354341
48.0152691191276,44.870539317511,66.3248154660104,60.4989938135538,61.8395186558609,52.9973729978204,71.7996209984979,80.0443000006094
47.5619852224495,48.0664629271772,68.7088237575528,70.578888878515,65.4653996037717,56.9865954823057,78.6446595119774,83.4333506345745
44.4420963418855,49.7952937810656,64.1874990498521,71.8924430894689,57.9099533549011,50.7492730965727,81.3746936982706,80.5309542678221
48.310918506933,52.3452338622674,68.8458965355218,74.0132196526792,59.2107113234019,48.7601039487137,82.1276108039676,86.940398565624
49.7952487447869,53.3770365245745,71.6196742341279,75.4604016263763,66.4017072599397,55.8451819183303,84.771634755767,88.2944091127421
46.5283912199759,49.0179490784841,67.962970647315,71.3804665463644,60.5026041430212,52.1208979305605,82.2198182016031,84.6800460888128
45.9745728413915,49.6647832732731,67.7950766684854,72.1201988065992,55.508696582937,47.8256751177437,80.4088079089373,86.3941795278483
49.7295622774357,50.5439242401972,68.3455559429964,76.7908375310071,62.752363792154,53.9708272693671,86.2773870930315,85.148127314342
47.8615669787255,50.7960880724681,68.910356206296,73.1328416812486,61.04478044325,50.7744707882278,82.1795173342047,86.0091533513299
50.5111712704743,51.1201415259125,70.8549693213317,69.9249321340737,65.7044749921509,57.5362642057011,80.8019674011124,86.5271587515043
49.1149948342463,47.6181205518236,67.1764564059394,66.9826000017768,65.7454420415482,57.8240364648418,74.3403853291235,80.441859424002
50.3261150668352,45.1458933360788,68.6482115304616,63.5811477138451,67.5513760939702,56.6587461276246,70.7911777441818,81.2203000954126
46.5111760082494,48.4657246044239,69.3099276549693,72.213039830347,58.3298396917581,47.3061207459771,79.4657228448958,87.3051864780767
48.4227314637772,49.9290770022146,66.8775803995337,68.7276393603036,62.2031031947921,53.6072458923887,75.1297251388058,81.6639878864837
49.8128293878876,50.3831359589931,70.7479697913111,66.3945616391711,64.7530791716736,54.831469867985,74.4974377285481,85.9003380898311
47.9705556208766,49.1082062602147,66.8428858204551,69.7023827467944,63.0644879622514,53.9701783557371,79.657825854393,81.7115388107461
48.6638204396289,53.6288259213559,68.2375329300189,77.222786140155,61.6087663955893,52.7206547699961,86.1645206415344,85.4505783438308
50.5547809715208,46.9594249918657,68.0295085129689,65.5572216310909,65.7744547171941,56.8630394711484,74.5500536850174,81.5521774220002
49.0296988693554,51.1383004259862,73.0916275116187,74.2441385279899,68.7971374822367,56.5982192247328,82.3557295679599,89.1047872183324
47.7153258263466,50.3327841380311,68.148299424663,70.3966975394847,61.0739587199458,51.1258608793542,80.5924452201399,84.6197916575763
49.4510413819617,56.6868032292453,69.7398532959862,84.2575749746003,66.0479549543078,58.0259224119301,94.9529487558449,87.3326969212772
46.9551604692223,47.1614417450309,68.4691568366705,66.2512817706871,64.851007325716,54.5972495474328,75.370917193499,82.6561910264811
47.5726465302926,50.2981101711184,69.6501738608983,66.2830186598149,61.8486121495202,52.2007431502839,77.6316735741777,85.8769543639571
47.940114983328,52.0416962975728,67.298200756134,79.0263277172298,63.9030484620569,55.8816659053178,88.2590996237192,83.6362439163899
45.3809688968014,44.8338771014498,66.1626000030773,62.2538245629579,58.7597353685465,50.1530559497247,69.7216386170557,80.8536627858609
47.5964455974649,46.7361801983648,65.0642743925047,68.9282418413725,61.7589542154515,55.1568142590672,75.6905567718829,79.1709184948685
44.4473735521491,54.7407199285309,62.470309604995,87.7817502685902,52.5893569786186,47.9638792097237,98.3117993063403,82.9591765212914
49.014876202161,52.9243199531958,68.599530540671,76.9258434054592,65.2302274194172,54.2389152335369,89.5338579107507,84.858032864412
42.4996632383836,47.8142339998241,64.6427323935568,72.7149670092297,52.1340452328858,46.2243113098255,80.4410426383467,83.1986551101806
45.9635935710641,50.5611780056887,67.2546031698477,69.4236402095483,56.4459553377465,50.1347034262772,79.0308625178973,84.9061408289405
49.0355055621524,52.0408415116709,69.9654843696826,78.1573936603933,66.3025565253662,58.315245118038,91.1286232901172,86.7944302089686
50.2079083853921,46.7877398478359,71.4099107076489,64.2467416779029,67.2884362638022,55.8318077523683,75.9252847431681,85.6213616524374
52.2954138810933,51.4577805829192,72.7362466801934,73.9832075406418,69.4765554292538,56.683757679109,82.3323417968219,88.1462901530077
47.1352914423189,47.5433433513147,68.7327812553091,68.4241027154769,63.1274120892209,53.587780998159,77.7611267406585,84.1310699234512
48.6786758980966,50.2551926696431,70.9353536508009,68.6648908272123,65.1235803498653,55.2999222038814,78.3093246112138,86.5191000789131
49.8522205104768,47.7028316445733,69.9767689496852,64.3709348778345,68.5856218666869,59.1820856321683,74.7692550899872,83.0878129798346
49.6039717368028,47.4735192109742,69.6160741427416,67.6230210413407,66.4117425719579,55.0873690746833,76.3985424060682,83.6822271851316
46.4669799172279,47.6547911869234,65.4768779063176,64.5597909169774,55.5041421312656,48.930030942659,75.4639176436268,81.9057062012577
46.4070828408842,47.9211239795607,67.9806342590044,67.2764577948343,61.7430870938703,52.6048954305245,77.3895945834463,83.2903271778472
45.9410975068189,47.2056631440889,65.5607912449949,66.3584213976767,58.5327862316548,51.4891606265926,75.2187433195249,81.0051271713931
48.2675057784603,50.7187738108131,67.9250944374386,72.4665901908778,59.5194812537889,49.5280080772606,81.5236481941449,85.0772173403623
44.616173083255,49.7438536515728,66.6222204838709,68.6787374632787,55.8513386326013,49.2395380678184,77.0271951810169,84.0475825871482
48.7795392953596,48.1282545678091,71.1615443608626,68.8267600654133,66.8582796478852,55.2888707544239,78.6203135134343,86.1712089105043
49.0820870491236,49.0344254476602,68.8187627048212,68.6835940414099,60.6908355300914,50.3529746536248,76.6043369289112,85.2449239067332
49.3785110380527,49.2938933378329,68.451404078149,75.7155936254506,64.3706423603955,54.3902721082844,84.5257477998605,84.3722318147399
49.3590863116525,52.5743057000017,70.1673078486865,72.2026476319677,65.3189852120502,55.9582426808171,81.347713830353,86.1321851494301
49.2801376269086,51.1369700095484,67.2849113269079,72.1742105287809,64.1407395586847,54.9166690289593,80.7349734869562,82.3707926825348
48.691238999582,48.9710158054474,66.8965724350891,69.231953668817,63.4832734264636,56.443561708297,77.8917649255425,81.2787903395296
49.2622382520594,46.2334829864826,68.8048858691618,65.3905056856497,64.4517783428369,54.8639611357706,76.009932936388,83.2345281209254
47.5607317967881,49.0390347524232,67.4344928286559,70.7516958271498,60.0085507803942,52.5099766950079,82.0716344075434,84.3968589691021
45.4339144925679,49.6572614650816,67.4561772938933,66.3781552356538,56.3723600080104,46.9545561704251,76.0390052062619,84.7821031579894
51.0062091231591,47.1432041254808,72.2303684220374,64.4056124713975,69.295099387465,58.8719376986847,73.5410260482828,85.9833244897743
47.4608588059716,51.5175182804128,67.5076473779191,78.9625298420585,61.1107235068823,52.000669455907,88.7499051143562,85.0703534002312
51.3947848000981,45.8248170248035,70.7974691452066,59.3336143673584,68.6612932528378,58.3078614483802,68.3129664127299,83.3349017037089
45.7704276526939,52.2357005408672,67.9319563775914,74.1478981189574,57.9863097313812,50.4327589565144,84.3972796654381,86.1836059808352
49.3664152200393,49.1189678621655,68.7388698150997,71.1531657579515,62.4737854989888,52.2424226849425,82.1661152485989,85.0640696492738
50.0110723066896,49.5825770029673,72.0074100986063,67.9896231348605,65.154390314595,53.5471131710147,78.2379321673086,87.885717213584
48.452525682395,51.5509260915307,70.7566156323563,72.4578750210075,65.1213453931765,53.8750741370161,83.6905315191442,87.1448901803153
45.4162652654692,49.0971688993924,66.0371474160178,71.2600715229903,58.175587371335,49.3012661716047,81.7901201320717,83.1292750536044
49.4484519859154,53.867743543057,69.3424775044973,80.7287344006456,66.1318413974852,57.0585697266772,92.3722472697949,86.2717571146021
48.3824490738184,51.3336534932137,67.8447761890597,74.3590565862026,60.6665155541637,50.0647483958498,85.0340298815212,85.058271902987
46.7477294305609,47.875776430602,63.1612227537515,73.8525747551974,60.8640442848475,54.6666861081545,83.5844383965218,77.8315479979348
47.8165597060712,50.6925129148068,67.4556078827129,74.2317977246043,64.701641209662,55.9436537032699,84.9259958123528,82.6365473145561
43.9214140404323,49.1858173993878,64.2720238373064,70.7270173993358,56.1225183706515,48.5097202732439,81.2510375939405,81.0901230684174
48.0533943924865,49.0747368844927,66.8164472424914,72.325431966043,60.1292350627108,52.2857259168752,85.4960745727982,83.7417726319857
44.5230591620654,52.2273833261418,64.7689867690613,74.5281360013855,56.353977805314,48.8435879131499,87.1824038674053,82.7532267559984
47.357594377111,49.7522842034662,66.5504571965657,69.5750166226772,61.9141180340826,54.5833913682019,80.8122057291701,82.0151224512886
52.789439542024,46.2349379930418,72.6285632441596,60.516239796353,70.3194260349356,57.2142367643481,69.1311524512835,85.199095088149
53.4133564041458,51.9169317797546,70.3724191715655,77.9601620200616,72.3494982962961,63.8273225502852,84.9415668040809,84.2593401269093
49.2812167531613,54.7059762454694,67.99138822664,78.8300819960755,66.9245093425089,58.8272466458997,88.8034452889163,83.4622443772698
50.6491892917872,49.6581933459281,70.7814376246772,72.05536705588,71.050788148352,60.4216353292309,80.6021853756134,84.3852230901746
48.700283157664,46.1196523866725,66.6123520837862,65.5374339421413,62.6795155168089,54.9137504964497,73.877815489302,80.6770266897887
45.5574768712743,48.1708363312366,64.8488621787844,69.5402463197557,58.274822238272,50.6029086096662,78.9004448293958,80.8331624119894
49.3404273918812,52.2412564456615,72.3806444951116,70.7962884759163,61.1300083606108,50.3560946131228,80.6107866528486,90.7097016795979
50.7021801437344,52.7642744316474,70.7867352286932,81.0135291296506,65.9225826952329,56.2489433620045,91.8732575570507,88.5337232282453
47.9327374533541,51.8908185177772,70.148446296198,77.7246477306508,63.3902528847243,54.2463276119304,90.2291385758099,88.0478607526418
48.0389819384044,49.9383987492884,68.1015971704568,66.119903715289,58.1535438593084,48.6821556564546,76.2016378238844,84.9580027363574
49.9310665436602,50.2577123733025,69.5833900751728,71.2145794573646,63.6096808212396,52.4478721632077,80.5189250495943,85.643709471965
49.4912754855802,49.2863422232403,70.3634998921299,68.2928846681226,66.8988159219479,56.9614163979188,77.8996405750935,85.0333500543816
48.009149264121,47.4051625705583,68.6314061036444,64.913186550397,62.2625289770405,53.3224973053174,72.4220438809985,83.6950025632674
49.653630321605,46.8505834406305,71.3603188416346,61.3769800251469,64.5938272743258,52.6658387820341,70.1563080293909,86.2137423999851
47.4087518650886,47.3196776250987,66.7617938009993,62.8979131162674,61.3210506689477,53.4994278226907,71.9820388656755,81.0326882187342
49.0011355609787,49.753555258509,68.7089541875957,70.5929956827859,61.4874195145545,53.1186833637858,79.3873948242328,85.2459549090001
49.614688843819,48.9016452723427,69.2040878732213,69.0805365805198,65.2194152707986,56.638396671601,76.1411587487325,83.8287907448776
48.6043782707834,49.4310985874414,69.7166024897072,71.9789468584526,63.2337473178643,52.7925751249144,80.225478944821,85.8861202104435
47.1883064451959,51.9050143501517,69.8746283737394,71.8829274949921,62.7728584442148,52.6345419544577,81.1184451085852,86.2659031374247
46.0180432559108,47.6909640681452,66.9894441642495,68.6816217389998,60.6924853382024,51.7846041289609,76.8983071821544,82.4122639455027
49.2910760702568,44.4355261871892,67.0183631532812,62.406888244757,66.4341350067018,58.1105816518937,68.5341527169992,78.8844812766466
47.3793971041323,50.0426684076724,68.2673962401705,74.5821482885959,58.4092404404664,48.7475025048067,85.4287568575268,86.6314221912885
48.9072205848109,52.9890790793003,70.9945409644562,72.062602753238,65.795468443176,55.7107171296225,83.0997681073524,87.0520992234028
48.9564497998619,50.4403922947473,69.2770663443622,77.3413686839488,67.773365315435,59.1024376470412,88.3286123586832,84.8977396239833
