"V3","V4","V1","V6","V5","V7","V8","V2"
66.1992998900053,75.6539092603112,62.2825496193578,48.7730620412262,50.4540109710665,54.188415396238,84.1206852628386,82.0830190278447
68.4011992010156,71.580290149429,60.7221674402993,46.6123257882618,50.1980869516479,51.3358537734022,82.9512586637625,85.6785048784768
69.3347542278605,76.881229176332,65.2898480327128,50.1466568287269,51.7864025958052,57.1106726355036,84.9781073124595,85.5043077531797
68.706433092268,64.6935339014689,63.7572858529338,47.6643651350675,46.0499141156354,55.6863433728918,73.1753224941204,83.1999552161293
68.0975887845704,66.6347217625756,63.6109826020993,48.661254565223,48.5139530220225,56.3296252266446,74.4807291971509,82.6532136636621
69.1020212404484,71.5189082827966,61.655585358954,47.7065664902529,47.6228170487168,52.8010918881196,80.1475071670829,85.8254438273456
69.4745810242466,63.5347640822407,61.6140331986865,47.6469425885624,46.488390387025,51.5527197285242,72.5188680666552,84.9849544077124
67.0659736699248,69.4801194237314,60.047529360005,47.8150390709275,49.3589099784445,51.5757657288584,79.7397061864222,83.5403539353012
72.3316344255684,71.0787493296259,68.1763959730757,50.0370868113384,49.9233251439611,58.8384708700356,81.422280909396,87.8063876189924
68.994029443817,74.4016131528641,66.4202558153884,49.7984715259917,50.1149803590882,56.1811383444462,83.6966584143964,84.1950566925636
67.1716090208518,54.857137922921,64.5254174535516,47.1302984771035,43.5113561994561,55.6005239917107,63.5749223252261,78.9124287240601
69.6938445474504,70.3444656687369,65.2093759970902,48.2313375195583,51.4211932472586,54.3856922544763,81.4603768249009,85.4244264118337
67.617699471783,75.4112044346226,61.7227102505773,47.7575776014195,50.6999329873288,53.8587355639733,85.9608065360175,84.4775733460004
66.2856760232433,74.318251505421,64.5832915417909,49.306670245843,49.5834961124051,57.0661916682629,82.5747457177339,80.8672648109106
67.0412142068957,71.684502519595,61.2202137859975,47.3922604056987,49.665206465962,54.0892169291472,82.3329036346948,83.0140968307856
69.1869886002176,65.4537452993753,63.2056664177834,47.823896593835,48.4527979455685,53.7517204585214,76.0962604053044,84.5846242161101
68.6344116436293,58.0346586303919,60.9439862414131,48.2326106979641,44.7973502706684,52.2554190717333,70.1006799647681,83.1631907586112
66.164506203417,64.0561733011861,62.552969814943,48.8356460585408,49.1766712850776,54.4295656063846,75.1014968191451,80.0655005567706
67.7275681840095,68.115387419316,60.7875665581931,48.6720182199328,49.0982656137551,51.737088326684,77.4507832776498,83.5082443400199
66.8422018467477,72.6416660290084,59.9056755480978,46.5672462957965,50.3992820084754,52.8341904255465,82.4714802423798,83.4904790408263
70.718493879295,66.4749860544363,66.7285032209858,49.3381449976891,49.9591709421824,56.763092431489,74.9832821038429,85.3351695336948
71.2307402098909,69.3742668778572,71.6847334843334,51.2728361519244,50.5785311267253,60.4834561916018,82.4715110691866,84.7573345171911
65.0574418266563,70.8274044808218,60.9757772780202,44.929159585457,47.5523082015194,53.3628230894698,75.9967040519516,79.7262443645865
66.5775848179427,74.3135603975245,63.5374830666972,48.9133936319103,49.8559598386873,55.996334138961,83.8064236547252,82.0494148577276
73.532732360019,71.0530765019256,73.0194258660825,54.3320021699827,48.8395051294011,62.1903501360356,80.2367214291437,87.2873176554763
66.1835784418328,79.1538102437294,59.9790307960922,47.1393520584104,52.7449479560538,52.8149245549182,86.8008981699531,83.6108149361518
69.1042574524087,68.5508327589752,60.9678190824964,47.7569738826315,50.3410385883737,53.1071520030671,77.1944330655893,85.5662074490556
63.8959329447368,78.4665919447873,59.6167727355337,48.3175090079303,52.5391547847047,52.2345139941404,89.6963577721801,80.5528104585478
68.4945412071156,72.8817680106775,66.212544812415,48.4826077981784,49.9119934781212,57.5168870862984,83.0495781900336,83.6017012728015
68.6472766023613,69.1538389601249,59.8949206467588,48.051316030143,49.2368001297937,48.3552326868662,79.263878198094,85.6125870188065
68.0138297839478,73.9866114607269,65.8846343837813,49.6540462838978,49.5548497320536,55.593335355172,84.7712860035544,83.0172450812305
65.6256562260492,72.5383701663066,56.1626932685963,45.0605178081091,50.7135371560776,50.5728832248786,82.5238628266814,83.2122307221535
65.7249769571974,75.5802613112549,60.342713315311,46.8821616023864,52.1242918873504,53.9759330612944,85.6076564669905,82.3747921600591
65.5531556641464,68.3315936530733,59.6666077363656,47.0446027256185,48.0837037055074,51.4300665758597,76.3832443293268,80.7963434711933
64.9503442396919,60.1078212306312,53.8525742723407,44.8253707448969,46.952521275398,44.7485061354912,68.8522809809203,81.0125303207551
67.0404785784596,65.4866401252194,63.5162016751951,48.5273508835634,48.5260187337154,54.9948495194551,73.1093215124185,80.8101007700903
68.7130774500865,80.6420327106718,60.4438871084575,48.5506966816547,54.7029991310183,51.6090655115448,93.9754039840969,87.8495955814811
70.3502016275354,75.8229244960669,67.9278031297416,49.5356306160655,51.7121689578845,57.4807835430531,86.221994461027,85.9177329733771
71.22234886466,70.0440461623006,67.8462399735823,50.4089849353738,50.7575216037842,56.5746093722899,79.6529313150597,85.9802579299711
68.5494679976828,61.8328509118677,66.7259954918605,48.0807816802795,46.558790615864,58.1840928089577,70.6947489771011,80.8860554368866
66.1930732627393,64.3695639745612,59.9587991126742,46.0237061636401,43.9895012001505,52.6635760491943,73.2263655186626,80.9714838899392
65.5983216262045,71.6245029326372,59.123070893861,46.7696358031654,48.197553473421,51.9652364379649,79.5450404448869,81.7361530537342
69.9812537203935,71.0231639506646,64.684232157523,50.9685167464235,50.7113941287521,53.5259642209796,80.1418812472773,85.8572784420531
68.6332610602643,76.4840816669863,63.7292217321277,48.6260659577929,52.8346579311458,54.76584870752,85.822363251371,85.1903462624232
70.900451111656,63.9892204516827,62.1084763363618,48.0741713182572,49.4706942061662,51.1781748732908,70.8858917238661,86.7150695197402
70.2279629431106,86.7376102420967,63.4961669791861,48.7314480301834,57.3141410550445,53.383077851608,101.738224595755,90.0419521652991
66.7945188938361,73.7048385984616,64.6448512772245,46.9491151286752,52.1714978704398,55.2152485615329,84.2756520208281,81.7589920397853
67.0973504444915,77.9684987921332,58.2664695341535,46.6131726689472,50.7856855094808,48.9092809361148,85.873485798216,85.2905770964752
66.6022359847635,73.4407735349805,64.4255200365404,49.4840368061843,49.1136325048492,57.8159512728105,81.3666167221589,81.145080099662
66.9380702870951,63.9413485530876,62.4954161553962,47.7666231108974,44.2830296701657,52.9412839950118,73.0728446394543,80.9303872034643
70.3060168604644,79.8946427520985,64.7758585079518,49.4696103057649,54.4008320117697,55.4566717933249,87.7306864180048,87.5760774670552
70.6125038110378,68.2594112977685,64.845942168247,49.2050071779456,47.9008362963691,55.7099048546905,79.6877071693272,86.3442027272921
67.8673224073456,66.5103323180953,66.3887833235824,49.7590833685497,45.9727443994403,58.1455918351524,76.406328614359,81.1711341317518
65.6837903666796,63.9452800632223,60.3072347419097,46.938357851471,45.9939791623571,52.0305482003446,71.1864207945437,79.8552616316573
70.0111367438078,77.8681302317647,59.2559706832761,47.6452423193402,52.1265990131707,48.3816765075358,87.9179666543457,89.4046441213607
68.4937657857029,76.2076595781196,63.4858665153611,48.3688557508921,50.4630090207726,52.6573130258458,83.0186635452126,84.8726439159199
66.974092600166,78.3607069432516,61.0379953328247,47.2693575068375,52.5556778085023,50.7411074718603,88.2604423128548,84.4360080683073
65.6453928583779,75.5809980066601,63.1165926019973,47.8622850866636,48.9445822393953,55.473514714246,86.4300892838737,80.8922812932858
73.5222708491013,77.9704786100247,65.4672633694619,50.7981647094352,54.4149784845296,54.3854348561563,89.9160677943336,92.1549025573663
65.0017357353023,70.1591268559688,57.3081321236472,45.4656519295427,49.8374697995593,48.7289694385323,78.6136819803061,81.3643363502401
69.9490703505279,70.0321611272166,65.9176719308566,49.7159559612665,50.4026381897121,56.779429578645,79.0431141777484,85.0283230743007
70.7362611259499,69.3079656160258,66.7218505410488,50.3966487406908,47.4306480900029,55.3430742743082,79.1283093074841,85.475956995178
67.5016236732425,66.5341204332642,65.6171596557258,49.5114750412843,47.375061011502,56.1336424840079,76.501447410303,81.0701501780121
71.5327693969132,69.8293743234586,63.4744695915043,48.9156533563223,49.0688727427347,54.3090324445417,77.8860208597657,88.0559393844007
68.7114890044745,76.7534822238073,70.6234675017266,50.4176282341087,49.4618924294545,62.2503352497543,85.6917142850024,82.4289626611564
67.362730193317,76.6020705462424,61.5694818544495,47.1083656011151,51.9940524559608,53.1315624150388,88.0329035913248,84.3088798920549
69.4935153858136,74.2481593211187,65.1500873168703,49.454635345522,51.8199628459662,56.3126569559786,84.3943847366646,85.6666202519764
65.9539819049358,69.443517482814,64.8631834833046,49.3173914018351,47.6069193576371,58.1726144488299,77.0353049636832,79.2742897961724
70.0881925018323,68.8225145895577,67.975018511153,48.5743767470329,49.4691893982353,58.3190328313461,77.7878692020261,84.0877045770032
67.13575676436,71.6260742819527,62.9807440114244,50.1583002395791,50.0585482909549,55.5379516690598,80.0789940660912,82.4309138695299
68.6151030073116,78.9523058404749,65.3470576355754,48.801785770961,51.548741383899,56.0993687899397,88.7539064261451,84.6826650082266
65.5259511415696,66.555996306806,56.9963092672937,44.253956056022,48.9146150942169,50.4991566164126,75.6011249956939,81.6101917994063
66.8900589470855,67.3595032070391,61.0490829987327,48.7059389498778,48.0053356046224,53.1021061927606,74.5129155203617,82.0405415918879
62.8134973355245,70.0763002700712,56.1750450576586,44.4581747697273,48.6245347242955,49.2938368824754,77.8630081373021,78.6783671209562
67.9199899355054,70.5033480501446,64.4724120360205,50.4878430790786,46.8784928810052,56.1295065095542,78.5865528852434,82.3818916353207
74.2000863564145,79.0117033322295,66.7135757163708,49.7014019057683,54.8924547413721,53.72754781585,89.1307831891675,92.3240698782467
69.2553592559367,78.8261773510866,65.8749396636889,50.6289221019066,53.3601825819763,55.7724816459374,90.0711251836897,85.7349715294624
66.7467565511074,65.6054154652934,61.0412073609886,46.6273055755359,46.8157673372795,52.6412497464434,74.7785719894076,81.7320242750904
66.6381145652131,76.98029756675,59.1041619906322,46.9230540225143,52.1414914353469,50.9470541870376,84.2217142985003,84.2522598805322
72.5679118605398,72.4338114223989,72.2543341903901,52.4385022280469,49.9221184629059,61.1774489377635,78.8986589318022,86.3355030497746
70.8946802875829,78.915836647147,65.9435953391523,50.5552069753332,53.6195836613692,56.2741496623341,89.0521921807543,88.1144967656864
62.8865392679766,72.5333324722476,57.2535649909087,44.4797139639882,49.4170095315431,50.8482767236282,84.862677578227,79.1616970309971
69.3683997858538,60.9613753885005,63.3074256792545,48.2830057203327,47.3696039147609,52.8905415868109,71.0527361304217,83.7186573564303
63.4983149009591,70.5911440847995,62.8273047424115,46.3135871057279,48.9099264562641,55.2306457675579,81.9471205703721,77.3271951774473
71.3221538577309,66.612405057343,65.4814162963718,49.0131160794741,49.7833088444922,53.6735032821262,75.2579061320395,86.5278116718666
68.4287047762554,73.186208678549,57.808547509043,47.1137927886372,51.2813236703334,47.555202413781,82.2012625855489,86.7023747586123
68.323336641736,71.0295453627987,62.0522082807367,47.8236463801349,49.9746419159991,53.0281145128357,80.7616099673962,84.4458898756562
69.8648018498778,72.6901624453087,66.5653530301709,48.7251198857233,51.0881286448927,55.7459679744033,82.8492748349591,85.1320369364573
67.5543570680456,64.8684652789874,59.5868811560821,48.5897861061061,48.9416732455796,50.5539967272105,73.5700433182934,82.8408208641643
67.1347986927701,64.7006977982619,62.1742601606685,49.0625460844505,46.9129626065722,55.2096335906549,73.7264706681012,81.6223081576687
69.4763826175096,66.2530735515888,67.5225237678149,48.5108882850411,47.4455907672419,58.1567038813715,74.7295142285944,82.9166311557836
68.7209703352803,78.772301280247,63.3888742999246,46.8641621694875,53.3241067633671,54.5534508905498,87.3461476066587,85.7942455269956
69.8925722740364,70.6115056577062,59.10649350683,46.5523784480514,50.8521273290698,50.6135933665749,79.3722368145853,87.7556312113835
68.1224022534383,62.6895058471906,64.2494325689605,49.9998561454157,45.7629030838008,55.5278380992577,71.0048874506235,81.9134528362731
65.3967234360481,78.144473027232,61.2869076119755,46.4252528568382,51.0895024399968,52.6006002985433,87.9386186637585,81.717031244549
65.7925836184413,67.460250380389,60.4457491634526,46.3515032529973,47.2967451620839,52.7461160974397,80.5935694992173,80.9165300123966
66.2641169248251,73.9471766380622,63.7460268072402,48.6574813660169,50.440430572686,55.0813627459908,84.7761210917338,81.6085224235765
64.2848612147765,70.514948114905,55.6782374677361,43.1468747971346,48.0624755756831,48.7662707185017,80.4607797983189,81.2830313855116
67.5347967003068,73.3992314216153,59.543566488908,47.2882353687995,49.6232658370939,50.0182676561387,80.8791512501592,84.3276961912914
64.3511446306542,69.6147596483166,59.6951372866311,46.0615404652752,47.9248046229968,50.4112364517619,82.2113557117032,79.6868676206607
70.9100853138831,62.8735847099472,63.1638208981192,49.2677629886878,48.6003556053381,53.2597391690921,70.5049186150749,86.4106941823853
68.9246142427981,76.4833921813783,59.3791319357653,47.4731991313519,52.728688313945,49.7901958941403,84.8137611963666,87.132351090992
68.4325548435953,66.0446634076997,58.816888718215,44.0307914105013,48.4088993541078,49.1868351771462,76.4369467335445,85.184003758187
66.8385280713394,77.6694966933915,58.8984534537546,46.4058633911331,52.0814853193671,49.8376483895193,87.9322591716469,84.8290175307067
70.31683046283,64.0672558007572,66.3504960845103,50.3943279991305,46.8272385281002,55.7018395737399,73.6791165832446,84.2928642074798
66.049195678664,61.6474429394212,59.5072454034462,48.0624080971311,46.9151841880806,51.0266022623769,72.1233749151254,80.6346787393784
68.4137573807704,70.5626215878916,65.8587411184893,49.2496300779236,49.7876471128674,57.2797366575316,79.6746352893559,82.8895731066771
71.5983998343896,65.6230547522989,63.0184388305859,49.7943277631018,48.9258608566804,52.7460142917214,75.4588393117811,87.8183221933759
66.8634662084133,73.0911199068027,59.4817758106815,47.7059064060214,49.7873741819949,52.1226799619954,83.101835656954,83.7697233472313
64.9471760454076,72.033290349905,57.1758940567684,45.7266800019272,49.30007006054,49.8173559135776,83.789685704444,81.8439151448108
67.9223622904686,63.652949101229,63.3869426774995,48.6374155734845,47.8347488748747,55.3588491721655,71.8489926848549,81.7520212835509
68.5143325063495,69.4528505343069,60.7196130722934,47.8580879217105,48.678216920293,52.3693937614572,78.4650693711816,84.8306787152448
66.3147588286787,64.6174651047798,64.5255555621368,47.8835956568449,46.3482644839986,58.3195952942536,75.3528332016321,79.4132526459282
67.6598621552268,63.8788971473191,65.9706604028928,49.0202744782426,47.1560830623361,58.04904615307,72.6424213390023,80.4182285475921
69.6926133266894,66.273393911986,63.089270834953,50.4239356389051,47.8811620253482,54.143410950553,74.3242288609491,84.9115633164616
69.8095693536535,72.7394675510416,65.2983041754038,49.7978260541343,50.3896979391421,55.9395446492041,82.7562325650008,85.4796027205147
68.4571462160065,76.9171615307924,62.7732709813268,48.4901970427254,51.5015649015056,53.9079416579818,89.5114159201968,85.7639930507631
67.6861305698509,67.5129097147715,60.3622378527609,46.3480775277032,49.1499006421797,51.1547164225187,76.6734301433165,83.561869475783
68.6424822897972,74.1030181790979,61.373248903543,47.6407089961662,51.880819755204,53.5420204488827,83.0386618809436,85.7317564040954
67.3228838427544,76.3269391132367,64.6864790492453,50.7729151854956,51.8635155891916,55.743758622784,83.5033182607241,82.5801949110166
67.5887827036387,62.490640670495,60.0883772265481,46.0545244441124,47.7159699412177,52.5913369512834,72.4383230139821,82.8742719153784
61.3499834601701,65.9589364180966,56.3238476958251,45.3833348282734,47.5902558991322,52.7090211533971,75.4321887179126,76.0630720077727
71.2101288852801,67.4671717331069,64.9404745628889,49.7385321694099,48.9328923260608,54.3024515773679,80.760917752479,86.8697772587193
69.0931276014762,80.6432620656389,60.7419893197732,47.3626084728454,54.5295349904854,51.3387460106292,90.6700618230192,87.6824686253538
69.0921160483604,71.816253432176,63.6151147184879,50.1635455984119,49.7431610455446,53.6172474310131,81.4657784811848,85.1154019180762
71.2425279723451,77.4468436422404,69.5839012258803,52.3402255798137,54.2831240695887,59.2217198077499,89.2874619937245,86.9592529956294
69.2946124172722,73.7474957543118,66.3195596599817,48.7917324769566,50.8549095807931,57.2410917175929,84.6828050262447,84.6964672941148
69.9520800804896,67.5046267631385,67.2977182052337,50.2433760664676,49.365831377591,58.5682102945089,75.4651243720036,83.7812859876929
67.6373495765189,62.855343810625,60.7073591279179,48.0045551840474,46.8016042349153,51.1132674666292,71.6642699508126,82.6509724273091
68.1926772280675,72.8439807228566,55.6317332933922,46.0276214764126,51.7433292174624,46.5483339116699,81.8160896893145,87.251336586652
68.0275450104585,64.861794391571,61.7889760403048,48.6106189868246,45.8353350406972,52.430683589358,72.8520260683364,82.800019552627
68.9230921002179,76.8370048025049,63.3336193506931,48.8357275508879,52.3969678274016,53.5105683553611,88.609238108917,86.1672677088004
67.1840262744273,71.4172940958964,63.0330507295103,48.449950115325,47.4243574453401,55.8106494582378,82.185060419766,82.5047550199297
67.5168723248976,72.7719154412891,63.6149856234247,49.2843610758477,48.0144873636749,54.6088249243853,85.6956783180602,83.2461763915984
68.5926036171482,63.8155779851582,60.8873973403696,47.5735445118513,48.2753629484735,50.9739841459305,73.0608387107835,83.9977874942462
68.6076335638515,75.4513304831247,64.0565011219416,49.7602831854583,51.8500217394996,54.5830190451847,85.4270742353807,84.8488831172794
66.1522799118389,73.0577661317805,63.2310792959633,48.123047778059,49.8347881325087,55.4105678428676,82.5953782563354,81.0727172957526
65.9644044442243,72.4810012929055,62.0746265225022,45.6070429064158,48.2120646204715,53.7297859732061,83.1148762739964,81.3485705637988
69.0204160580025,71.0838645156379,62.9795572882797,47.3285129828017,49.5412082162583,53.6335398594332,80.0033033402135,84.9361300790593
65.5736494974243,69.5500985365121,60.9833865853431,47.2031889749006,47.3247275036014,53.7511075969226,76.453795858033,80.3702766975665
64.4103596090409,76.3755246345428,54.7967959180047,42.7895462349894,49.6333501924048,48.5599492331528,86.7856450863857,82.730500451468
68.3240230280047,75.4318637494767,65.037079091657,47.2775517638322,51.6568936328263,55.0472499191763,85.907761647059,84.0955249695098
68.2314618704216,71.9140027570393,63.7755779443124,48.13909881718,47.9477061551283,51.9095701237585,82.1371113464742,83.6050022952943
69.3195496643991,73.266822477744,65.4464816246442,49.2437222648131,50.9761663293449,56.8815619605259,82.5743267767492,84.7263646664709
67.4252093955222,86.9269497623712,62.0696426038938,48.4767847975646,54.5857860156375,52.8859441167388,97.5088268899978,86.1156496843246
68.7900453788266,69.6908149352851,59.5388116389631,47.0336039869968,48.5806576581243,49.6478176206333,78.2228103980295,85.8532672681528
66.360615554807,64.4840400990892,63.0822280933843,48.8449242017286,46.3374491438506,56.6237429007896,74.3277757662984,79.9399339373224
70.1323249814167,85.11936246296,68.2601623362148,52.0122935086742,54.2693874573308,57.9154979095884,96.9089162972449,87.4221048146047
65.3537015528693,63.4562523244259,56.4516618390455,44.9362598269301,48.2473206797358,48.8617241350045,72.8667887861136,81.1184315950368
69.7509377382056,67.11937593874,60.4289185553115,49.7054257698982,47.8941522031497,51.1930392437415,76.349196784539,86.3651427512997
66.4467620516175,64.4488182150057,58.4562605893909,45.8953560197557,47.621729078994,49.4581943194473,71.2867668776096,81.9191686450138
66.6130220046519,69.802863861953,59.9695890819983,45.9093154890417,49.3478399095142,52.7208870664198,80.0727189572724,82.7059263619465
70.6492890315689,78.701984729023,65.2369176338202,50.6265334190985,52.9446720025046,56.2020756838389,89.3330727841052,87.9463797031
66.7666921244107,59.3770824512302,61.2626380441744,46.4896668601275,43.7466400030485,53.3637279307663,68.8098001567934,80.4212915077065
65.5503697508957,73.114566733042,60.0822224735106,45.8315870902023,50.0159878345602,52.2195295366119,82.8117750827466,81.6004331252077
63.945331496636,75.5279981993167,61.6084890577704,46.3753313293414,48.2791272811216,53.8099825135142,82.2811949055083,78.8164594258586
69.0148170021003,71.4098908486637,61.5814458498256,48.42563671158,50.4565330180348,51.2869279690204,81.8211504388728,85.7574098363623
73.7052445306059,74.1500550189862,70.7858992887034,53.2940790034266,52.0689883787234,59.0245218576268,84.4586072148885,89.4206855101765
65.7941715045409,75.9795311863636,58.272608293748,44.5147672668368,51.4495393309219,51.575140587249,85.6469782903995,83.2554810706465
64.09712564833,74.5812539980422,64.0867548561444,48.2717696076586,50.0760011827473,57.5326139747255,84.6611232036189,78.3527963916976
71.8634187310386,70.2183604264573,60.3158830493132,47.4785351290339,50.9184048710603,49.2274429859123,81.5051633940715,90.5508693905869
68.491701962924,73.472504000071,65.7847042385907,49.3205918833502,51.4256134401765,57.9369123536433,82.9771743824224,83.7077975965925
71.1324088486475,68.3692824910615,63.4837994565771,48.3715629764277,47.5059048055137,53.4688483246095,76.1698047513473,87.0053773751174
65.203348946943,60.3511849290817,64.1460357435192,48.3478663585675,43.5548982316498,58.0438794139633,66.032146087921,76.8344255040742
65.2655052930225,78.4547002247317,55.7238442958837,43.7333613810844,52.2854400490558,46.7713313956959,88.5190320439784,83.8672515045658
70.6826508513582,82.2956949173381,60.263888028606,47.3550394898673,54.1051955963602,49.7248439211199,92.9668184359491,90.5533317642445
68.4699217683848,63.1356816853761,59.4209477727083,45.7561864146839,45.5293045670576,50.6219144354106,73.5037631733331,84.5338478194267
71.8926639150581,64.0720813690219,67.7478650038674,50.727688705769,48.9810219252969,57.9715091248372,72.1009743134148,86.0820624075994
69.4002301637103,77.8636000094159,68.8959998403374,52.1923978225463,52.2267535653939,58.763012365289,89.6146363810268,84.9849196942332
66.1541506729205,84.0905155956565,59.6895704730308,46.4217145267228,52.6863096971798,52.6986833858824,94.5705191454544,84.6931925417952
66.7683086519035,74.1098028981415,57.7453819751299,45.776360606493,50.7619236802637,48.3336226845268,84.0554096959794,84.485654941631
67.1926991240583,65.0822311402986,64.3173272603067,49.2692441291837,44.4477031194639,56.6600842143179,72.2195911843854,80.5105415707488
68.3263290923293,75.6698379283945,65.7783131525784,50.5647582093829,51.2349540610979,56.8549533609799,85.2132934854,83.7581653104317
67.4231530423992,69.3668365923655,56.6969157507541,46.3042783871897,48.6016647977097,47.5648146665046,76.3525135136355,84.6088671848076
69.5673241931008,76.1258426539115,67.735766417011,51.7782568491365,51.1128823082008,57.5026092960722,87.8195081151796,84.9501702348566
66.2116830031704,68.1540767056966,54.3219538863808,45.8468845287806,49.4782013361417,47.4860433774278,78.3498325457197,83.7697016028433
66.0495501333568,70.4230303323512,54.4071847167417,45.2246888508898,47.4641756599264,45.6575368615063,80.2558536145139,84.1239396597091
71.1092253290452,71.6672651917763,69.1181365415979,51.3538736761052,49.0884547825485,59.2139133209225,81.4252946400808,85.6481707550117
71.1692307945527,69.6412008775926,65.7764449904328,49.8700932827304,49.6820024083216,54.4468170652648,80.1356024170066,86.8484345590572
70.1619282908231,72.3743393508542,62.0122090571892,46.6437314023702,51.8463697646813,50.9979144357148,81.890636528522,87.4393226275549
68.0127049112139,72.1262655942694,64.5066195744384,48.0488013492699,48.7420779013353,55.9376518572832,78.4808580382212,83.0983618285226
67.2039398048415,63.9498320634989,62.5105723806843,47.2074559500757,46.122458768805,54.2631021642873,72.0213775835459,81.2910398825687
71.6810842251101,80.1815754217703,67.8772836677665,50.8418330301494,53.6885301459664,55.7209421513314,90.1545341645702,88.5123453044789
70.1303692067533,77.794957566634,65.7695233578611,51.8345862452132,50.0022184629641,56.0453609462563,86.564387801058,86.4541476149883
68.0646059482416,63.6731894632146,62.9484808346818,48.6225507596517,46.7621552254407,53.3949263937274,71.6012243030276,82.1411414787869
66.8722494474372,66.1276436567757,61.4848656931151,47.8264793569329,46.4753241908752,53.0653689582801,74.2860955442955,81.672203390048
67.7660990307493,67.1638109454657,63.3777519717009,47.8077664979315,49.3732453563612,56.5789366711303,76.5713756816924,82.248833258594
62.2136885589373,81.4830103031111,55.1807231591709,43.6106743812458,51.3605994942737,49.6338793488425,90.3997072065623,80.2069320266221
64.393771723507,58.2959109127958,59.82291439468,47.3987827032634,45.4549426507711,54.7995893328265,67.2506243768784,77.4907517812066
66.8328300311432,72.370563339207,61.1237796000906,47.8930830631876,49.2710998134291,51.4623509642182,80.9616972092654,82.7843930005551
66.66262776031,75.1284432584339,61.298212027256,46.5046423395287,52.012836205963,53.0387893300779,85.301847703554,83.3354032902371
72.7119376694598,79.0595368978736,72.7192165975713,53.2326246496824,51.2038270415732,61.5504558954441,88.2755143695153,87.5807036989883
70.7593996462528,72.7075205995991,65.6838315425958,50.2253825221319,51.3686931864111,56.121176175221,83.4798732129664,86.8384458204127
68.5851703413013,75.6987099465772,63.2720502200567,48.0424006626413,54.0312663982652,54.6590755767531,86.9724918900571,85.2673355613179
72.3188307460662,71.7278650313726,67.5314456604227,49.8505385935919,51.6345153027626,56.6542767358833,82.9512231648548,88.1070900235648
69.0954606951044,63.4842194763389,63.3393785528842,47.197051731164,46.7729737432373,54.9549170377885,72.6382732681472,83.66154719173
65.3600652729272,64.1451326974908,59.2306453216724,46.5340563658125,45.823781338472,51.208264767682,72.7879647789036,79.9899653266409
71.0671033754336,78.4557762530932,65.3230929443421,50.9462281525911,52.5287290263591,54.0057754000174,87.6580768029276,88.5609760123959
67.7744341393291,83.858191860433,54.62081941528,45.7430847229453,52.8356032278354,47.2014016757254,95.0229398500057,89.1904551940562
67.0408732024846,65.3443639787103,60.3208268203252,46.6522553567569,47.7297653504412,52.2659725112487,74.198908515747,82.369856016777
68.391101676438,70.1332957232684,66.720470258102,48.0355288424948,50.0989389481353,56.8956500767414,78.5828491797415,82.3953571872219
69.5667283202594,76.5637709441633,62.8006798660625,47.3148711984908,54.1724308880324,53.1335200225201,88.7278006822796,87.4820092187295
65.8588379301005,61.6819398984993,55.4323920961775,45.133361073983,45.3432418313917,47.5401136953852,68.9005423090052,81.718611425964
68.8316142770349,72.8649682190226,66.1088635391694,48.9084334980308,48.4896752158186,55.8274676685084,81.5205430456745,83.8627647127886
67.4244075257974,68.0885359107255,62.5822379592546,46.3699507918645,48.9249586896858,54.5754003914492,79.1040140342925,82.6502127655319
71.1416891466984,72.8517487988191,68.1981867551287,50.1483981950334,51.049244601976,58.1856192703473,82.5148640720083,86.2678400669258
71.1327690767995,72.9118354921046,64.5471655778933,48.6100418223516,49.8168720137065,56.1585195508918,78.3547502304969,87.4569997051033
69.4304600959005,66.5204722989087,63.9286732804811,47.6164157857376,48.4664423462131,54.4954888564089,75.5356977145685,84.4294969562448
67.4997345060206,64.1988679271156,60.8098736636633,47.3254653027608,47.314326867957,53.1585507641245,75.2669340864099,82.6375391987855
68.9945660360149,67.2922434324602,66.5738977990417,48.7340739425469,49.5302717642452,59.2526986006578,77.3731741531665,83.0758466144132
69.5379124562189,83.6177957182683,64.0368629764895,48.4226037545927,54.4622283378645,53.5387180432119,93.7653851573189,87.4850956410157
64.2051279600681,75.9583733678368,61.4314535277562,46.4084533633557,50.0101190475047,56.334773870861,83.9238237162494,79.7117122164589
69.116277725811,74.5986298415448,62.0580698655994,47.8437587454438,49.1601864754945,53.0217604211951,84.0426447451098,86.177554786713
70.3906378509105,61.8028688022969,65.8438943431904,47.7596738044857,47.4338584721667,57.6776178472243,70.9670647363617,84.0557198575367
73.5598953669334,74.6124668495576,69.3689246056234,51.3560493603448,52.5881520118218,58.4809518296529,82.6395211230331,89.5934784623456
64.151396326788,69.0668534086566,59.5640942943078,46.886706092757,47.0856346113017,52.5906924038103,79.0958868390327,79.2343819388699
69.0239024938229,82.6053227611677,64.6779405653879,48.4302856509059,52.9350879646278,55.679317356564,91.7733873998677,86.3485501786748
63.7956339659962,68.8294261256101,60.3627302750648,47.5491675831972,47.7491711165524,54.7171641371007,79.862480527043,78.1075599324283
70.774670213048,79.9516243997105,65.7653213238521,49.6163540430587,51.4069410922143,54.1922072264188,87.5741783656767,87.6924704672177
67.6811600956396,68.9088862583334,60.5936652070658,46.8497790923853,46.9329710607537,50.5404958658794,76.3809955316225,83.474054199234
71.0358353434167,79.0428815689576,72.1449833168565,50.7639930673896,53.7803555158967,62.1407136545141,90.3266897639816,85.9733402992361
66.579657916222,70.7182094524937,60.2444919676578,48.5064324062572,50.2904302016178,52.3227033455867,79.6579868531731,82.6243958758451
65.441109753552,79.0270094743418,61.7869365487189,48.3580738993341,51.0912261532423,56.107744468005,87.1302097380914,81.8807359723581
67.1794188535145,74.0682682436276,62.9242228213101,48.7046255405103,52.0693704619244,53.4139297228286,85.3054119270421,83.3211945189762
70.8292951143215,68.6197509719532,68.4125916282299,51.3815426298611,47.3115480969075,57.7688151366973,74.759740994385,84.5599964840113
69.5975901830707,71.0521709181528,62.5326340082633,47.0517325789265,50.4176747435399,52.2622342658671,79.5535492286542,86.2506491196472
67.5407036643678,70.2097179667153,63.9580946466494,49.6207804499898,48.2396570051237,55.4963335321897,79.8949941915381,82.4360378314135
69.8275514299768,72.2006433935926,59.5524850938613,47.3194045102013,51.5151753153846,51.2884075401199,81.4435351146379,87.7284865805722
68.4758178947306,66.1665010863441,65.7417826310109,49.3793684318252,48.5440390592351,55.9795280920582,75.3921715200717,82.2452185719949
67.279181019639,72.0243372918166,62.0283928686482,46.5762124723136,49.1131998749963,51.1353171269095,79.9836593148662,83.1302400721826
68.908156738871,71.0088565285378,63.8248674992673,47.9173249478449,50.6617318222523,53.8495850416333,81.6642340349824,84.519700118524
66.0484838133073,73.3809332457452,63.8011605764526,48.0570112808781,48.653949685107,54.6335104377158,84.8949665600515,80.9974695805457
69.0966616655179,78.3431389321333,70.053391806582,50.8242125978719,51.0117612054398,59.215764580507,89.8594391582612,83.6460432132917
69.4644848123566,68.9224239135209,66.6942025070149,50.2769323815356,46.1170755600621,57.0621712573206,75.5567821862798,83.3773815503673
65.8625186996854,68.8943204383646,60.6016312624085,47.1178848916637,46.9879206750298,51.7078218342603,78.4856147264535,81.1233394697739
64.5746498237758,76.0928936506816,61.7854342006417,48.1450037754684,50.0409020457465,56.1349064549422,89.5163583582323,80.2471934256331
68.5074174948214,74.0938685726281,60.7471253312056,48.5665146293271,52.9692918232376,53.0130789332214,81.5384689373654,85.9087227129635
65.8936509894493,65.7653520643958,58.1564303006048,46.4354463961376,47.6589671659596,49.2192709972748,74.2563207954481,81.2575143047307
70.6998526084904,75.8828221378178,64.4577262924234,48.5949725658728,53.3762028510154,55.9342789309781,85.3176013255663,87.8643095233495
64.3641462200428,68.1759555766313,61.0264190170147,46.0245060734939,47.4729586299377,55.4073387804664,76.722717538221,78.4885225550443
68.1798835041405,66.1797204956903,61.4662147541487,47.400758230609,46.0050200308703,51.1123884316393,72.7051813106252,83.1774756799717
71.7904339030212,76.2485832020215,70.3787563225159,51.8958536219774,52.7770935897903,59.875888368055,89.2385752761998,87.2081100363202
65.6339287285329,74.6128819384136,60.6537424298061,46.4112127253423,49.7087324715773,53.4212628498215,81.3585423225357,81.6503322229197
68.5904100686911,70.345745192824,62.0866510948211,49.7621996211713,48.9664053624625,54.2130067154322,78.2915896464351,84.2438936075869
68.346560910209,69.0096011156449,63.0961692838868,47.0169336754324,48.2106940816996,55.2227120686126,76.7785908670033,83.5007304859314
70.5012714480288,76.2063936515095,66.7572003242094,50.1299843795762,52.2712489700358,56.9492062087544,87.3179889010605,86.7658152600153
67.0955864455326,69.6776784083708,57.7422669786819,45.2244253231915,45.5177627815581,49.3140608703374,78.6474524913317,84.0272596368814
72.0250151445557,66.3759777245037,68.3711962483162,49.7971554009364,49.7020055594204,55.8963435388817,75.0114885204584,86.3124279136669
70.2143417209682,63.6539135731505,65.1718194079059,52.0220720507686,48.9136690002016,55.2885085868918,73.7666491065006,84.7428069333601
68.4743132904569,61.61648466792,60.4956503427034,47.4358423783086,45.7120586741465,51.4744061715419,71.157943564851,83.780739096059
62.6452563057654,72.5499761323711,56.5762090129434,45.0401541482713,48.2759356538939,49.5542633115986,80.073852429716,78.8839313151128
69.0273323995388,70.7727292019134,64.9297938645051,50.9041355695839,47.1419863448548,55.1637000202602,80.215147371376,84.1242762403983
67.9327551452945,70.0283367663584,65.5841053720383,49.1259351036635,49.7473849563469,56.964528939353,80.1392236521845,82.228165510442
68.2465486818197,70.7677335513548,62.2177346721768,46.8388726674981,48.9142261398506,52.0947133951548,80.4758020620481,84.3329748628771
70.6002581645028,71.291141796214,65.5939403909977,48.4818807503596,51.142011158292,54.9664105427931,79.5789070097217,86.2133077554776
68.8149570269101,62.7618625300382,63.5889531817515,48.9954298365679,46.4372111268111,54.5181415018394,69.6833862785238,82.8619072024714
67.8781289780342,61.6257880764588,58.4258587323495,47.3000492331186,45.9520842030981,48.9419844815122,70.1793340962419,83.5542540872892
67.2584420171218,73.0120064444176,62.6269981060629,47.2703363901236,51.2719477120621,54.04629677146,82.7467980819432,83.0147548746036
71.1140328198799,73.3992699162033,65.847915577693,49.9238660103141,52.6359145481284,53.1448453533354,84.6023606352873,87.6661051381312
67.5093910193433,71.2647650591956,60.4921340201563,48.5317198709827,50.0391446501061,50.9647684773916,81.5152530178681,84.0366523519864
68.5285487096821,71.3997625988706,61.5038390017911,48.0478753191488,48.9623358564424,51.7994405876484,80.6918459382921,85.1670688309402
68.8062612275305,67.4346803064208,67.6238157480784,51.5615932919811,48.5768156150662,58.1621702544886,76.0825276912104,82.1088333731196
66.2302794237067,71.6749880741522,55.6606058030686,43.8071191211877,50.9998728876897,48.4032631232948,83.3633955669969,84.3590818524162
64.4873962086467,78.3462593410446,61.3141369536422,46.4042292558276,51.0008014918672,52.156386400626,89.4674996819408,80.7988343999392
67.0071885426847,77.0443927715975,59.3828908715237,46.8181555778627,51.9317706447617,52.0843613510317,88.7879356310218,84.9684550026854
66.9052781876592,78.6036265237763,59.5198412803603,45.7582610290092,51.9849349050359,51.0254264065068,89.5561470218392,85.1235154879563
68.3556957282684,78.2551980476681,63.9165056265392,50.1824997636622,52.6458078052793,54.4634160736266,87.3734037976974,85.2349481228863
65.3293412700027,79.9357192244427,53.231112332299,42.9476282816109,54.148667551681,45.0953097515558,91.8581123984274,85.4224246795034
68.1807237066645,66.1829612636885,62.4883327952072,47.6697461177705,46.9821738072175,51.8767992420978,75.750896748272,83.0777020675578
67.6514284971969,71.0027282733872,63.0419808419807,46.1259525349977,49.3764190836347,54.2717906350761,79.8060668859722,83.1105901279463
66.4091083826935,66.9847043691166,61.0146975822145,51.0674183325942,47.951869031734,52.181979390387,74.4857738228464,81.2308011099554
69.142306680239,67.8487773961538,64.6905933457908,49.9113856786838,48.5550318908419,53.8791378203225,76.5913619407634,84.0818221450799
66.0395146963764,73.7066808148383,55.5167870708811,47.4250383467483,51.7153523236886,46.7779300093605,82.4184495469467,84.1544037750206
71.3206704432861,66.5208526551241,64.0585875001718,49.0117371421968,50.8168565986337,54.3392813419772,77.452204589568,87.2844270376928
66.5816018782426,78.0873187936448,61.8186678082816,48.7925198896622,53.7211237857694,53.3328981583756,89.7675705790667,83.6000695449249
64.2825146863258,70.7282987813503,55.9521839835276,45.0712185478508,49.4507312167764,50.308112736055,79.5932523682375,81.1633045511601
69.0768660938614,81.2983923676258,68.414110229224,47.8896136453299,54.2847222540222,59.3446101823631,91.4826824288006,84.7070688528208
65.7987573173815,70.4491629812414,60.5944983838435,47.953684456768,50.5635553483919,52.5529586371832,78.9052179031614,81.0138517977584
72.8232261487566,76.1395339929022,65.4368431310432,49.0288176602561,53.3750020480135,52.8883385109491,86.608699060318,90.6308927207247
65.6050882549335,67.775459092193,60.2135733472992,45.3682535058164,46.7544784770926,51.8393496432986,75.9093441040083,80.7102952216871
69.3498896973516,72.8042155512356,66.8557514477075,50.439167235605,51.6009745041368,58.4406508212271,81.6527795180543,84.3386269836999
66.691127321927,60.2326983606812,58.5284763021438,47.5026390495356,47.799463790666,49.703839528634,69.21411774144,81.6841376603391
69.3353565234431,68.1173036933175,68.6973902495126,52.2752934579628,49.6069866985807,58.302570610773,76.9172085128363,82.9046553149119
71.6301350705413,75.6932225825212,67.0184198792029,50.977874959308,52.5046169068769,57.1554959902294,87.2965128470109,88.182456293753
69.5870644360878,75.7551326300525,63.3092327969567,49.9632739489059,51.2724025030249,54.6754981142215,83.4507031017962,86.1742148657914
69.1918332054225,70.2221460783984,69.3329906202338,48.7739649826355,47.9390086638254,59.4711330485617,77.7711501323034,82.2024630047911
63.7721230115251,63.3643227636431,56.2292613347074,45.3759617278304,46.7197866131566,49.4146653245719,72.7085164520379,78.9231094800313
68.3211197271305,69.4868206923393,60.2527494626585,48.6708047496483,47.7634845145316,50.6646859534844,77.6493034972638,84.577079498041
70.6285349458847,85.7065359501834,63.8948789831644,49.2682240539719,55.1610748535927,55.0092739782296,96.3326917381391,89.6276936280526
67.8603905721894,69.1649867760289,64.910380892824,48.3705378881837,49.2377754069185,55.7242581698364,79.7923973989523,82.2102953843561
67.6966838735582,80.0031111017643,60.6705726068509,48.2972394950509,54.4140576123575,51.4250636859409,89.6280853600394,85.7215936921468
69.1246943098674,69.4839255741472,64.9722973237727,48.8505858465501,48.7880635670275,55.4363477415821,76.700374110563,83.8934446119088
66.1119617885193,73.9851208396059,55.9703418501791,44.458685824823,49.0225215367127,47.5322893544262,86.6478190639732,84.6334810775901
66.2335064159124,63.7323415334891,54.679639506335,46.6805451490787,50.4181711461633,46.9336674894676,73.7566772034486,83.4751425997059
67.2057148331916,72.7105019727181,63.0488607764013,49.4869192014789,49.7335979899342,55.63950318909,84.1395721781559,82.8411603543754
68.4162220256012,67.7436716931573,62.3998868718794,48.9470964618932,46.5159278185429,51.1401014805119,75.7577651560221,83.437897430382
66.5529850581843,72.607572805082,66.2116518812282,49.8503661088483,49.6011037917712,57.2362597836287,79.0606247201865,80.2181262003729
67.5355718696894,70.7741692609771,58.3246001380755,46.2000748902608,50.7434663610384,51.0787371491088,79.8035534011877,84.8480963646972
69.1032913660416,67.1099250837201,60.2674627770682,48.1480866076506,49.9728158496615,51.5369151824089,76.72753622282,85.5097953770938
68.3680325505914,67.5536181431088,62.6933055506507,47.655384506784,49.3747118741262,53.2489704562665,79.8704282277442,83.8746345300108
68.7946517896041,65.7164616426316,68.2640818586177,49.8986951106923,48.3932164985297,58.8764260508678,74.4257121831385,81.6747707015495
66.4170356943437,74.3767557706946,62.4288073694725,47.0999633558156,50.4890323179468,55.5165380654479,86.3342390948257,82.2932886091987
68.6639003924368,72.2810202949001,61.345278151184,47.6929269461605,51.7242769606801,53.0879777885842,82.069697796148,85.6358639614639
70.2342328033301,66.4537134982261,65.6386412328208,49.9877428304166,49.8848495039956,56.2032551544018,75.3231886699827,85.0315749349651
69.7222908645089,73.0101829057031,60.3725339854466,50.1950576824276,51.5517039732278,49.0510025686731,83.3487976443701,87.693537626585
67.2306403940731,67.8180921847273,60.346066024473,47.4573554440858,50.0206808697674,51.2080286284878,78.1621800823677,83.1272637101872
66.5942058376446,80.795888929222,67.5031226148181,49.9530916993436,51.9788072518883,59.3040183093266,91.6487806200218,81.6285846725455
66.9715583164732,68.2776697628365,64.0366058413746,48.5979552877906,48.8961696226356,55.7467554840894,76.9829479673459,81.1479104927001
68.2714895833366,75.3823116286157,59.7724932012301,46.0479859602654,51.9603985560517,49.3177144877634,85.5425157909768,86.1311648111442
66.6246175236727,79.2576170297716,65.9905595485555,49.6707317866203,52.4910664795106,57.2842498186918,90.0412938595913,82.0322986856942
71.5180098582153,73.9463602832161,66.2070247238506,48.0679210088563,52.027261494704,53.9193225275342,82.5566155480035,87.8434149541366
67.4241337856816,63.5087783153281,63.4192379227164,48.3290704279749,44.4769726101199,55.554892398095,70.287986745419,81.1119510641602
68.3550072714438,83.7731408588713,62.4106389516923,47.8403677363283,55.1209081589516,52.5475037854545,96.3058537240817,87.0244396655955
67.8421411261746,71.1586408429892,59.4081239897454,48.0601997792195,50.2690881701976,50.7139896223873,82.0984123236253,85.0078422740855
69.6307638081511,62.6421638976454,63.2675321757379,48.8097424997444,47.398269564291,54.8368769354708,72.2968741582729,84.466885513042
70.9013050216416,72.9694838471128,68.0266836599461,52.486217615653,49.5732116525566,56.0268444867609,82.6743568345716,86.0186865145454
69.1185065451299,70.0124428430466,61.7257297722607,47.6721824809945,48.0443523851564,50.6173400650002,79.2267441864387,85.6159808850404
68.7569774561346,66.680141769324,64.8532292328634,50.699172004006,48.7275797282306,55.3376956520567,78.9469828696048,83.3635876774103
66.07647768663,69.2764047807725,64.4243956781374,48.3440943087023,46.9086628827473,57.9979354553856,77.7614517972376,79.6837069728785
67.5684058957076,83.6307796150324,61.5025973576253,47.5818465243194,54.1464380650272,52.9038192964045,93.318054978835,85.7014507502957
68.014346979145,73.8889809376493,61.125228984785,47.4855831196708,50.3267287562252,51.2831626411367,81.8840580605114,84.7617948378139
67.4351715672255,69.9905806340336,61.771817450142,47.9622453716256,49.966239181345,54.788510039505,79.5981578614204,82.9123667010866
66.8516370845168,69.3540555254938,62.5455468754973,47.2415331441574,45.4135440851652,53.3282819582031,77.3647513712388,81.4942340089276
65.4681075837781,77.9736312456929,54.2533052873295,45.4851149184758,50.4911505249119,46.3124803387352,84.8193385476044,84.5137150414324
68.6958599091145,73.0945923017293,66.2389845797147,50.2128744161089,48.7234951306503,57.2214802496549,82.8519370773748,83.6539583655609
70.4949079834454,73.0401868971785,67.7123946004401,49.9058140192912,50.4510024832136,57.1208584888663,83.276053177632,85.5695814750491
68.0492751283379,83.6515177073712,63.4740794702685,47.0594181174142,54.406993732436,54.4025099667139,94.5005595250721,85.957153921274
67.3559183104345,73.3573922984506,61.3001754300562,47.9068922162214,50.8638967399109,51.0332641373397,83.4821474039021,83.7354530064854
71.8130637592693,72.5992236568414,64.7558753503121,48.6026903572758,50.9329905116075,54.386587855436,81.516557257911,88.4868784609469
64.312852270924,71.0768810831024,59.3176968506286,46.7726928616997,47.9166615672944,52.5323783099996,82.8644316317763,80.0244729179996
69.1328453731152,68.4346710091085,64.620488561375,48.3017566107838,48.0071012544304,54.9222337762211,77.9154075187733,84.0743115922421
65.4191538747981,73.3484106572285,61.1051791324938,46.1456863305613,49.6021658161045,52.6955508814328,83.1778429802905,80.8905304067563
69.024980374083,72.6371211216592,63.9824231492265,47.6031285635517,49.7199175142286,53.3931183239668,80.3832434701674,84.8401938411183
68.4804533796824,70.4257876392262,58.344078606229,47.5625840380123,50.4756186789652,49.3936801699241,80.8346723187016,86.1017797650668
69.4717575705674,70.4207323059065,65.6754273179074,50.8276099991684,49.664948634528,57.1220489937176,79.4999653035916,84.7289799589227
65.074358519886,75.5488027552031,60.2716149564835,45.6276527360854,50.9759725115165,53.2866758962998,86.2237943336017,81.6063033696709
68.5215618272499,68.5901576449222,65.6666939789233,49.8229808064026,50.0161113727676,56.4223889044669,79.80449738631,82.986547787144
66.801301426811,69.9087967199813,62.1817399670681,48.3017796675889,50.1347938596757,54.4758327456254,77.2729685593041,81.7260804933686
67.7528000060097,74.3107449406182,61.5456567632277,47.7499716416643,51.4109064533472,51.1571365061817,81.5379065210897,84.1859540919933
68.1494555334918,62.5181180522625,66.5268890811267,48.5472330971224,46.8129318063758,56.05329152192,70.2400433282176,80.7344376446401
70.3508694178471,75.2561112611448,67.9139050400361,50.5829757461904,49.8411770615549,57.3377843115816,85.1577558295267,85.6590777833327
68.8392497218984,63.2700728830055,64.9320013007883,51.2825399991646,46.2238147148669,57.5828552547487,71.065792976559,82.4814980310637
65.6782059934427,69.3364816052062,60.0924186381661,46.0121251565864,47.5548527614966,55.0863071136052,76.5701018022206,80.8903835022647
68.3787523184586,73.0949433997293,57.0642443839708,46.3247532574465,51.25235683668,47.7437457757162,82.8882271663093,86.8300437817817
69.9350728934351,73.9784423622674,70.5917457583952,50.5385282238029,52.0490599430592,62.2050269281684,83.2746639222648,83.8402646427296
70.3079674329902,70.8158332259328,65.3552768031094,48.5474036381,50.669029885667,55.6924699167071,79.196504110671,85.7819550184279
67.9528446910748,68.4236510580971,65.9269135104214,50.2930929388422,47.4137878583283,57.3366075590546,77.0642505157335,82.0943803586233
70.6623798562616,70.0283328142654,61.8802801990204,48.5543917610204,51.1505864434619,52.0441403928212,79.6775141764883,87.7631499970275
70.7731358930121,74.4784879446161,65.2836825816161,49.6013340807177,52.0504988621567,54.8519914972404,84.9554966050095,87.2537072169351
69.1515660791525,68.8405284531686,64.9070180940875,49.7494999795066,47.9989042334661,55.7997620322756,78.6005118036168,83.9365276645297
69.8204586246048,75.6586314861646,62.380230777732,48.8143417231787,51.303854996558,51.5231086002974,83.107283863378,87.1690163114085
65.6949975944581,68.0971343909579,57.3256261845988,45.1730768542862,49.330632370279,50.473602741673,78.7035935279203,82.1730312474478
63.7972800832882,81.1530982656382,57.4505504317825,46.2605974414596,51.4289489875675,50.6729116577647,92.2293284263624,81.8086572144966
67.3194856236371,60.075174361958,58.6967285961689,46.3623037751785,46.5693986599271,49.0364105037494,70.4729803030317,82.4268527934381
68.6144520899369,76.2058894237294,66.2785320349605,47.8079836832701,51.2763377324737,58.4667370587486,83.8233944525742,83.9817771423785
67.6636138137267,71.2927904093168,63.5996822909848,47.9934485055301,51.4971399573923,55.1349109374291,82.6646634684541,83.2379679619838
69.1875068631713,77.505820867711,71.613088227084,52.9076584965712,51.7866463533929,61.3636088770474,85.3433360888134,82.7105130162542
68.6846857787436,78.2464501296343,62.1905602063565,48.2921238946331,53.5800403839011,52.6253366328656,87.3473483150453,85.8604427993682
69.5584231987014,77.9633773363798,62.4514481462842,48.7936543003299,49.653339527834,53.3865457346498,88.0260746410059,87.4282979478805
65.4042727986296,87.2159258730532,58.5567652612578,45.8308089391752,54.6170816759464,50.5707656646144,97.6225325870645,84.562567309127
68.1416986853514,69.6580719735997,67.8115936614661,50.5808012172851,48.0942119948197,57.5164534955602,82.6958311453789,82.1208394730648
70.5998367816654,69.6738837460787,68.1040583498777,48.7296517065485,46.998580071762,56.9304427105973,78.2229149146503,84.759574919364
70.1970220764262,70.401423937057,63.2925034931504,49.4330685522885,52.1599977754269,53.7894182528527,80.0088752983239,86.5660203206686
66.4475968254929,67.1347270036279,54.9518837868789,44.4852485788314,49.2294795961869,46.3173973459886,74.3313723691314,83.8816387817924
66.9134239965971,66.9975960838419,61.9045984266339,48.8314842059844,47.7646212781792,52.4001670535564,77.3065895915497,81.9414957202774
72.4521044008878,73.4458503666213,63.0407459334148,47.9505919394823,52.7750675259366,51.5953401927931,81.5220393175731,90.1758138806015
71.8855565683956,76.2214494331725,65.1602835248725,49.6528845572368,50.8899653969078,54.4998526062228,84.6669328693335,89.1439119720697
67.9179759488816,83.1816038441033,66.2087981715946,51.3027715227427,53.6945013358348,58.3217131735255,93.5198228624911,84.5194072062678
70.3537861319681,69.1795358541723,67.2683859351612,49.0448062824275,50.164653396698,57.6370549238007,79.0406080645365,85.0361639341277
68.6212478972693,65.4817916052975,66.0650203462899,48.4488850041815,47.2244811574718,56.2670411098105,75.1939616880329,82.3483189187533
68.3344106668122,74.252345974142,63.5158867426094,48.3784891623463,49.2156216863946,54.7073330993975,83.9866435580599,84.3871533838234
71.2169637749239,67.4001055021327,63.4438825380797,47.9917696382519,49.7938612145137,54.2553679244307,75.3302936047646,87.3847093096871
70.0397828170651,59.8644943164906,65.0199261919235,50.1445621905719,45.9788108656231,55.3888998525558,69.4954893011423,83.642036348348
68.2622350799315,71.0384462895476,62.9075366600644,46.5399994015351,49.3732223606011,55.2718044485923,82.8103857005051,84.1988725128161
66.3171413735094,66.7335688656999,66.375423504136,49.5363083868823,45.3985940147201,59.1323925708717,76.3047605475885,78.859918466926
67.6558330155215,68.4523583323245,55.6116314028588,45.8071633830288,51.087123498698,46.6047260563707,80.4783221346625,85.926884301049
68.4998310677613,65.527185497536,61.7388967364493,47.0316484327664,48.6329004151296,53.4706772096161,75.0015132033101,83.9365828380118
66.0511030942464,73.6411783319634,62.9271439604135,45.8774008060606,49.8976385023353,55.1042604367162,82.8732911641785,81.1154609004225
66.5770032615323,79.0615590337639,57.5584446880864,45.6116879148803,53.0049560331146,50.3141143556726,89.3574156031226,85.3504252319547
68.592244466668,66.0933131399871,63.868509990486,47.8813799937973,47.2907483364796,55.7133356496256,74.3782475354002,82.8930886445136
69.8551445585088,77.4029430814921,61.3104785051836,46.5986031519277,53.4741488477532,50.6604738348167,87.0258983709322,88.2513625629592
73.46367170598,71.6064888820239,71.0807197788718,53.437938025616,50.5580346864217,59.6726872007985,78.5812493864857,88.0003557768772
68.5042842584621,72.2026233414622,61.1510394282738,47.296605865516,50.5782818345159,51.6970351580564,84.0169899007161,85.5737755417675
71.5699438170152,77.720547520784,69.2178223177561,50.2636534828958,52.1343339741325,58.7466271747443,88.2245674555682,87.416702108431
66.0557455836761,74.9482135930447,61.742076804526,48.0438621099632,50.0610142256599,53.3986788639507,82.4533358599963,81.7658039012004
71.1204514505465,71.3159538885366,64.9006563753989,48.7930469718601,50.8356417702752,53.9238932750522,79.9009685430265,87.3716087714963
67.0278510712091,77.8212210863725,58.0560880252274,46.5863732617227,51.9950353464491,50.2622064295364,90.9723632491532,85.5874054625852
70.7919444888906,73.9171602454097,64.6806048776486,50.2298057873694,51.6697109167931,55.7358265827039,85.0631224782057,87.7227767780925
63.9518121128659,64.7352683333839,58.8631299481127,46.6910932225172,46.4278737590602,52.9944345807591,75.2284900431797,78.5868048227017
66.1714737412228,67.6757021534503,62.4768870375052,46.4853005319,47.4337590898052,52.5936876429757,74.7401055915961,80.4555682882122
69.0426771352567,74.4925356473537,63.2966245108944,47.9406249063156,49.2748430164775,53.5346960497744,85.0801460930954,85.6244465699308
68.7908392050364,75.4710148760997,63.5602188574109,47.8665123386371,51.2886371585412,55.8059186940836,84.9072694645825,85.1658740527341
64.4293380054189,64.185244514803,58.6173778692626,46.4416976180635,47.0111517378914,52.7588843563707,73.0054447205143,79.2771912541891
69.8139135390438,71.6382930621014,64.2040126401785,49.9991034756506,50.406969323393,55.6329746635061,80.195231532986,85.6704923891079
70.4540009714973,65.5986768057397,64.2319299829727,47.4712368562185,49.5966926760687,50.9884517599824,78.8508008975315,85.930825385558
71.9083019811978,71.3079988221763,71.6966052958512,50.6072467555604,49.9363126063748,60.605167393705,80.7995434791212,85.950056238648
67.2305223715931,74.258012300512,66.8920537810368,50.4430169499076,51.7260225703457,59.6553788435357,82.9557850010073,81.3152599249573
65.6041674735025,68.9748045002652,58.215387021934,45.4515706674781,48.302662820263,52.0423967214108,77.6558637815438,81.534225895812
66.1071248327849,73.4715624851578,62.0490697957329,48.0609790218809,48.8301525962427,53.1329722137154,84.8284501379237,81.8996961534794
72.4879723207399,66.6911779157557,69.611553294384,51.8463643317883,49.3366793810871,58.7496906317733,78.59332524375,86.7815716689003
68.5276682768233,75.4692430692309,61.7485138804099,48.3417966028197,52.1169534875647,52.7565985982488,84.7157245719329,85.6759929554013
66.7802185008437,70.9105970024235,63.2702356504963,48.083096357708,49.1309936618415,54.2778322073471,79.0719848175795,81.7881229755038
67.4557265362129,67.1246202054338,61.0813513494478,46.1548573179794,49.8784611765155,53.515689460814,75.8476435467029,82.5535628807282
64.3797343565533,64.7035142711985,58.4101288838628,45.7790628234439,46.5649738608874,50.2777894850648,74.344001540895,79.2650377610689
67.5763883998156,66.1501124967309,62.9444284233219,47.5438872257028,47.197841631656,52.5514480820886,73.3641943495012,81.9007816381276
64.6231290243893,76.1224392842667,57.2531620414194,46.249618233427,51.3460964612545,51.2428920524782,85.0747562483708,81.7763257766914
70.575429215289,74.7455931467903,69.1703438857572,51.1915400405204,52.6958189200321,60.0137880838261,83.8743248536223,85.5518236700316
68.3638681717792,73.9833640353458,66.2148755626212,48.629151012629,50.1874312425054,56.829397514488,82.2002737467657,83.2573481701642
70.2292414417236,67.8885466332309,62.8571441418415,47.4866475129706,48.3545227129623,53.4206542669546,77.0362911118498,86.2498600227834
65.7238164106728,61.3339516134399,58.2483313363607,47.3844880778921,46.5520116058461,50.6896716318011,70.1540898327478,80.4009885602932
67.4037731686611,75.7092442162339,65.0927238298931,49.5084333978426,51.6842959104341,56.3947750495563,86.8491843178385,82.7280257889426
68.7347798503394,66.6559023883587,62.4093246092938,49.8329791900908,49.0406682319612,51.7892360137002,78.7481169388037,84.405371676356
68.5129068010332,60.1904199249985,64.3125640754903,49.2695806181186,45.6296440428558,54.9352150688851,69.3332472743067,81.7832323885069
65.3314398533586,67.5018754934184,60.0695453569232,45.8824723252704,47.7706783457824,52.0521628009227,76.6304195586621,80.1714454141819
69.4055893908335,62.3769396172509,66.1844369702752,50.8435727861647,46.1734750628895,54.1926907052671,71.3772202921942,82.9006573202612
69.5571799021952,73.7557544140393,66.1876477124569,48.3226963194216,51.5255805314224,56.6202345153355,82.2436572353653,85.146952646213
66.7734601872282,82.8217998995061,60.4652834697301,47.030335780844,54.5164244723646,54.5250624603208,95.5318996573804,85.4683513443848
67.3640014151063,79.1617685553614,61.6746839251248,45.9588076156855,53.6869819628745,54.7174095678803,90.2816238793165,84.9855845823453
69.0291163194402,65.3166394064594,60.298173874495,48.4749416035342,48.269685217391,49.5109899045202,74.0661880562186,85.1933736513866
70.7070742650906,71.0370200391091,66.3632213574463,46.6172631345411,50.7780769313007,56.4399200102415,79.5480897106334,85.8999120793363
63.0224619992867,62.975530632373,59.0369356144349,44.9413807126368,46.1781035425332,53.3632871999421,72.2945953833634,76.4761580909389
68.553455777071,69.2876857287766,61.1296400980412,47.9483268908312,50.367676286714,51.951866819938,81.9011679610642,85.2464856749875
67.3384058409725,70.4030238082605,61.5821679088774,48.1016132717217,48.6170837910691,53.1720671390488,78.4256242472425,82.8560157857039
66.1984372250694,70.3203934800365,57.0361207705389,45.9857780850182,50.311912247791,49.4301241413178,81.0967170406989,83.4705181795026
67.7135359475307,70.1677701214482,66.1549788353113,49.4806264536976,46.8517742294054,58.0619652545883,78.3640187559414,81.4255630377802
64.4393169661204,70.4473199643249,59.0864576751209,46.4264909806224,49.6220518689251,52.5718973749862,79.3324996267711,79.9578965443498
66.8109404768924,68.4583113070999,64.3656342963588,47.510920131036,48.6953127246672,55.8575812719689,78.3017878589988,80.9315879385743
66.9411515400542,72.3859949031639,64.5670162480873,49.2208064709779,48.4262060853447,57.7505542592465,80.6861581208785,81.509046223472
66.0969883411675,66.6977765468055,61.6516391709129,48.0813432569751,48.012427749011,55.477415703416,76.6328409264563,80.687015232958
69.9832813415964,51.1277314952743,64.1458234834541,49.9271493786839,42.6772917748658,54.0974493272917,57.4849376580709,82.21800702617
65.7740690557259,69.1023416233794,61.4737375654843,46.9207860955565,49.2394570997909,52.8600165833201,79.4540573593172,80.6378127238375
69.0893353160836,76.0659274808747,62.8520723690323,48.0824923819855,51.894779423893,53.3940251548159,83.9248052795616,85.9902492149532
64.5684384577473,81.0603569194398,56.376302812095,47.530457820104,50.3208840014723,51.2484305375731,90.7626585190669,83.1560744673744
68.1942513338805,66.5060917384567,63.9888752163765,48.1032107472366,48.4753357519671,56.3665067878986,75.7951112877228,82.7082873226429
68.924498596355,68.5458998434115,63.3503902772196,49.6039317890931,50.1003872116288,52.5454630966493,76.6384218165788,84.2530749795089
67.5414767560797,62.3957388837223,56.3809638456133,44.4588373614309,46.4446344752024,47.2991099261376,71.4451468715088,84.1245595409339
68.5140437708115,72.8762392618782,63.9586631807522,49.3852283761362,49.5968181910609,54.0006511845465,80.3006150736475,83.815197904383
68.2677758942906,69.825027001975,63.0556369350319,49.4444205819189,49.0050780711266,53.2313603833126,75.1380150146241,83.2683633673965
68.3390769154197,75.0913165878076,63.2309644101607,48.9354907508912,49.8618246798045,53.4174041657098,81.7853891414787,84.3973400262822
69.8772181319317,57.9117768501894,62.0360741015665,49.8508048896493,47.5210729652593,52.3164858457616,64.8457548971178,84.0949029353584
70.3308594958273,76.5584645870485,61.8857016812188,49.7499585570996,52.5908821254647,53.1277264300098,87.5709430202941,88.7278183320969
66.4966744596649,67.5152661216755,60.8635330347848,44.4635723729383,48.6862087159471,53.0248515763717,78.2794504273881,81.7815574734328
69.3581143715729,62.6348718467534,64.4779402094263,50.9464978223923,49.3709384043112,55.9235468899797,71.3059057253645,83.6290922968682
69.2516982143157,82.2428706297081,61.7923972521874,49.0057546052224,53.6170768921473,54.5508689717607,94.3921945884045,88.0246740627531
67.8473093076977,67.3651097673433,64.4761651049471,48.0873469364932,48.6494250854559,54.7893611321602,75.2525330987139,81.9982595054598
71.8449637230489,73.0348462303892,68.8383210363561,49.6914007480716,51.572735314453,57.8789235388129,82.9697868100952,87.021750841882
69.9317608346982,80.0797496367842,59.9185342475762,46.4983001523964,51.8373026404547,50.4745205823003,92.0757156481558,89.3462678833002
66.4053021490151,69.2689547610988,62.5419206269924,46.7766485386338,48.3152873323137,53.7138204820197,77.3456316269455,80.8253298358194
68.9544694365755,81.8581631309495,64.2271613745036,50.2277363503425,52.4925093989775,55.344595723322,90.1593826711869,86.172274944894
67.6685012168352,76.0039587374904,61.5342465101116,48.4010930784396,51.6811661619634,52.5493917197485,88.802482802842,84.9265697522426
68.5250002398483,76.6643406140845,61.9311248182798,47.6701605588458,52.7267490288104,53.5413192835396,86.9325976327783,86.0644929431016
68.4858937902702,78.9144091031082,62.4440616856511,49.0969423260251,52.3388581437638,51.7655842178535,86.6530534829406,85.8368472473589
67.1978778590363,71.5735496330939,61.6328470100459,47.254622694959,48.3974909458266,52.8002657711384,79.7133088328184,82.8088708792503
68.7741657344056,61.1565398164457,64.7376062281284,49.4645971309919,45.9514409259531,55.0669818496838,70.5433948678233,82.5312194849329
66.5102820570422,67.5225537793677,64.6699107908914,48.2755603490755,47.018946681156,57.7761160298572,79.7217178025823,80.5295704786408
70.7000060681216,72.7997029957223,68.2491840488842,50.08093152233,50.2400135930844,58.2293147101669,81.311923488923,85.4190947551121
66.1208582405976,69.1024647176232,60.057364972994,48.504590909349,46.8394344793656,52.4470263834751,78.8881533629759,81.5433307840056
66.3617451414209,81.198806535338,55.8902899979447,45.2611017492569,52.1943164316349,47.2108786493997,92.6124299186126,86.0607206631068
67.0629658535997,64.5311338937111,60.6415733948205,48.2174923909924,45.857192864817,52.9208221589976,73.5636145922466,82.1069727804336
67.3719853573163,67.2586246994769,60.4322903114145,46.6092252946675,45.5336887056733,51.730808062715,75.652994591599,82.9863866666313
68.3672154496139,65.8028717293201,65.9574218376646,50.1621759778455,48.4025728572363,56.5662653145882,73.4427011800084,81.6458197016794
67.8137876190311,75.2419606013081,63.0527321901197,49.1356910871276,51.7696382881077,54.8494243953211,85.9949081884245,84.200993054147
64.1778436870028,77.0982239058037,62.4075828088288,45.0432386110123,50.9902265998908,55.7827040481171,90.4747132322422,79.7692269637066
66.0398738856249,61.9812180188134,58.2343040676936,45.0481806478376,44.5243267677158,49.4037535831123,68.6184067421746,80.883043158767
67.7437809388482,78.3912689457641,61.0169329589604,46.8443933268502,53.6532021544483,51.8588310903696,90.3825292071995,85.743494569711
68.4073632304756,67.3479327094379,62.1014331837266,49.4236527035603,50.1593381267853,52.4588891661045,74.435625290519,83.7009436238729
67.981529531733,78.4199426559441,61.5066644804325,47.1945363021314,52.4399235115616,54.9258496100976,88.3398439855371,85.6429374379887
74.1823832279273,72.1132867037305,70.9875512203631,51.4304929842642,51.1053358009041,58.0175138074684,80.3406909498969,89.3764173723632
68.7299861218616,70.9853141980655,65.1389957032731,48.477529801104,50.7638839922214,54.7117369823114,82.8053229500121,83.9362056521508
67.9312937339816,75.7656114365477,62.5139496135111,47.2690406989744,53.307047374166,53.8584566595074,86.6927404143578,84.8260384225895
64.8716122505443,76.5759981396332,63.2873475713191,48.1743661904025,51.5821681502223,54.8009524699731,87.8395413474268,80.194356882864
69.5716973234077,76.4933220358102,60.9081132164893,48.5124777957211,50.9678417279168,51.771763659331,85.0371105944817,87.7148918994337
65.5701180857809,63.064539441226,59.7237897247255,46.6589571425335,45.4838716674852,52.109884108804,72.9197423153861,80.0820269684929
64.6945624875693,65.7342708098895,58.055650860536,46.5148714203997,46.4232721034707,50.7673464081492,72.1094004435772,79.6358160331878
68.8595731788172,72.6075859560135,58.3043922132943,45.788261107428,51.0128611412232,47.4324712498132,83.0607785516837,87.1255003849635
66.9249653341827,64.8110570875002,65.27250743624,48.2567730348453,47.8173794392187,56.651614471654,72.5405027995715,79.8411266327289
70.24603321639,62.4925308560523,65.8718837850523,48.6432673831631,46.6328634556576,54.9314149964831,74.087481807528,84.2279331006533
71.7880918341139,68.6937441959842,69.4628550979943,51.3558815525641,49.3993333484632,58.726986832853,77.8970697248511,86.0189064166237
69.1068131573088,81.7721652362122,64.6181629153285,49.8960310188612,52.5831762440246,56.7345994890685,92.9776980165662,86.5259482116872
70.1793053174619,74.4590939114312,69.0641924009082,50.7666556522716,51.2808450669368,58.935803247618,85.6426742312042,85.1082463744269
69.7224980879611,65.6389385670796,68.4313626979423,49.7315391155787,47.4507421630755,58.7595608009116,75.5888567619408,83.0637476200322
68.8881205842322,74.0348954984929,63.0499604234231,48.1739829243095,49.7534274432044,52.9230439938533,82.6332590622332,85.409876245969
71.4543342583874,73.6470228618379,64.5898881043603,49.8383022500815,51.0766076374941,55.1025297883559,83.178550665918,88.3244662895281
65.0384724939287,76.652638624369,57.0210416175575,45.9777793647429,50.7263156835307,48.3742352560612,87.7975018046622,82.9480363561965
69.075406272489,71.7439966704843,60.2382002449178,47.6434823658293,50.0768188694571,51.7087973668782,78.8921602687039,86.1945488078106
67.3377446554948,68.4457825621051,59.2521338769106,46.9656114200988,50.2501133201469,51.2628542323335,77.6056429767276,83.7870156816281
65.141302377977,77.6720037881453,63.4145633728482,46.2625428565648,48.8947520124577,54.652231328664,89.3959377240189,80.6267843603097
69.602003437675,69.0842219349392,64.4445323532669,49.1221360521278,48.9794307852734,55.0389399665361,77.7780928824066,84.7859892466545
69.3429614375176,76.2299572661177,67.7760704378773,50.0027001826477,49.9956668509987,58.8616151255352,85.4486076820673,84.1450063056511
67.8019398776778,77.6081193098168,59.2046149957224,46.9593080392717,51.010623138726,49.9881960195063,88.6903463403478,86.2288899318254
65.2338633005246,66.2397920294312,57.962654891083,47.2714598751197,46.7097948841999,50.6508655576334,74.3252120442938,80.890737196588
64.8581300886405,67.9663641243674,58.8873133843465,46.8571365900535,46.7196824361733,52.7100906998648,76.0642846689119,80.1497087305573
69.4623345983733,83.7263446303816,61.456158720173,47.2158965544472,53.939839528056,50.7807326885988,93.3649780802469,88.7685419211716
70.162582847907,71.620261617877,65.865835603868,49.6153508563801,49.6026738257813,55.9345746949595,81.5311709392072,85.7004755754397
65.2322383392883,67.2353178191839,57.5589532507886,45.1942590720729,47.5255498342072,48.3259218955611,75.263028730249,81.3080511580124
69.7383449741627,64.7275608298588,65.0885031022788,52.4028305298959,47.2180427664305,54.0219985606356,74.2311694869093,84.2361275542772
64.3401848668503,79.7841499894006,56.3241898094621,43.4861870644676,51.5210949626603,48.6967745354959,89.6707999095537,82.4490955061481
66.9697121623298,69.6648772629944,58.1559719621151,45.5584196531149,50.4861142266578,49.1293437339181,77.729647062805,83.8764192142706
68.8131219364563,71.3583464980539,68.0532417424217,47.5798759786061,50.9800710607989,59.7631650106524,83.9699552274254,83.0661771009809
69.6887359376999,69.4588883484737,59.4322849837809,45.9345639224245,51.3325463578635,48.7965303890794,79.7028742530586,87.1138387235217
73.5138769416738,72.1215909185753,68.0139538753208,51.7336477384235,51.8245956916812,55.7514290538046,83.0315748874853,89.7165060692226
72.5688372658254,71.4027121315688,65.0733352752965,50.155112394591,49.7109429920394,54.4952583660305,80.3195718474953,89.1364298015673
68.5093580989106,77.1044664777521,57.048089489405,45.5353954006338,52.0183523983615,47.0386377576321,89.4658381285179,88.1479194101991
66.66819329125,66.8892617066294,63.7765037835614,46.4118880424215,47.1645753876441,56.3814050966472,75.0028761972188,80.6129490303914
67.3193485076693,66.000900956891,62.5666301544471,47.9174636033766,48.3698627001317,53.0559802540816,76.4996852326574,81.7499061896164
67.6360708361881,73.000014540345,62.2688444438707,48.2343519123887,50.9458133534151,53.1396822708389,83.2692071301104,83.7310964897639
66.3426526533334,68.1998569122119,58.2943546061401,46.5410015596186,47.6960089377268,51.1848082681743,78.3281351970829,82.6421516540501
69.2626098607955,71.0365730457845,63.5023963965211,47.2522049957832,49.3553859897733,54.4251357867584,78.6405473743414,84.8473146397797
71.0802464855038,75.4554142293803,71.2960861913697,52.4856521168069,52.9123974632414,61.8999894553267,85.5736849075847,85.4008734051273
69.6240810442625,69.6633766533616,64.1111111275068,50.5159355557683,49.4561088397384,53.2693390941252,77.0222506873195,85.1626974057155
64.6344482706986,75.5963473147887,56.0431790923899,45.8476644924642,50.0891186080549,47.6632858413901,85.510430053302,82.4095253994578
66.7373507361392,68.1111581833151,58.8504734086557,47.468825958933,48.0945412987335,51.4628988578713,78.7411535745029,83.0727091727393
66.7311645088976,70.4885265257103,60.7762523197412,48.5920612447788,46.6596563846207,52.4524870037913,77.8233891229263,82.3166481050306
67.3186044567048,71.963340227082,60.1556705271851,49.3682504868863,49.1562993145767,50.551131271909,84.3838119326235,84.1921792494604
69.7094079142876,69.6208481563256,68.1437228981526,50.9929513332662,49.5193734103319,58.5585533829443,78.4569855010947,83.6221104140134
70.5668711080735,66.8286007364271,64.6202860821357,48.7729190330241,49.3975421198311,54.7934674539586,77.6620692748328,86.0487190854296
65.7069978236705,77.1326127406445,63.8820239847991,49.5768632883309,48.2610541981848,56.2030179550493,86.4999353872041,80.9338285796683
69.0841443392401,69.355349864713,65.4918058594952,48.2957045796297,48.0730210834624,57.7126892655836,75.8204650599233,83.5945060038263
69.0097994850418,68.5558333908129,63.0170344934371,49.0031815929356,48.5552987432854,52.5705838037062,78.5347626706501,84.566025169369
67.2400351902034,73.551390390816,60.1498799048385,47.8310408374488,50.305585937375,51.0594231295237,81.6768233463075,84.0302158174391
70.4851835113288,60.732010767901,63.6994962325613,49.6436427942194,46.7978005179261,52.7670891160418,68.7751158979244,84.9560788709342
68.7382509619187,56.7133636578646,64.6625026680143,48.8384706699987,42.988942656884,56.6492814006269,63.8029218231734,80.9991212340054
69.7255050383963,75.3467548903073,68.0028127273808,48.6251006983584,50.2591190321398,58.0411549968964,86.6718707373875,84.8105537096604
67.9677760869502,87.5098280713686,60.5162136716195,47.181044839414,56.4663544640684,51.9565061283246,99.1703927109693,87.8598513283671
71.0489061956299,71.4973445968004,65.9203405324366,50.1100082875607,50.6305451043468,56.823893685452,82.2701652704601,86.811543250139
65.7835941511787,63.6082876269405,60.8005411019279,48.2637262919462,45.1898898116355,52.7433097510414,72.1941609062992,79.7728131365165
70.1286345379946,75.9548738972342,67.1964111724577,51.5127376149615,52.9126283567913,56.8225080680576,88.2802894563674,86.2242937120237
69.9900838653663,65.0002916779479,65.8084757160257,48.2024871430037,48.4371002757426,54.7684690308934,74.2136454070494,84.1506045851695
70.6832936316317,66.8444183677471,63.6282176406107,48.5133478071567,47.5349630106184,53.5212726209834,74.8679153917503,86.3179819994891
66.7771916499663,72.6698541558103,58.993574256628,46.0169884210939,48.7184499549731,50.2727143018305,83.410090917412,83.997794444621
70.9300471321066,68.7318222835398,68.4528605905686,50.677121866956,49.4700883447062,59.3629034325594,78.618399935497,85.3339523769462
66.7296979042215,70.4889708631665,61.9424131609898,46.7719218012388,49.699942109911,54.2511103254647,80.279299815395,82.076507303847
71.0143927087686,62.6513229211117,68.3026062619928,51.6445170372839,47.6253967617098,57.5805850418633,74.0693593478443,84.5641094059702
65.9648777101749,63.8881042141892,59.1639319262844,45.9346916750316,47.4441097026819,51.3804240844847,70.9026569219257,80.9861560682947
67.9279340435513,80.7631767560696,63.7403455186481,50.289510401607,53.4908468083454,54.0541392835924,91.741386567178,85.1588001202382
70.6867301975738,75.7409168568949,64.5821362167616,49.3908001560429,54.0427489980083,53.1638442000292,83.8524541957595,87.5247416253228
67.7749856624913,81.9774620928964,64.944620038015,48.9740537553847,52.8142964163804,55.1399021123298,92.5283998956156,84.6065716804504
66.4466973718625,74.1819011631028,62.8403912661191,48.9603971367403,48.3046212463971,55.1130494787559,86.9178189711136,82.2173601952248
68.3614384657796,86.1651577683513,67.9689304735987,50.3035283433174,54.7161224034956,59.725018993207,96.8511212980984,84.7709522113614
64.96833742129,71.2852350733548,61.9006273470859,47.2222114943688,47.4189334188345,54.81663056245,80.9977341785975,79.5538031236243
70.155210463136,69.4181838822073,63.8093871238966,47.7050199106523,48.1219414250828,52.8236991128271,77.5943827563595,85.9450053368344
67.1760245023095,65.1360585329675,65.2487627265874,47.0256347897858,47.7122763483231,55.6291528615362,73.5561029500707,80.4093365648626
70.7335217658133,63.0155369997848,64.2602057078972,50.2515071491388,46.3951359924547,52.9649900968994,72.1313790193743,85.571074391989
72.6769733670463,68.4004799938406,66.4366801471409,49.6957770863759,49.924624549332,54.5320720241567,77.0428591568784,88.5301640363187
66.423301255274,60.1272488636487,60.9248802033521,45.2527473264268,45.4876954224431,53.9985842956334,68.328903570867,80.3359278541855
66.9084029215896,73.4019246820129,63.8467567225671,48.2586001620142,48.9988936000352,55.3064180148766,82.2060766814567,82.004524370603
71.8760113236405,70.7943981883141,66.8560760891898,54.3088101017816,50.9251721534539,56.017444342809,82.585279392663,87.8261650552092
69.6707130450373,81.8854359523652,68.8787165160945,50.5327142300158,52.9417381597844,58.8372863143872,92.7401440327234,85.5303475517832
67.9078536380129,74.933609846745,62.9212167892652,48.849915266988,51.259649621268,51.9660593214176,85.4144064174338,84.2235314284769
73.9160691395547,70.815871666501,71.3049909004062,53.3217740642966,49.3653269191847,58.5181709226327,80.3939616417277,88.5953124846139
67.473446503633,68.214981700865,63.2634275872735,48.4672105316471,47.2183310122374,54.9975861690209,77.8284512072174,82.1228782917079
67.9846505026722,77.8967617200043,66.0741451877967,48.5540016333447,53.4546364696633,58.9578204591619,87.7913186798232,83.6732785594037
67.8546368156723,69.6100183045734,62.7948844331335,49.5657087177497,49.1663793486853,53.5943023568174,78.7553541645037,83.1425320070544
65.373365566258,73.8668861095199,64.1189658862324,47.4977799750131,50.7788954507642,56.5945343536225,81.5047008830746,79.7878925913244
69.3304469447039,71.5120304380543,63.0438304038007,47.7231858511502,49.8203728629063,52.1206175863963,79.9252646680513,85.607896688661
68.4143369040067,70.2539937590935,63.8122699498274,48.4431681504008,48.3879157246952,53.8251510416342,78.571468883673,83.5031589062868
67.6764363979783,73.4790851237847,61.131253699748,46.364680287991,50.6865605615406,53.0371197894261,83.8988089372358,84.294991850146
69.4091193484861,62.1126286249467,60.9760877790398,47.3810284850064,46.7287101545013,50.7572632647554,68.7731220424831,84.3882462349543
68.3716314300793,77.9795244338724,61.4211539957304,46.4200808046985,52.9262150181888,51.607445738522,90.1486714149677,86.2609002586586
67.9326122758492,72.4933802534166,66.3699581087594,49.6981269341322,48.1116350673904,57.2310291291174,80.9117982819578,82.1912744060191
70.3809139018403,70.9719242647309,65.5023001913303,50.2893134215541,51.084637359012,54.2976956747577,81.7567809070728,85.9821851614996
68.2627383143673,63.2474175168739,59.7445230797054,47.0435080908732,47.7064043867215,51.3030637681974,73.5779596737098,84.1909253443618
67.7163609429682,76.1535861420395,63.4327409780337,48.1559260090032,50.0375347905473,55.0396288238825,86.0218158684442,83.9382548750822
67.1509407420668,69.2562347180162,60.152618887889,45.5796151589563,47.9124097308101,52.7351724247717,75.3103318371347,82.9376194591791
69.83044281696,70.0943531155185,63.2146501229511,47.7761428887583,52.599725893154,52.9656887509954,79.7729499174651,86.2407333470674
69.8856416843957,64.8123846578856,64.1518070231568,49.5219978805065,47.5922895382271,54.4404851946093,71.517424283684,84.4294493649039
67.9576736739839,76.1692697127502,63.2073363541408,47.5333417491447,52.7259037953825,53.1315605552875,83.8478184191675,84.4421906351473
71.6707019867215,74.2572707031004,68.10013578281,50.767482961956,50.232349323328,56.5094548138115,84.5789007062213,87.3468643622934
65.9109835173275,66.8233276607716,65.0008633310309,47.514075310951,45.4372327881676,58.5778180474578,74.058585975286,78.8233004442034
65.8339803840747,69.7269969769181,56.6222477852117,45.8248323682848,49.0430946399314,48.6399224325035,80.0548632660777,82.8573625409017
69.7568250267272,77.8778482321258,63.6223530334087,50.1277406393065,51.2019024769725,54.1209241498557,89.1063879544833,87.1970359376889
67.4062583243595,64.1064521378375,63.7673371422413,49.1243264669861,47.8768377509,54.1694501837237,73.2044077698264,81.2637736036255
67.702062582396,72.1695757937219,66.5351710744653,48.7180005766971,47.701847220819,57.3169543359467,81.1671151619054,81.854232481025
71.5567599151431,71.5594342143335,68.2600391777736,51.4886989245334,50.3423318684327,57.0222237935885,81.437902632745,86.7661318292862
66.1350819071904,72.8410166648583,59.9961990675375,46.23425002971,51.1994460584549,52.2059020275892,82.3045135796875,82.648461244092
65.2367200088191,70.3026918481054,62.0166744671533,47.1623421211535,49.9678536769031,54.4386749902516,80.3647336765904,79.8610138662876
70.730040659265,74.575474982975,65.5587908153334,50.9612582005788,52.7010374349314,55.64586625316,85.5363037678125,87.0859011284828
69.0843124813142,63.828594350139,63.0886966288411,49.2535172368305,48.6898672578835,54.3889977262772,71.1003186882338,83.7451022436922
66.8264182056714,75.7177316034755,60.5983781800072,45.9938393808158,50.7267387664811,51.9089391656397,84.7842714362,83.7543557009593
69.7919750364809,66.8339348726841,62.6545189837047,46.739356951863,48.4877056193821,51.393446669462,74.6555119992752,85.2194521903223
69.3126210032174,73.9727646587686,61.8535924901534,48.7638205812697,50.6626898506792,53.006280416207,83.2256188942168,86.5223121940836
71.2639978680459,70.1688743784833,64.6287933463151,49.2463906165368,50.2517841458951,53.2776001951657,81.6645423095047,87.7648407954177
65.3825693725515,68.0222837555513,63.0780914764317,47.1669210753416,47.9314054410711,54.9798743817931,77.7540672005504,79.1377204748209
68.937762773188,74.7677167241958,64.1679858549964,49.4007384003439,51.05919034927,54.6660708267184,84.181126703625,85.1928194357362
63.880716944433,67.0874810235272,62.6479489941845,46.5599377244339,46.3745444654688,55.5591394732684,77.7647725244553,77.123148433542
70.4683855394204,74.9695641443668,62.5245867833747,50.0197263069542,53.3801376793844,52.4873621900672,84.0771153267913,87.9517601332371
68.4843873222742,67.22806992664,61.3676487392372,46.4097960151991,47.4101708275055,53.6941026413579,75.8922383999122,84.098910792954
68.3617037183695,72.4518108744892,65.7411457314945,50.6368950131172,49.7205069445484,55.9479409378027,79.5767858346203,82.9508296659147
67.7349408611339,66.1603675966101,63.0470174096783,48.0969913412614,46.962266907352,55.639101645015,75.0462635251759,82.2938164428519
72.9344638688099,75.3634353841037,67.6731629758984,51.1953690818933,53.5718596131706,55.2639255001018,85.5561717865632,89.5890895045969
69.6871077098137,72.1432521465644,65.6735042927754,50.4103992610276,49.3486734203182,58.2134563434309,80.2365520121031,85.0427796169358
67.969360136976,70.0104698288972,60.3960455940855,46.5771296090972,50.1175236583353,54.2528381584038,83.190616484759,84.7635182103584
65.2619216715153,76.0960453199087,62.0396793168566,46.483010514494,48.5965324944838,54.4366289818236,87.9803249029712,81.1140491420892
70.9634825907887,69.6165243576794,67.0344533126947,50.9687398321736,48.6663665289241,55.3723675891889,79.2264507028119,85.9980121303497
66.1124085450327,70.3657846542174,62.7606858363556,48.0651183134871,48.2224965400991,55.3446383419864,79.96693356532,80.7538471759148
67.6230592303937,68.0669750978861,60.9871605427166,47.8495557401551,47.0618496931785,51.1244413790031,75.0496522705788,83.0698213818771
68.1997258683223,68.7086593180891,64.9021002577871,48.9880096370819,48.7358071620182,55.2487290461647,77.9049479025825,82.6375572250322
68.9877619043913,83.211682608022,63.3748529228945,48.966135985085,54.0781290267479,52.8561390599028,93.6083612733037,86.9866634276622
67.3712669822539,69.9120688696707,63.2138327949785,47.7072387145874,49.8323903096734,55.9692772751499,79.4015921145,82.5457002535448
72.2426803040581,74.6334812236121,71.86312049893,52.6091437749163,51.4719550771033,62.1652800117399,85.7013170989641,87.010541100008
69.398941146674,77.1909778489676,63.1160768105795,50.2206435663265,53.0335493798972,52.7329830729764,86.0152022180146,86.8011480040485
72.2703381588477,67.2536075389232,71.5889432282382,51.6857314714889,48.950483750354,61.6286247005246,76.8575136019128,85.5117584522954
70.03388298219,66.2431607536272,63.3548877503022,49.6697446262273,48.1645536285822,53.7902062437302,75.4442354127033,85.6498703528282
66.8366160241055,80.2050608275684,60.9545489717641,46.5352607104112,53.597608172086,52.1131582780841,92.4084619759191,84.6071861697429
66.4893015169157,62.6355307304003,61.7774175168936,47.4960448941691,46.6946865329637,54.1159424409791,71.4716453538641,80.3913496255222
69.2992268883875,72.5223366042763,64.8989837784757,49.0525590774557,50.3716100506228,56.6438212589617,83.3623093128185,85.2679479104931
66.5725215394929,73.3889066240605,62.904202569435,47.7964684903081,52.1636396152137,55.5136949531078,84.8290943906406,82.2504710211178
65.4515544578108,68.7947631444079,61.5245468458908,46.0093432265019,47.2973107784655,55.0049460488307,76.9801809951645,79.8999146027434
66.2236036534599,63.449708460684,59.5924144451536,46.8704291468307,45.1807478495959,50.1608660967329,69.2335217750927,80.8973296758322
70.2516548457813,79.1592276801046,62.2660491974736,47.0754146636444,54.3995837991448,52.6232547420556,90.1670012739909,88.762224601549
70.6300947633527,74.2582138987218,62.127033673265,47.0355495214509,52.3607461557251,50.2741789226552,82.9987028333673,88.0442805557713
69.6635960709143,65.6577713945974,65.001203119831,48.9721009702713,48.1029122601359,54.6892460604094,75.1150889858502,84.0115192390508
69.8363095936378,64.1165220131615,66.8599537557965,49.8761733011668,47.9890143368102,58.678034827188,73.7315167494151,83.589933035852
67.137961367933,64.1081246357124,61.202496415622,49.5916374384369,47.4061007147321,53.7213742503762,74.4700200377632,82.022226943661
70.9707756282039,73.0866031406111,65.1188733979084,48.859014740329,50.2366882100026,53.4717885255016,82.8568368973945,87.2780206886275
70.5723138606385,68.2850782569879,63.675400761983,50.7948118507567,49.2290983504106,53.8227520132188,78.3758833798595,86.751243636311
69.9924947106939,64.6440159982195,71.9152204367103,51.5780885763473,46.9394571404816,62.1695425674201,71.0430936977983,81.5085406370217
67.5712342274599,64.4866461890802,60.0094817858266,45.5607697086124,46.4195909343294,52.8451117976146,72.0292240678898,82.8474478273987
65.313878527192,68.4275665944077,59.9389526162613,45.295292465465,47.3299735527494,52.2347105593112,75.8274370470058,80.3444938964502
68.2578854592073,74.863196825908,66.3796087453404,49.7410944158987,49.8558293044336,58.1289312149958,83.2835389559451,82.9368379231868
68.2670066553277,66.8558649288589,62.5767924052331,48.7172370844201,47.1037414859336,51.6063590194201,75.4491602684174,83.5104398611207
65.1229164653587,65.6036254654789,55.172229983103,44.4357314164625,47.7917858139698,47.9180320477677,74.8620466893111,81.4410792117127
65.2764053265521,75.4621121863651,62.468047281381,47.2748467668962,51.7011766801654,55.5469309869374,87.8869134083425,81.0185493830643
68.5545094499087,76.0672327406626,61.2361475846546,48.1641408987157,52.6429570319546,50.6092626874409,89.0140886189751,86.3821419306525
67.023309744222,69.4782334367102,63.1134794990806,48.0008445632064,48.2433473450979,53.9050824283535,79.6987159525338,82.0805909943355
64.0210390252043,66.0879624469532,59.8762101184178,45.8482920466183,45.1435759093359,54.3657214055521,76.4513188910101,78.4046134252859
67.3661524035633,71.5734906259413,60.0330776287658,47.3426115298632,50.9221310417347,50.0497957226389,82.1586484797931,84.1652278244851
65.9999189997151,70.9493379440018,55.6632857399852,45.4399394609709,48.9573641924383,47.8081946184067,78.9225256572251,83.3456797902061
64.6819960852559,76.1874300950737,64.4777179261337,47.5778459079973,50.8326368264526,58.9044408224941,83.981416793069,78.8735579248017
70.0343759269754,66.1265161552776,66.042700376511,50.0763389876138,48.9546830084987,56.3984184853078,75.9567363663138,84.4854841417613
70.3133070665058,66.4392592744883,70.7994924067853,49.6621133740452,48.6762240402743,60.5658000856807,75.309870716283,82.8501277028277
63.9212791572241,76.5432284350167,55.9468198641207,45.858034529059,51.3511065727579,48.2201693780554,85.6296335591371,81.7474239511011
67.1145237709873,68.0575039843636,62.867718360756,49.1676422678244,48.9370507457348,54.8515461773818,78.8968283708227,81.9628924629357
65.3578533194212,63.3873167848111,61.1702249104797,46.4711430404422,47.8136391349651,55.2391148920395,73.5594166893528,79.1863583275458
71.9114493291868,70.6013797206822,69.8282429549183,48.6854810880949,50.8014659116409,58.9860312264466,78.4688453951316,85.9341791944901
67.0635711409463,79.9115520187744,61.1765400240367,47.0905789631129,50.7041060075765,53.8052863621823,93.0160686354386,84.7585432997447
69.3613292402247,76.5751048094567,62.25553695506,48.4984594550295,54.3066717393044,53.0887402947122,86.8173266865342,87.0060495993372
71.2831495657391,59.9682607728062,65.506755561945,48.2384661792154,45.389723619139,53.8766459314379,67.0318156810132,84.9584457713231
71.3654794383894,73.4556214760315,66.5372962832447,49.6372531012026,52.6618658913072,55.9307373004194,83.4989765380625,87.2884994489093
66.6246259095078,71.055086831924,58.5280102610252,48.2029352451158,50.7971218293137,50.844388694072,82.2186735456703,83.5617335010222
67.8622311997562,66.8620906762072,65.4218028864548,50.0306150205574,47.2052825320263,57.5752879373482,77.6427577369475,81.9776738463258
72.5451725501265,75.9715320104874,67.537275123681,49.992376640752,52.9412573099377,57.5312935846264,86.2173757983408,89.1855216852481
67.3359381453305,72.1857536968402,62.3652766879818,48.1725432632607,48.8745555856427,55.3200323186092,81.6706996818698,83.033470090969
67.9138572217991,67.8323741058599,63.8493298396819,48.7400186495119,49.6648376481334,55.1384977923845,79.3320213048061,82.7072269703995
69.3622588882701,72.4401292989671,62.1222798390703,49.1640674282538,50.9544885848103,52.9754661392098,84.4157532761551,86.4107424955898
67.9271614895762,75.2821609077837,66.1410093157963,49.2511375000853,50.9943522227286,58.4192764948228,83.726001219838,82.9485504751149
66.5800157970605,65.9997018178743,61.2557066914663,47.3747643405255,46.080702197886,53.3849826020056,76.0900896126732,81.3618960279729
67.572132263646,68.1655401692846,57.717232257684,46.8201792025373,48.0715062464733,48.8965689490251,73.5916797993805,84.0998021647897
66.6458138004472,70.8887253574334,57.6813459888326,48.1218708132468,49.3195802174888,50.5280188007101,77.3485645919234,83.6367379989358
66.9282798563133,79.7011589027155,59.4942031338436,47.4485612095264,52.1104142921609,51.9931981280722,90.9581093153738,84.8675409430152
66.3719056981121,70.9731338613915,61.9013087077046,49.1176311521562,48.0139950715528,53.267813690446,78.9793699552227,81.7312562435856
68.8295349965414,68.9507283236223,70.4537218753422,50.397386578422,48.487145837909,61.8226070281295,77.0477803776457,81.2223559644844
71.1097423956113,67.6306190951476,69.7626971894966,52.3610044131402,47.2431906468333,59.0628088708173,78.3965573587533,84.6065714007592
70.6893219218178,66.5895595050926,70.2621618526402,50.9875064906017,49.1500489213143,59.6561721610095,74.9999103990397,83.5356107586322
71.9367876774661,81.8416224219457,69.5259076528258,50.8687689132723,54.9716675907148,59.8820374000023,91.7578082598294,88.5893597277466
67.0400775341988,69.7782429673187,60.8772557744485,47.9737924012548,48.9821604680332,52.237613343638,79.1141669593263,82.7875071673043
69.2645925076865,69.4938923802977,63.3167041387029,49.8974259116509,48.2865442961002,52.8550230571687,80.5181814602878,85.098075981423
67.9681850645821,60.7521235927769,62.7253498145353,47.9269886071737,46.416760634382,55.1779732550072,67.9408099247315,81.6344777021321
64.2597617296626,77.2269372711018,54.1704603164876,45.3132329602727,51.0494986591939,46.4737349620927,88.1951122107738,83.216240693683
69.5708500551974,74.0756044791965,64.7674138927995,49.8127716620723,50.526648217355,55.1345263237324,84.4138884271445,85.7194730847324
66.0847589851029,68.7837756178584,58.2793267406125,47.8233370101228,48.313075562883,52.6701720818088,75.9340865475777,82.260845911309
64.2965051543951,75.0246680513586,56.88578143762,44.5364694008267,48.9203914564131,49.3284617028902,85.9503767664203,81.300286368285
69.7920637856607,68.7294856888591,62.2728215585218,47.5091844780606,49.6348917788113,52.8635380188311,79.4139271435697,86.4318656848025
69.8238078261166,66.1223026380373,63.0225969631654,48.2998221973888,50.986052237725,53.4184353210711,75.6288291234305,85.3001489561422
67.1494655587451,78.7012697236938,57.9386568601558,48.0840343274873,53.2737466016788,48.9847462597345,88.9856187295315,85.8005687244614
68.8799803024253,67.8593128432992,60.5592981804791,48.4048320807143,48.8760265573102,52.5261186751735,77.4244631302963,85.3199889651907
67.0557683572203,64.6170481610599,61.2557882410327,48.8080722302229,47.1053055588159,52.9601685009735,73.9097149913528,81.7789260769828
65.2514250502409,81.8811542966682,58.0044455146351,45.8652877564278,53.0804949475214,51.0320627568837,91.7012138273107,83.5399507098257
68.2489968504437,70.4592301428367,63.6538297832706,47.9200551639614,50.151654683708,56.4454743794668,80.2088977074612,83.7444009622187
68.0228771208892,70.4184712545091,62.6379151335583,48.0081114940371,49.1619710277151,54.3975136055238,80.2059366677337,83.6146044988254
69.1594214859978,64.2446470333476,66.6806872216629,50.2407439906836,46.9104106199804,57.0765986133293,73.3489807409171,82.4740447703393
66.7198723965944,71.709785940963,61.8240509514776,50.0071192526543,49.3404838835011,53.9501976559799,81.1229061095045,82.4839866072709
68.1032836277221,75.4358622643858,63.0611305105029,48.0007003040511,50.7484121348732,53.7342769889109,84.364371113247,84.5366721040597
71.28859740936,72.5442876025807,66.7042982981537,51.5424091950206,50.4185823324691,56.6595278786868,78.8495936003759,86.7605974487173
67.3164974883973,66.8618771248012,61.572378015913,46.4892151061829,47.38708334274,53.2336046542535,76.4564459335819,82.4305846098064
73.2507990326175,73.2535792126727,64.043264368024,50.5271338310555,51.9130019921492,53.2927793890282,82.4454501684323,91.1947535481624
65.9513662451461,66.0275933745635,57.2560297673486,46.918435660052,47.0806303657281,49.6741241303523,77.8645819556135,82.3216054069488
65.9031197022306,68.8693136442334,58.2898202232924,46.0119480220203,48.7977758351524,51.3191460276974,80.6408911421367,82.2858297795571
70.0027147915793,85.6878254270971,66.6422724425609,49.0025609775825,54.0468299242458,56.7315610073633,95.4655721223187,87.6369963037225
69.7669868317692,72.8735842045573,66.8284648989813,48.8893848841024,51.1527115763068,56.8301307206224,84.8598989633713,85.0063725433615
68.2703560443402,70.3944085836812,64.4974658788676,48.7313357501595,49.890999176355,55.7473135103318,80.4885854059322,83.2180430640215
69.3648180527939,63.6131158122737,63.1492627348108,49.6934493434472,46.5916461099801,55.0510923644889,69.3458957368812,83.88587582489
66.9922930975785,63.5127765892593,64.2122740248542,47.8052351563791,45.7909348556029,55.5898496739753,71.5259505419896,80.4155105160908
70.010528677389,82.3612418654201,66.4456940544435,47.6627100083501,53.7309050996627,56.553407668079,93.3761476800886,87.2568648396787
67.1632537769534,69.757031645948,64.4547769901859,49.019995076497,46.7443723778082,58.2887296376964,79.5119321668923,81.6956443998279
68.1116128009066,72.1789233504316,63.2285621912332,48.4754035868193,50.6460914337388,52.8261916599015,82.4035391092726,84.1959141698588
68.648554147301,71.9992935368764,60.4805637285626,47.8424806422146,49.9831269635563,51.1021501839551,82.0306285747684,85.9163825341035
64.8126812527455,67.0621931024534,57.4353945388553,45.1710404066601,47.7561026397753,50.7724550798232,76.7805776969225,80.4095302385302
66.3115245314217,73.7561650532453,60.5657547325573,47.3752130880003,50.8668721992244,52.1954715971429,83.4900187541929,82.6367778891771
68.3925207584273,70.9238427990872,62.4540018199882,48.524072809385,48.8200290241277,52.5779286092943,81.3734458076815,84.4418105568558
66.3684757523969,68.4349268723692,66.1277472369733,50.925961313551,47.3275689947473,57.6240706966097,77.3322964069617,79.453533447678
67.4692103165596,75.1834827846076,64.9661146096867,48.7125424300029,50.248755663594,57.2516004983362,86.2371419334339,82.923714430092
67.183590183936,67.0528034896576,64.1873741356279,48.0017741583271,47.2506193045948,55.5744346853073,74.2318643709996,81.2282603780595
67.1942726505875,67.3254070826709,62.4333660813928,47.6895719643277,47.5536381735607,54.2094516775996,75.834533194551,82.1621379384505
70.6476619163192,74.0052984817135,64.4375260119511,50.3688062861812,51.7065196824731,54.6198592806894,81.7968047684746,87.0772739709699
66.8259642878433,75.3429994761196,59.537922386403,46.392847789698,52.7020440107508,51.0510430563815,86.8719393744884,84.3068122740938
70.23712866091,69.8376624270091,69.3109451512594,51.6845897596113,48.0589349014863,60.1375995322033,81.1327903626911,84.3003566814866
73.2491366038698,76.4708609278992,67.0210058037222,49.4759127905281,53.9944130672101,55.5486952240759,87.7600790353803,90.3739795440544
68.2843490480341,66.1495122759878,62.3406778896355,48.2212360537562,48.2775441332886,53.3380746452681,76.3240995228069,83.6440536380424
67.9688029710487,74.0326048640686,60.1894346057622,48.6494506179871,52.5954694267345,49.2706859888678,86.2951896357995,85.4978029117871
66.4453245351737,65.1475996051081,60.5050067683092,46.8215596740276,45.2064687556038,51.9679121875249,71.1898649373312,81.2702106111217
66.0831944131883,72.5648960902861,60.4480609750808,48.2799639088481,51.0492307612323,52.4408583536696,84.9123899172458,82.3972630350165
65.9662456365931,68.1352661318129,60.75725817004,49.8212626461581,47.9228465392017,51.3684402983819,76.8389266015533,81.0136566826855
66.2701202759986,65.7042772208209,62.000118983633,48.1853020303297,46.9672430308923,51.9136300160437,74.3399893904009,80.4955465450827
69.5480517365922,68.9872008511305,64.3541110264223,50.4389114792524,49.3024231108765,55.8838742630195,78.4703442125023,84.5219456038491
69.6367985121157,71.4158748569583,65.2779728504298,49.2098713745435,49.618962781406,54.8807892787434,79.5379144434891,85.0249998334572
72.3627129778363,61.7373729353918,64.8860932011697,48.9620310929065,48.8163858282512,54.0837986580461,69.6186727632332,87.3431395810765
69.7197925669888,72.1537656147592,65.3465019310054,48.8075822953429,51.075967335164,54.3307518511119,78.3499239448041,84.8833280566607
68.8569263579064,69.7303443782316,63.9825935700095,47.5443022798058,49.2690845745701,53.3484873697134,79.8605809700589,84.4258499674493
65.9631272411397,74.9932415966664,58.443640411634,46.8092988309631,50.2564682723406,51.2275070058139,86.1168420965801,83.4269483155913
65.4154706029096,71.1728443269044,59.3548530448423,45.9467135692149,51.1297954924558,50.4430542461071,80.7049507345681,81.5371509529975
69.1909375971392,61.7594173916615,64.2373190292212,48.4601549252136,46.0174640100172,56.4619645213667,69.0800679426189,83.1486582135179
70.28658322934,69.8768417456551,71.0669614507972,51.566799362185,47.8682428768904,62.2182823852518,79.2005012220933,83.3460419990179
67.5558174002386,70.1222532105831,61.4483308772641,47.427982738827,50.8979990331832,54.3965238160665,80.3519595563052,83.6497541774022
67.1754034920339,64.0423974164991,62.6994590123077,48.3369269239244,45.2275191921191,53.7305189939421,71.1264155553785,80.8460648129281
67.3398419332223,70.0474972088115,62.3511428786787,49.4758966349481,48.1370185655676,53.6973898417951,79.2592459845178,82.7520666188715
71.9108980217739,58.9327218957975,63.2193573929645,49.8821440090177,48.9357464094518,52.1911131964004,64.9137521806758,86.6621670033833
71.1927424265084,71.7552156041812,65.5788464352053,49.1750770309176,51.6186976108867,56.6668435849321,80.7424859244189,87.2265040320616
69.1204008435418,69.9755797808888,66.0722656825031,47.6105229280772,49.7844079271391,56.4518686499066,80.9608763951573,84.0233561014058
62.3368212892817,68.1296802509852,57.6233619317442,44.8604415184503,47.056319332738,53.3407320478921,78.5730257459979,77.1897880741421
68.8344869983536,74.5654797619975,58.0057531348234,44.7980685848089,51.818707024046,48.4976179991766,84.825466405598,87.5830798073924
67.9126220930948,67.7035184183078,61.8552649116957,48.773568357112,48.6494678512967,53.2819857754013,77.9152760348028,83.3182747773093
65.0411286291463,70.8533033450133,58.4312274140476,46.143561980254,50.4544138918154,51.7524409971143,81.3230247476496,81.1078247348793
64.6998431814887,72.947451504977,57.4625399744299,46.9033340213108,48.8434852962441,49.7876827418484,80.4751921335999,81.2329782636389
72.0464729982822,70.62595391462,66.9404008441904,51.5745528263051,51.1044264155124,55.9385746343917,80.9460153255613,87.8845302744634
68.3492246824357,58.5525608458893,60.4115132832475,44.9138785433373,44.8469580788899,49.4364783086327,65.6213891652013,82.5950374738455
69.3782179373901,84.5267402849265,69.5184567847312,49.3188658241966,55.6535066015926,58.7306310102742,97.772292341304,85.7293926401328
67.4749780200623,66.9003506406189,66.4569979857479,49.4704347749502,47.3803121644589,58.6322366633333,74.0889298699184,80.3098196670848
67.8719086638148,71.5322212851307,61.8346893676876,49.0943069366919,50.4795467595651,52.6261029410238,79.1684162051667,83.701933481198
68.8178065893603,76.3504800435225,62.886457308885,47.2973886286863,52.0367767678213,54.1573930104771,87.3847575426339,85.8053777882365
66.9396695697348,68.9941919899704,63.2454789870087,50.3450643384319,48.1965492592389,54.5700544205829,79.6908480987124,81.6321786227235
66.7077702319054,59.0161117950799,62.1336802601569,48.057221224616,44.6757129144642,55.8595756718575,68.3946088630621,79.8870858689954
67.4105520711842,78.6984819659766,61.1876823997259,47.1228550226657,53.2784657019338,51.5705329204468,88.9224961272283,84.9992878235491
67.2716681345391,67.3568145750812,62.8949944315406,48.3332057711935,46.657554647028,55.1603431609283,75.2966746687597,81.7216745737698
65.4407994832933,72.6609125495062,59.0233477620217,47.9955695271897,50.8225287612998,50.5094533281592,82.6446692791862,82.0836518875877
67.8291806986559,76.1267206834751,64.6187553196748,48.651793946941,50.4046631245976,54.3413601294997,84.1044085435878,83.2182100003991
70.4661372640551,73.0794552550893,69.7404449670737,52.2466180913708,50.6894215346227,60.0296130840618,85.9482379634933,85.0721868437602
68.941201614337,81.0628814334431,67.0421139103212,49.5061266661946,53.6096590386501,58.8877899834103,94.1601067837625,85.3399437487876
65.0628972182267,66.8686644321167,57.9054344063844,45.3923783869817,46.9654669430691,48.7991841973312,76.4462672711268,80.6363137179961
69.7813753183245,68.2859148866266,66.7724254921599,50.4904471626553,50.4219254965734,56.1087240363689,80.1724759412348,84.4538533430592
67.1512541002509,62.4788536312263,59.8589531763243,47.8049441554302,46.1594275996662,52.3766665578635,71.1256259116016,82.0155292310336
69.6443248415315,74.4979772143572,67.8175721986223,51.7069560003829,50.304676454635,58.5876311682085,84.0505872189909,84.5605120458875
70.0924320998637,73.5462851079974,64.0300705910066,50.9319837132475,51.3880489303299,54.5762780874954,82.7559006095378,86.6310496222299
67.5508648875899,72.7943948727037,60.6590516296369,48.4428511359774,49.6876480741094,52.4735925018524,83.070353729576,84.3623352593257
70.7424543951953,68.275768295519,68.1077461650868,51.6727670040139,49.0573707254259,58.7573507718115,76.2072824457427,84.6484503475543
66.0041906637107,83.2270316652193,57.8076315176374,46.5228091517434,53.1300332939697,49.587604841127,94.3492997608391,85.2290602970406
67.8603032384632,73.6651785236877,63.4137826649442,48.4493706051837,50.5418755408482,53.9171474359045,81.0229266764719,83.5729019874147
69.3640963407497,70.6095400231895,59.1827184980378,46.2333218888756,49.5602163092309,48.8437088025669,78.8815063174041,86.7717187334092
66.8193868166092,70.8313387266116,63.6435330216087,46.8473102597123,48.7687856249809,55.0813442990025,81.8502927199233,81.8703486249422
72.7081400200114,66.6049127192065,66.1082853026716,50.4233317759144,49.6718200682291,54.5787749382744,75.3654251637047,88.2018513830716
67.4529548160009,66.2263431464317,61.6034093469387,48.401488896157,45.815129360683,52.0980778835682,74.9643495758793,82.5813532037889
66.3376722829931,69.9361689533479,58.7636494151336,47.7709381151091,50.151052328253,50.4191120305022,79.7186513910402,82.839199529656
66.1256612566258,70.4974605187015,62.0832574320502,47.1636454820321,47.2500744353959,54.7009485150818,79.3178017450197,81.1992203876025
66.5733292242113,72.9135255718377,64.3179670562348,49.2931171975584,49.9233497797332,56.1305142340686,83.1757303178762,81.2859292561195
66.4160176742153,72.706477257603,60.4686433851548,48.1458980792144,49.7647720452861,52.3308807903175,83.7917457948121,82.8855711741383
66.6105930386596,67.160127234297,57.0433580595025,46.1728396824269,48.8584788743963,49.0111351592527,74.722643691843,83.3652570638232
66.855505642554,65.1899985159787,60.5241475245535,47.1856322697341,46.6448143195887,51.8750859051088,75.4983521398551,82.0328733572903
65.7042897802896,77.7484423879261,57.8778332907276,47.686071444798,51.9040902056363,50.7152128238964,90.9604716638101,83.9209118537435
70.8056421539577,66.71360341228,64.1079791816035,48.8404688422898,49.0055472762245,53.3824674932631,75.1637627058253,86.3804104012308
67.32075737822,83.4242288355162,66.4033734130471,48.9570285754705,54.3004219401698,57.9983751721003,92.2622419598412,83.4118123003461
70.4138672891344,74.5490309263721,67.7823980803723,50.9346575747263,52.1769709863465,57.5203469494009,85.1845555910251,85.9072416473396
70.3372670110305,74.8824966587493,66.1584517556531,50.0075829959459,51.853346798293,55.443265032975,85.1205545629215,86.7042383460532
65.0495433003758,72.489825393227,58.9379102286536,46.720533442917,49.5576997518533,50.4711163804537,82.6622253149431,81.4833458190286
67.5940091685817,75.5970968913378,67.3860177114995,49.6862843813447,50.4634766747896,58.3535033310931,87.7809800412419,82.2985029121984
67.836574271704,75.6169509510815,64.7603758995912,48.9650849129135,51.094245772222,56.4504785669267,83.5171845316083,83.2851647226297
66.6694124161284,74.5878149793226,69.3912028781166,50.4754926213276,50.0015316766359,60.7429098642851,86.5940771429513,79.90296198062
69.3683956959977,69.4617874052672,67.6446086824583,49.4517043271172,47.8906267592556,56.432817158128,80.9883503455181,83.5234455312062
67.5568273960412,71.255510368446,64.0753767241643,48.7050854650542,49.6420043415394,54.7032073319091,80.8592649120171,82.5233115466735
66.3119028428105,64.2977590180233,57.5364041307564,44.7492103481397,47.4808269756568,49.2069348700108,75.2805706388608,82.293416511734
67.4804515927295,71.8147250718718,61.5711667773602,46.8218432404187,51.6398199647759,52.6770937255484,81.0700068717934,83.4915955176584
67.6087069422768,65.7543978755778,59.9287194440074,48.1478603039151,47.648576672062,50.3023975929361,76.5584732996774,83.568209227148
71.0217088306624,72.2859947782198,66.7908521661812,50.5211414054107,52.8637465561587,56.816619840359,83.7872293549901,86.7281682521853
71.4569903610393,78.4972370757114,70.5408581050587,50.9380370018766,51.8608994065962,60.1933770775434,87.0822744524489,86.7028050499424
67.9529287084912,73.056201030289,63.8096392377488,47.8022262933118,50.9201416609572,54.2722021443055,83.1812746061221,83.5751706822451
68.5080321353176,70.2734087451862,67.7752368496393,50.0247337426202,47.0670035205411,60.1339379108102,79.5723670214969,82.1703320511926
68.8060989327125,70.4131362935945,62.578447935892,48.3692430110577,50.1263607726786,54.0775198756958,81.2732566729341,84.9024779966268
67.5958041239831,72.4606831687483,66.2358562975346,48.3093560105798,49.8163163931223,58.2651853135914,82.3069512884474,81.8425285136105
70.9744150843186,63.8266568192246,63.6455746370057,49.1234501451696,49.9003461561296,53.3683943604111,70.8263298238238,85.8224453484918
67.3044711253342,67.8492440175975,62.7430730460419,48.9598384512816,47.7621404489101,53.5205942623262,77.5663014853868,82.1541046542396
69.5944614351929,57.7279967562455,63.237322100495,47.9167884638767,45.7996750643558,52.0417970784065,66.7495928421612,83.2776603380917
67.5957207026807,66.6680569498903,57.2594931247876,45.9088786609218,46.5612976641214,49.2490644370737,75.0652958374802,84.5533868554198
65.2090696203112,69.7553659325031,56.6205389666278,46.0014681445639,48.9493295530545,48.4252457027542,78.6501260690342,82.0984200212113
73.1276651272351,63.071426621682,68.9851039624925,50.2117745481988,47.6292696319898,55.8703112517104,73.7539582590434,87.3311556700448
68.702613370559,67.9164914919302,66.4906687063861,51.8335019152594,48.3051893581723,57.9425650683948,76.8539730054395,82.6147904946754
69.6784487596157,65.2615532494841,62.5881184276533,47.4038570600657,49.6149243592661,51.8159371265452,75.0094662306877,85.2237764582751
67.7646704699365,73.8609292716464,62.2275791299558,47.8210999844465,50.8542859051894,52.7144012257309,83.4500106757394,84.0171137663971
69.5752298454564,67.0667756230339,68.6771349041555,50.5352901660685,50.4353927570068,58.0294516117511,76.867050895261,82.6044939976432
70.3132824930684,71.6095839938399,61.6233929915704,49.128959766841,51.3479356754262,52.1134263896927,81.4915449853236,87.7537845233789
65.5029002034548,76.6760123879304,63.1738987050183,46.5915593623778,50.870991043953,56.4244513657277,85.0881099989947,81.0527243811938
71.8756856072241,58.9149603728663,68.6566327499384,52.6622769984043,46.9178340600255,56.8697216285916,65.9060418477447,84.5348164985267
68.1665066668327,58.362017638609,66.0933880731178,49.690787799842,45.6554323867273,57.5706020590558,66.0613778116674,80.1547321022388
70.1978755405691,70.8441970045774,65.9568366676301,50.5993395931995,49.2002224228933,56.6307183929189,77.4537992593218,85.3033382939589
68.3333138865144,66.4750774153628,62.1339721460002,46.7776394795573,48.7339767033757,53.6554138859039,74.5891999457962,83.5722997519435
69.4832660501677,69.2590611977541,65.6262222453113,49.1161127058544,49.3936460267509,55.5822860354015,77.6113736464689,84.2335616731402
67.3919650801114,60.3003374803937,62.3575083871331,48.041559413464,47.355337539064,53.7752796227551,68.4558403293588,81.1381850059081
67.2962627594266,66.6188721470749,63.9181729816181,48.7341024718812,47.2605295435582,55.9677069822499,76.5871648922243,81.3485118783598
70.1297737692151,67.5007137418384,65.3061264008928,50.0998569547272,48.2084849348305,54.3385876451489,73.6916921795875,84.7835243002529
68.0491671031179,77.8217954525602,64.3966801546603,50.1568577119876,52.4953705065314,54.1969744565397,88.0600979192645,84.6163321622472
63.5115089366251,69.3563044981989,55.4900388184768,44.6318721341025,48.1533125494138,48.7341687161625,80.5880838832851,79.9935702403104
66.9826682501753,57.0016366438287,64.6638526811035,48.4004769507996,43.4350186970774,55.0203189652239,65.7889565265713,78.7391788712059
70.3990292522879,64.5571851296695,67.9908905070115,51.3130574979023,46.326230761159,58.8081434890075,72.1508464953683,83.6716791996811
70.3824922248918,70.3579793619786,65.3480194858061,50.810278997092,50.7833725008052,55.7591820343445,79.0128594809664,85.7735020886859
69.0811239557544,73.1745491699479,63.7722474475447,48.9338002889506,51.5674215705328,54.9806707993736,84.0126928949223,85.4808539943382
68.3965670751794,61.4582464628997,64.7578780139697,47.6406947158138,46.6664823895746,54.3926496375559,70.1089674750446,81.5107700156428
70.4704616207264,64.6202053899061,68.431531469829,50.3015962341705,47.7487509198431,57.3869074747507,71.4139962735526,83.6305077559289
69.7373105844391,74.8540337734789,65.4845164873799,49.005564102531,51.436930653315,54.287676126852,84.5161844937948,85.7930721348981
68.4415631919851,70.3997833539817,65.7621031543278,49.083778812168,49.0666800068651,59.0694987428767,77.5353434087868,82.6430389946026
69.2298757042391,69.3373553664527,65.2531263884705,49.2556133820943,48.9467062731174,55.6921559789418,78.7751232496842,84.3776804578613
63.3354393721555,74.8905654685342,60.7282619418995,45.1940959588447,52.6490063310991,54.8410577868223,85.9368779409699,78.8133366979124
67.8684299908382,68.8199233509405,62.4676648100605,48.451289583112,49.4858863840287,54.4550383236138,78.7377517152476,83.131580174308
65.7476658563303,76.0481894712262,57.8497639868115,45.8497722011664,49.7950377908571,47.9778910551248,86.6891738829966,83.3122411089134
69.0480311231158,66.5077279076758,62.7797898251098,47.9049688734658,47.1795780224574,53.2700740512487,75.9849758179645,84.3215563754812
69.4835153753109,66.3966170574255,62.3979885386928,49.7998581714286,45.9932058973089,54.6877812732097,75.7232941649614,85.1530851179081
69.3327178019815,69.9927375756771,64.1964467092433,49.4125792505491,49.3402468796834,53.6569404427035,81.3545401240924,85.0385856183781
63.9671154689605,68.3904954911901,57.1378892041899,46.1593132192543,45.8293154346397,50.9129130614775,79.5116319640637,79.9263468802736
71.1283957197422,76.5731154652549,59.3520624428344,46.2905944934481,54.0984744867132,49.5532587073267,87.8942517178824,90.7392851155197
73.5147128891345,75.4976030786274,67.8748670656114,51.4786828326244,51.0019747682653,58.2746527729706,85.4507336633143,90.3088167503687
68.3373377455655,67.5797640845185,61.3617327626801,45.981098516107,50.4749530401337,53.3533703860509,77.7462724418819,84.2249025267453
66.4368462541986,67.5887770752452,60.7321283391601,46.7278365492847,48.2263286094294,53.9197931397502,77.0845886051063,81.496284109867
65.871957891571,74.9219999356595,61.5634075522877,48.0731508650415,50.7380461309593,52.7427432072186,85.6886318413445,81.9970825248198
68.9695633789876,75.6344493656772,68.4855779416926,49.6414576167278,52.5243315335688,57.9276606577918,85.0101787066025,83.5951741618502
71.6715756363643,68.6409384804687,66.8657415593288,48.7040657889129,50.4228567180847,56.1661777974909,80.4048650198155,87.1117176241085
72.6974075346907,68.4155358726351,70.1650816592007,51.8171238510561,51.2764746454033,59.2718999540171,78.342524240359,87.2326258081226
71.8471079892564,68.9465402375114,65.5144018329576,49.0699416882147,49.4765217120631,54.3676093189825,80.026213469909,88.1412732570592
68.52357913561,70.52213992983,67.2839527339054,50.3053841098119,48.4888062101756,59.7090197605527,78.9666843091752,82.4458869183564
66.0457046127015,74.4426507457854,58.7475080695285,46.2112494089449,50.117172139806,51.2734453407668,81.7173658355699,82.8569972929346
68.3883147015349,69.4123322418502,63.2808531098893,46.7379942265707,49.6207331741793,52.9916681239824,79.8468533882632,83.9622678916758
69.9035028730737,75.5741047760804,60.735461600765,48.2162702093787,52.7810648320605,50.1266564972989,85.0437162693055,88.1919173234469
71.0041241018949,71.3241990987709,63.3120405277763,49.9321120225357,51.2868152986218,52.714747629785,79.8982545635488,87.8155271638567
72.4960977707059,68.4040971277084,68.3427754974667,51.0751932161841,50.0262267729856,57.7220224682074,78.8251847738096,87.5887270878874
67.8224429677323,75.8715818333122,62.9643588442701,48.4695052064134,50.8134109906643,54.5200361035459,82.286349177304,83.8390029115965
68.4621786950874,69.7275551252463,69.8034553298159,49.0418318628638,47.1847432476373,59.1643807517098,77.0770754073186,80.9602226075385
69.2066970429874,66.2426392250402,61.4046855081408,48.252951447202,48.4567575348367,50.5946552084708,76.4257233135792,84.936515726292
71.4006421201252,72.8718381626673,68.6404617444859,52.1468512382171,51.1127102385567,58.6593690347785,83.7015366406383,86.6665021983334
66.5192762388924,76.715147760215,57.1477907255352,44.2401452149052,51.996738448579,49.0027449069446,88.003457193586,84.9904908749655
66.5365412867248,71.4459245450084,62.6034620338303,48.092739442713,48.6999682675478,55.1067050079764,78.910317600425,81.6647104426728
65.0697003615378,70.353479140493,65.3484140940264,49.2727429466331,48.1804452312049,57.3449873638539,79.1086490412809,78.2039561492906
70.2313114025796,65.1730256810539,64.9288975658477,49.7814695736257,46.1808181078284,54.4884933140472,75.1527446749943,84.958353663796
66.9713932938939,74.1880233606703,61.8743397428029,48.8752862498469,49.7874447264463,54.8959112381282,81.4849446354056,82.9058690820079
69.03385282316,76.9597452823624,61.8472916962299,48.3275384157223,52.4915513321642,51.6608841106,86.1810993350174,86.5097510014389
68.826905689004,71.5328574330922,64.017721993449,49.0439570791858,50.2007290752571,55.2261740081654,81.6359516047893,84.4072644751603
66.9275299208605,70.7284262565659,64.9876747493326,47.5614114228169,45.6924442075915,58.3456273313811,78.9917798146044,80.9183397335455
67.2248839880576,71.368169628277,57.9581620014794,45.9674439345514,52.0782561760936,49.4254517549187,81.6844136652946,84.7496938536806
69.9353757730619,66.4292698857573,69.5359337614679,53.0550279786462,47.8511827579629,59.0485216504561,74.1735921352464,82.8277959480323
67.0021029791651,72.7535551479761,59.0372031175421,47.2732738589194,51.2853995365315,51.4137685986136,82.3463804331668,84.230242632986
71.2032035506043,72.4349968108879,65.8579004008304,50.2356072745945,50.1253323142988,54.8979515872986,82.7157081091426,87.4595928138545
64.5853962899094,76.8276132664398,55.1708318338534,44.3640755941075,50.9753222835399,48.8038072556478,83.2109007140203,82.6763023552034
67.4826912333609,67.5485986165762,62.1769117770279,45.936031513942,47.2305037342066,52.9607135311609,77.2371025998373,82.2956587901333
70.4886404461023,70.4744295893776,62.2169691376534,47.4472414608691,48.7363699986624,52.5054365355677,76.311160721412,87.1092766640126
69.0074894334792,71.646239370091,65.0005255551583,49.8214927292317,48.9815369127804,54.7578019580384,81.5041776709916,84.4385217563713
66.8881487434006,71.1712730824581,64.8843934419463,47.8369092582384,48.3883792826852,57.261439570352,81.1494837409947,81.2244200548713
69.5744633997542,63.4075949688383,68.0928606714853,49.527793135717,48.7523602699898,58.3601223273615,73.6516368722434,82.6224776746581
71.559418745273,76.544260525869,61.8334627756576,49.2000706535645,52.1872574444889,50.4825199472385,84.6090369007495,90.2140888177491
68.4608709179929,75.6991603841153,60.8779374039721,47.1047682589718,51.8662800194616,51.6411232795854,85.3872567712949,86.0369000840072
71.029999190668,62.7157133951835,67.9306199784274,50.9796191142317,47.7688058650231,58.1115916538766,72.7711398804945,84.4991416019397
66.6120152668764,70.6117694096251,58.5770728441263,48.0780048336159,50.1268737574738,50.3417083127167,81.1883375190541,83.5853916339987
61.5266519400947,68.6749610872834,55.027883972342,45.0050702997683,47.6506937022924,49.877174509388,77.5761001109953,77.1880712470809
67.7884248573164,87.066661342388,59.2411057533014,44.8483305441236,54.9097872223827,50.0967919442651,97.9238263344061,87.8340487557322
69.9610085075288,70.0838248247625,66.6249411535042,50.0024129473497,49.6829679718424,56.4873158724713,80.0686223101952,84.8748317156907
68.8451347732796,73.9893856605404,61.9914547030814,48.2513414222905,51.2439341009113,52.7743268468291,82.6235547672964,85.5300206491919
70.9704796823123,71.4407870126928,68.1030229255691,50.6572545701225,49.4541775643598,55.9478095049402,79.1117211297127,85.9134096874446
69.3072736178959,68.5428948313237,61.5273525781095,48.8716200879785,48.7628312011128,50.1379559188612,78.9465624363369,85.8870516318944
68.9738846228268,70.7980746892873,67.700309374416,51.3607676765513,49.8156948981021,59.7369440739592,80.2308466646646,83.1857725135306
68.8645411138262,74.8678019193566,69.3691994158521,51.5914169049468,50.8675372909678,58.4322262320831,84.2838709052685,82.8993458347566
68.2193374132953,73.5473223021698,62.3488298664293,49.5957789933623,51.6840100510842,52.2605859845,83.289214927358,84.6384250626127
70.020976108652,73.9995827181132,63.6247691674418,48.7895874617932,51.8682280484986,54.2286469930748,82.6801010130354,86.8378138328384
73.6967055830843,67.5768000853782,67.4994117937412,51.1566638205998,49.0099760911684,56.5431446154371,77.1103169804368,89.0846175651075
65.1429954518266,71.134360221796,58.7218942708033,46.6686219776989,47.4561483940069,50.9243935749349,80.0843034393471,81.0310941246674
67.7266335087536,66.9125869719371,64.3068440360388,46.7970196797513,48.4479209744291,54.5774596632383,74.4434551783102,81.7038568366953
67.4868206964362,57.7972841931069,58.6186423499979,48.0672060331052,44.9782819079267,48.6286194886305,66.2994930378055,82.4092866295853
65.8309188018066,69.9308553965147,55.8344540825358,44.9220253787378,48.359437142668,49.5748568544663,79.0934723713638,83.1576012280773
63.9632945804626,81.1245086558577,59.1938365632503,45.2447140673659,51.534163159916,52.8738658116331,91.3209374978501,81.2266661742428
71.7843677122271,79.1465867325687,68.1032522633294,49.5556855984553,53.4922248713484,57.0968431401583,90.4063393720338,88.4294134631397
69.873524731563,77.032809121855,62.851642004153,48.9933613442195,51.4689475627813,51.6994803314768,87.5724441237569,87.5676629795157
70.2337937101169,72.7194702884869,66.8973067562827,49.0985760768686,51.4679451693939,56.6061555866621,83.0783400882724,85.8517937189616
68.5328309456059,73.9564418179964,67.5248366554327,49.6204979164316,50.6823872957725,60.2474413464433,83.221701201375,82.9409476592358
69.9948730548658,76.9142946225019,67.211413999104,51.0314316838437,53.8022251593718,58.1379081916031,85.7367397964577,85.628103835737
66.7231364972969,65.0950350830554,60.6197082123468,47.7661524855066,48.3719841107664,52.7733708892298,73.7595445818108,81.5358244771153
67.5282318490765,62.7215085469632,58.4528349967311,45.4108908889129,47.2130556180316,50.1083310062051,69.1995185511719,83.1555462061874
66.5776419115903,71.9418624274089,58.2179075367716,47.2281876231277,49.4275539275463,50.6463072547456,82.7236820138399,83.8554732087832
68.82406016174,76.8651112335315,60.122547429607,47.9071432614869,51.6963785148322,51.9358819226942,86.3409159664205,87.0619449639375
71.0477294267744,59.4125684730816,67.2114072939923,49.1962287715017,47.164791610965,58.2485716364491,69.1932784471631,84.0030120336619
70.7999061289693,65.8440656140276,68.6398448031756,50.7445885888396,47.9588018505418,60.5520589156188,75.3906045115813,84.4077009167839
68.2522326070044,65.6934716743633,66.4329246393383,51.5183119119792,47.0098933368496,58.7578505330626,76.0448361704702,81.775352512895
71.3687149299314,83.2431321738955,69.7473888963204,50.6319738549467,52.2372500776159,60.4631459896898,92.2917405549954,87.7729303662483
67.1494890457103,63.6833911114919,65.0183369882263,51.3152774073538,46.8678756554516,54.6677049970533,71.8934969558187,80.2215051268278
65.7553343289835,68.1516480606506,60.429591338088,47.8773664327549,49.3585255110252,53.1886714497577,78.4857552265127,81.1788898843656
66.3306342608526,75.3585012488935,59.5093835215091,48.0710494613434,48.7993424984831,51.3420475381869,85.1746723506542,83.2080917170743
66.4972834021958,70.0577840835006,61.6255638556294,47.3343546301675,48.8833787249884,53.3450819037084,76.4544340351422,81.4441491308353
67.8236133209229,69.8146919779881,54.6860208709802,46.0616225771042,50.1187688438804,45.3627480614951,79.6666538553714,86.5897841381124
67.1290961217579,63.3036933765551,61.2878996401928,47.6967044887159,47.9487636168538,53.6113075102868,72.58498080232,81.9358197019935
67.6199523971748,70.8739971734954,64.0032763633461,47.6231739976134,48.1779512598011,54.9963038165001,79.4108467633415,82.6979652059104
67.4945142812553,77.1780687172457,63.4474358487039,47.0847281484525,49.1724555621165,54.1210604429623,88.2197831756617,83.9998640464549
73.0838487417593,70.3335148683841,73.1811013390739,51.8662658039882,48.7185474922929,62.4963713744757,81.6576565946463,86.8257887333443
67.7455810133695,68.8521803998201,61.7512829823002,50.2221365334518,49.5586224432045,53.5300467311205,78.4734553969514,83.7959215656111
68.2610837888914,66.8331072137995,59.4624409342968,47.6948112618728,49.4476309735228,51.2210934932054,75.9475988891451,84.6116625180947
66.9783026563693,73.4141582372597,63.2940627732836,49.6800676418309,48.7574138910237,55.5352315513065,81.9935409509729,82.2526118306173
68.4457587680283,67.7983174815268,63.126321722585,47.9737142605152,48.9319376891156,52.5593813312889,76.8136407656449,83.5330541258988
66.40373012772,65.7183284536439,61.3705716001761,47.3410109749795,48.0498575937043,53.5494851015369,74.9508958586062,80.9550785984229
70.977815109521,78.0808079451192,66.2136332485297,50.0268829386225,52.7008406447128,55.4348001673234,86.6816931767909,87.9769841464859
67.7549176788611,71.912372934194,65.3206820300793,50.0313158136558,49.2478770600914,56.3440098942648,79.2616653253334,82.2732518178314
69.4392490452445,73.8965495295514,61.6935541038455,48.123120906304,50.2446969748042,51.3893098400793,81.9584230297644,86.5733318584569
71.212441726611,71.5860675353305,64.8765138026361,48.4877164494885,49.9114438178106,54.8895418350001,80.8397165070553,87.5388384480026
68.9457189656922,63.6686814927198,63.9316840441666,50.4782472150392,46.8437188904161,55.8608908510749,75.2558626252906,83.3204933868519
64.9213875329182,77.9812175742698,57.3256642573773,46.2559152127283,51.5764468059098,49.1957270333582,88.6956374376717,83.0005461114082
68.621993953247,75.6896555109368,61.2316934211572,46.6355435666648,54.608726496606,51.2201819399707,85.7042840723844,86.2128827218297
68.7988022018015,70.7053471564886,63.8845952962199,47.8607148432024,49.1797301170683,54.1335256263945,79.5944529143725,84.4097850438186
66.3546531396422,72.8814906571126,59.3062193895257,47.5282550276857,49.7514190713194,52.162638139815,80.473746743096,82.8615122585145
66.3274858883429,70.281557685637,62.3873068047342,48.2458243528289,48.7493312053266,56.0175363335486,78.2254814656802,81.1369843682408
70.4986679692141,69.1456763102203,64.0740653914047,49.2600004719029,51.6799581760482,53.4719435457218,78.9741085027743,86.4399850712964
72.2877754997342,70.0832489052279,70.0019089712624,52.6679437110899,51.3209102576001,59.8283089541372,79.3226090908245,86.6400955904315
67.4629339435404,71.9285698332314,64.2592764522446,47.8694888135664,48.8054700965149,55.8863234744075,80.8937016604614,82.2396777653748
66.1628160219543,64.8310038022046,59.9899195334863,47.4600543692677,48.0911953758822,51.2016371841368,74.729738342947,81.0263802713814
70.5971631639147,68.2295040887899,62.8334432179639,48.548342076529,49.6650102655196,53.4887614054909,77.4279727552836,87.2013195741833
68.5596661817252,76.688010584758,69.3590343570172,51.5311298250079,49.2094416011898,61.304707660393,87.4887732534635,82.9145473586575
69.0518722383819,67.5763800289325,61.2670879359201,48.1248753942352,48.4487692130719,51.5507353501056,74.5949864996013,85.0481361327819
71.8148323155607,64.4429993916159,70.2249965573009,50.1345026945274,46.6356033087923,60.7348720965526,71.2437913277031,84.5514116713563
68.6041067835737,73.9959860864348,63.3751344542088,48.8382042320419,50.0496860670877,52.1498835544469,82.161602952218,84.8101151058675
68.3280872072702,69.6406329276303,68.3087979140966,49.6729566868354,48.2925074191799,60.1323126914274,78.7017796672123,81.5472512996896
65.3576508905082,67.4550001684972,60.5718094026775,47.4400037985638,48.5469496168864,51.831561559002,77.126720975389,80.05761708617
68.806280403777,69.1598266519194,59.8979143421684,49.0220689633936,50.7796721338335,49.4537069084393,79.7756031107263,85.9124561327113
67.3322389066905,65.9109989478143,59.8804483457829,46.294950059549,48.3553758249044,50.1525581386844,76.4396007834955,83.1194817687726
67.536887909583,74.3058074697369,63.7000192952371,49.4114751052625,49.4922331043972,57.169882189528,83.5323073804411,83.1873089283761
68.4934397797365,73.9409893037389,63.9273314990018,50.3568116864093,50.2190095202658,53.9417577093717,83.1384468578309,84.2334271613367
68.5463110698784,70.4717001584683,68.6879430375843,49.1524556698549,49.2497337547859,59.1880611095047,77.9205049691346,81.6175696433182
72.9496804168131,71.6844495583854,69.3681293873691,50.5022091374434,50.9225766307236,56.5504563914087,79.4748693283547,88.2609110610359
66.9313518702431,68.1934996676295,60.4510245905213,46.3682177702954,49.4938794285419,51.8119061300797,77.7005779432093,82.7802331430795
68.306518884262,79.4817455755414,61.5039251349779,50.3678833582423,52.3680027516293,53.1089128480491,89.9931439103928,86.2644773108133
68.4727372940905,75.380927133159,63.479139738156,47.3606176173167,50.6302122050038,55.1340881042371,84.7412065259838,84.9097192825035
65.9206598166598,63.5964777299237,56.8214753675897,45.2083218944531,46.9289828197996,49.5165108584303,70.5708859795527,81.6261360651172
67.093633642386,71.9809736754435,62.4288525536553,47.3173187808183,50.1913474452306,52.8301010102698,86.3303716947923,83.0163681879409
70.7770823463814,59.9729490482019,69.7993603090297,50.783670800236,46.4729767216353,61.255608461112,68.4246361431823,82.8152840568665
67.702722000901,69.2830830652048,64.2002773991941,47.5139868587573,47.6105001380221,54.2817879485906,77.6092875770914,81.926584970421
68.3442559514325,79.663941513465,64.8421134832712,47.4712721072673,52.5796749427645,57.2808827786824,90.4780516411554,84.9212062244684
70.0104863793859,80.4104231580134,63.1367727676429,50.0140780129876,53.5986276783976,52.8578058324495,90.7816321929062,88.05698245792
68.1336074955273,68.8029204531802,62.7577188515199,44.9102229917546,46.9173906804349,55.482269723661,77.1008838561928,83.4648189077183
71.6954266700696,76.2095747182332,64.2888327303265,48.8033927665397,53.68065581489,51.8532777026755,86.7198665180434,89.5874858625631
66.9650568145921,65.5211623829673,57.7736435643089,47.3440982601572,48.3520806729905,48.3432525628871,73.044427285627,82.9272131174757
66.7671624545117,77.0527241141557,60.4493079984455,46.9508150841054,50.8820352241087,52.2747206294219,88.6274223170962,83.8835360133667
66.2118318636309,71.6702301121439,58.6455580599928,45.5089387244988,51.070758883735,49.861777506155,82.9901003165217,83.223763520881
69.5397711871981,65.9221231651734,64.66128789227,48.9940778152632,49.3293100748876,55.1306606387863,75.0161096504943,84.4019756851719
70.4288724591304,70.3026516427496,67.5952795622208,50.6732543622471,48.9189805843512,58.2166885823239,79.5346009851076,85.1670203238049
64.5335677803123,79.6202621524112,56.9131942314147,44.5996434524286,51.6744633849977,48.5626719765338,89.7126045892095,82.81623635511
66.8158682341383,73.1853607289449,62.3637740276277,48.2610724594269,49.6781818600242,54.7208809199586,82.2954515800092,82.5547869896072
70.8569820882345,79.8440615517911,64.1436075915397,48.9100837245591,54.3199773579528,54.6400313575414,90.0657941024262,88.732023651024
68.740718280199,71.0901019860135,62.2682243728235,48.467173479334,51.7346524804566,52.3099269706164,80.2820095470213,85.2584806804766
70.2779729373539,66.9215722533797,62.4637421263166,48.5506365978763,50.2611036293558,51.4837523521667,76.2889000492885,86.3584719198471
71.138058150246,71.6787991512012,67.4076201335833,49.3524109163995,50.6518202879517,57.7721197047416,79.7074586288127,86.4853669305214
67.0054689635226,70.145479558903,60.1898942329178,46.4285648306717,50.0760280941087,49.1432866964098,81.3744797685459,83.4566646564995
71.0056369675238,67.2387272306612,69.9045239823004,51.7910941676861,49.3442494023188,60.1673564625883,75.5958210816759,84.3402489558483
67.2319699293652,81.8559581756026,61.8503351091407,47.4086266393834,51.9872775518929,53.5978352954687,91.5594162186046,84.9663916427548
68.0712840157852,58.0601882826149,63.2156378128493,49.8872476113573,45.0839344552496,55.3149218343056,68.7883124294009,81.5734870621925
70.6252796998704,66.5467525335669,63.758751709752,49.6632644742962,49.2209629829657,54.3074429689976,76.575274805615,86.1479417559582
70.9068901440099,65.3846121373067,64.8703941259646,49.3903633402386,47.3317011010134,54.9632112035784,74.5493650175517,86.1303237189278
72.5349088502986,61.1495079573998,70.6740500962431,52.7051780086002,47.2045945531478,60.1379369297,69.6667676767709,85.1970631003131
69.2882131795007,79.1006813157418,72.3453309558943,53.1794973947286,52.3558459834532,61.2431756415347,91.4331189605717,83.2413789180096
69.4307750324381,81.8789090376815,61.8433515867671,48.4990367303296,53.2960760324606,51.8271622217391,91.3690052462974,88.0083328992688
67.9411142728595,74.004226964103,62.8092863140175,48.4768958311323,51.4557032940304,53.3219881039822,83.5020379333649,84.0447724891014
66.9527348603578,73.1927319673986,68.195713357363,48.8630643368799,50.7144685991235,59.2792452046297,81.4127655268514,79.9079675958472
66.6206420659893,68.3293309718219,60.7550820415112,46.0479350487023,47.1949208297112,53.0331534163274,76.7970790909799,81.9837770725857
67.9399146661005,75.3937972044517,58.8553315828186,48.1187783887751,50.1809885967351,50.8280442749448,84.2204561845005,85.9062657857283
68.072042039318,78.8488241493895,68.711662209714,51.1045626557042,51.7389463917327,58.6131076531168,88.4178924137498,82.8201661170524
66.2762338343734,69.7798764823861,57.2209611609088,45.9360644698935,48.9956654048741,49.0506865284609,77.8153579105622,83.2157306553812
67.0087696020082,67.4336762155579,60.6941613038825,47.8936795405197,46.2864003012491,53.5959216255003,77.1496005465541,82.4208665407899
68.8309059625574,69.2808998351177,64.0124149371774,48.6784946190165,49.9835445163179,54.5871716404838,80.4411483477155,84.2584849824249
65.3732061369657,68.9785467992959,60.6817193163911,45.4165133158641,46.4364211444497,52.7367923447485,78.4958875315213,80.6344107837286
68.2053265853661,70.0119919879326,64.9678611782044,50.8926301940381,48.1866168236376,56.7490210763112,81.1072141936543,83.0354155184959
66.871231646954,70.0891655148583,63.6103805894691,49.4422746680336,50.1130363276287,55.5215272355943,80.9687090932136,81.6566298167328
68.9941394252231,77.8312118080338,65.5699859574997,49.4198031728667,51.6487489979327,54.9536986452154,88.6120230320129,85.0999729789355
68.6706575151699,68.7604298783055,64.4831572633294,49.5579053721049,48.3256480455647,54.0681765413585,76.183403544732,83.2697743975752
65.4193803419603,68.7588752139272,60.9010832355974,46.9858894541065,46.8188729524952,53.5921272572544,76.2905006763796,80.2030926958921
66.7605563433147,72.8723686873724,59.3392591679075,48.2414826874696,49.8394068604077,50.5562907956161,80.7524788381723,83.533068265359
69.7721366712637,63.9180317368836,67.9488954076281,51.5234048394856,44.3124169446269,56.579275727333,72.1431633460397,82.8715416407851
67.9417248461315,77.1124159072663,62.3292965574536,45.939288163034,50.6046371402187,52.1621365698536,85.2563664028525,84.7496320740517
70.4461179726176,68.2198490631474,65.8280864162261,50.4388447727614,48.8094417189854,57.1789155338338,73.2261183717423,85.1449565413675
66.4887059659357,65.271338661692,61.1310559891124,47.7493820647723,46.7233478826272,52.005164939715,72.8589935749047,81.0041339649624
70.2007839645842,69.173510812325,60.6101848965265,48.0226403993208,48.2885931370593,50.5357111120393,78.6044777447733,87.4984089557855
67.2962157622696,67.8472759189818,60.0933027683742,48.52926068139,48.6871910610037,52.1136367932047,77.8560598390463,83.300425956729
65.0246036280119,67.3262311673286,60.6239746541581,45.778501186549,46.2245202348994,51.7089202805046,77.7211418326569,79.6239663144603
67.6573066971118,68.157326127899,56.4989754714819,44.3202106116055,49.3101277923098,47.3015937430724,76.0950828045191,85.0681023396533
66.4982622785453,70.7176964631415,58.873942295822,47.7461438327387,49.731981722047,50.1269896084636,79.5452662103432,83.1579323862452
64.4804774634156,76.2838595996517,60.4430137968661,47.0440846832714,50.1862351459883,53.8200984055782,85.93847675299,80.6634628609231
67.7718248020305,74.455361079656,62.3546941399098,47.7083682750815,51.7036572192277,52.9661154216728,84.6145181253966,84.2750598986538
66.5162079638775,69.8132009239666,62.5657498214887,48.7313830792014,48.9165632655527,54.4753158831042,78.0200854718221,81.16066383618
68.4078294434598,69.4944403317342,59.4497761506265,46.4730538790806,52.2266915451895,50.6568998369267,79.8691781519016,85.6562607733149
69.0673370913499,73.1089630102077,66.461631837371,49.7343859995684,49.7038309257657,57.4312143814181,80.1492217650305,83.9620390452127
69.6460164906048,67.4737419303789,63.5429912712093,50.3067999972825,50.3361980392625,52.4049126113418,79.1196693110948,85.1621658807897
69.4876222709673,65.3308465428584,67.0470051716109,50.3970557109102,47.8463381548454,54.8342798060626,75.0920581026709,83.1836188391572
68.1701639751876,79.0789948225817,62.0244248255733,47.7585336849844,52.4969760837842,53.2865875965822,90.373859780007,85.6725850595269
69.3327598090912,73.8442373423515,62.1474454465183,50.0212796246804,51.6345576408446,52.9510410046043,84.1090334243886,86.1706638186356
69.3515342010596,71.0333754344806,69.1496159546141,49.5654636741459,50.2186644671037,60.5524781124724,81.9493599166436,82.9476012269148
70.1513520635831,76.8429906550908,69.1741005440917,51.401386111709,51.5768024773541,60.0511030206632,86.9806735172777,85.3714379611694
69.791486840426,81.6216405136901,66.4850044944793,50.2395750929573,53.7588773916149,56.9888646219655,93.9777836178742,86.7281712290922
68.2640100458669,67.1238771760489,62.0721778603497,48.6503989370577,49.0407380099874,53.6727740903106,75.3568241654326,83.4892487522589
67.2107058303133,73.1608155871524,61.2343211037627,46.9384705784265,50.0270956141842,52.4222335375562,82.4988133195541,83.589186639967
65.3626446859835,71.2360664777217,54.6610954064469,43.8995294589049,50.1230759726934,47.3974534288276,81.8933189950575,83.4278506996128
66.3575634323085,68.0488536432711,60.403048547943,46.4965124390178,48.322585479351,52.7531828974741,79.1530339874458,81.8340069935045
67.3001183865528,74.310745213174,63.0438433486245,47.3522851813085,49.8912059933618,53.365918550964,83.8875561540397,83.1010923709458
67.9621776465906,62.2163341825139,61.2464286386563,48.3753443152849,45.6731454119735,52.893385336497,73.4006072300606,82.8091190482979
67.4805827783856,71.3765994552908,61.2341135883612,48.5865915954563,49.9547888606816,51.9366099679783,81.1435398544409,83.611021810862
67.354174021586,70.9665864066159,65.0417518749544,48.3727262702716,49.6386461007931,54.8062148977078,80.1484929546187,81.7533855257788
66.5526903008238,75.8131204156473,60.1313654948798,46.9627664511651,51.8877593786303,51.1310466667264,88.4111916486653,84.0244080590226
66.8259016832798,72.6899354835267,66.3156255082432,49.5078186770901,48.1948257817443,59.0874309097137,84.1612350217279,80.9126216176216
69.2697184149047,67.668023909587,63.3426276419619,48.8864325408496,46.8566993136482,54.2689282464331,73.7792595381066,84.3836113315392
69.1428224893551,66.1710489510884,58.7640534019969,47.4791496954702,49.1352250824325,47.3707271218497,73.278730465535,86.0105346651276
67.6326990840364,71.101717254186,66.2065523225298,51.6387866860522,49.2675990717524,59.1352082815636,81.2297470792184,81.8802734694744
67.5748652674371,75.4195415832581,62.6979569404443,48.4502909337453,52.289173216173,54.508898638792,86.9430590234948,84.1369624368911
71.3249226122392,62.6644066906777,66.6850696302544,48.7036697007143,46.7879523640059,57.2511658629358,72.3127592624796,85.1212664797913
69.5539540758712,71.6340423975873,64.1823891862592,49.174853767237,49.9429339777882,53.4504059998145,84.1478093422536,85.8340781584467
66.7385046752373,62.2655756109363,59.8556255983687,47.199581332225,46.3420290908779,51.4987875017761,72.0052358064359,81.6887431200058
68.6154955227974,65.3513475561923,66.0957970361869,51.2470769048924,47.0869772474772,58.3999438062271,74.8721194029051,82.2207287960445
73.1075611939404,74.2157208693111,69.1612120493205,51.1478138548719,50.1064474283793,58.0619669097822,84.7100184194576,88.9737951932675
65.7551119961591,66.2820052051122,56.1872779848459,45.752343726872,45.9944429335132,49.5258908900448,73.3465411543174,82.0882553360013
68.1660804788694,68.5980309901469,64.308714340959,49.8062254520298,49.3479767304636,55.7505093132684,78.1011586886791,83.0317809356872
65.9376545415118,74.761038375163,61.3484542746402,48.5128891421639,51.0197978054212,52.4918442886451,85.2144574739269,81.9621060727617
65.2808141183161,67.5024330514937,57.5490592626053,47.3507816182669,47.5915659466851,49.9689630076381,78.5637083880505,81.529411217706
67.8305439707124,64.9571532462279,59.0282085149124,47.6966906752566,47.5644197436295,49.6912754354821,74.8828782798127,83.8448021865355
70.8532724721658,67.9050581233633,64.4582879116225,48.9517957741556,49.8907984231087,53.8968940845802,75.2120241230248,86.4522116123317
69.7442308319376,76.4494376797616,63.7945134448118,47.3090096993169,51.435036635148,54.7692885301501,86.5408856513113,86.7748180921992
65.5618081090641,70.8958655789101,63.3384023994858,48.1850988642506,49.2950854524222,54.9192984351334,79.7600212058685,80.0781775943912
62.9615432679437,72.5813919762475,49.1008429034028,42.4720067907443,49.3211583514297,42.3901300196,82.0096175173906,82.4876848327049
67.5815517294382,70.0736340896627,60.7845048038579,47.984886699768,48.2746539165185,52.9262958404714,78.5633866626968,83.764839639104
71.4679118377141,71.2752319163241,65.9300912890311,51.3705694525287,52.2721085363387,56.8467119365035,80.6920513141094,87.4272548998382
70.9770487124229,67.9442767363711,67.5675078764017,51.0304937654531,48.6582338683143,57.5333020479527,75.915307676852,85.4948216884277
67.5892955345923,75.4313459097721,62.0309549797477,48.7844751088069,52.8763619996201,52.8037579881874,83.8070290686654,83.9471802424879
72.3460902501396,70.125553157063,64.5209833626954,49.6233916247451,49.7586873192667,54.0392110965208,75.8947649223427,88.6002510113983
65.8403512871161,69.3133842635206,65.0461135845697,47.4950054871864,46.0760727972606,57.7987385320448,78.116161882867,79.2285591264325
66.188207896879,78.0120866616478,58.4250121474363,45.6616605049547,50.4407873763256,50.0831064150792,87.8303236736153,84.0618486201565
68.1912098009919,81.1253307611692,62.949513904493,47.9841157371938,52.9281269760368,55.3337816697046,90.8356252938941,85.901255549554
69.3255753511996,74.0516465934111,63.8869416388717,49.5357201421724,51.5618459857851,54.7025612144725,85.6773882121076,85.7821613790054
64.9515280066982,78.2205734645609,60.0755327815199,46.5950344157699,51.5860496809192,52.9020247351479,87.9711594208453,81.6391449665232
66.6001662662869,78.2448830394771,60.0221825966585,46.0392405330763,49.8550795579676,51.3571435282248,88.2476143905175,84.0559049447664
67.2924435068528,74.3630337793491,60.0079602723452,47.2365617702351,50.5506112415802,50.6004530648411,84.0337560707448,84.2729511140466
70.4302711177763,69.0800204750941,72.3559712996144,52.7053000573739,48.2588865682438,63.5123753117004,79.0762288984346,82.8852022262125
69.2144165482206,74.2676951860202,65.1968798660576,48.4796176905262,51.9089889129766,57.4149805692335,85.2321602224607,85.3375558091758
71.9845130074696,71.0582689168279,64.5954205521657,49.0955092235703,49.9156920764274,52.2481606220059,79.2852566725712,88.6367269133793
69.1905730053367,74.8301972276403,61.4334039376563,48.0995706759642,51.9039980557598,51.5758557961012,86.7921032767619,87.0103766003824
73.8081937165637,73.4025360038284,69.0186945649678,52.3166900193863,53.7569183796753,56.3989728743619,81.9269848210115,89.91994185355
70.1899548517092,80.6485086452652,60.3398429078527,48.4478787617117,52.7392621461562,48.9291979859532,90.1868838828314,89.4413336075273
67.8991271159337,63.312753706592,60.0343109704744,48.816555259756,47.7241506367314,50.6481125062895,74.9927549885641,83.5302617006282
73.6451013991224,69.9401493597868,69.8246884098593,49.7572237853972,50.0364517171295,57.4987481680862,79.6964954434991,88.4545491595014
67.062975259819,60.80560883888,62.8846803135239,48.2783687736698,47.3021306459245,53.6178771859834,69.3167769705944,80.6376249656857
68.0949880696303,71.7024488485439,63.0222794192148,48.0441964365379,51.8614869126728,53.4621217329114,82.3760261765734,84.0121456949066
65.974873974568,71.5207515541021,61.9542796601029,46.6814355890726,48.6777675535227,53.4445502850804,83.0742742590739,81.5804684808078
67.4686957451039,70.9445765737966,64.11264072163,49.8479896988245,50.0427387044401,54.8563075777796,79.4368507196746,82.3100729714351
66.2095663763848,55.3513654851855,59.9232325225646,47.7756056719089,43.0606099234096,51.8169875603663,65.6669907509951,79.5756707517925
71.0661709378635,67.9693903427823,69.8346598389913,50.0529541322038,49.9973191651205,58.0536328537712,76.0813127163185,84.7295975342018
66.8811187332001,77.5590595305714,62.6015733946469,46.9789746651614,50.2829352484448,54.4311716078644,85.1789280798096,83.1861281864943
70.3059090131604,64.0137429037574,65.6514582275965,50.0593139685107,46.2858936600901,55.4765577687385,71.7876907195413,84.2663722236276
69.7643590915902,65.6238422974348,69.8553475152936,52.9521309856854,47.7105501020037,58.1914217523076,72.3390506371657,82.0396700697488
66.1299641352026,82.150232772436,58.2869372612261,46.0796619236885,53.5612136461743,51.7694848286113,92.6074506676348,84.914474294369
68.0444178105546,73.0898740377692,62.284063843775,48.1615804618837,50.1644456217344,52.6991170373817,81.1942477159086,84.1565054067892
70.2671735403878,65.9188215346625,67.2775986953278,50.6945454323676,47.8946267536724,56.0467167423917,72.7258754251397,84.0885029113285
66.9886283753761,75.5572139981983,58.3244983763461,45.3904160485117,51.1072092398621,50.2097698547749,85.9335497569092,84.9518937955075
65.6859543238711,74.328508836835,58.2865245952339,45.6283807793952,50.8341918698901,49.4250140676812,83.6653580085896,82.8957644356066
68.4678017371124,75.1194730560312,66.4026091881257,49.3338262573645,50.0937321944636,56.2140257352851,84.3763563496079,83.7342131979277
70.0945395503201,69.9262687587676,63.5710211750857,50.2026279835876,49.3878675236121,53.5279369188707,79.7036220825549,85.9124601921153
67.1304344095841,65.1124761470909,59.1502333412172,46.6450058639454,46.2554690898473,50.0698773645398,73.5489235757111,82.7058913284725
71.1765513400363,71.8101134346436,63.1665083849559,47.0987707939082,51.0610065760405,50.5912232719793,82.7407356698232,88.3928570668207
65.9411115180349,84.0855962796633,62.9471990057242,47.333729149531,53.3907892715987,54.33732337217,95.8153934477675,83.2420519077332
68.1505935890627,68.7722277577156,63.808899308108,49.2927166281235,47.660391417435,54.7783356108105,79.3302418832836,83.0247042199285
66.5615896861747,67.7386305719367,53.7957224491887,45.4757183501699,49.7382029324228,45.2662508441923,78.8239756034966,84.8795617968921
72.4269981495998,72.8301056570798,66.9811017175134,50.1168866343652,51.1043061724574,56.0483495207696,84.8203760812737,88.5674871556353
67.4606887586066,77.4790056055537,61.4574519034092,49.4550054806677,51.0590256690639,53.0718180026568,87.7482070657341,84.6401584233666
66.7863527387931,64.7735019870366,57.6180297869439,45.016668284899,50.5380698556846,47.9326361284341,77.0683686781819,83.4838246384572
72.3215013990923,74.7973826629923,68.4880243985797,50.7070987009148,53.4813714033377,56.9214494788372,83.3567502995922,88.320437044821
68.0357175776828,62.2198439271909,61.0012252208008,47.2524185966852,45.8752199029392,51.9514107805871,71.6956632732523,82.9369871506697
71.1482959643612,71.068807187319,66.8670594512351,49.5587019290052,50.5866183211901,56.7055547004254,79.4318104140391,86.4877403859891
65.5409209311836,67.8438237315463,59.0737609835264,47.9103683127736,47.6049653461054,51.8871276487586,76.4756330647878,80.839809975894
70.2171107751731,75.2606678859354,66.0502251837217,49.6065470889858,52.106444137171,57.167236717559,86.4015385306072,86.5896063942157
64.496461877441,73.5591476771625,57.8540811848615,46.7812337930597,49.6392467252615,51.3406085924137,82.3799332572976,81.0934388444036
65.4726136677716,75.71780388471,57.4027548774227,47.3340762703279,50.1244147511413,51.4950929532578,88.3867311350209,83.196757542988
64.8278697074008,77.2244920928247,62.2266817860261,48.2954476120033,49.9688350952686,54.9565357816318,87.5935131463728,80.599172392481
67.502897128698,70.7860420123979,61.4149810114365,46.735362344025,48.7466320497165,52.2308928080306,83.7450842287616,83.8956936834454
67.2398141870602,79.6608652502615,61.0997216486842,49.8926219315462,54.3198973465522,52.9059418144423,90.5546968613984,84.703907182111
68.3604793994153,80.0952611656652,67.5519109194823,50.0794145852497,53.0938113722167,56.8667348233566,92.3476075379288,84.0717805425186
66.4375432124831,70.3337434004306,64.5642526901674,50.8433722950477,46.7938881845362,54.2983428431216,81.6907957558639,80.8402761224488
68.5791338759475,70.4300224096386,56.0064953229077,45.1753900988686,48.8015373885113,46.6781485680673,80.2549536949675,87.356606079169
63.870886838324,71.2265816450055,59.2388290878396,45.6491639873964,47.0369074940026,52.2019738036122,78.8140906615204,79.1813375603387
70.0434512158821,73.4388169468855,63.6416684439629,49.1124782820993,50.7590241413057,53.5286729852529,82.5947317340432,86.7691424062877
67.7430913415494,69.330559260839,55.9552755884619,45.8243093983407,49.4941135681145,47.1871175012274,76.1843777372629,85.5001419406757
67.7306454921031,82.0440654318849,63.1828631440133,48.4760983582234,53.9809132379535,52.7226000339778,93.4396075870505,85.2398923364018
67.5383962126963,73.0278847443338,61.2315549423748,49.6224296793274,50.1682235294117,51.9900989612565,81.138572697258,83.9728826365597
68.0804872209544,69.0261167594581,60.8992683761875,48.9613280893284,47.6610950227721,49.6813064150066,76.7175244832842,84.36884383671
68.6496912995838,61.8137528188699,60.037364328412,47.2302502907242,48.6370700004473,49.4514534061348,70.9593193596291,83.9668078652697
68.148742503843,65.6479499802376,65.5014480540943,49.4275900257943,48.4603135919407,56.260267735023,76.7891037180281,81.9076246715307
66.2557114914773,70.9244779203063,60.3806908819847,48.0598065640223,49.4402920427487,52.6129051757226,78.9033576779131,81.9660244206906
67.6793677364905,59.2042112160097,61.9212274986537,50.2778859293067,46.0715514073686,53.0660614308298,70.7838196244021,81.7998850577216
64.4981429391553,66.3673947214582,58.6482358998483,46.4530260787772,46.3627745578352,50.3700263463558,72.322630597958,79.2458126317868
71.5127564231955,74.2986655099804,66.3035342290982,51.7903514552629,51.5670181808658,56.8477010926224,83.4563884497494,87.7227795533176
70.1689585598818,74.5747905935079,61.3051872510504,49.6248967956113,52.9994392835169,52.0150209054465,85.6190524382842,88.2466234938763
67.3097668068929,67.7565444775665,58.874010191332,44.9282085551724,48.6919953690547,49.5347714194345,74.7415303685143,83.3428452696662
68.1954390405322,66.1040794773977,66.2010916797988,50.3774306754699,48.3960075391875,56.72953259535,78.8411668199304,81.9905578558346
65.0026145711627,70.3093052567741,54.473474811762,44.1558528979228,46.9443053192582,45.5862172240619,75.8905637608638,82.1740000578347
64.4095804576782,66.9375690342909,59.300977677258,46.583784156453,47.7378433262756,53.627861613233,78.5752715706299,79.4059334439967
68.55278215329,56.8701551680363,62.7285759793192,49.1410079724847,46.8389186720678,54.6869095402586,64.203974575043,81.9930662703004
68.5381874896809,76.3604036066343,63.795991566137,48.8067027060099,51.8957163028429,56.0646469368667,86.0156410971456,85.1535512821763
72.1050476680467,71.2343146723236,67.2298253880083,51.0929583780314,52.2062941466427,57.185271869004,77.2454265942234,87.4095604872444
68.7679709224373,71.8374610129353,61.9781885497206,48.1051859699106,50.3613390080879,53.4061214965858,79.9154955886684,85.253773990574
67.5644615572619,63.6152461069608,60.0618059819593,47.5214231875027,47.3991671423526,53.9148244479621,72.5263498295427,82.8200825517698
67.1494605112232,79.8990829294007,58.6238220035721,46.173554135624,54.0969202052406,50.3993078539488,91.6112191209144,85.9459385431172
68.9098263458524,71.5595319849042,64.4776679496449,47.2319525963075,49.2465584539986,56.6335628955389,80.8203226827221,84.2436676599679
66.019860268569,74.2048524157039,60.3854670471681,46.9466648259216,49.0555381643854,53.4780719843618,84.1536185165952,82.4148238547644
66.0211799855839,67.3258795778815,64.0488291443887,49.7957963637987,47.0038601584039,56.8175174511662,76.616139383819,79.738969454068
65.8467300579438,74.5151283966767,60.679774129376,47.2221477738826,50.2713517013282,50.8492448162334,85.6186159701244,82.2512513259638
70.2020781726653,58.0361420207979,63.2738315836101,48.0080295163321,47.4981398791529,53.0023688389057,64.9620375232663,84.4162007803042
69.6015748565992,66.2265214434113,61.4133110726924,48.7943007180038,47.6034497412861,51.2922480426531,73.9722675958774,85.796778964764
66.4094270437543,80.2381650386067,63.1625186567483,48.0681610944103,50.8587389556936,55.3099257558398,90.3115696225629,83.0986730440105
67.1803256307807,67.8422995160966,62.8725014628265,48.1359006024984,47.2763541266591,54.0113243903116,76.8516355434181,81.7430582902347
67.7913811475938,70.5443621071707,58.1044516878355,45.2368936589128,49.8368743147862,48.6074939966557,78.9956274853924,85.2585876995322
67.4094393229616,64.6326102923895,58.1081158633776,48.6076685862986,48.5911936983893,49.0972057621337,75.7209502486132,83.8321865645901
68.1736478316826,77.5269586653511,65.6977821428427,49.3803153306139,50.5204925973945,57.8267999705218,87.0782302566507,83.8958717788686
66.6565863153174,69.6106811734155,58.1017111430136,46.0984207697061,50.7082505327731,50.6312957809154,81.5657217362751,83.5487123437924
65.0038429179062,75.8755508532347,58.2863204684302,44.7122829614564,50.4430126759693,50.8569173703603,83.9684935377228,81.7826235361248
70.7726153279259,74.0593834088594,69.7168847582343,52.6455313994336,50.2209030571838,58.8712680688437,84.350653300764,85.3217987986383
66.8924058963996,70.2345859007332,61.4595245242239,47.844188779347,50.5131720013129,52.2320352334838,79.342930702278,82.5979804243388
65.9983010708534,77.7280339028287,58.1555458522195,46.2883032641456,50.1134443533535,50.4656818244729,85.6447528319521,83.7183091322493
68.1959234910513,65.3006274540426,62.2918291187709,48.7158894615236,47.0874421326762,52.2268455349879,72.4672210909765,82.7795554832355
69.4717306104738,68.0225347806689,70.1177276072536,51.0709636948038,48.1596630814864,60.9098255215085,76.3380678965598,82.2406823598965
71.302412249171,75.4951632302749,66.8400622216061,51.477400304702,52.0460768285318,57.6485273250601,84.3657763506573,87.3454069737308
71.0432625706342,77.9436077511425,68.2038491387892,51.1314024886104,53.4312838132621,57.7852218803859,89.0603860681107,87.3138420745483
67.1280633923666,68.6373758982685,61.8246302240286,48.445372669292,48.9035399108415,52.1059369583071,78.3302490735593,82.464625593383
71.1499519296504,66.9093057972217,65.7885736847695,49.2846072099504,47.7045427092769,54.5390424347973,74.7451875557008,86.087714054637
70.7833514236792,75.0291693712887,64.7090412519724,50.3881109748553,51.9456647487794,55.809993330475,83.4650412206699,87.3552517587923
67.672917466877,64.2857889608472,64.2037982211683,47.5998138948055,45.6343854089206,55.2776247661283,69.719917461426,80.994847930576
68.3864755946393,76.7157259514595,64.6564328965582,47.977873298326,51.6344077404653,55.3089360571893,87.6754597271569,84.389937982222
66.1579634029949,77.288736675459,56.3046606300072,45.1286836321744,51.9609228996958,47.7894206432358,87.9997506798703,84.9638719195206
67.9057504457276,77.0864017798531,64.4440411757417,48.8843987720957,49.5920159633102,56.296981929307,87.89863538008,83.9314759027756
68.1648117677733,82.4430375766095,59.255742549494,46.101878682857,54.1353485677154,50.4336809617791,92.1707474058798,87.4918204872951
68.6378297721209,72.0914562937116,63.2090614524843,48.664956131548,49.5059362785568,53.9440505159987,81.6457051830832,84.7989945004668
69.3983639206641,83.3043517766756,63.7815167509595,49.0988590341109,54.3311159355242,53.4023791781694,93.8430245089749,87.7710505298134
65.6463691498846,73.0167881672314,62.8769412548365,46.2009036564747,50.7167969555866,56.1177105884602,83.7281320318284,80.8265686868838
66.6007038071678,71.4560601952527,60.1958158706785,46.4571466725882,49.9815309253041,52.2055364520276,80.5165416440388,82.8988757133105
71.1578307650284,75.1773146938074,66.4423826358891,49.2319199483988,51.3302121531873,58.2371829523,83.8331494045025,87.2846772836747
70.2594932373694,71.9640299751814,68.6476571202956,52.3101491504938,50.0701331731358,59.2750726354402,80.2342634148903,84.5007264354932
67.7823728134544,76.3034322205016,60.7821790738686,47.6531129907692,51.8182817009476,52.433494787466,89.032103384348,85.3692336004894
68.0669679256376,66.578036456905,66.3276263451106,49.5027674264508,46.7363690131711,56.8024654039642,74.9819783447661,81.2539203671947
67.6076234352764,74.1489374555535,63.6969207788444,49.4315818384859,50.2383146484496,53.5826984650011,85.8419750632097,83.5762022062426
71.4241271158921,63.1064248115806,69.3734684341902,50.1928054895958,47.7341094788799,57.7712356002579,73.1594267709497,84.7668733481093
69.1391015891114,64.9851300323839,66.7664290132171,48.4875079931781,47.157858246314,56.3592167842681,71.8691683464462,82.5037648628434
69.7673987937923,78.6082680014933,61.6473138886985,49.0418279945904,52.3817454650901,53.0194203395416,89.3974757560938,88.0750558078883
68.8405257528067,62.6302498977685,63.490799669085,48.167636876181,49.7644516244882,54.9801164718736,70.7032874073438,82.9868915189968
68.4446545281804,73.2063736759966,61.3281266593145,48.0432110799024,50.5690397480579,51.2115664575143,83.7750005904409,85.3803037508557
65.9903814137478,64.513086140444,64.1490424685513,49.0813364973002,44.4971846978422,55.7152854261071,73.6584765065327,78.8395258109503
69.7662814685027,70.4502601685924,64.1105816598646,49.8380183759227,49.157338394854,54.9376423669638,81.0277556735072,85.4731264456983
67.4968873589247,64.9335272901021,61.3229111208417,45.0562813516723,46.3666683140004,52.520011751128,73.5444558750153,82.3524923032053
68.283510869361,64.550897971411,61.874727634676,49.9159785318483,45.4374849839952,52.8260934125812,72.3650380705195,83.0840010683097
70.1080159458841,72.4398469561917,62.5628325465322,48.428779935927,50.718212640464,51.9570239842757,82.2265827461754,87.2268865853988
67.8728086867164,76.5611782565366,58.5687163893733,47.3262198138713,49.2599351541405,49.4129480758137,84.7590650675086,85.970759876664
66.8564252559594,78.2010907190366,57.6621096625995,47.3909507573376,53.2437657225404,50.2822676087373,90.4593568486707,85.5756204729285
67.1027308641285,72.3878447690415,62.4400433094554,46.4327762514053,49.2845337464304,53.703451462845,80.7820167222238,82.6553359923881
69.0078435501516,69.0641895170529,61.2618547331192,46.68614702733,48.6840900140076,52.7018087641921,77.9885165354558,85.3740895044403
73.2158873289466,73.1242605456908,69.7008208654337,52.9588860211024,51.6924879337562,57.7741811114296,81.3490017986823,88.4838435204701
68.4577849423891,76.4871215388261,62.0741110282409,47.1964284545086,52.5864006063605,52.4799620215634,86.0761279495267,85.6450381331571
65.6195804916413,69.8497943968563,56.5174590450839,46.3054497322322,48.0138558847436,48.0781612187048,79.3946482848168,82.7206423394207
68.4497867707227,69.4212420891363,62.9420357356682,45.9559954614036,49.2546607871951,53.3408810944837,78.4881136165097,83.9109875211643
66.395632868062,72.8187102529638,57.1067785378645,44.79078636952,47.9474779680549,50.2553861643803,78.5764291515117,83.7187507346661
71.873780451013,71.0121105582268,68.7163246600433,49.2475522474322,49.4932340237821,57.5850664320421,79.5554246596626,86.7512383870504
63.6235304677984,60.925675502916,57.8782709501722,46.0226976071671,45.5357986884592,50.8428913842185,70.3415425220694,77.7251039321604
66.42687336566,61.8214766977848,63.9436689743812,48.2303044909599,45.881690201064,56.8206068376295,72.30412430737,79.5994836596242
69.4697309929144,64.0475122389729,61.202594515551,48.7816234096833,48.2556519147802,50.3373803008625,72.9312957225976,85.3103399938317
67.8424925608846,76.375428765185,58.0698855983751,46.8029637433809,51.4407410621678,47.5890113986729,85.7064069465613,86.3309753452539
64.3277986608233,66.307296526797,58.6863384958743,45.4785708579471,46.5664902287451,49.9889958429268,76.5089509458653,79.2060614828689
68.4133404184428,76.1849643757757,67.6316968643698,49.5819216751718,49.0946232853699,57.4606176306712,87.9210703928948,83.3532202007561
66.3160907787678,73.4985810389141,63.4184840618195,47.7892480080412,51.5372794307217,54.3119953712205,83.2349640280475,81.3405914702467
70.3668696719561,82.4157088843878,68.9892198467145,51.2747854308916,55.0593873375319,58.7155492373586,93.7917089830048,86.7850534681793
67.9852578657068,68.8003309170887,66.0723113234802,50.3040507615353,49.0208162290471,58.1373773031987,78.2463601435702,81.8165069302534
70.134139059063,77.7562355743062,67.7382449243354,50.9090579225989,50.3404936641401,58.2650526059268,88.0455360430184,85.7729097484853
70.1409954046534,66.4921041171562,66.8385970969882,50.7692275136909,49.7095396627833,57.2939750852692,79.1981243851627,84.511830826405
67.4941623207431,70.2053784442888,62.8818348388542,48.7737405608223,48.7513272292201,53.0612334496472,79.9007301398815,82.6734655384007
65.8858188415374,70.6590169946604,59.2901208096814,46.2217241853074,49.9931394357121,49.4486711452085,80.2862990139169,82.3445564364069
68.0466902941366,66.8810483591982,63.0516454731048,48.3940804445569,48.4557864316538,54.096575148522,76.7117120328867,82.8677706180319
66.9244737375251,77.6912146260457,60.3136107726791,48.0057783470357,50.2251785186746,52.1914314374803,87.169697273107,84.2929230729266
66.8779794620576,74.1553798941496,64.1591675641088,49.317825820654,47.5529604930294,55.4920172567272,83.1268453119747,81.8117656132694
66.2473544472771,76.3140204332951,62.9396957955231,48.9690941323965,50.604360300134,54.9520518861224,85.7209250452349,81.9773897892113
64.9808617294349,68.6858677419536,59.5155994135416,46.9185747131385,47.9711125375556,52.7655184349789,76.8742170114368,80.1390850023605
66.1524237636475,79.0977864953019,58.3115381883734,47.872507959327,52.0357154178972,52.3540645302546,89.5609747213374,84.5415017840172
70.5788749660461,76.0832195255606,66.1335562081746,49.1066915389864,51.9082989913219,56.7375612462028,84.4826465639196,86.7338313621492
66.8167671665564,78.9981342872559,62.9561103846603,47.4163800242184,51.1797561489794,55.4435653800426,88.7594709210967,83.2805871969883
65.2657737135714,68.4638539541605,60.5775363345679,45.0404355885776,48.9431921761324,53.1292511390375,77.1617902085877,80.232945767441
70.3633415264697,63.9892276157104,59.2890111276492,47.841588899203,50.3900009600359,49.1016813318682,73.9981207018526,87.1916899712021
66.5890916489473,73.3386350844729,59.5033574560208,47.4780053532477,50.0262027538703,51.4801448117456,82.921684483443,83.2468067544473
71.7954748503215,67.1103297959029,62.7681341791508,47.9116070398966,49.8073819503549,50.6638683402503,78.0835544248457,88.5455420546695
71.0314941755838,70.4903579490847,65.2360729362877,49.2789743993044,49.8201607249333,53.5760748315117,79.262312369537,86.967625817161
65.8130010853457,80.177306501172,63.3370269579686,47.8212411097655,51.0307440968494,56.6329799039622,92.1729244908886,82.1796721513963
66.6599437984284,77.9890085311334,64.3475748896729,47.9113967026972,50.6207713378289,55.8024414231247,86.5107227150204,82.1637108970342
70.6360294319349,64.9765141544234,70.1667949695783,50.689313704164,47.2088339083296,60.86144249027,73.2502920468604,83.3003559905857
68.018034537195,75.0782028001414,64.0466250496558,48.2647634332694,51.0280749969669,56.201464224214,82.8106611470942,83.9225010379884
67.6805548220637,72.8625794695841,65.099650720076,48.2368113962213,49.8575317848724,55.8016151317311,81.1158505840489,82.4423389789977
70.229101956869,73.2892247894534,63.8076933883325,47.5727916174049,51.4595925498649,54.5578729554553,81.9518946962693,86.7732762631716
68.9349485039264,71.7027516088035,67.6167444088904,49.3854519594521,50.1377701862742,57.675540914196,80.9951190595336,83.222298370582
71.8793338680542,68.1624658673016,68.2831905570081,50.4956094354134,49.156454096142,58.7319858160255,77.5456331816637,86.5596139691356
71.1116112734784,69.2222469601962,69.0332766777138,50.9229295024157,49.7298986899349,57.324829471277,78.0904214920158,85.0763890382359
69.6031047952738,70.3247899361769,62.7156125334927,47.9202062643399,50.1097579821539,53.9131085197279,79.1777465152596,85.8780429052504
68.606681435552,60.4589659378545,60.7817275386167,47.8726579308338,46.2708713284189,52.636801871054,69.6635092659369,83.5246265895178
68.1823987755864,69.340227714336,65.0242699262692,50.3134692876722,48.7804393487885,53.4226347216113,77.670924402789,82.6141947180601
67.8229142226382,75.0420575214121,64.0463956480427,50.0694168475229,49.8814704801934,54.0815576827334,84.1398473137353,83.5717517701494
66.3188241068212,72.7031854413052,56.6456841202071,47.3444608687694,49.5849911321547,47.1657125570273,82.5111194258954,84.0405768522489
69.3040299211437,73.1521562514194,66.1859860624186,48.8661707260831,52.1883079616853,57.9582026535453,85.1743564213784,84.6538808157816
64.5600789252288,68.3132267130425,56.4988931752892,45.7791093951743,49.2246211940823,46.6138594193921,77.7041555649209,80.8604375996559
