"V8","V7","V5","V6","V2","V1","V4","V3"
80.9038448719327,49.9898299893445,49.0858625203038,47.0420404234564,82.1647131215409,59.2820717763607,71.7170178816403,65.9586198058478
75.0150602452419,51.6188388519614,47.9528565886321,45.4540181455099,80.3491495040785,60.0919975601122,65.1859643642037,65.5842766758594
86.160299281158,56.9698721424129,52.2827806520632,49.0677671479216,84.8292073956292,65.276731635115,77.8703887012025,68.7319641601036
79.5695132597538,55.4971889564848,48.5084373062235,50.7361587996838,79.8061687281664,63.9929298252883,69.7386471469771,65.8746597911918
79.0654771538575,56.5640762556053,49.4217718918892,48.1240321392905,82.7652718797753,65.7203354820436,71.2181567128641,68.2462240884351
79.8841549077617,54.6847521563149,48.9613949198035,46.6946517113839,80.5057668827379,61.883666381572,70.2040944626233,65.6140647077477
83.1070002597303,54.1899549003701,49.8867134565764,49.6844432179749,82.6608724091561,62.834815876807,75.2374908782604,67.026490643453
79.7026306213363,51.9502417006639,46.0998682414285,43.9743313840147,77.2399899431918,57.2516345214882,71.9437896600388,62.0843674223323
83.7292125765194,55.5485221860878,49.9089181384151,48.374839548298,84.684149005172,63.0412274828284,74.66620722762,68.3518266980539
78.6362215864412,54.0710663005928,47.8431429912031,46.4622700036807,79.7025050948051,60.1228306801544,68.5631637955139,64.6688989171562
85.0496661895195,54.4212956748317,50.702384156445,49.2744542800498,86.3071013290792,65.1265486756846,73.4350084349229,70.060588184834
79.913238167287,58.1592145078929,50.0764004376646,51.8121439528944,87.3016629872887,68.3041177554328,70.0423625963177,72.1342990081341
66.1323213135831,47.7339629054872,45.8449562435081,46.4551570528217,78.2941537629297,52.9482670046388,61.442002016816,62.8949408289752
78.8598922402619,59.0762735446895,49.1152896891944,50.746858407306,85.6532423147084,69.1564625270361,70.8328345993561,71.254588162432
87.9217651764606,51.4349114095761,51.0757242369511,47.4421001897697,83.6523477394882,58.9739084409939,76.158686146493,66.1513213587444
71.4223961377358,57.507444139075,48.0220320572607,49.3091261135192,83.7914636224901,68.2531305556815,62.4855299128474,70.6831681334083
86.7183466304909,55.6768435871134,51.6369115875999,51.6717836455188,87.7600081652992,65.9929235538859,77.1521317154044,71.023810891197
83.2301731909855,62.0161405059405,49.6625499189689,49.9580121581764,82.5119378296146,70.4553769761613,74.8786240872122,68.9730656805885
67.1853699731962,50.5983937202941,45.6529369436259,45.5952957337818,81.0993659058266,60.4732129894656,59.3391798228271,66.9770169801217
82.3602342495104,55.2997120248905,48.3680261184623,47.4243492218017,85.8397102449634,65.0879295281738,71.471938264869,69.9467251839844
78.7084477913111,54.4293954272628,47.6900805377441,48.2857763306179,83.4296221398936,63.3293418400893,70.5278652516986,68.1285418935055
88.058365112398,53.0482514929277,50.1597452391328,47.5701131121619,85.0179727320298,62.8711567727321,76.1797457380541,68.2130038344545
81.2423387158492,53.9323709862549,49.6956700006171,46.2503278500511,78.6172914736201,59.064012109856,71.0745097911063,63.5314646932576
92.4047056695968,54.4786704542619,52.7682815539273,49.3209590594709,86.9460082265568,65.0010531267544,81.2657977142514,69.5054986169723
75.8600873899068,54.0550674553433,48.6465619311558,50.2936290160987,83.8196240278864,63.2088107329681,66.2640921539606,68.774052610586
81.5253675939205,52.6006618969454,49.6779175547671,45.8252643929423,80.645147781003,60.487529666905,71.9563412334768,65.1438102322818
79.623844209113,55.8827273983378,49.1790220367595,49.779683998755,82.3428991747509,66.0964622855647,68.5088819644211,68.2889786261883
78.3884024625933,55.8663756139039,47.2188333234608,49.653989687678,82.5069302058327,63.8985872255064,68.4515106974272,67.7229073491067
82.3645502699693,61.8192948336619,50.036555613204,52.7071300295945,84.8340023722459,71.2929019518383,72.234836545929,71.0367247153534
70.7890527115989,53.5414535584713,47.0298425431751,50.03499933469,86.1702319067973,64.9143477439593,62.3471174562186,71.2319504771397
81.7765360277226,53.0179296487234,49.4203739910071,48.0711346405287,85.0963362735315,61.5494343271396,72.7388158716063,68.4358402862311
88.0865651705349,48.9631658174028,50.6127222501095,46.4929474348337,83.1356601532567,56.2109154557107,75.7110395503521,65.1183959769374
86.7808352980921,57.6397230325121,54.5566217952857,50.0110786040436,86.7495300413703,68.4294061101564,78.3610548571175,70.9657640625507
79.0867839865523,51.6046345213546,50.77755069779,46.2568544083887,81.1249014623832,59.9893622143077,72.6149250524108,65.4698503006783
77.5612621873752,59.9678418891582,48.636683747984,52.1384797100256,85.8954812226577,70.5448668889389,68.5870695898846,72.1634966791939
87.2668359475967,53.9182617719902,51.6822650867976,47.5292214968201,88.4935538846461,62.5932776353817,76.0157426073519,70.7493524739171
85.9725499021021,50.880316317886,50.796809814983,46.5755283913214,81.7805792903388,58.6003907274914,75.4615135027055,64.9298363828086
77.2257427843553,55.5161947845454,49.6165277583586,50.4253352136197,86.2762702266328,66.2771271231639,68.2997595493019,71.2819209985807
88.1243311551957,48.6035799907647,50.7782417208307,45.607211844622,85.2115852059773,56.8235799084968,79.0370918442393,66.5334813953449
79.8030014212893,54.7361233916763,48.5197278796432,48.9017386020744,85.6242729238101,64.0735802983181,70.2601509270391,69.9422563059739
81.2385388094186,57.0577973831665,50.4250775595246,48.4340928970852,81.6010354347021,64.7796775623043,70.8513536491578,67.1079112056183
81.2233628661958,59.3384520799333,49.0960573224031,52.0420925428397,82.5886494713275,67.1122874693424,70.6668126372416,68.4201609722937
80.7553015818067,56.4415181024864,50.3504869345274,47.6151949166641,82.5679367325861,64.1220997152352,72.2186048239628,67.439795258873
69.6893644403509,54.0404567555095,46.2158673952914,48.8204138488916,84.3233540508343,63.3729227140479,62.0887546524885,69.6313911284617
75.6626756815957,59.7885007393105,47.8253668621262,47.6555096143069,82.1878187931322,67.3721776476897,66.9200917205781,68.8732222245728
83.1436048032074,56.0891015841955,49.5627513163697,48.5702142264723,83.9472861454927,64.8587505648247,72.0302947358628,68.443264115176
73.9506007987829,59.6272173846607,48.5173546610238,51.2649237653825,82.9460462313973,69.7062902913372,65.3861385189522,70.1943499826562
82.5207431482509,48.1543115710137,50.5068742989349,44.8640667173894,81.4720624483227,54.0559185048453,75.6101159586283,63.6583005425924
82.242731142921,49.1859401334976,51.4598580154749,46.3116452845408,85.7069732314808,60.3437928713673,74.6690033790924,68.4559029054001
81.3320347108024,53.642477947316,49.0553142055232,49.1331178162913,86.6967074893356,64.1241379893677,69.4206421690385,70.7125115988199
81.5439084610789,54.0199159731513,48.5263708657942,48.8293353277788,85.1985568232449,64.9840971469021,70.7887282529294,69.7430575102442
75.5525179718961,54.0711254939607,46.1497212496868,46.5788778554817,81.863500823676,61.684252458089,67.2576271229349,67.0090656515805
85.2372577214588,52.3143148321719,51.9130036028028,46.7557464105001,83.7905700059282,59.5645773999126,73.6221039456905,66.5503446366427
76.5575422264587,55.0157164648604,49.1034801245485,48.8537934828758,84.0343894796486,63.3287293372325,68.1142250293671,68.794239853941
72.4973966946603,52.8914243932747,46.904865566186,47.3373733644464,81.8644358393154,61.2062189894543,64.7173344472835,67.1457634799866
78.1537203940575,56.4856753541094,50.8318603169175,48.6813327225272,88.2115804625609,66.7007894929251,69.1833812930567,72.4559718879996
78.9222539644885,48.6196974639402,47.8286951372354,46.8531580834693,85.7258612440883,56.5731546777166,71.1584609045005,67.75210202893
78.8208689198694,51.6211596311876,48.7788915852868,49.7302505642587,83.7081228711454,62.516172065524,67.1016335070685,68.221785431361
73.4383159873368,51.5097357530497,47.7955081439351,46.4493486364682,83.5764198952919,60.126062096477,65.8902652515981,67.8709642621629
86.9687441335692,44.9478300764741,53.4782826944597,45.876715589761,89.6758120284659,54.1890030815099,75.4658739607863,69.0624005676874
81.120826634362,51.257060291504,49.7697247838536,48.0732456183717,83.2172778603716,60.6832880405466,71.2130312069048,67.0471710862279
84.3654407349268,52.5425684424741,47.0355805452526,47.4927702409781,83.6739204112082,61.611117101066,73.2959219642161,67.5134910755687
80.9409600644544,55.6678873702621,49.6057264431411,51.4438594000232,83.4349179171566,66.7270395900244,73.1770521744065,68.8278243783444
75.6408003892927,54.657560014545,48.1184650243233,47.8913654042067,82.8921676442552,64.6591111948802,64.999045869673,68.7291758235931
80.8164514756313,48.5320069085414,49.8956463764178,44.3379661690799,84.8428475535004,57.8006171413064,71.7581179121992,67.2556548715543
78.01243570339,55.6316466417955,48.2489410584062,49.1844652721659,84.9342515191796,66.9400626469008,67.6440317385107,70.4719554977859
80.2054185701719,51.9679946545733,49.5792647278243,46.4419641965933,83.6583327339305,61.7045294559989,71.7428325102637,67.5091191536761
79.9403056157564,49.5093060968739,48.790818146225,48.3101071300735,84.5656001277905,59.3478068179245,70.8595965835528,67.8128854079725
79.7532023965305,54.3283940425933,50.3081737357962,49.5566196986191,84.4846984955982,64.5496238267418,71.046845373695,69.1380085519094
73.5462488179296,58.2237827638412,47.7687871836846,49.0337599793224,84.6713939952165,65.5098153461671,64.5342006403385,70.3398157414613
88.5035737752325,52.9612797610705,51.4334394754275,48.8357458044827,85.7660238873026,62.3344613418643,77.544344000344,68.3419436901434
83.7682242418525,54.6409047046951,50.7814534842476,48.3960885904535,85.5064132563214,63.4165904225593,74.1123654859024,68.9667983658777
88.8664664435336,50.7345204152649,52.2359111419532,46.6288766166311,83.4320505184093,59.4088579734856,79.2985115811047,65.6471356536904
78.6653703358205,55.7627528618752,50.1777080746787,49.3816998920273,87.8043934919,64.8226059801335,68.4219408815629,71.7911375368544
64.3106940566145,54.7899779893887,42.3562073288598,49.843921862487,80.8544300354279,63.117358407667,57.8320379271189,67.9833456726183
83.3422864167781,55.7702111782157,50.8267230711222,49.1955714270192,84.2968047570174,65.3164909956046,72.1012076566903,68.9274823269974
84.0065356001326,60.3925550524158,50.8455393136171,48.1327433643273,83.1813803794798,68.2373269585891,76.0683817240882,68.5702026161862
73.355326106271,49.7449399607788,47.3326976275176,46.2160232231013,81.5050562533897,58.5997496632795,65.9252427082419,65.9318674898128
87.6167132450627,54.5969081864614,51.1700100822906,47.9064881031166,83.880910751858,63.8435324058086,75.7333473234435,67.7166738728831
79.8753228560843,57.8798401711197,48.6974688548821,48.1035690586272,83.0569565105657,66.9529139098801,72.9468035145671,68.603811597459
94.0462493411392,52.8239597419783,55.2988307948629,48.7717265435179,88.519261970571,63.4096050190044,84.1283001238969,69.9041438822844
76.7389238036108,55.4252956489475,47.8256889497205,51.5344609405523,83.3242205965593,65.1206270364261,69.0785924396691,68.7838408293864
84.5157203801985,58.3439100995225,53.0685878479937,49.9078939396253,86.7341019126759,68.28161786685,73.2168436588083,71.2674606791655
79.1471933388339,54.1517157157043,50.2709254476084,48.157433047198,85.0928517022462,63.6979234445609,70.1486683300997,69.4540571175165
72.3363087583259,58.3484442847133,47.590078579975,50.6108722705667,86.3198502576911,69.1266089489099,65.2426008966209,72.4205239164993
78.2973488405392,52.1230942686812,49.3628039576225,47.7477894769029,83.4519355471906,59.3860075517025,69.9566843123188,66.9267290591555
80.7489284244761,55.3148635991914,50.5765890314343,47.5667181345338,85.8636325502781,64.8202149468055,68.7597678505423,70.0548423482396
84.3430616303094,52.9511564638858,53.2532933797362,49.7332215994084,85.0632816221796,62.8106766650735,76.451146945626,68.4586229360218
83.535920023934,57.4918005674086,51.5165082491069,52.199404979524,86.8087099004382,66.7018873808706,74.4439111439298,71.0033164996154
77.9047029859893,53.0743478453482,47.4191538589384,47.8312764114041,81.8488017401969,62.2463040310754,68.9280143891494,66.832504594114
84.5337969317926,58.0885924289003,48.838811132608,48.1863825538327,82.7464091458069,66.4507531211402,74.0485268068189,67.9804544499025
73.928318777054,55.9027088799214,46.3130040328764,48.7543774019518,81.9281499071191,65.5779348519276,67.9967950232056,68.2683996825882
76.9658690641386,51.3818606820233,47.5246447213359,46.7664439457749,81.322173695453,57.4638210147655,68.167800021458,65.1953942037797
75.2510568268612,54.5536743063461,47.0572203057859,46.9456523080524,82.1742832571796,63.5856644178086,64.9923900706551,67.8213452973932
85.763979145443,53.0054486816758,53.251374873422,49.145686621365,89.1928280737882,61.4297606898741,74.5227291590104,70.6527872112798
74.6806651864137,56.5299270313951,47.5617411610102,49.6756529084137,82.4175000845146,64.9534562434576,67.0725820085433,68.4588898022663
74.1708851651539,59.4051830086006,46.9450248097022,49.5051218175804,79.5276817124861,68.7616744783361,65.8794287342095,67.296379011144
72.3777808605407,52.0996211119504,46.5412447918865,46.6577144185411,78.1993706827245,60.8776529194061,63.444471318093,64.6974819777578
84.1660060599946,56.0499583279316,51.8558450960894,48.8827828109156,83.3276561670996,65.5758522538329,74.1820815949507,67.9706849692015
87.7162761230974,56.014891236495,51.4366207843059,48.6739463216557,87.3577020124316,65.5061708751623,76.0409632222652,70.675218170228
77.0720612653242,53.3926323904962,47.9666210074338,50.948121094297,84.3407636718696,63.6470881899914,66.3500678080468,69.0772936029333
87.645906589461,54.4413768162476,49.211047194453,48.3877111866528,82.4278657506108,62.6714192352553,77.0194527010817,66.3268714423554
85.3704092929074,51.5823245971581,51.9323675790338,48.474542430056,90.1419608321521,61.0192009174596,75.6467417168433,71.3687130674536
89.7930044067565,51.5872587770525,51.3074349181041,45.0470636071132,81.6844969243052,58.1392797406069,78.9103152190921,64.3522929874776
93.460771068532,54.1782246164569,55.2707447988822,50.6169766181208,91.8665718802169,65.0968335030615,82.2366544796099,72.826124755009
76.2297091359551,53.8413897759889,48.6042656597091,48.0504935627338,79.603763174175,60.4850037152243,67.4736081435588,64.9384600862003
76.8234364742119,54.4137898162893,47.8545045074063,46.7636915902127,83.1741144082097,61.7258592656447,64.9185151708331,68.0889328771521
85.3884472732767,55.1704590704836,50.9628591932483,48.4095760585822,81.0974992638192,62.2457680928607,74.4788118967214,65.5648497645774
86.2912271220892,52.9670730922105,50.7569405375114,48.1426663292316,86.6721528563711,62.5409128146784,76.4974447923077,69.2845369655645
85.0406755167155,56.6691006086292,49.7415200259805,50.2652243632546,88.3581309220959,66.6068402616857,72.4430789126647,71.9032386307071
95.4178671230176,56.6539870202513,53.5837330892895,48.3772648104163,85.1505573295546,64.5867297837209,84.026693396399,67.8510217156181
80.6615350667774,54.5049274493327,48.3417559214535,48.4851460275965,85.7298572425077,64.391531615058,69.6787535598495,70.14723161014
75.7676267088967,54.1757977181533,47.9700208483934,48.7640827716562,82.3059930105548,63.2890093996288,67.6392202577902,67.6516218197486
89.617272619001,53.7174827418571,52.3555414061164,48.5297352512554,86.1558113972994,63.3637813964792,79.42961160861,68.8724965391377
80.9054537080236,50.7865806961691,48.7778926858065,46.1396063714463,80.6183196678774,59.7234795040271,72.6696764358778,64.967301653505
75.1922124819423,55.3608192325584,46.4663932802772,44.9038300895453,78.95428096792,61.5749514718692,64.0927220714501,65.1524267475055
94.689912681945,52.5966451061554,56.7630265855426,47.5265142050143,87.9822247350375,61.0371627357825,82.6340197056696,68.7752221902868
79.5783591315815,49.7145897208137,49.9608585976905,48.365376249446,85.0701013975131,60.2987867543469,70.4212114500863,68.2004938841493
77.3170805529421,58.2433496428926,47.735909528126,49.990923415495,82.9942680070627,68.2605302656099,68.836440644014,69.4511825698665
84.0664881186237,57.4392197275648,49.5174487730238,49.4644221016439,81.53983358845,66.1446113351246,75.1408823184857,66.9430143525834
84.9955680889761,52.8714156941069,50.3255608432479,49.7573557772372,83.7232665896322,61.6185331179928,74.5048248328488,67.2095795535741
74.1282250909589,53.8289746447582,47.896500616611,46.6791094914355,83.752510208274,63.79133374999,66.8104783331818,68.974172095219
83.9583346023412,51.451087242721,50.3572029022911,45.0881827203787,80.0816179519108,57.2941929662767,74.2997893193087,63.4989712448376
74.5133043709412,53.3642993283584,47.6663788733484,49.1844311368244,82.5507816813795,62.5584929327913,63.7597072569676,68.1590080775455
88.7326426075715,52.3898252742008,52.7469280756523,46.572202644647,84.1569579949454,59.5933039587973,78.7569242945168,66.2637230534614
88.4908957302678,54.0902717637327,55.4196457547316,48.8277858473203,88.1926580942208,63.6598298803333,78.8960588505817,70.3428082603705
81.1094117895794,58.5408067974485,49.3426042500267,50.6256563444796,85.8458684119217,65.6515122000263,70.9463649422552,70.4368017072336
83.1322432787405,51.3632259342805,50.0584565306986,46.1524702952259,83.854898395625,58.4065761071266,75.0204488127369,66.4727789134647
80.4453912816783,52.8336251659863,50.2592004967881,50.3126921975535,84.796943489339,63.7555490928338,72.2610108815482,69.0020315012737
83.5878585224114,47.9269431982003,50.3772948082624,46.2014240055138,85.9825569295673,58.4157436997886,75.5562332099042,67.9266181195458
75.9640363593032,50.1269945444643,49.0632041817554,47.3206107644502,85.0847029550052,60.6496020984018,68.7222438656771,68.6498076857644
80.8149672642746,52.4326786361416,48.8320928137428,47.1645159975916,85.2537233137732,61.428376868973,70.118087009981,68.6956978374423
77.5161138730066,53.2203051470801,51.290925801,48.7362258461661,87.9284701871441,64.1747127796898,66.9856784602075,71.6583650550642
80.7498915426062,51.1540408576115,50.9339353917019,48.5519275085196,82.7828998575223,57.724543708497,72.6937968926304,65.8756799796566
81.5933367841632,50.7686191485612,47.6088960447641,48.6709050526582,81.8588958426985,59.8039992691548,72.1796241726152,65.7548336956691
81.9475807734301,48.8511145950698,50.9222898260207,45.7618024429589,84.9724932237905,57.4369855097926,71.0448805205241,67.1320546935874
72.6516928568716,56.7778950130884,47.8456174278072,50.7315208488109,82.2030232391536,68.3510713374579,65.4463462204459,69.332645414336
82.529966041762,53.2750680881512,49.955609937932,45.8741274939826,85.901148338398,62.1147969177211,75.4417744348957,68.9875956044792
79.3836811529949,58.4589568282953,48.9282121834286,52.4865474626851,84.5264513156838,69.3992783667177,68.5880934115429,70.643245310354
80.6593823592082,59.8119910480316,48.2656394955306,51.3776214515857,84.0450564218934,71.1668749793154,69.912341712352,70.669857932048
82.9839828980682,53.3137511668721,50.2514966496005,48.6738164682366,89.6509093105349,63.2274151864139,71.0815893916199,72.1158570662127
84.4812119843427,58.6277231954531,49.8918577110337,47.8810232321503,81.810657681266,65.3832871225258,72.8860530987828,67.0477380367767
88.0185500063049,52.3582773052402,50.4207501791136,47.7021233870774,83.8520709783191,60.0519884799813,80.5025010964634,66.3685723959938
81.9977514430643,52.1134597532028,51.2449434353072,47.9053006966343,85.5264264163015,58.4698621813071,69.0073412024431,67.9132137625499
83.9952421455901,58.3004876894077,47.6002707386921,49.4315674756181,81.0513327805137,67.3233069961826,71.01977924435,67.3746193827507
72.7908489185522,54.7495022197428,49.3384889206721,49.8832983567361,82.8554365840611,62.7313656030465,67.4656231293642,68.1338139340149
78.6617123532151,54.166892862194,47.8267715432927,47.705604649126,83.8332928885074,61.9254506622111,67.7492016794372,68.2074293201965
85.7746121157197,50.3088655303081,53.0823680086552,49.3950552331359,88.3061003794497,60.2980538966963,75.3737911833851,69.9619892983321
88.9415123161475,52.3497364944846,51.9395488196359,47.4052652582438,86.0396197548365,61.2505548351543,77.7484412024401,68.429236428453
90.3215767742612,59.498649730881,54.3038781703009,50.9920888882651,87.4705684684518,70.2692978061459,81.3481294634465,71.5815210973847
73.2454219094642,62.5867823848451,45.9919461316519,51.5782606182387,81.3443635530655,71.6734875755565,61.9754846428338,69.9445349848024
85.2024275198585,52.0049030798013,50.9872890886889,44.5081633046477,85.3925154071822,61.5990599534344,76.4112704348005,68.2711958893811
85.3385084376006,51.545790087202,52.4454580186134,48.2987929997082,86.5543201061828,59.838676246824,74.8556875626255,68.5364960272301
87.0997016254051,54.4548484382367,52.143387377521,48.4046773605151,88.8857995605853,62.2141362538405,76.064206068613,70.6345573609629
88.969460099639,55.4877212646826,51.5043679702555,48.6299249527202,80.0802894731913,60.9025417907392,79.3492645634557,63.9176241207245
76.6898463706791,54.4702426082342,46.3381801300869,47.6333841243797,80.1252152022859,62.1314657280834,67.6526334593181,65.7705011804263
87.7853035288735,53.7008769980098,50.8359079644954,47.0383809615352,82.1425829705202,61.0558264874985,78.3452250026964,65.4865172252772
81.441624094346,50.0355197712863,49.8082022517023,46.9222250377288,82.6243657111692,56.8559002557927,72.0820359734165,65.3508299907111
85.2751622454102,57.9900626097381,53.1080669489211,50.8444509128205,88.22578181724,70.4630499967223,76.5641938411948,72.6998987171827
73.0767636272957,56.1504332949488,44.5854143826057,47.7847373382301,78.2247475129297,62.0944685629539,65.2345484972036,64.8318805646362
77.9496588272583,49.8713724727035,48.7973368388917,46.7570198660139,82.5311236014621,58.8547691963881,68.1255103117582,66.3452615987245
88.729828767116,49.0479831650653,51.2922051545974,44.2300665900616,81.5708574714761,55.1724842197171,79.6622628709346,63.3862681180386
76.5988505550654,55.3590066291736,48.7867641126471,50.4915056455327,85.1421631451727,64.719508895315,68.3639062104835,69.9681051588533
78.4884635657219,56.6417771868974,49.457260247598,48.9441018012265,83.7716051930217,67.4838929025551,69.5896603465794,69.6322238372659
79.5215531854968,54.2850972449321,49.2759528299287,48.0686071131888,82.1498281428735,61.7127935804263,68.5381277908171,66.8342050225601
81.429012383657,56.0798778117446,50.3506847584499,49.7396470375542,84.3828612099117,64.5999963866427,72.2262372067888,68.8098884163088
75.9078401511556,55.6329855049957,48.9343320314862,48.5190740326092,83.7600642697293,62.3093752917273,67.4572404868807,68.1695276693437
87.615185338502,53.434189881024,52.9700465133953,50.3921458645128,88.8443262095589,64.2998020739048,76.6730305028733,71.2645635463413
83.9310662374075,55.1264849883291,51.7254839458071,50.0193626480503,87.0271847975883,65.5849145828882,72.807308168477,70.8162726230141
86.4063773860052,52.4428965727384,51.4134720097766,45.292188948354,81.2447875734895,62.344283068456,75.6414105755324,65.5417361040465
93.1651095475644,52.9413051139908,54.5585684397314,49.72129817829,90.3759005116052,63.9565437884281,83.1838796709618,71.5544327291824
69.4850361360992,54.2521485937892,47.1144273794356,49.0328756435458,83.6466007419356,64.7752615419422,60.1987201066432,69.9047843771493
71.2115602971559,52.1427927934356,43.803895617587,46.6890298704529,77.972067865991,59.8494388993294,63.41118767383,64.3566378497587
77.3128233502187,49.5105242060901,48.7650765731898,46.2674084931721,83.7083745910349,57.635539795574,68.0560606392729,66.9096961477641
91.1627429104869,50.1002572965901,53.2282974862185,46.758887515986,83.5305371757498,57.4804735455021,78.2346907816997,65.3103252084412
78.4556003970271,56.2767278482061,48.6760710260075,50.0111469916134,84.7525377702677,65.7043348585096,69.55488523172,69.8352173957897
97.8679154545987,53.6720190251539,54.3216825859245,48.7595403353343,86.3995764242591,61.4476454917625,86.565586800909,67.4014537375001
80.0935035463467,52.5735970431074,50.1074140864505,48.4639893999149,84.8944438229584,63.131215876635,72.2793335132745,68.9768022434015
85.3179256800675,54.5431238261973,51.8941087846691,49.7812294571152,86.9273503243988,64.3029465745582,76.1341214472147,70.1532145368039
87.5774689807489,49.2300303714396,51.121691173166,44.8279857115516,82.9274170305021,57.0138205779035,76.110630953551,64.9378751230317
74.6609586828982,53.8538142071912,45.8660108461007,46.7015587700353,79.8255744201388,61.1138340742319,68.5873588769992,65.4168771235367
89.535039646218,59.0261803139794,53.0247588200263,50.2229208781169,82.6355964600139,69.0604323087363,77.4311397205287,68.0805952989994
76.6277159872939,58.695374727545,46.8747609311787,48.3306808750741,82.1604913465762,66.9527972281248,65.6297799230588,68.525773201925
79.5632009091647,50.6357000947743,49.1232788581894,44.8164854925419,81.7083512283112,60.2863797521727,70.7415573733065,65.8740563207476
80.1282932296343,52.8733608552002,47.4229391295253,47.0563427352464,80.4364642081275,58.8392368931022,68.866673363089,64.7456210663592
77.4798426629907,47.9909190386153,49.3337988047323,46.1451348258553,82.8614422218334,57.2686529407711,66.9756600713128,66.4272361620051
81.7647840301323,53.3618347428142,49.2227094638366,47.6651849550517,85.4335974114923,62.3482592465731,71.3573860156621,69.0207603283878
77.0427511137691,58.7822456738814,49.4871783442891,49.9761426612685,82.1425718336562,68.0785872717611,65.4615040582223,68.9540355724423
86.3157065239285,56.005845608003,51.3372516317412,49.9099335601498,85.7825956057537,64.6203784996271,76.4764111437084,69.3207524827427
61.1213524472452,58.3829146056877,42.1519489899369,50.4803974480292,79.4292291517557,68.6892783728179,56.6193163833565,68.690781857556
85.9735587927556,57.4539256490289,51.4365981549407,49.5938923410832,83.998675679017,66.8493443840301,76.2761067229274,68.7727172166223
83.0232675770549,54.1293307533436,51.5309852887324,49.6973950849499,84.7687913730745,63.6707941946013,75.4852146689527,68.6119478676188
85.2109209590603,54.0755989191822,50.9789785211929,48.7299490209688,84.6878434784531,63.3245891361618,73.1283411548987,68.3520989415325
75.1060227165886,49.0139769008451,48.3581236567612,46.6004350914341,84.1791483326696,59.0931461511683,65.1368045499287,67.9690770290336
75.3634889378921,58.8860080936377,47.9341978356642,51.8482187237004,82.0765485973238,69.2223262820903,68.3774382708275,69.3259670413719
82.2516534925074,56.5274635375459,50.7124741594151,49.0240544134207,84.4876839735331,66.1071864352713,71.9333282166185,69.3366914470776
74.9518503613748,51.3269138366449,48.232886532167,46.1548924144951,83.0979633059051,60.0516256367074,66.7806399122272,67.4437004699921
83.0888878707621,53.3123258038498,51.5926963181412,50.2809830600228,85.4315119439674,64.6852375854324,72.7028209841262,69.4141286999219
84.0217831850401,47.7152757776905,50.2210621368441,44.4602937757589,83.2106201580776,55.5568590965812,74.5490543483181,65.4363895471638
78.1135001476103,56.6097889544189,47.0181424574012,48.3931878355127,78.244857415676,64.0841565937625,69.4446736787818,64.7896602335836
81.2383787950797,56.9541437481273,51.0408649275787,51.3982421748382,87.6343165743648,68.3719502013939,69.4413117737003,72.3538835095244
87.8436170993506,55.9488127480345,51.8738513863122,49.5033924962804,86.653061845068,65.8525559626346,78.0616186397424,70.0819087757937
82.7025501412751,51.8925025648069,52.1086971540817,46.8714119588117,84.7586363357006,60.0437964330629,72.9908997222411,67.7838305892489
71.6104598344437,50.7794743421209,47.7132705522762,49.0931928039691,85.0725246945035,61.2388797789501,63.3817877726721,69.4608128907204
75.2211761737591,52.4730397766584,49.4843094073118,46.9385118900687,84.912161705534,61.822601188281,65.3403185801593,69.2563612321943
83.4162307482598,54.6292137097697,48.9116850569559,47.7122280309133,79.826219743953,62.6938591797001,74.0668513293606,64.9287752641446
80.1906418685766,53.4712248148249,50.162303827226,48.4548954571444,83.6616828741166,61.7873054187898,72.0439917459054,67.5786722203065
85.2188540060769,52.4956491064722,50.2313850870161,44.5475396177921,83.024410834845,60.8143665589714,75.4561443837602,66.3698569307133
76.4374729530796,52.6697434195779,48.8868997516762,49.2827349134034,85.0158025344104,62.6229728696594,67.8076378146854,69.1499974296745
79.2465602199098,50.9099878922267,46.6189921821535,47.1315901900626,82.2935663128247,59.5134979717235,70.8033402650574,66.1664027315231
93.9969170009717,54.7300459850043,54.3659209984385,46.072050026504,84.4726193014469,62.6371472449164,81.4364843194829,67.1435180262687
81.0197924184335,48.0821727696224,48.6097919453409,43.7650732521438,79.5465481632626,54.7206287090536,72.1348976261499,62.6377570632419
90.7557334677716,52.9421633631709,51.8378931592335,46.151091712938,83.8256893609035,60.7873071399835,81.1282754823614,66.2792174398022
78.908003999031,48.3240587732574,48.2964886711364,44.6818579232706,84.6174549473733,54.8603474487787,70.058668647462,66.4452628007833
91.7313943563972,58.0092039112865,52.5634997176169,49.2496778833219,86.6233814088785,66.7867734428393,81.5033078769554,69.8087670014705
87.5727561782716,56.9393031591161,50.7005016033986,49.2389801970477,82.0706938729358,66.4234205355883,74.167463722479,67.3475510611145
78.8749372402403,57.9574099212444,48.5783413126022,49.8781948419806,85.7093626753754,67.7506663135003,70.5509689863046,70.9131809991893
86.5829795761074,52.5980360863803,54.4988093305845,48.8732653359325,90.444531427972,63.9407002476447,75.5431738840988,72.2107170791979
77.5667200737424,52.7844032360467,48.7604939836439,45.305800978403,84.4316009113186,59.8277479797772,67.1425634967249,68.0208972752829
89.7381484644526,59.2427604336247,52.1936540564697,49.7894803332153,82.7792033162962,67.9065295019213,79.0677059099274,67.8413058441505
94.472866467726,49.4719713249214,51.9579679985487,48.6129002391318,88.2155231953176,58.5000951357214,80.9865280225302,68.4971712929362
85.6298426014569,54.0580729107477,53.6427012376318,48.0617565099327,86.3336516757822,62.7174632208636,77.7545557083068,69.0911710584527
85.4059420537592,54.5750299691138,52.2248994527031,47.621007488337,84.9128254157948,62.3781379121166,76.7606767052916,68.169003486242
77.6590342640993,47.8243919403023,48.0073797753364,45.2215527463545,81.4177510355784,55.173705510881,69.409766528862,64.4799593234644
79.2506011138085,46.3957051617954,47.5834697596087,45.8978344717756,81.5914931778192,55.3846439042911,66.7979810197993,64.7651258552493
82.1249945002374,57.8092376098364,50.5808930413246,50.8952345638858,87.5296065348814,68.9018436969756,73.0129401630936,72.1001510538876
78.6334750300756,59.4461703186945,48.1235624469108,50.3567471941378,81.9812934982303,67.2243755494103,70.4869736096895,68.0894396713622
83.2695576580095,54.7737061451182,51.2000681958653,50.2018656186914,86.1605714999515,65.4590043634386,73.9775480443445,70.1495750352
82.9537928036717,52.8999908049483,52.0733631744925,48.1143855974431,82.9843019388442,63.2581030432985,76.0062985953282,67.1519069040259
77.697841652328,55.1029649072245,47.3838877436756,49.2635890295158,81.9082416127816,66.4243142128383,67.4702451980177,68.2341488706291
87.6767078511803,57.3003708025158,52.6873377656536,52.6034067836962,88.8466607874293,68.8407640074548,79.377081922513,72.3667571579062
82.3552831662298,49.4541104523358,50.6906459320478,44.8887242201702,84.1259094055113,56.1161436620293,74.7425880827784,66.1467691757783
84.9816650578366,54.6828806239335,50.3081571027024,46.2971331462095,80.7029672093215,61.2103377265273,74.1842100247234,64.9906698816418
83.8822081199476,51.6544985310141,50.113465012271,44.3427305919057,83.7458631145236,58.5745381680293,73.2861189939925,66.4806037246039
87.6018886258225,55.3105277725979,53.1776583977184,49.6529743455462,86.0731574016741,65.7847794591432,78.3452275134132,69.6091548748302
75.5838981099623,61.3615980879388,46.7322166053331,52.4907352487444,82.4383866115112,69.3522551106877,65.7299375544847,69.7619177528306
72.3583342070575,51.98473615197,45.9157122702116,46.5978064881652,84.5972362580017,61.7077169025061,63.6178546804511,69.3611936010165
84.6300974969478,57.6173179669881,53.1384731717859,52.953347215003,90.1658513291119,69.5311801831855,76.1017570977534,73.6970140738376
84.8270840522143,53.0799246629788,51.0040994396427,47.7366060249918,86.8946541676575,60.7140819310082,75.8492473495796,69.157553015719
88.5734083928154,58.0997468367241,54.9662502556195,50.4188112548614,86.3447081737616,67.2793413195591,77.5875182735414,70.075232449801
79.7622398598495,51.1197420667968,50.0682373660298,49.6850843404588,84.9237962328574,60.0869008612037,69.9540332869402,68.2769720943333
66.0721604767079,51.8891218610136,46.1113562336257,47.9092281052007,83.729292170597,61.6901772259622,59.2428777113685,69.302145606299
74.2504957228246,54.2903976418942,46.3355239019578,47.5565130937729,79.9470195590838,61.6698566320528,63.7298899180743,65.9806135658055
89.0934491230866,54.671692252141,51.6041808129621,49.9978728852883,86.4521666169413,61.7441294817079,77.6628980340987,68.7417700376228
80.6649528441129,55.2813608237291,48.455593083961,49.2360664497088,83.6040480867453,64.0313133277874,70.8200672985845,68.2888605495718
76.994209139805,56.3340136104691,49.3848997570563,49.029912174189,82.6547459438206,64.8533812554404,68.4884326226211,68.4727155285828
84.9180505922901,51.4175317185802,49.3985006475629,48.3008879086804,87.4924568159272,61.9477026314813,73.2515304095252,70.1476829663155
80.0253352422367,58.4710248575673,50.3125458537067,50.548098299282,81.9939438461392,66.9091892561879,70.8958018638504,67.9435419264317
79.2813930591368,54.6550367074897,50.7218779095087,48.5931580216308,84.3000341341421,63.0951376420397,71.7500970460034,68.4664704558014
85.0816250115905,54.8196966216063,50.8911890952199,49.8960058496687,89.5072476541482,66.0934598292424,75.0924289249137,72.4851111445375
72.2156067898531,54.7349042644822,47.8981047524172,48.6601848070972,82.5156359032646,62.67331364822,62.6310600298045,68.0777151277977
87.5450103939335,55.3144302929505,50.712669559701,46.6080166550703,80.9353206904763,59.9039796025596,76.714456237071,64.469339743809
80.6601145462199,50.9784743718603,49.5989912054329,46.9539562900768,84.2181214479057,59.6659499196818,69.5894165159029,67.5108115378207
79.3937805958935,52.0998327021872,50.0471757616261,47.0648368183984,84.8882564195843,59.041475431405,68.8912969638174,68.0073303237138
75.6301600120339,50.4340477300969,51.6806812899179,45.6138130080717,83.1005690248438,58.2672666934422,68.2617591746703,66.6547599679937
71.9673876477236,58.5568862771879,46.5556826381611,48.944844065212,79.0604866961675,66.4283783541839,62.398341143472,67.047893389441
83.834767077746,53.5866318196584,50.9421358115772,46.42152808924,83.1625936369954,61.1902889840504,75.2108530183604,66.8038683889276
74.7806711552549,52.8922669402462,47.3177759760528,47.2420433643322,80.6708637103071,61.356731811221,66.7190553575131,66.1426411710648
72.8202756915285,59.8823760789351,48.6831923716944,51.0611855976674,85.2406980730027,69.1764562391869,66.2847796223441,71.6890649857725
77.1569127362594,55.4342492251232,47.5866161589615,48.6261014685166,79.3061884337503,63.0687384122496,69.5896868072809,65.4048122250734
73.4163781393066,56.8951223967107,46.22872516828,49.1451231424653,80.5539733837629,65.8499722845269,65.2610532664444,67.4023813306681
74.2485236626189,53.1582202600784,46.5819399052659,49.6368550166376,81.9510061831326,62.5934529146343,65.9897927414333,67.4186839544264
84.3611908503393,60.0598825461661,50.2467812719654,51.7998942883332,83.4409948023362,69.3906533087557,73.7563782951372,69.3100824562121
75.0520689924192,52.5255795709968,46.4669592341402,45.0435772385105,80.495827159733,59.5161024174212,66.6502562433704,65.5420893886393
90.6725078395007,54.4855914553992,52.198016894679,47.0581050400961,86.7213202157434,63.4803663478243,80.8312375439948,69.1435461190129
77.1003979337567,56.3071562560721,49.9061009747075,49.4701798861492,84.6729914021431,67.7027702895252,66.2000416969894,70.5480187788341
81.1666358109349,53.8170845471868,50.6050445134853,51.8156417167329,85.5384290213982,66.4655278284297,69.8936353886119,70.4183744183593
70.3307006066681,49.0746335272548,48.0369225631181,46.4241539965939,85.5972507936374,59.463351321927,63.8751812135695,69.5121167323172
77.70977348565,52.4028344644953,47.7802420269407,46.2697197454487,79.0305404690451,57.6726284549409,69.0612980204498,63.5405460762486
86.3933562194725,51.0121724051517,51.7770837480117,46.3214835675234,85.828860052727,60.2888700679183,77.837578718852,67.8672542544523
74.6033706960569,54.6600426557009,47.0916846860736,50.6129914098379,83.5156396902615,65.7052013244418,65.6414902987647,69.5084103556988
81.85512229587,52.4151536730082,49.778228437269,47.0170113017972,83.0422136137718,60.6208242488784,74.2234802357877,66.6479930291547
69.8809686720685,52.6752906703886,47.1902533142859,47.8576582550209,80.8505423556484,61.7741451269478,63.564563006158,66.7398128100984
85.1338869496283,58.276204289084,50.3889718212247,49.7941742398674,82.8934265043693,67.2998247290972,74.2662987638458,68.227864146702
77.6382536035704,54.501714028899,46.3306285464281,46.3624043409387,78.6628067732299,59.9479251999357,68.5689038514463,64.1069563219123
86.3474182440212,55.611964874974,47.831965370074,46.8893999287072,81.586440516915,62.4145503860099,74.6149584134841,66.0288314080798
79.270247746824,52.9272543194344,47.9607440819284,47.551885616312,82.285527721865,61.4397356679633,67.6790261515291,66.7811744953286
83.3713668839254,54.0693228636285,49.1670238097831,49.1353539329629,87.2288908466831,65.1826584192222,71.8724987223844,70.8783082427982
85.0805307574886,57.3277595969144,51.4634080825609,50.5840654363382,81.5014917863784,63.2717341472978,73.2808449504965,66.1797499085772
74.4241695139596,51.5506502047467,48.4014356044096,47.3142668621854,84.0451885608397,60.8501457547075,67.3821817021595,68.2811048883771
78.0486465024106,56.4404736644489,46.4543485986459,50.8492747412664,82.1306871274996,65.4777494953276,66.2905172028285,68.1217807293816
78.9856212616997,52.7929741443043,46.9070150013884,48.5544643774811,84.1509053305344,62.9694939891043,68.5591083511526,68.5754591010618
79.5450047606161,52.3095768360015,47.5554590031509,47.6444038309006,82.7324424880875,61.5112682475206,67.4183847676229,67.0394777194327
71.1903845401821,52.9839762409413,44.9080090048933,48.0788981211627,81.8440381468993,58.9089581784666,65.2025558318661,66.6407415363963
79.7448690371946,57.6104147810823,48.7554314831876,51.7707608851973,84.3659083711744,68.7436641874047,70.2297427539329,70.2625871127265
83.1800314824427,53.9158670475637,49.8067094353676,49.5259977518526,85.4533254266785,64.1220245316064,71.0578913889379,69.5420514297569
84.9510170469636,52.7731299492752,52.1319845591222,48.1834218378841,84.706654376096,61.0424472242316,75.142699903292,67.7588979859308
69.9666959296676,52.8247153378647,45.2228249586469,46.57245767889,80.1719163363548,61.4253742949072,62.8170051124879,66.2318339603779
89.1263981878638,56.0124469836543,51.9496443897718,47.9360915313582,81.3974105322051,65.220477463111,79.9434299010875,66.0075029132715
85.1514566105007,50.32977390695,48.9566193909681,46.4139698702907,81.8243893969982,60.2593354445504,73.9679948800067,65.6338121761528
91.1840637048536,58.9565084312346,55.4444028762019,50.2068028938555,88.6476076869344,69.753201118565,82.605050763788,72.0279077917685
80.4940819242172,53.2206371706775,50.4311296079541,49.2116952542531,84.0073715040924,63.2789714145577,72.5447930980441,68.2304261270829
83.3972470605389,47.3847962732767,50.2893040542224,44.5371662771498,86.1197273675961,56.437849618727,71.8357606068204,67.6901586095781
82.1502539700361,54.3583498607512,50.0675549297501,47.8747912707627,82.5634390746086,62.1340883849687,73.6707638072991,66.9523540543723
87.0311054591067,56.8335834197063,51.4515394697468,48.403771715452,82.5216449462456,65.2923035558794,74.3661803539903,67.3720084513547
78.3460393452428,58.6766545273085,49.0288610341679,50.390663771262,82.6507716149379,68.3145871774586,68.5635000399715,69.085201517899
75.5741219509555,52.922838459398,48.3621942838325,48.8995321818531,85.0293252188044,62.2698812351394,67.445844693573,69.4522003630295
71.6987492132824,53.7236364687707,46.7897008816834,49.3020539980599,86.7047771932785,65.1471902341217,63.24336950604,71.9487897182633
90.464864135633,54.0879371805377,54.286130433477,46.9418428308582,84.4188508284122,63.8068887421518,80.6121517711675,67.4560489369129
70.7347149995333,55.4533751109319,46.8604173474068,49.681228959073,84.979588332688,66.1811941738484,62.3700664257209,70.9396323152413
84.3600157179989,55.6584570889868,51.4167754961717,48.6782563975117,86.0913201346959,63.5934201561903,74.7361077092038,69.4945632688825
83.5693035790179,56.1385050951809,50.8501758264774,49.7707170244023,84.7291159349507,65.0163435871341,72.1416213112494,68.998704651493
76.4203805384319,55.1365777072158,49.5204175890694,50.3888789739425,85.0064569679855,66.1661129323688,66.7579637204162,70.4588497088202
83.3341262095172,53.3783093763189,49.9386828580329,47.9529431988606,82.260236948522,62.0727640403226,71.6249261785898,66.7041027987463
79.9130588823861,53.8573966316168,51.6412002639545,49.4466730885632,89.8368452217991,64.6837211747763,71.6213117433617,72.7417251438453
76.6767821271154,54.2311878072532,45.1023212107275,48.0056633214523,79.8750606434923,61.8025081915831,68.1698967908773,65.5788002268112
81.8611507708138,54.7392819725065,51.668586137361,48.3534076345343,86.500357787007,63.9559127503858,74.0010702105012,69.96780370168
73.4669879194646,55.6291206207714,47.9376207380322,48.3452972977513,84.11689161582,65.2072717045455,65.0550822555606,69.8239264307015
80.9079416350322,52.5449837903559,51.2026741067624,48.9951224180257,88.2366608018544,62.3825618560154,72.4803112641657,70.9458604648754
90.3968826285459,53.009261988827,51.1699604993641,45.9796335694991,84.1991760508425,59.7519979581446,80.3263192491421,66.3766221589963
79.868789152551,51.1983102301111,47.4927946667024,48.2517388737594,82.4358681606793,58.6116941949444,71.3281169318687,66.0041268451043
100.07862933164,49.6394830459043,55.6775718481055,45.4319573878582,88.9418177239735,57.8072728232827,87.4148648087806,68.134246221763
69.1470148140153,54.5440456079887,48.2061106562693,52.1711869996197,86.5384561886792,65.6059715777465,59.4895003153086,72.2170048239544
83.3063934634112,56.3827845376941,50.7827407652056,47.6420223215368,81.7588351852575,62.4315380976636,73.6436017470219,66.0445170773302
83.6747188939013,51.7677743828284,50.792020311575,45.3898688409763,83.2720793200399,59.9651025732114,73.8062035339655,66.5882547566634
77.3483639532033,55.4006143759568,48.4911410691635,50.3006318153569,82.9563942643131,64.7057090032291,69.469467305376,68.5239312078143
87.9816048306316,60.064806568468,52.9250045332146,50.6423471352105,83.0642695559928,66.8271764566335,78.4689466060096,68.0010179059389
80.936889422716,55.4808447228735,51.7020545485223,49.6889165407498,88.0587525065322,65.9355040597228,72.6879388866794,71.8299366755738
79.5192517480975,57.2203890174423,50.435802676224,50.4827640521866,84.181037878724,68.3961201128504,69.5815312269864,70.1757055553065
81.1106813746681,53.0643306030536,48.877594056201,49.8136864894061,84.0648644394198,62.425716197495,71.7130618177729,68.2303856651108
79.5175554759137,55.9823944906833,49.4549922795317,50.2231411163971,83.1246781673612,63.4968005746664,71.4797878458145,67.7667926541761
78.345081844246,56.9330040597107,46.1679153036894,46.9110442143265,78.101155633969,62.4607148611552,67.2379869670244,64.2949226944192
92.562177689738,52.3455164072689,53.6153239741011,49.9200715804989,88.7938976829193,63.5572362400072,82.5899883718986,70.3199502104537
78.3586339135855,59.4186091584868,51.1880695174508,52.1316827157884,84.3144910823478,69.3893357715625,70.329762678936,70.5355972377853
85.4003154777449,57.8369757421942,50.1000501846391,49.3296367904398,80.4807838029777,66.1670123302751,73.6431026525457,66.3661148138052
71.2995783330556,57.5945576874043,45.6675280355732,50.3843392174606,82.1121444190899,66.2624009203865,63.0383755792871,69.0443363694177
82.6231003065693,52.4958641160528,48.8857488147996,47.2446919025945,83.4755020952313,60.6525460203742,71.459671762875,67.1380671658939
78.6650692212778,51.12550399982,48.3065018420255,47.3452392590502,83.0205809845682,59.0117015788688,69.1901417174898,66.7409976318187
89.161929829313,54.022892220695,52.4073038985864,50.3284971559079,83.9333860729255,62.5107648768909,78.0439844239974,67.1019613304784
72.6597419639315,51.8406276815741,46.6551950602638,47.1347909630109,83.3398161174113,60.0917749478617,63.8760863310357,67.7988056730181
86.2657138930177,55.3774266005969,52.5427731396748,49.2764405512864,85.2324057082112,64.1392549514906,76.4308928759153,68.8676490825629
76.3475094451024,55.5405321573299,49.4284855275781,49.5043081905098,85.6732849973173,66.0094067239092,68.0240702792785,70.7934663352846
74.5504266017632,54.0761265102975,47.8740099677467,47.346864086556,83.5518305678217,64.0441269212179,65.0958276934535,68.9414189552962
76.185996036906,62.567681977318,48.0729486312115,51.2186160368547,85.3909435462242,73.116180075876,67.3616595047477,72.7322670572963
78.9373812449551,49.7491803599515,49.4898292888394,46.6864384752931,83.5242662031838,59.5410929868166,69.4951320436261,67.1171922748702
78.0150112235785,49.4546005176449,47.89248768934,49.3489616794284,85.8639461510321,59.6505322877178,66.3461161389143,68.9956397947774
80.5157594514827,50.3905118874933,47.2523634179997,44.4441625911144,81.1163961120424,56.9153843806626,72.3358490412617,64.502756008914
79.3285300395383,57.0112732657334,49.1322237226883,49.1377793509492,81.7776912114752,64.8543537083052,70.9542025395061,67.3552835260481
81.1884061873528,59.3083192974958,50.4200208080569,52.3229347462772,84.4893161925275,70.0680862233708,71.3947818496815,70.5015370511058
83.1790587708446,49.0641415477684,50.5166166051427,46.754446237202,88.5179712818937,57.5167354118214,75.8583914810127,69.4329705836445
84.6993471209683,54.8516662802829,51.2098131305894,48.9135761264789,85.0581452508872,62.9762355948298,76.1011460607317,68.2057190861738
86.1154940790955,58.1342398917864,51.3847368619895,52.4552102604511,86.4530461727528,66.5694026390228,76.4301850310564,70.395377031674
75.8777601970578,50.8449222545538,48.2392548557619,47.9998444383235,84.153863850282,59.6008397697872,66.5333356343613,68.1001339732187
78.8716318500479,48.763790283068,47.3371214773121,43.8417566008326,80.1400866890059,56.1698360907634,69.0000752497873,63.8930482405159
73.547446228246,48.6386927538193,46.9201576141685,47.4115007733585,85.3647018043157,57.7792920187363,64.5400126606339,68.5905393035588
79.7216016599127,49.7745800378346,49.4308355539601,45.7623296505321,83.1659978657907,58.6265835023129,69.2880149128959,66.6527110193509
78.5572652687072,53.7254402379857,49.3029410428089,48.5296332296944,83.1689154801414,61.364287960365,70.9063644458573,67.3620045517494
84.7384003060586,57.0082642149299,51.8332373916197,50.6982591117899,85.8282966723042,67.0286488999512,75.2314706975582,70.2590415902343
90.4287852817116,48.3099063753279,52.0180559328982,47.1704414568051,85.5758797364364,57.6781203759463,79.9364222525281,66.8037597044163
76.7724429283854,54.6447876778282,46.7443844053158,48.2861598595077,85.5042659441843,64.5827012542159,66.1758546372215,70.2810391475889
79.5987973927644,53.8100176840538,49.9204048349987,47.5782517484649,83.325573164231,62.517402774372,69.8183469295077,67.8149538739868
73.1344512636667,49.3487922139326,46.6243145339545,46.3551154205415,82.9922989074132,59.6054081327276,63.8732159026698,67.4027173273082
76.382638764975,54.2267176134676,47.3134177830687,46.3780589065837,82.5832061879037,62.2399363343489,67.6015083996575,67.4594368800093
78.972898607353,59.4598609929416,50.6452519712621,51.6655643240456,84.1109395221735,70.5137191968841,69.3186756950854,70.6940455830169
75.253885110653,57.1173547150697,47.4142039077507,50.1403267553207,83.1800707452401,66.311685943166,65.3136976830072,69.4414246614175
72.0883166131783,53.8357161114381,45.1746616988446,46.2389166745878,80.6986865363135,61.7849642435342,65.0714693069138,66.4930177389098
84.2571764986109,55.2287186512913,52.8549478076157,48.530585484539,82.4873370323017,63.454984926936,77.0219137436363,66.7165218503377
80.2028631887363,51.5720987997587,49.0811607377857,48.4678105847249,84.9282027505962,61.8051421925361,71.973586008171,68.5019379552296
80.9730233510521,51.6684981720509,49.7748263949573,45.0632036010202,82.7025898153847,59.3002955276725,71.125147212449,66.1294884441274
75.2753367862907,51.8624114610787,49.115504373069,44.7901292929231,82.0082310858525,59.8472526663799,66.4423681763816,66.5664165832122
65.2718236595797,50.0449221828349,44.1341728974332,46.0624277332623,80.6866846796739,57.8736864555808,56.9813941231203,66.4882829793353
88.718846043863,51.0218554022666,52.3703345323934,46.6218883827885,86.548636934875,59.6500338300826,78.3484296689155,68.158383423742
69.0753885019205,54.860039212005,46.6202212934737,48.8425665930374,83.0954714484365,64.537429301702,60.7207245656596,69.5260125380538
79.8460117898948,51.5962386144772,50.9695630020761,48.9980675775932,87.0338212847742,61.4241210355819,69.1197593636927,69.9864397367416
75.7416513804079,51.1125725023086,47.7885443016155,45.2793414496188,80.1640554795136,56.6668194664812,66.0615482061735,64.3509912081578
90.493127943029,52.7859265089781,51.7066164816943,48.2389283523578,84.8369088305416,61.1651123651748,79.4973950355638,67.2545065779647
71.9190899548946,56.7807835020263,45.1711010394272,49.8944947784111,83.694809664029,66.8228714058193,63.0869912017275,70.1978155018899
80.0363093902125,55.1806947801691,49.0766430429676,52.4445316798011,87.331512640901,66.3915261113923,69.6145517559025,71.8013797270279
83.9471025872522,56.5442757801222,49.335726073003,45.7342415858625,80.8625871665892,64.7613161348186,74.3453490347428,66.1612279002897
81.3157655363613,59.3423875932159,49.4017778356066,52.6716781455717,86.6547035778664,72.3263448629806,72.0311142602351,72.7571668306015
82.5484718647749,54.2950661674898,50.2771623925683,47.634514637743,82.2051674745983,62.5541008827223,72.4851281314854,66.7122078890219
75.3054772808985,59.4171769227257,50.7891648786841,52.7805284919412,87.7820630829612,72.286442417834,68.5079871234284,74.0559959338545
72.0881106118727,55.6450858367011,46.596196146862,49.1934216846145,84.0126292863747,64.7129223989186,65.1311565210074,69.7134894226565
74.1901741463266,57.6353539134865,47.0557960913669,50.4852486275495,84.5441856591115,67.8537806217251,64.770812876835,70.7109199626321
80.5864628372319,58.1606561751804,50.4521232117766,49.5772228113343,84.2376204308258,65.7903477476818,71.99918772907,69.3260803231041
76.9864480456283,59.8926444438951,47.2061925359056,48.9432665421901,82.7550206642343,67.647312936434,68.4170553371149,69.1317966089495
85.0381824287836,50.0149816509787,50.563875024822,45.2598298487011,83.4372585697802,57.0059570830319,77.2234685409008,65.5727308749768
80.3179668905598,54.0000714570877,48.1430486817996,47.6408361568747,84.2324588606341,61.5608830624026,69.2750531261654,68.1764718343145
83.2049904363667,53.928234578153,49.41914797243,48.6840622527523,84.5137783892368,62.9039846119046,76.0000132086697,68.111964295141
74.6031582154732,53.1284663012661,49.5985877535047,48.3077410327214,86.114079607875,64.8679396647799,65.996778624505,70.9801119667231
86.4479865278852,55.7623672494902,50.744377045083,49.7555785479376,83.1450019273204,62.8676321850959,76.0661559203821,67.0677205813858
78.0809997770727,50.4427338725257,49.2979957764319,45.8704899483449,84.6466979593837,59.2411517198135,69.2852108674699,67.8606763917985
86.6689690425093,50.6049098139724,51.8873030017268,44.8075166533386,84.9564663593844,58.0804082646073,77.0098100795748,66.9283463408531
75.0233505963814,54.6195068936097,48.9902811600444,49.4741615120279,83.882483040996,65.50986576843,67.8140994113227,69.4747247345748
72.8149684944035,56.3365465745204,47.6350184747582,48.7066267221354,85.0287772111058,65.83519228893,64.1699429717704,70.5145858275278
81.1641760280956,50.0578994237324,49.3886946573865,46.82638637248,79.7563530637453,58.4330842377791,71.5564631140785,63.9579592899406
91.2196338218619,54.2379894236516,54.4423015852448,48.2732680412622,83.8735110034883,62.9674364494496,81.6252843535884,66.8312267618792
79.1609244847739,51.373255484982,49.8286611070481,46.4553244290322,81.0596239271747,60.0395637777335,73.7885906644289,65.2654968249068
81.4533140336126,57.4447161368309,51.5103058710433,51.3852581745468,87.2361015369162,68.7395971836531,70.4026000649526,72.0519738373941
82.4836676954907,44.6931759884721,50.1733124814452,44.3144154574326,83.7841056268214,52.3574861211369,73.4377607146402,64.8994869208417
85.6300590573855,56.078184531601,51.0418299323667,47.7481006096148,81.3611979675417,66.0882621780984,76.6736543132941,66.7378887712945
72.4109119014153,52.5957040848102,45.628992801762,45.5306014098573,78.3284411279799,59.6437291027341,64.0333239997927,64.3117830135601
71.7699461388791,51.0507090372312,44.2724335141424,46.4212713686972,79.6005140144633,57.0329222672998,63.9779489391025,64.3020234853661
80.5129005704093,51.9994284428312,48.4920130459919,45.8078827382852,79.8466500384568,60.011048077335,72.1617495707133,64.5357704887342
84.6724066242852,52.9460129541604,48.9345744754245,48.7202270033056,82.2857874689449,62.4599088155459,72.2645546414009,66.6080372992525
83.1725719958116,58.3104721662687,51.6381099465603,51.7040621280614,88.3915385827156,69.9032106890415,72.9206790636294,73.1101299981117
82.8743351935292,55.2543544122485,50.2721069976765,49.3850540316459,83.4565832314095,63.9502661881731,73.4965448461211,67.8601063577765
92.5635901561967,51.6944747680923,53.6136435002126,47.3263034172949,84.719210429987,58.9934512209255,80.6436488858074,66.4748315611745
77.6111423369287,54.3613923971012,48.4418100908815,47.523429823466,82.9949254881843,63.1252934827563,70.2916835183939,67.6473644275143
77.6766550662083,56.1420168654247,49.3329388726732,49.2090076955558,85.5512848650771,65.874906571271,68.9058398198865,70.5835718367814
72.0344221184107,62.2808711102711,47.6386358653525,53.6559711443756,86.2335424914648,72.6508267833071,61.3931228311103,73.6184018377375
83.5571345053471,55.9482463674576,49.4005686643717,52.7010827278988,86.659153712529,67.0674712700507,74.6965127274053,70.9661910749549
73.6674552500065,48.8765970548151,46.0084899575151,45.6957560047497,83.0260943955998,57.6980106953325,62.4482425808739,66.9974665189277
75.7020784899885,50.3503167334615,48.6203900234535,47.5116674053478,86.5957620539106,61.0959872083843,64.8072323764674,70.1416176887424
88.4713351939909,57.2508940889483,51.4547982652003,47.2428408863659,84.3229504668025,65.9365743713445,79.5431329941251,68.3804177973573
77.6852830787831,57.9795333457874,51.2972448536767,51.449274674027,86.3983026211553,67.9742395920595,67.2670544102215,71.7760928091923
82.6154754193917,52.7140090984471,50.8468835921577,49.2460537151311,85.369393728647,62.3634923525781,73.6207167276372,68.7652849374185
77.0622982458421,50.4314282888034,46.2694256564204,46.88167612107,82.9455875104082,59.4006499649159,68.5156055826849,67.1339564619022
88.0614466873883,48.4959355842735,53.114691919976,45.1767642229424,85.6944568507265,57.1676553601371,79.8598100271054,66.8628338951138
73.6227390600944,51.1637947095789,48.4168334613022,47.3820317930768,84.5880978455752,60.9929664627143,66.1097017294254,68.7877650615187
73.1647915862026,50.8976971099881,47.1945301667238,48.2448011732232,83.7842025875275,59.7166540421315,65.707451527227,68.1408473953482
68.344026222218,58.4442290194159,47.1717215972483,49.8971729110136,83.6354451332243,67.2753486216563,60.3007890295911,70.6131410490133
76.4437128377263,50.1681730296942,48.4982303750178,48.1500034953668,84.3968736007391,59.9769900454085,67.6718842516725,68.1748086076131
81.374125938337,59.0338135656121,49.4330939131404,49.5547894767358,80.0613686042838,66.2478893923293,70.9782765841951,66.5323959143727
84.2500201515606,50.0199407151676,49.4000241519238,47.5946932031263,82.6507416991198,58.8447809714278,74.4880575761417,65.764559680072
81.2462121460842,55.8659466232049,51.8691239443325,48.7846668877837,85.6295343713645,63.5022598140316,68.6695573031261,69.7120009125978
77.4480477401013,47.949343566364,48.2013408698539,47.0812808005849,82.2098380637481,56.868941998701,66.0544688878882,65.7656294399086
79.1677023210887,56.5781228959259,51.0612480949274,49.7735618347394,87.3955998975554,66.7448101775789,69.4510273769329,71.8873374066779
79.8401201872117,55.8112636649634,51.9574392180445,49.5416460539181,88.4595198675974,66.8449129911164,70.8352159646596,72.4554479907149
65.8183970178308,51.2035062678797,43.973863539262,44.0475689915139,75.2553379448351,55.8635803641266,58.7316131479351,61.812838785728
79.7152449720934,59.5832187098197,50.1010378809402,52.7070406233569,86.1696677463209,69.2686160840977,69.7752634590742,71.739600586374
71.213442022567,57.2576333484808,46.4996965887734,48.4279110830959,81.106484986888,66.3364583492604,65.5824689571037,68.4062865435279
89.6998540826161,50.3929232944356,52.9302124889836,45.3147420372799,85.7254773815185,59.5609441623632,76.9551799799048,67.4268871073206
88.5423219050319,56.2187178686901,52.0676950740064,49.737237220532,87.6096869502597,65.4864253372884,79.8388504790449,70.4751808855529
80.3981340056288,53.1849691527749,47.692662299769,48.9235784391193,82.0354620636935,60.8949505962049,69.156978011523,66.4892572712382
79.29478890899,50.7138325480909,51.8337911860682,46.8447200030651,83.3943578392938,59.3117275775008,71.519220434892,66.6386762881725
83.5437925009227,52.7487706565827,50.4670903808473,45.9819984224921,82.4189603061197,59.3292668333685,76.0136766213828,65.7388757320318
89.1400072246384,58.2839820574807,51.8261692652341,49.8363164273419,87.450818321986,69.6304233684184,76.2133345927519,71.6796937682521
76.7601030647863,48.0456410835074,47.279623233983,45.219210677168,83.5149520537259,57.8765930922265,66.5632073420463,67.0656218144957
74.7505835427292,52.2954319544321,48.4542968762612,47.2616631638525,81.4105984850756,61.2935526586838,65.2689192195557,66.5940946294824
69.6273841739566,49.8854238893438,47.2839562563494,45.863993206786,83.3003856230837,60.2592595898064,63.4390980951715,68.1144762955259
85.4428263984239,56.1443930458478,51.5640054948754,49.714675908257,85.7083099194472,66.097964143662,74.6527818277984,69.7130008868514
83.1651062340888,49.2668184381454,50.6298717241622,44.1503343195307,81.9182978777346,55.2825953378009,72.1168670964244,64.3352294075144
82.6252800616777,54.6807071364546,51.207537591576,49.327679141532,88.4477737232032,66.6934453996207,72.5426081205144,72.2319850031536
82.9923394392935,48.4370757363486,50.268338456648,47.4004918414826,82.5286553413185,56.8867139459693,72.4143703050605,65.2912501892606
85.3939380620266,51.9283874512117,49.9500055728074,46.5041793924931,83.4497882057315,61.3749935013981,75.7557173072657,66.7180330806629
82.7225474754489,55.8473201047294,50.7625783692342,49.2366983108501,84.0984562862548,63.8545112667685,72.5720968576609,68.295109729838
78.6646171758791,57.367066846374,48.5427864647851,47.6957275272278,81.4943162775684,65.1248058943288,70.4163886087888,67.3092430845515
81.5376597748593,60.1629386923124,50.5073632579029,52.131902978588,87.7228705772589,70.5129357228591,73.4851506120443,72.8153366292785
84.8765143571655,57.5230608899516,51.1308262174756,50.2919056254316,85.4659978127226,66.8223528582632,75.8710338692816,69.8974753558244
83.7229755342721,49.4044077436452,50.6524998707071,44.0826792273038,82.6954554839277,58.107369481783,72.5709312638343,65.8272709464867
71.0958744579382,50.3760160384134,45.4089296452171,46.0819583135538,82.8493905243182,57.5728878575882,62.0677398197886,67.0313296008516
78.1428141170088,59.1716223022692,49.6546591276012,52.0830009618411,86.1022195456493,69.3006607284852,71.5111160444275,71.6635269648517
80.1502506028412,57.6789252913416,49.042214910718,51.0303422949157,84.4618468190731,66.5297713417664,70.3601726072312,69.5663125692761
73.5006963481053,55.6215190804118,46.3000346607871,49.0379879060482,82.1631344555048,62.7777435109171,65.2241346594681,67.6510461661858
68.5296091444701,46.3240041062638,46.0421460069577,44.1306433348017,80.5609562202256,53.6317027350842,59.3864838090487,64.7560018250849
75.8145133417994,56.3949164848276,48.398472783085,49.2262041103712,81.4981877133258,64.8289995899292,66.5130248133293,67.7515786376159
82.1679509335446,54.1031531122857,49.4801608778332,46.9422846065298,80.3762658730944,61.3219400679201,74.3171258873666,65.0951108787614
76.8087564431247,48.9097365342034,47.8469223732954,45.177388462731,81.3115833028982,57.009118298981,68.3049809474607,65.0911787785042
78.5078668660956,50.738405635205,48.1569418461282,45.6824410517963,82.4565631843696,59.2547587561773,70.4047800405749,66.2613510359513
77.5534525444319,47.9126423265719,48.4815832023356,44.1677700740503,82.0419354674243,56.2848539178646,69.7530006370725,65.2365202055633
83.8942739752027,56.2024151208099,50.7788078997481,49.8719169269057,81.4574169576714,66.0507715590501,74.0974094466377,66.8629011770277
77.3702649756687,52.3162368792823,48.5864278626809,48.3560165829981,84.3926246124392,60.3060389089488,69.6163400808266,68.0602990480381
79.3468468864844,52.354758167425,50.6706926080514,49.0406995913832,87.6947283740681,62.7330937627716,69.6727769223236,70.9100925698359
71.7539187142681,59.7276409104245,46.6327525629041,49.8397010373784,79.6152164588755,68.0764457957791,64.6344959036004,67.5784085716825
83.5132441327921,57.3317778300485,49.7550445773205,50.3488067454221,83.4439529876881,66.6746149856569,74.0377302290638,68.5900783643085
84.0984654530727,51.5784031156856,48.67747522947,47.1968651000101,81.1314905762031,58.8962446713009,74.3201863002907,64.7246170088993
73.6589420744573,56.6082282998697,49.2776004977033,50.2951604068026,83.6185821833136,67.1495899468186,66.3441896456999,69.9078945818561
75.8345956908075,51.5779341441217,48.169191508157,45.2089055507567,82.606407513239,61.2437857384009,66.6357848171886,67.4621429177525
79.323661808687,47.7115657288991,47.9223020914678,45.9042614473735,82.2803580570425,55.6318982603769,70.7594445596132,65.1265681048837
72.8255118295286,52.3004941384079,47.5241507484495,46.5970514060435,81.9407570698257,61.8235908365354,64.7388173222009,67.4929303372924
82.0250756654368,52.0235953742186,50.4864901035117,47.9047574650398,84.6341490408409,60.7502650459465,74.589041397282,67.8570477998581
78.4808025997967,52.1371894488286,48.580267723186,47.8845839746323,84.026504416778,62.8642207715191,68.9541906188719,68.4735652124032
88.4058360871111,53.7762641502283,52.1580794950305,49.2956763730753,83.5557716338894,64.5483716212027,76.4459892320042,67.6110908460059
82.1522098577327,49.2760545658228,49.5789220631275,45.1339243239705,81.3582988789212,58.1464690509148,71.65139380832,64.9384016517269
75.7135924100563,52.9966336225013,47.5075229470352,46.6303325889229,77.4905082360343,61.0369693282081,66.8193743835477,63.8098134324117
76.1187283245122,57.2758139087565,47.4515844577243,50.5689983394449,84.172031290835,66.8246748481395,66.7045729479762,70.0470854795809
78.5612079659423,52.1607708382205,48.102826288116,48.5785537310789,86.7112288080026,62.6518736036155,68.5122271831649,70.3407603478128
88.7366703414639,44.398318820839,52.0406964996757,42.3760163825818,82.1437765806236,52.2596190264098,76.5568420279372,63.0908017831394
81.0448997107183,45.3344981484112,49.5422414852708,45.0257560443422,85.3710803380116,53.3237225870863,72.4752258437076,66.3785429491277
84.0550192516104,52.7184627675088,49.3055117095971,47.327991564473,85.1787554219336,59.2136294586799,75.1601229423882,67.6621994329255
86.5092337824619,54.6089697018781,50.7362914168399,46.8529799802461,86.0018811386042,63.1722559064007,74.8405819654805,69.0829308855906
70.6009387069528,55.0808853361799,49.426350417656,50.3878548412052,86.4563432612634,67.2603898860247,63.1405832918087,72.5165056763657
80.3130786022062,56.6107059884314,50.927940878934,49.4919161315824,85.2074462212964,68.0343200687879,72.3981881929535,70.4988764493697
76.1056070759804,55.2672689456736,50.2157615368498,48.7291925023637,85.1822113384652,65.5070743233165,67.3111067128963,70.3494706323253
80.4477607158506,53.7730354743295,51.2641760885815,47.3652263735846,85.0316803768049,63.2327342898583,71.2119099942618,69.0171960133544
78.5805410089481,53.5079425677024,50.5168004900713,48.5788762999643,85.1021432747943,60.9877389699154,69.5795690552507,68.7104131167953
86.2877757338519,52.0123697722201,51.71264402145,46.2484310396887,87.0710828835621,61.3786692691166,75.1186241919324,69.2991220970942
82.0187425157484,55.3153248723329,51.9045393586029,49.7145865196813,86.9445029262671,64.6397055885164,75.6743326441795,70.3347948428682
81.198108531286,53.5982934353264,50.8287116325844,49.8336020773409,86.3251448225839,63.3285783498519,70.9084244686764,69.9850401522983
64.4428783919894,55.6495251476628,44.8164198010418,48.948499369912,81.9994460631925,64.3828005688118,56.9548605775269,68.9500972545646
85.258047061533,51.0917110809629,51.439927600476,50.4945266814774,89.6125803928451,64.3957542690517,73.0769282119341,72.1413872671794
82.7761204336681,49.7099307299276,49.9936521641147,47.2408709696679,86.851002762154,59.8623858903853,74.654094363183,68.853049274974
92.2976199015987,48.6791990912294,52.2733535245862,48.9597376942427,87.358999529323,58.1779033262151,79.7093209132472,68.1173064141313
77.1747912473062,49.3110886416728,45.5740176972257,44.4845179941556,78.5236738557097,55.7231292723476,66.3900745167596,62.7470997385382
80.6163014570854,60.1061164834551,48.3382913701833,50.7952919795014,80.8682090244711,68.5848084910166,70.3496387320127,67.7861827592829
77.7353238583369,52.4903324054173,47.3430105705994,48.151434390139,81.0685848115437,60.4121837192443,68.3308879987163,65.8970921218947
93.1612746199284,53.5270328665957,53.0892259105357,49.6646466920049,84.8820280786243,63.7764291380899,81.721981096951,67.7465929711631
75.3903642386478,55.2873326749101,47.3472890126335,50.5482696127391,82.1988249179716,63.8765158629479,66.4624995467719,67.7723125179741
75.1658374541537,50.7256887371316,46.9302695758511,44.5627791192918,79.1594887114882,59.5310681506832,67.9077528779434,64.2809300032841
64.8465982082602,55.1879404263972,45.3200068464116,48.2681505835506,83.3923106808129,64.4135525188201,59.4214983914345,70.0176148907646
77.2662671333855,61.5742684160423,50.2103263167175,51.07062856679,86.4027436586529,69.8964520781178,69.5636141114915,72.1829066886771
68.6644926233535,49.0931374174044,47.092320460883,44.8045931033724,83.7580170948958,57.4631564443576,61.1443605659338,67.7817514166318
78.7800577752914,55.3905855606711,49.5715118781976,48.09323482836,85.071610192499,65.4288956058492,68.5912358573544,70.0049275504017
79.0442800805481,50.6991772444855,46.4620741856769,45.5599381766955,81.4271839345626,59.4163972041285,69.2522414046051,65.6269759163486
75.0229912544899,56.1716899728212,48.9805323885959,49.2522296594241,82.5359576797629,63.2271532005656,67.7433188199348,67.7948798994936
77.1321591538222,54.1314433555279,50.4882319450933,50.3584051047604,87.0615534145816,65.5574478996013,68.5641862902597,71.5314030847088
77.8323275068228,51.3591694438156,49.6198464473901,48.25548323688,86.3902067921652,63.04015243768,66.7833820293788,70.3257893378095
81.5486071852186,52.2195515561099,48.1836270788979,48.6932548489177,84.8948883929065,63.3513245272071,73.2332339478791,68.8754981404182
83.1285922878501,55.2375177519878,48.151934536192,47.765057266459,79.3838625277786,62.2012817082035,74.8692231201134,64.5154179092237
77.1316017073749,55.204438964954,49.4640558189062,47.2910126057578,83.9532584553647,64.1122361452989,65.6294376288729,69.0259584317291
78.5212565670466,53.1670050680265,50.6163878820427,48.1612899309555,86.3442585969032,63.7697674671897,70.0558269107452,70.0647632281952
78.1985491977645,55.9320583630618,49.4224835913808,49.0886516321595,82.9914915584759,63.6707295682363,69.4814044479383,68.2190801498518
82.3295207105111,53.0074194773024,52.0106211215148,49.576744154715,89.7109234507338,64.8644478673638,74.3670022243593,72.4639075747076
92.2332284586926,58.532515855282,52.1664629816704,51.2538277216863,85.752959059363,68.3186090107301,81.8037211123955,69.5570365753087
89.109159686895,56.3077824514562,52.6830300340128,49.7333492405157,84.8567363223808,64.6795403266805,77.9885064341981,68.3111140503915
80.0293286345965,54.8770929928408,47.3708786721787,48.2209833554453,80.7857188937607,63.1163200200288,70.7372555277531,66.1813702917914
99.7473056337842,47.3044824402767,55.0357934677194,44.8220886146828,84.6791365674291,54.2992830283038,86.2239228178016,64.2543452911052
81.657497552364,53.9217934757472,50.3424747201248,48.292654831712,86.3674182123731,64.6650350280817,73.9719623124751,70.3110273135539
74.0665786404096,64.4142950916689,47.2571067719918,53.9019457025058,83.0496468973563,72.6439642626094,66.8797333536396,71.1366943120512
76.0921633697331,56.2744621568229,48.2829706455508,50.8830844507268,85.6060283958652,65.7648695465125,68.6570967391831,70.4996344254706
77.076530020254,54.081651230936,47.7596821171892,47.2127931887392,80.1218725903196,61.1311757829168,67.4455665288494,65.4370036133906
87.210800599733,50.4381629710215,54.0081137475039,47.6791441621014,85.1871614658807,61.6388973492335,76.8892614297374,67.8805728066233
96.1956757825875,51.3398949241911,56.4752164749718,49.6224924964101,90.1708021454643,62.9293618546431,84.3408396333317,70.7017506052175
80.0543403522272,52.5053637182862,49.23322320112,44.6857118176986,78.8726405521311,58.4359804334349,71.8395511775376,63.3768543861074
80.5510524890436,53.1198910043188,51.0758399173868,46.8216988528457,83.9139122869495,61.6991209556725,70.9402053722034,67.7140818978827
87.4777377636916,58.1081396168557,51.1878300674044,50.6063742372065,85.4078360428448,68.1147155129858,74.7589734034009,70.0956899921364
87.9707175370412,54.4593372800689,51.1294816846104,49.7833606461251,84.9522579125979,65.4234293836907,76.272369481479,68.8891704649466
78.5891671111407,56.6009530096098,47.7719923784514,48.642025430209,77.397223490164,63.1971079031126,69.8534295035191,64.0048567023142
69.7306204651645,58.0186679256156,46.7345778208368,52.8527314970599,85.2663154955062,70.1862517905998,58.6496724787055,72.4737096709365
82.8529315404411,55.6902931476824,50.7490436277595,49.4694251961125,85.2106475719305,65.8671455723775,74.538681157581,69.5845069288531
79.6582166467256,52.5753682895115,48.2169764914218,48.246974722471,83.7662806418271,61.4369507128038,71.1747118405946,67.7783770886749
87.5979889651423,57.3046675159426,50.1564474307258,50.1264302148147,86.8520863340868,67.5551749962843,77.7106249938482,70.6907413966981
83.3777853681544,51.877184163894,51.9480137313016,47.943434405205,85.5112098164815,60.750639614674,73.1798278102388,68.3678006154413
76.0618160313063,47.3643439811803,50.2928657890439,45.9635181850645,85.7133427768571,55.9668329872098,70.2094760818532,67.7180487195365
85.5267936004185,54.3307305460992,53.1373337097866,50.2740669255714,85.749324826856,65.4747239432594,76.0217913384606,69.5861114988468
77.0900973458073,55.6588365928264,49.8186341131255,47.992135473257,83.3044848838656,62.4716641038068,68.1311773231279,68.1620374907124
87.0831357788131,53.1240384059211,53.130400020555,47.0518865945516,84.5902838185254,61.8626024024623,77.7189347135968,67.5882975055572
80.9152496328806,54.0325893893421,50.0096975545684,48.9225260860224,86.8721145778616,64.3656699763371,71.8977472180062,70.7643027381969
84.0776051554539,54.9534072833891,51.140059174875,48.9678853525064,87.1995064169593,64.8032130753629,73.3216502034115,70.7054936090118
79.3924522999735,50.2034755231202,50.4109125903367,46.8021333833193,84.6515592713838,59.3521780103002,71.7719612055286,67.741760265603
86.1086256713425,57.5865356899811,54.2283885120336,50.566636718008,87.1063203128208,66.2058445092185,76.5378815527712,70.6034348533341
84.1374835042313,52.104373085153,51.0520065403143,44.9721267179962,82.992365613623,59.6637384792631,73.3295073415232,66.0744507268114
85.1349352177264,57.0294489071106,49.0917192681823,49.2908794508025,83.0729094475958,65.9959210001359,74.3869405625055,68.0856127952996
69.9208095275367,50.9054486629648,44.2632594766776,46.6368728094289,81.3510175330971,59.5358094941971,62.1922984624891,66.6890268243414
83.8512635078236,56.9537017212791,51.520375031855,48.6725343823923,85.8323657728001,66.2396106165557,75.950504103857,69.9714819675078
76.0479835251071,56.0219557765802,50.792308685748,50.1184928333415,88.9359101386502,69.09921454323,66.116852224878,73.8365661014679
88.8049821643173,53.1211110931876,53.3403433773998,47.295639879151,91.8751600372825,63.040702359645,78.1557122986876,72.8661096231091
87.9772635874804,55.089706234069,52.4820502693552,49.1414711072081,86.4806869949453,66.4071958721072,76.7663947984188,70.1399385780452
73.8882809363998,50.5508799587488,48.6260658993261,49.4084913214877,83.8448914362046,59.7524208976462,64.1009930972764,67.9858473598341
80.3742326326153,50.6765587833561,49.9124204760896,47.7330315144862,82.2806203929061,61.1548597820777,69.9223070832231,66.7514859842407
77.9613582627362,55.4368118914862,49.2014661461993,48.9090053708212,83.1369354504394,64.110384209848,69.5843832722053,68.3370929301861
82.101842823376,50.8404490595851,50.7578605360267,45.6132138899402,81.7096916452898,59.2085943751579,73.0438559708497,65.3122420381346
84.881485345885,46.5967763991581,50.2775788587346,44.6412597848088,84.257608943739,56.1969968997549,74.7101436762128,66.0769061860879
76.4847990915348,51.2795021172097,50.0527707142085,47.8651482763564,82.0063838880743,60.4532926584039,70.5219517320169,66.6725363186098
76.5021113306669,52.4120901682724,47.4239502924585,47.721697541824,83.7439979415765,60.3520093164605,68.482410681086,67.5576340194387
86.343231924983,49.6851627028047,51.6053130409959,44.7582284993465,85.8497472652747,57.3014925501036,75.0451411262443,67.3284322897793
82.2827186682645,53.8655438036178,50.9701525203306,47.9632451300739,84.8746656111448,62.5009043375592,73.9649842404553,68.4390895495116
83.0302212287002,50.6528057611079,48.6290768005364,47.1646149991598,86.9028034119768,59.5307708296998,74.4495186769435,68.9715074015861
88.1864917140812,53.1274916400932,51.9571152158622,48.5220697849647,87.3003640949335,64.147505931631,75.9632337683776,70.0364457800288
88.3522112745372,54.3800144467448,52.3550722116435,49.4385661452781,85.6253221977034,65.3810112926296,76.8948752117167,69.287540506412
75.0170998271366,49.2246901955841,47.3424744469388,46.6751954423411,82.8662058232273,58.9045304335794,68.7019494094109,66.8726907798009
75.6347822094994,52.6878195090477,47.3766918457838,47.3276008601231,84.2564293401206,63.37054365447,68.1277508131845,69.1693451203723
81.1061706721372,54.5368494185708,48.3596178093043,47.3714268783248,82.7706482819376,64.360827396966,70.870201013931,67.7320276714127
78.0736676600824,54.7607725495996,50.4029726363706,49.793454965698,88.4638386326368,65.9741853331785,67.7161158126104,72.272593369593
79.5135141331418,49.461135787244,49.2925458070634,46.5467707080063,84.7975991998276,58.1232201392803,70.1869881649106,67.5196493723749
76.9557804474862,53.3784286575687,46.9868318599362,48.4337840975808,83.793471899538,64.1624412300416,68.6358849823589,68.8252131386382
79.610136919992,53.7262312912223,51.6186703286015,46.0670290938883,83.8907749104438,61.4382835401633,72.6929631536628,67.7078167378423
80.7854104786576,55.2962627981106,48.5287492430892,47.1339995637343,81.497522038931,64.4916218522489,70.6088194459915,67.0161877519552
83.9476901176616,55.2458052679528,49.6924242160581,49.4643855185962,84.202810352332,61.1187089339078,72.6884014000596,67.3773200966191
82.3741322871872,53.8588814199827,50.9396813865276,47.3042281628006,83.6704797741348,63.565194305148,72.3140465168713,68.0949602792366
81.1151612456748,55.7517006546714,50.6173987294013,49.3543484665758,86.1342683782824,65.6610109117872,72.4304452543744,70.3736071638794
82.3534289561272,53.4539055576407,49.886866025404,47.1995436324707,79.7822605089453,61.1251577189796,72.0698951349802,64.661848286559
78.2007095066003,47.8338004405248,48.2134362397362,45.9736317530679,82.1985045174642,56.3737235905131,67.9979394371727,65.4817739367121
84.894526998721,50.5676850965368,50.6433563815248,46.7473207480318,84.1255226404378,59.1511539061201,74.9782912656284,66.743978579514
83.2512879844375,52.2780626882156,51.393771510595,48.487453295169,85.0333657547121,59.8191245722889,71.1904241614865,67.9269036821241
85.2419204085121,56.3358638541546,52.5767904155182,49.3741904600736,85.9759856577629,66.9575522069925,77.114692972373,70.0480801046356
87.2021761853839,55.6664354449741,51.5192552807787,45.7246586261793,80.5023831258524,63.16415378952,77.8392034022441,65.0613341421467
70.3803566655208,55.6162204369564,47.6996994488857,49.7296041659746,82.3628183048446,64.8806325880516,59.3746676211332,68.9755514717234
84.4747987439138,56.0428447000479,50.9553644643045,49.4313831003691,83.5299763717684,64.3333989132808,74.8956684447133,67.8712549276761
77.7057706256041,49.3568977283691,49.6997761230091,48.4130066590408,85.6719168565192,61.4118886935709,68.2248954035868,69.2571647957743
76.998983753759,56.6080791420453,48.549327119772,49.7987380958993,82.2737675169203,67.0021988062226,68.8285319597073,68.6386885595496
68.3723737282633,58.9307018419143,46.9606982166997,50.7085273768762,84.738052803741,70.7346516427808,60.1942080878468,72.4272023595498
83.7311745185384,59.9344091879761,50.6479990298735,53.1046093351124,86.900345092382,71.1621003048766,77.0714019107608,72.1423003168525
91.9437946282278,54.0879656386642,54.1788115578498,48.8387938261333,87.5102102435721,62.0298104177672,78.9368433181433,69.38954254391
73.1024257849034,51.291947718806,47.8909973716993,48.4587595994788,84.8592738528619,60.8947369996056,64.8832611991842,69.1334429459562
82.2597227087441,48.9755742181163,49.1476489289901,44.8530249306377,85.2486979396221,54.8010039753659,74.1011377255845,66.5149039649325
77.0750568473065,55.6054242281004,46.4608491737026,48.2335316420913,83.1987497600171,65.6017046201839,71.0042139441088,68.7539243170993
80.6569614694823,58.2824707971915,49.6184664193124,50.1166210991492,84.5085434257792,66.0270616845746,70.2479601907333,69.3659003680226
77.2959686399679,53.0193049744264,49.6742959405103,46.1565538464257,82.9589647428934,59.8345944959982,70.702444790272,66.7028071554494
80.7019320481592,59.1936691880691,48.7555879589234,50.1685493029596,82.2289374602461,69.7473876623718,71.7041051850813,68.8251950907429
82.6471719343198,52.0214500268465,51.5882411289751,48.4378948422281,86.3177335204543,60.1293283600568,72.0908595611649,68.9028673094474
79.3081380755767,50.8250824197791,49.9695376994664,46.0676022619032,84.2374050738029,59.1431237513729,69.1342759755611,67.5441451981099
79.186278598563,57.6771319872228,48.5286376036044,50.3154242740727,82.4766229066405,67.6999367082585,71.2216741077499,68.7110326220634
89.9324289614626,59.3926394379757,51.7086526400355,49.1374724613297,78.8465539508165,66.3435577693198,79.6516364764587,64.7135170719659
85.3181977425534,48.1401669593062,49.4182575658957,44.8612289848491,83.6576169509111,55.9516301575859,76.948807052845,65.46710573039
67.7559358817591,58.7276272263321,45.7365669847905,50.2879518968759,82.7930782269278,69.1325576593959,60.2711962850407,70.6646547426822
71.1734258413259,58.0614683222102,47.2255624819597,48.8829968492429,80.7019244081693,63.3644314151502,64.96925869758,66.9629310237873
74.4758669296054,60.7940016672155,47.2656185107768,49.978709038662,81.549480245481,69.4273729428014,64.3838407903089,69.2270049189532
85.1933405190661,51.9111710334499,50.9474851725122,47.9305295901619,84.4531227567064,60.3431722957429,75.6554019682358,67.2071636051082
89.3085030486375,49.6368344688961,52.7742939438055,47.1840014378393,85.3730234614687,57.3332199728461,78.2066208433945,66.5756601470397
74.6027917892848,60.767726205735,44.9756790676274,51.1463496897003,81.2524414028196,69.3842778630619,65.2179448677629,69.0358725591988
76.9508908776935,54.8136873297986,48.5353176777386,48.493257650133,82.8616277343839,64.7988083327513,70.8445132318857,68.306752278468
80.7789711674726,51.4395572318865,50.4761956108531,47.7696794305875,85.0817409684913,61.4787401820491,70.9120716968023,68.64267074678
88.5507365013209,55.9158284576319,51.4806470038894,46.2069209467347,82.5633794463355,63.7723013815846,76.8289657667171,66.4753459549595
87.8703378139686,55.1464345776542,50.1712344383608,46.4874691699395,81.8418923763259,63.5777252866014,76.2477141426721,66.2353428125657
78.1423426750798,56.1161860549488,49.8600145532462,49.6538850906301,86.131446887451,65.0721086112567,68.314384492524,70.7325711874789
86.031195437662,58.424708782784,52.5882373043431,50.5405354043705,85.0153305481191,67.5783366420439,76.0531589572387,69.6764180295142
73.1979612670267,57.8087531882241,47.913914531959,50.4768943294878,84.0268003106369,68.2150010888328,67.0443030893255,70.4676962556636
87.175474921338,53.779327531857,54.0595552152463,49.9123499459092,85.3512455688812,63.8727759168645,77.9263285275599,68.6612563097962
93.6844301783893,51.7736027023848,52.75274974275,47.1982279909073,81.1728714329504,58.1178950059718,81.6809263401319,63.5645473856925
81.6362469644426,58.0680057672641,49.9003771895513,49.9505589497172,81.3999617845063,68.373624340805,70.3636604658884,67.8909639138031
82.7374837921754,57.8550615082032,50.0345785200418,49.4668946441126,85.8229526365977,66.7543499585463,72.7446426378097,70.3166376992551
79.3407485641119,52.8660294023442,49.6018867509739,48.9730634693376,85.6652853332878,63.272662137928,70.8563391383847,69.5267154946776
84.8915713114705,56.1686915354616,51.5681570101172,50.8887855847522,84.1262362278115,64.4530114951272,74.5978804628821,68.2972431117135
77.9974132896371,54.5819884338977,49.7220009478066,48.0803645684553,83.7128843425651,62.1066710995146,72.0148732498349,68.0295041203167
77.0719918396096,52.1105938162167,48.8172403765324,48.7066455044673,85.8783596415346,63.09544575087,69.4111299442837,70.0422803422745
87.9749304864387,58.4668816368912,53.0763997353428,50.0142289828365,86.9358284090707,68.4491871159242,76.5549243024562,70.9562643712867
78.3512670634539,52.2360764639028,48.4442700882635,48.292103130402,86.5732659340906,61.2701475583183,69.2486758291388,69.7603249792239
84.8346450853425,57.1192330630015,50.5014492425485,49.1352589956346,82.2754473933626,64.6766785515689,74.1511366932059,67.2066025067927
74.7476257711717,49.8495082885032,49.7736016021659,44.1194173742323,79.3756721879905,56.1894694704807,66.0060764267565,63.7679513226782
81.3692047321114,56.0139670217503,48.9686140996931,49.2426746516804,86.72692443713,66.0605487394774,71.9964781426865,71.0964681972016
79.6784871987902,53.9926327918599,50.6363082092534,48.4410822594189,83.7673446949155,62.3823430151327,68.8579537168439,68.1428526433217
74.9341846256462,50.5619850264065,47.6138998005837,45.0740940050182,82.8503609093532,58.5222733797707,69.265102382616,66.7693850971323
75.6281384235905,53.8152137394618,47.5524952578984,45.9171493958254,78.7764796701474,61.086361887188,68.1549391099819,64.5618179794157
77.2445329187735,50.2322691684744,47.7049162866041,45.605028788884,84.0312314366736,58.6231991922938,66.3543374623236,67.5667799443986
81.3933451837574,50.1197663368206,50.1498723681692,47.6827895852857,86.3509092489171,60.3733717792708,70.9439718602522,68.9955268806157
77.6515335222927,55.3611152793287,46.3786946119379,47.0157984925701,80.650872177544,62.2610136673519,66.4426619354967,66.0827081306871
87.872630731474,53.1832406163729,51.4959299670317,47.3465737064797,84.4920418366171,60.7765890170135,76.4031831093738,67.1198769047495
78.1640050044836,53.7161991537833,50.4660591481181,49.0567216812379,86.5462354017184,63.5542399156298,69.9566482504294,70.440068128619
86.3087692898919,56.3210065087776,50.7820064292747,50.5807180612136,86.9350894929499,66.8697781183514,74.3583297650059,70.9150516852731
90.454107483492,52.2514475615932,54.3807789584751,49.9109556851091,86.7038468321856,63.9079950175665,79.6863237361605,69.2194034292097
72.3068155354618,57.8727640104816,45.383938203852,46.9644771226048,79.6619728992982,64.1362732383888,63.1512459980289,66.6432210073651
95.1676361272246,54.2279382047548,53.0733696728504,49.6105558404497,84.4545863078759,63.93030757893,84.3653598997581,67.2003036248179
72.1434427673148,51.6649439223402,47.5592559191863,47.7622274850936,84.2141780279036,62.7318671971628,63.7048523655526,69.2917706866169
83.9754345709298,52.048496083503,50.0902145638128,49.3326949551871,86.2064670745067,62.2246320234262,73.775510795316,69.3158529902089
65.6323070720098,53.63207496049,43.8432194480481,46.785037371378,80.4618646380528,62.4702068587061,58.1470866391422,67.3776427156362
85.3410404274929,56.274127570684,50.5548132832091,48.8195099907266,85.0246182008401,64.8244638686633,76.06532546776,69.0364579880891
81.7477429927303,51.861106606886,51.4672816138203,47.1290426634992,83.6531077015956,62.1146842515657,72.2648942382526,67.5014473692011
81.6452559765829,50.2288658160833,50.9619460295882,47.077227564823,87.3849477708594,60.0313016780771,71.0802831715345,69.6115364653406
77.6269882163597,53.056458857335,48.814886221104,48.3419934515944,83.6451897341051,63.5604870111895,69.2223559411252,68.4707581879505
79.1973448631186,57.738130146569,48.227808481273,50.0720036707793,85.0078303344492,67.6682690802498,69.9709074542102,70.3421077740937
93.9449628150784,58.7326322615155,55.6447545821962,50.2494858456553,86.5993594346633,68.8452904203515,82.7581288710952,70.0989652708406
76.1447123697025,52.2251286627569,47.7741246509667,47.0621691618253,83.5445739054987,59.7809580874623,67.7688132128037,67.543377011621
96.8483435548602,56.3540540125812,54.5906587341905,49.0442804388482,85.8875746360445,66.7222005120702,84.0047799506142,68.8490923555756
83.2074032083255,54.3502019438409,49.1531848718864,49.6854106473343,85.7674915489531,65.2985053539464,74.0234101622413,69.7627688958209
76.7322519653952,51.4875007311023,47.7199451335349,47.3751503254952,87.807873426875,62.1926224400328,68.2113581909597,71.1136749206106
74.1473610316549,54.9806642085922,46.4443294174948,48.5173102412302,82.3126227787321,63.2166781898565,66.7625103949416,67.8741138040833
82.7179556958297,60.1820022378153,49.9995277068584,50.0366866595542,86.2572812277169,68.6490120330158,71.9361867429619,71.3167918144408
100.24067265316,55.7994347951082,55.04722481529,48.1107691001245,87.4393455069538,65.6152681875055,87.0904157763474,69.3033635340144
70.1238457813596,50.5150205805638,47.1369474373243,46.1618120713599,80.2387711765833,59.1639722764509,62.2152540787685,65.6256406148354
89.6510705464381,61.0989649084714,52.3067982548021,51.063528027657,84.8638900149135,69.6383155875868,79.6192563437429,69.6714191698109
86.1760929275438,58.4062284326017,51.1203664854367,49.8467995682962,84.8772061871026,67.0040031861616,76.5886365860297,69.3671630925208
90.9076077053514,52.5399159989845,54.4830150235852,49.2911831081186,88.1880988979564,62.363933551615,79.6081837304545,69.9049281371772
85.8149683405443,58.6616640229323,52.8935422337344,53.4379004430788,91.496862953696,69.8780934367144,73.9137765692356,75.0331764445743
77.8413415850241,52.0270716106251,49.3689176821915,48.8791539870969,84.063711989517,63.0045191806726,71.7996484988598,68.5450116056873
85.3173265168738,54.3193095454689,50.1045895554362,48.7946800863533,81.720242142749,61.6931570146737,74.8871680460218,65.6613658007033
78.1845182589158,57.6053792445509,49.8955310416308,50.3338941639167,85.6399840579239,67.2197251720481,68.2616034322599,70.8161974456788
81.536033225661,58.8729719006794,49.3045092894647,50.8529524399128,85.1259429338532,69.5413434237443,71.1247319604301,70.8864196236882
81.2060598942167,64.530656465767,49.7604077778058,52.3908920539789,86.2866744315004,74.959491008464,71.5047527528259,73.1787943243025
76.9545610959798,57.0317590133775,50.2811876813817,51.0950558043036,86.6042681092572,66.720410672154,69.0593620073161,71.2960241471044
76.386000656322,54.7667117382685,46.4533528710518,49.3599419129544,84.6321992542398,64.0725547402393,65.6727683189028,69.5775809649011
87.6780099461412,56.5843295767791,51.9126658104863,48.2956084572426,83.7088184592014,62.9963103049087,78.1267626665823,67.2497398588881
75.1948186727065,58.2606846320994,47.7184400100139,50.0211097433459,84.6061406025095,66.3281538126429,64.5465374741293,70.3018944178579
82.1048714861592,56.6683907302756,51.9669639173042,51.6468491773415,87.4359244503574,65.7523074706367,72.0838275045616,71.2704761408829
77.9104742855573,54.6002777549239,49.5660274337511,48.7698100420177,83.7718907262913,64.4169654382499,68.3239502703157,68.7231482393271
66.6917334905266,52.4158712881781,45.5386504247021,48.4853298174923,83.0253203405553,62.414674701423,60.510055599604,68.953089640188
89.1706647280831,60.1964588263537,51.9381878339209,48.9171515132851,83.1380440606707,68.2523213300893,80.8400698738744,68.1541930379143
81.5277999559575,51.1345411494732,48.403310261263,46.5906902856522,79.5177611286511,58.2459865228693,70.9403609933261,63.7859651549921
70.490617874935,52.2789176886675,48.0270539875761,49.3512981868873,85.0767227601181,60.5869305332288,64.1551407953487,69.2939757887167
72.0881143668089,57.9194072153336,47.8366911168206,50.6806613611837,84.9323269728622,67.5674965909822,64.2310295465245,71.0202796470213
88.5080530636419,49.3466844690052,51.9546120589341,45.0952299544753,83.7376553314827,57.4976356311544,76.9607771999381,65.6956782268939
74.2461480651162,50.7967434636566,47.5364095372471,47.8195661342765,82.3562038646163,59.0308163345624,65.6465759611683,66.7424189515989
80.6049876866606,56.7307531443502,47.9143886209896,48.1727631145797,80.2917766366232,64.1246706296252,72.1889026413461,66.0662418524061
83.6797151695459,52.3336799479616,50.0078592318253,49.9290082098695,85.3687421282359,61.9719864271377,74.6797724559544,68.4758355276064
82.4315726499469,54.8544391588769,50.5012869953824,48.748488447117,86.2823854187243,64.5408744822698,71.1656826606967,70.1397235268419
79.2031832724305,51.4548698235657,50.5625123580261,45.4380465605462,84.4597006861972,60.0355789414608,70.5623261939373,67.8360625322905
87.0106687275105,53.5175872550901,51.2089926542541,46.6429062254215,84.3895273276534,61.6169407058933,75.2975796780797,67.346997098196
76.8433575515772,54.7769968274084,49.6582947273009,48.3674476611326,87.0913984428911,64.6882888613066,68.0614286681311,71.3500776615377
83.0529577714575,51.4212519371516,52.4752961334647,48.7561235193834,90.0221098508294,63.1631556238459,72.285280957869,72.2635508447238
72.4536481219482,54.1790011796595,48.6812583575683,50.2449360008944,83.2375495477756,64.0068353132481,65.3547467260835,68.876594763547
90.0481519836953,52.0608976490862,53.965864203704,49.5742697898187,88.8486145732721,62.6265976670576,78.4880386259844,70.3614395300803
82.0093780646998,58.0079584826285,49.5119143758217,48.0114016842669,82.8505505938044,66.8464527951298,73.4270398522918,68.3420703070145
81.1770615806053,49.5458777309132,48.2730867937114,45.0364712998965,82.0768758085795,58.4265895466936,73.2353279558544,65.3598939373288
78.2641037886008,52.2208487903745,47.2586735675635,45.7123053675858,80.0680611169712,58.578078143074,68.2493879474096,64.6599514520929
92.4535534175191,47.4220265225708,54.7640293622393,46.6165302031963,87.4692935382361,56.7563103897155,81.0822729905193,67.4479229114414
81.1744578839513,51.9502302085504,50.7349785688914,46.8341962360006,82.1160804990453,61.4312966123961,71.0975729095203,66.5708368083334
79.351021259005,55.8466375734044,48.3831946193333,48.3717748540771,78.8843076275653,62.3010518914866,67.2971156374897,64.778833143376
92.4349069310045,51.8428209691604,52.2078009917019,47.5598642605916,85.8570858617997,60.2612135382532,79.7162972086932,67.4838193210734
80.0283706523744,53.8303778334529,47.1667512452717,48.7092357734545,81.6053590755685,62.5284400965472,69.8513907075446,66.6011941469525
78.1960236666018,50.2161186356239,49.3139909862903,46.7514747309755,81.7642697046691,58.7376986747766,69.2213547005199,65.7914567549178
85.5489745691587,47.0532255442786,52.2721812994302,46.2895168698441,83.8355775891026,55.4183503266806,72.6867922069426,65.4801220529942
74.5959489960632,52.8114448559958,46.8932454647399,45.7228801425096,79.3291915422956,59.5194518730981,66.1171792544865,64.6264875397259
90.1751498844437,60.0056911394541,53.5212019802319,49.1742065956434,83.8240900014287,68.8973703121852,77.5136057394257,68.7047758630876
76.4249609998611,54.0136249512046,47.25884319237,47.4371046541615,83.5917998002821,62.4153319585808,67.9673211806484,68.4249966380759
78.1164373185394,60.6149066343226,48.0207366333833,50.3321528263219,80.0401533318607,68.3627335785232,70.8924189888298,67.2556109372912
83.3891914700076,54.2304439813267,50.0344139264993,47.7358062100487,82.2715236616918,62.4677062411955,71.7167368550575,66.6133425482693
85.2884776227442,57.425314184044,51.3168869145304,50.325347299347,85.3601207001457,65.2316861071308,75.4913452476691,69.2631820825666
77.3981585148262,45.3819670379495,50.4678695271149,46.1248919820692,85.70588342159,55.6829611900419,67.6450561601311,67.6730318184934
80.3304999653294,60.4078572035661,49.4042025977674,49.7865236064852,83.859087050083,68.7696344430294,71.4496494382443,69.7326428453155
85.182238261842,54.7832787326013,50.2242843995015,49.3659387667972,85.7774681669521,65.6998490593869,72.8848271926388,69.7989005948961
86.1191037511816,56.859488935969,54.3629982880802,51.2404331213088,88.707444817763,67.7100071134076,74.3523029518683,72.2449962695463
82.6390677542603,50.4130467149998,51.2546805761463,47.7453069370059,84.8482060546521,60.1841871708255,74.4357176979595,67.8545747270066
96.0071222972043,59.6283089403019,52.9774787912143,49.5962296654697,83.4181973170929,67.5786587445791,84.730989561192,67.4025877415252
86.7678530179759,55.6025061517525,51.2000069549929,49.3178197702695,81.9861470019209,63.9743207778292,73.8880096944925,66.4295691816514
82.951222295992,58.7502006198391,49.7656563284749,50.3103286019944,85.1386351028418,66.4331041626868,72.3968432296556,69.8659323600506
83.0975943649337,49.8393800296429,50.5511225837862,47.9149624633797,85.3263402052616,60.0316315892662,71.9501800770182,67.9527068696371
93.426275751997,55.3159832349929,53.5826129183068,49.7011138406915,83.9232766444991,65.3707137703775,80.2389717220321,67.5775904083654
82.6623259603811,56.1471193196162,50.1223211955767,50.4871525451616,79.5432252200666,65.5505037807342,74.2446926046142,65.5679622454671
81.7185860283633,58.1413966101748,52.664326307561,50.6093228795607,87.2358236070633,67.5843161349856,72.3283561472114,71.644459254321
87.1333785801381,51.7772556119154,51.0858692451639,47.8889165953017,84.8393147456597,59.2384360682071,76.4068320176866,67.069081073829
82.5547596637235,52.2353235153614,50.6345128285903,47.6221016166098,87.0975504015464,63.8498395457368,73.8322165042552,70.4001609479557
78.5688099041546,51.6213563771804,47.698857592072,47.5723442056399,82.9408729277192,60.6151302128136,70.0707918763545,67.1061019346348
88.1736693664405,55.0839380496446,52.5096674987961,49.1611434501654,87.3420744638935,64.2796499903771,75.5573973077629,70.2122154974948
76.9714808159943,53.4696710215755,49.6027852092719,47.8426570136437,82.3899161911914,62.2207933446957,69.2495754826596,67.250669653868
72.5892579095979,51.0305807546296,45.4808465360347,48.3011583044412,83.6699099045996,60.6349036603474,64.6289248494578,68.1729430527199
84.9611186368632,56.8623768466513,49.6171172572564,50.9367463188866,85.8628462985163,65.4695972116574,73.7704990327665,69.9049086706659
75.8737982796561,58.2016722325878,47.4141666452945,49.3055817429685,82.6703064932638,66.7664188697175,66.3719310421707,69.0978677268151
91.4142523336912,51.3823048922315,52.0549877125563,47.4032068165077,82.3825609405851,58.4264460703841,77.0293720726608,64.8276314161053
75.3186079026065,55.6533601084557,47.1315656591351,46.6637903051623,82.2364220305221,64.3540685990132,65.000504211816,68.163646624884
89.368688971491,52.9689676329405,53.0417080589263,48.9715898354245,85.3674115247238,63.4852582662369,77.1851743984757,68.3966140658776
74.5320481635326,53.6579028817545,47.631709654734,47.2703521726875,82.0952436022538,62.9687601623311,65.6799161648862,67.5420393762907
84.4903168118813,50.4230961964841,51.3073495523687,50.3226365014867,89.0566222528242,61.7676881055738,75.3552190699098,70.944128759553
80.3173733619505,53.6575258972325,47.8116590776929,50.2711766232109,84.0965586054319,64.1494785629099,70.6397461283195,68.6214562480875
86.3217308918453,56.0364665990474,51.5914841056639,50.11919485446,86.0169318266942,65.0869596934668,76.0427630908838,69.6911865418484
80.2154021505672,49.0897587173101,49.1248258371577,48.701358522437,87.3684237486551,60.6808354351246,69.9311693511157,70.0213854421903
78.8939564227753,48.2133705948121,48.4723058900664,44.8411975125611,81.3888123671121,54.3211083332443,71.7628902901572,64.1632469010677
84.2274968236384,57.7262667040568,48.9140565633784,50.7931393536455,80.8010613024994,65.4395493466921,74.5416455277407,66.451153116379
82.482183889926,47.5089526875371,49.6511248747664,45.7859887500414,82.9927534502299,53.6520857534381,72.6753986405916,64.7053578641878
89.0772829465623,59.1436775648551,52.8905919868714,50.6113777913707,83.9998088195941,68.3445478047902,78.6576868912648,68.8151139381181
73.8526461308967,51.2235420385681,46.0450630692363,48.0054167760211,83.5146695757216,61.3579802419804,64.6959997031135,68.3046036273554
76.407067356154,55.7365002033736,46.9869914299599,48.61873351805,80.8187878609241,63.0788611739774,68.1927596279864,66.454084010659
81.4179770546254,51.4466621248424,48.399362422411,47.17643034875,81.8579116473765,59.3602081016387,69.1769127011123,65.9055038921067
75.0655156762101,55.9456395797373,47.3673258596793,47.4193728860538,82.736526259715,63.5652960952493,66.1342987211991,68.1574686619358
79.8201482965336,45.2555122145814,48.7965526591643,44.0284980170161,87.4135178420244,54.6332029260992,68.6899176462631,68.3640332918463
86.0832642857104,48.5052610759345,51.5917101794994,45.3746672304474,86.3675935483166,57.1754384730008,74.8090111355305,67.7122613256754
88.5752932177992,54.9584783399945,54.2578514175881,48.7074659252592,86.3160991859321,64.351775878291,79.8777898070465,69.2130162881447
89.4036291741017,60.2182635971424,52.4676788536077,48.326838836403,81.997344643822,65.7843141281103,78.0816229757681,66.6415750239859
85.2922666418676,55.985387264428,50.2738845766139,49.9889927671302,83.9963512015113,65.9044292456937,75.5026385001789,68.6915504139386
87.3098649486179,54.1433803980342,50.889480673722,46.3804538765166,82.1344283530889,62.5380006672654,76.0384336015762,66.1547818073057
79.7948259496847,51.8972152373205,50.2586111048926,48.4438056239691,86.0351823132238,61.0615399922121,71.4302754347326,69.0003209931233
88.8592363990702,52.7433265547841,50.8409785115967,47.3550255479114,83.3432869538032,60.6362692185877,75.8133691228905,66.2322231510849
71.8079299764509,50.3295366003765,45.4189716729216,45.1155491118471,79.7371934824573,57.5737411856912,63.1210877863758,64.8061023359014
82.5370601263037,60.5283368814745,49.8743719782548,51.4144171680952,83.1466589150556,68.290438110869,74.0019088378254,68.915435358564
75.6407903733462,52.8883198829084,47.2311450939589,47.8188488254368,83.0247930784436,62.2261977541497,67.4633750184109,67.8424456773834
76.893113553921,55.8195878942613,45.2536453914422,48.9898751191366,78.4806841958716,62.7677164137743,68.5183993581669,64.9163661154557
82.6396988486287,55.8658565579881,51.698225485739,49.159966621324,85.5288349239161,65.3742910333902,72.3481912192827,69.728636881993
75.5974321897205,50.3009156362537,50.4373305602239,46.3859610260278,86.0601876197449,60.4992441725096,67.7386355610572,69.5433483821734
70.388656323174,57.8709185013477,46.1408271377995,50.3596799938331,81.4232238867161,66.8837028099821,64.6160477665702,68.7678668024714
81.317490673108,53.4463836977788,49.2974287309422,46.7974217703422,82.4991825097269,61.4089172746856,71.2276944649858,66.7018783476393
79.5638794278597,49.8830757958452,49.6512103533672,48.1957384590586,85.971099162093,60.9954703370699,69.9808383916379,69.1534010817052
92.4139489083737,50.1197218096361,53.7243914273397,46.1180734413618,82.8819286647683,58.286199182451,81.4048328918717,64.8860578784673
82.0344730933848,55.5525126132469,49.8929086293067,49.0193239238042,81.5070136984353,63.6440829340492,72.1256836406659,66.5007258070693
85.3291833772803,55.6156770131546,52.3394756087627,51.2531837249839,86.2510357068596,65.7492809253479,74.7736488898683,70.1218666208914
78.3843453215588,52.3603129143883,49.8423007576785,47.3343203141422,84.7056941140325,60.2306882066109,67.9009412208455,68.2264212245214
83.4417979711518,53.3832955958059,51.2688189867894,49.4425451667454,87.3804972381805,64.7410205242717,73.4697703835382,70.6974852247471
80.255284659879,48.1795921024869,49.1752516205109,43.7180335594612,86.3869048770025,57.5154301933435,70.4257195588853,68.3446725757048
81.9830639251668,52.5300389408492,49.3734858469937,46.254098642862,81.51478891523,59.7066007548661,71.1986403982985,65.4533780301471
90.2815949603478,58.8652209015513,52.9996115480072,50.4132363124042,87.2558870987213,69.4647215899726,79.5274309684774,71.3250376778932
76.7358841367014,51.7083755294544,48.6054878306383,47.761470046963,85.1750622299881,60.6256562242742,69.8980295163727,68.8275011584168
74.127006482507,56.2101023315074,48.0769764487241,49.7465289128966,83.1534223001742,66.7738227270608,66.1805019952475,69.3203024036573
78.8615845084804,56.5178191428649,50.1409211919279,50.8552491289373,84.1089009839933,66.5855050550998,69.031331257726,69.669051774998
77.0728904358883,57.0572398067187,47.5081789434845,49.5534016622197,84.3269792091188,67.5535277636956,70.0842028472275,70.0812185867636
83.6836605994633,53.5753798968626,51.529746965474,48.1707883529107,87.2829004451489,62.644130219593,73.68913993783,70.1404920003431
88.2130934641446,51.2147994576894,52.8745072493232,46.5429869624322,85.4882720690907,60.6122290314094,77.8439273461911,67.7151470397899
94.3353928194383,51.6286625478655,53.2972932791333,43.655933117104,79.537276087046,58.3540570729205,82.2828942069906,62.2996728642107
74.0898147819032,57.6351321514794,45.7579875798759,48.9350451200807,83.2685280295415,66.2513474709816,64.6963073028307,69.5141263335669
75.9623890043424,55.1341310710804,49.0195533252292,48.4967277966588,84.7638724946829,66.1141549879438,65.1530755419205,70.3142088274354
84.4851363135393,47.5775847074751,50.2102846435843,47.0022879546338,86.5973435092159,56.9021719344492,73.2846549591939,68.0279233344096
86.3778985958652,52.8495232944416,52.5217479067799,49.1522477533857,88.6979380332929,63.682260369793,75.9722065331367,71.0501803240227
84.7726871294601,59.1532444050244,52.1266157059413,50.9360177330267,86.6935363964067,68.564258436308,74.2727973092243,71.314892458736
78.5693169048183,55.2110141842413,49.0578231324299,50.1926598089593,87.0454449473735,65.7760890326905,70.8534205355051,71.2583697529537
85.2401016465391,59.6582353687973,52.0006605402024,50.0400332498773,84.0195963607679,67.863260127789,75.8079658370911,69.2130955900916
87.7872956510632,49.7635242514225,53.5255287690322,43.611454947891,85.2245827604439,57.602599273931,78.2341073106923,66.5709120647505
76.2814672405489,54.8428749883825,49.0788523276934,48.1896915099889,81.3133328650402,61.8764665413267,66.0835825338167,66.436320512542
76.2186228594261,44.7522392860229,47.1283959910281,46.2965583455376,80.8560006743458,53.4897472427047,65.2941539112332,64.0004057568378
83.1634882707064,57.5956350775177,48.1048606915366,50.5924135286803,84.5597021925383,66.8444277278014,72.1335284403683,69.6655185298454
79.631301947547,55.6385908468828,48.7580281888526,48.9452398465493,82.7527301611792,64.1647614398779,69.7709975383405,67.7536918914921
90.659919943148,51.7885959511462,53.3504766923218,48.3767653984013,87.0841748045191,60.7463403251738,79.0153765448845,68.676160236905
88.9205647442232,50.2402200012902,52.7300591653096,46.7053975669391,86.2771913667145,58.4890877695683,79.0789630240859,67.5063509536172
76.9363793643018,49.2913996967544,47.5017757565757,45.9857800596477,80.2825176169122,57.1026500117828,70.0247059667746,64.3333073279389
79.1293343759366,52.577472237765,47.8210002730895,46.8163476579302,83.3156049883661,61.3093480209998,69.3056828089837,67.4674196690291
78.374106061357,55.6695141838583,49.3400593767219,50.4543930716639,83.9393038663318,65.6743919950052,67.7371678386228,69.3809394184879
73.0652780334688,53.5997297686901,48.7953102861392,49.7163326878301,85.6957465751202,64.6145006734694,65.6298385805832,70.6138522864925
77.053764558674,57.1912408901097,49.2560763511433,50.9101523640888,83.5570400627157,67.5634581389705,66.0137578876927,69.821790681421
82.3714220508147,55.5169094148218,50.1040362899729,50.170141902523,83.9983684606966,64.9333968185447,71.780139427889,68.6054632159221
92.629796125028,52.5328771163337,53.3620618019633,48.5822864851697,84.9927031959021,60.7800405927492,82.2524142906832,66.9830741246041
95.4807402829346,52.6649037283653,55.170983370956,48.5749119332662,88.4777552048126,63.6251863078356,83.4744632977108,69.7540990103431
74.4871786572316,50.1852352607825,49.2095942437351,46.8794276436629,85.1238580451024,59.6348390109176,63.9687519972675,68.9212234873234
85.9021634217275,49.9832057411848,49.8778726375761,45.1817481472199,82.6532862380145,56.7037422510238,74.5828196180417,64.8842376117705
86.0685400173586,54.9573420784075,50.9710893868403,49.391413698828,84.7518226907627,65.0904503221692,75.9574124107517,68.7702957456479
72.3655511669301,48.4806737512716,46.5929119864696,44.2573482596536,80.4743390179068,55.6817162673481,64.4399090696886,64.678303747835
76.0462102841899,56.0765584568153,46.4147457334739,47.9885211471724,80.8294414195492,64.1603430484524,64.4893127034149,67.0774701731568
71.6376157047768,55.5438360121222,46.9625976383573,50.2799035023686,82.5161316000375,65.910690778852,65.0136994525667,69.1143493509309
79.9018368694258,55.4009879259159,48.5000535823711,50.9090308754124,82.3838136070869,64.5318319326356,71.1013184755118,67.7538789042047
84.4302890755422,59.3261937752103,50.5640401793376,50.6525458417278,85.4606984877963,70.2469345837565,76.2359717626119,70.8493065495135
80.6866902302768,54.1916617063386,49.9464778826419,47.8739577496458,83.8589650487792,62.6608190227122,68.70578218747,68.1761131464825
81.0954183316443,57.7987321261965,49.308823441263,49.0761647853699,82.3069666813454,65.8897866103014,71.580532734488,67.6510184273902
81.5974515418907,57.7458102101936,48.294489936707,49.7388482943356,81.2561847610816,65.4133522493035,73.2351814836818,66.9904572825945
84.111350790126,58.9178485996778,49.5158607412453,48.6321683667884,83.8960936673207,66.3157301996565,74.7468019011832,68.8114817544688
77.0924830189486,52.1025681155183,48.8023263935156,47.8157779120968,85.5368750735036,61.5105117110247,68.5248715899405,69.310539092114
79.59802905244,57.220941536218,49.087409378618,49.8676281980582,80.6441224150129,66.569803658294,71.1001249156234,66.9497553319083
82.2273115564502,46.1530990095417,50.7588793166746,44.3657890345316,84.3502399632553,52.8446513905732,71.8623950766815,65.4149309746043
80.2150706485341,52.9644026669906,50.0618498971775,48.1766272026046,83.361686700539,62.5795070252156,71.0784299428895,67.7012764013299
86.3190820849934,57.6027082187086,52.073316768482,48.8563696423693,86.4039418160809,66.6566657350622,75.5496588743575,70.2873756618885
83.2711552811893,57.8201052564143,49.0443628944485,50.0319221171148,82.207304283766,67.5342882791103,74.5347958763715,67.9679665870887
74.4117988820898,55.1715047344196,47.5281059828474,49.9236085093218,82.0856734196823,64.4758189066513,67.5130796216147,67.7842401514927
89.8489509216809,57.3106911640209,52.2479987259511,51.1225719923233,84.2609700457964,66.8619799282002,79.9256756777878,68.4713980388973
83.3670550554285,51.4167593067359,52.0636413342394,49.8226434293346,87.1480911928307,60.4004031188289,75.0553511735274,69.3854305335848
77.6759664841974,53.6835060230564,50.5275204585115,48.5776536977792,85.5692773313575,64.8600313352962,67.7605527344123,70.1817017700827
80.7492539982073,60.3665412130541,50.2735978704844,50.0369155883315,84.9567871372552,71.809593159316,69.2071094066381,71.4790135362385
83.564304074171,52.0246547507399,53.5117145623182,48.7633636027205,90.0478884353225,64.2441083454656,71.7545292014839,72.7335056845522
84.9870054711528,55.2876026310751,51.9398803039915,48.2633819114782,85.9742384476384,64.4662958582049,76.2357855595593,69.3507390931421
85.9201560290837,53.0497155077515,52.3172022065887,48.0820864667223,85.2308430587441,62.0248058005386,73.5826701333651,68.3110948082568
86.9220623773289,54.9149602536057,52.0456831389262,47.299476558114,84.9078801382336,63.5613588585096,76.713342865575,68.3587309024685
87.6539116862062,53.7371026070068,51.0693251971705,48.8215939957251,85.9413871225137,62.7452222609113,76.5038342768463,68.6838338697461
79.8591736239207,50.9290478620805,48.5969701204275,48.4853137355977,83.279520857437,59.5455968632372,69.9348802711833,66.9094934338131
78.1364035651239,61.7231316499937,48.1269543892605,51.0644863339464,83.1507888416567,70.5823707535077,69.0664600930605,69.8490111893341
72.7279780185172,51.9249285186415,48.8367793651549,48.8880280224984,84.0475971931255,61.1440205184576,63.3772872540326,68.571711220384
86.3311590883455,59.6763433157417,50.0218370756271,49.8541658258218,82.8332779550474,68.3180013444187,73.7869530626495,68.5830917766846
76.5434516728255,52.3665661368779,47.3496040548156,47.8631502565592,79.2104934773386,61.4583742585152,67.9607561934147,64.796031881144
77.4290017479302,53.9073537835134,47.7459535909843,48.8972284460729,82.7487005107884,62.2450010886778,69.2257891278468,67.4268418397614
62.4650547061571,55.4297828881913,43.0336257958787,48.4284833868739,81.6648915358239,64.8068278026981,54.9008692080996,69.2902708940225
65.1810269708231,63.3531677575838,42.6204344830312,52.4343173603407,78.6661859794193,72.3332773627252,56.8337332549602,69.0593903094185
67.0244136498917,56.6090718025779,46.7992974483509,49.3202736542559,84.4677269871146,66.1514242866487,59.8174875412651,70.9843527554084
80.8051571829393,50.2232871021011,49.1961946691208,48.3509518812526,80.4482285932391,57.6082529720733,69.1587800469432,64.2969970929375
80.5289652806531,61.0435263700951,47.3355289364797,50.0990301258201,78.3242296367667,67.7884713107995,72.0655498129946,65.8781336982382
78.8067266539736,54.1813886162451,50.6716480478005,48.2801463090839,83.9836424365877,63.8332982617238,69.12983939279,68.7159575148115
72.1771090717583,54.7873301043093,46.6085798868288,49.2631530812842,82.7726449517532,64.5248343147083,61.1225709643543,69.0032378780172
80.4833826152778,56.8519518109922,49.9565545482874,47.8750415087299,81.7077728284674,62.1577557949818,74.2964431257226,66.2771521631859
69.7974461848539,58.0660623449485,47.7354874571745,52.0625675442335,87.5498930060729,70.7685480062543,60.7846158906864,74.2804451006104
77.8457490341791,54.0034765895591,47.8319954431871,48.309309674892,82.5344376913344,63.7892206855825,68.1437734168454,67.8961247171887
74.3272708027712,53.7158370934868,47.3259756703338,49.2628568770427,86.1338544799969,62.6973244120765,65.2440989388217,70.3765365272751
81.0677180481193,57.3752693495825,52.1703612960569,50.1898781821024,91.3341836130148,72.4157436314884,72.8832013608317,75.79893960705
85.305080688267,51.622425160354,49.6935896038487,48.7106069479879,85.6689190675923,59.6667208939652,79.8660553427114,67.6087527759468
78.1815582506366,60.1434345056583,48.473000471679,51.2252431842649,82.7870821201873,69.2928482461228,68.432377547664,69.5764927724076
84.8252564877847,58.9309939956319,50.5099045742858,50.2969294969255,81.8225489168036,67.26973813979,74.9036771554446,67.4240937232227
84.7521816103228,51.3565366519816,51.747948734581,49.4535525982525,89.3038344117164,61.4200060974181,74.1850375454692,71.029694517875
83.8839038837418,50.8103919819955,49.1835340882335,48.1669728163119,83.4902500763334,61.1209839537714,73.6320490691138,67.0761799716179
76.8322847652641,54.9357731304756,48.2085338990461,48.7695265340568,85.990472839991,65.6554313473094,65.8285075186311,70.9518025739222
89.6615751404145,55.3103748262931,52.6264691741298,46.0686936922474,84.1407232586534,63.8785433844793,78.2233949036127,67.6932951480334
88.6306301490708,58.3437973832813,52.391083069168,50.008517949163,84.4789885582299,68.1076762451771,77.9221313863131,69.0264968189534
79.9623138152606,53.5918314741937,49.443542859963,48.8784691733794,85.6785785399537,63.5145672827298,69.7771388608653,69.6039253684714
75.5790997545536,52.0411958916057,47.764780299645,48.6358375943373,84.1666675445842,60.2604345169992,66.4005806991841,68.2358094805878
80.8362436294638,49.2502097554417,51.9417543052381,45.6731156447667,86.014379742453,59.2769625103752,72.5090675829674,68.5085190317012
74.1233309140581,53.4804832626758,48.6672715360411,49.5964585215528,86.6300162327563,62.4558697435116,66.7050145140143,70.4398114495649
82.5808938240408,53.0700525100968,50.9432766348817,49.8044707764961,85.142237404621,62.8890053703119,71.8763921117893,68.7283407740373
75.3878174628299,44.5516184862983,48.6937322136065,44.4345543144389,84.6198365039973,53.9010423060996,64.5200078073164,66.7977400382579
73.3029766425698,54.512895037713,45.0996302152731,47.5432050202383,83.1289243377625,64.1173417824863,65.6611632838555,68.7537390398719
83.2276356045952,51.184470916884,50.3843866225503,47.7869341189991,84.7527522158124,58.5817100138878,73.1873173800875,67.0671999216497
80.4017995456816,57.6343943800484,47.4651281795559,50.5163837967739,82.8201601873062,67.2408509944525,69.4091197434327,68.8480647107866
73.0077164060368,51.4061402245534,45.6331582750193,46.9808189348073,82.3375579017817,58.243875167243,63.3139183343982,66.7989821675041
75.4281464874439,49.1494230026126,46.7646522117982,47.5528339582988,81.1801544770123,56.9719045690795,66.2300937721551,65.3097238438689
83.8602060180824,48.266350038422,49.6862785571234,44.5087802445542,82.9902375217065,55.3307470959383,74.7193508386517,64.8869559950776
75.6802236402933,55.6634909493868,49.1880504090009,49.4848391816422,87.6206109376515,65.4285730781813,65.3151971157708,72.0063807348252
83.7323675059344,48.381620320462,50.9259578840531,45.7049475271316,86.8170468045692,57.8185084541823,71.4373389337038,68.5603796566714
84.5837117018113,52.797328883876,50.5418155209502,47.9720856067066,85.4821201137334,62.0416756770495,73.2217487462017,68.646155777795
90.2693240158567,53.3619916922826,52.7804666347399,49.458204912808,85.3658468425247,62.6846894422613,79.260632550728,68.0326517301506
77.3215805898298,55.8076868576875,49.3008347114404,49.3566819686754,85.4139121678902,67.2699155662559,66.4940748393002,70.8629852123368
82.8885111539855,59.1528693222513,52.1093046225187,47.8028551349562,83.9266664121858,67.6646597367373,73.2619272590794,69.4317081683842
83.3984224525917,55.0893006789015,50.6613236283605,49.6735235432854,85.6863147136001,66.4968390975502,74.2774737920871,70.0642734804938
80.5620467691919,48.7665940996535,49.1772898668605,45.3741726448546,82.5457531662047,57.3522812611798,72.067161961964,65.4952906408643
75.9513355435427,49.6984977206628,48.4484574889414,45.4964613848487,81.9254801117713,58.8615243266001,67.7205517604839,66.1984881381023
79.0237289342003,53.0923797115154,50.0376595951319,48.2357088015552,84.5650331265057,60.9098517886222,69.5069236361454,68.2766099709243
70.9357653331747,53.3698428359023,46.2740494620322,48.8169443025283,85.3636817254473,64.2658028976866,62.8180995751577,70.721707517023
82.0549882351389,54.8075438170145,50.1773480633744,47.3884407519057,83.2527956788873,65.0374423059071,72.2845882272248,68.1190606407191
78.8976785456693,54.5742767326317,50.9910622476352,46.4509255789887,85.3268750164497,59.7750498945234,68.2245306230574,68.634204354273
71.2750061109144,49.7548789455072,46.9656158361859,47.1338781621815,78.9454302838331,57.4372581700005,64.7255282109307,64.1600754803887
85.3579413642929,55.0170063677595,50.7144310674942,50.7105158490698,82.9699488957304,63.6048049084648,73.9247923865073,67.2774183567622
75.2188668140837,54.6535273992099,48.4234164305781,47.1431898691079,83.5649577638642,62.8874358178532,66.5571381678666,68.5424193426806
74.4805177933344,61.5162921202543,48.6510094890205,53.7922732568538,86.4031994173684,73.1701084121315,65.3249130107749,73.6377258174195
88.3294872093645,55.424022481502,51.0358814916404,48.099207821272,82.6167023130498,63.3323283684648,78.2032889938164,66.468067282188
82.839026158325,56.400073655177,48.0719422028046,48.4216432251712,81.2889812504669,63.792206058397,73.1466520360891,66.2524098611608
77.1595496855608,56.1235393810813,48.1679006736428,49.2471884661823,85.6169278536964,66.7249882808044,67.5908133223579,70.8108567036304
93.0190933867377,52.057783559939,53.5566299157953,49.4009097236368,87.025640313448,61.0062611068363,82.9605213305726,68.3654883682302
81.3922140513552,58.8250756239797,52.8925290827815,53.8248752698621,86.9946572583946,70.3707390343109,72.2104507372873,72.3113544078917
73.7823248106778,50.3348234680831,46.9337521197961,45.9040130902971,83.2949952488415,58.476071625336,63.1361309527124,67.4158039583923
92.0033587336905,48.7972557021351,53.2642849271691,46.2911392678841,84.7950528709816,57.6896121136405,80.3398075421028,66.2370473036225
75.0987889007788,50.7553555655494,49.846226628795,48.0170535102285,84.8185399913129,60.5152956377095,65.013029153309,68.7943025504306
74.9452711402371,55.5368756648775,48.3255336808967,49.6127520179041,81.3075912316578,65.522146427229,66.6607041430255,67.7739703924798
76.0849107072905,51.4337988065539,49.0164744081895,47.8748592653636,82.10383713232,59.6649721429252,66.6025176216532,66.5308468408576
85.2030962319709,55.5373520375574,50.6546923074407,49.8038241685739,86.8077471316916,66.7177235524744,72.9006167404787,70.9883223434044
86.5548557233479,58.7898630662275,52.5155195244232,48.0877593543032,82.4732720982507,64.9156805204427,75.6154115954506,67.0879571646825
83.2685574401758,54.2786807884027,50.1972098673131,46.6223166430228,80.0622383478785,59.2153543058524,73.2503122824296,64.0618360760983
80.7414585681147,53.7183047508459,49.6232756241403,48.3972888781717,85.2081536361941,62.1414814121801,71.2778013283114,68.7918511526306
74.1832490265055,57.6720504159746,46.8182756363002,49.2299889496837,80.7236575809949,67.352141781455,63.9969104425224,67.9863743618061
68.6645016135033,51.8732689317071,47.6607359315756,49.709652655074,86.0224740334926,62.268217555737,61.9278019088783,70.7846509378086
84.3069279584534,59.9746503055333,50.8287287469633,51.2670283504353,88.1000789015721,70.3367387969163,73.2555592077229,72.7372688889676
90.6968413379876,58.7096761362893,53.4562645828857,51.4677756681767,89.4085592149567,68.5862236932558,81.7217448495376,72.4153034263576
77.6880987297967,54.9191947949454,48.0545664725962,47.288287501461,86.6978972518722,64.1213781495058,68.5886913301214,70.9018725803076
76.4895911013724,52.62443540313,49.1523505069869,46.592584912131,84.9432772875168,62.2566861011429,67.4684160311532,69.1780741401381
82.8188573045892,50.4380369444568,49.6092764144496,47.529772543715,81.4775317926152,57.3300606204169,70.802888637172,64.692376246245
82.9521846486137,52.7032634491755,50.7043460215788,47.4784656139372,85.186237257206,60.5433037146228,74.2605238317239,68.0596382656192
85.767848074167,57.8969379270136,51.6174723880481,50.0741379905773,83.5984354294716,65.3753457250966,73.110639220703,68.2577649489926
79.6809292771236,59.8555137073779,48.8185923364552,51.1502170228195,83.4989291133819,69.6026021882946,70.0193142389132,69.8117908397535
74.1067896724183,53.7763790893439,48.3610296206402,51.085462723738,84.9261663026599,63.5777374370564,66.4353606507803,69.8771515501553
76.9835843894853,57.5145524228699,49.9269263827101,51.0456122417294,86.0415499621449,66.9970703036404,66.554148443524,71.2785233418997
83.3478705780549,56.3986770512177,51.9125511560329,49.1938797703786,87.9973427951731,64.6972654963371,72.5920908369665,71.4092356737225
71.5626178645914,49.9100812894479,46.4109512064204,48.1561261470938,81.5856072661293,59.194420455362,64.2686830790989,66.3733205279475
74.0385861095248,57.9716893057198,46.2246264358577,50.7487897129279,82.2331647182646,68.881448128205,67.1259930462437,69.5445741719145
86.9736693643415,57.0894792248816,52.2360598884051,50.0272431687963,81.4550311412544,65.9597590181257,75.8268445680746,66.5938053242449
75.7617183438334,59.9745178447723,45.6778852188566,50.7217748175277,81.9929689825374,70.5589042343698,66.0254229653331,69.6854605035018
82.1374237554404,55.8471095684226,51.0961617441704,49.8229606263959,87.4070386427964,65.5781905098969,72.2772101919487,71.1289365205503
75.7719776962897,58.0108347181114,47.3527268679506,50.5041478249007,85.9423637712177,68.8603662989754,67.0620572422706,71.8088995816471
90.9586856670332,56.3102142762309,53.6894425571761,48.949717162556,84.3694130725716,64.8157345984013,79.5782466877545,67.7675477561123
77.3264574781377,52.0292307107288,48.8982682074059,48.1847376249368,84.834792222304,60.8718921768505,68.4287123010794,68.4444403635201
73.5652196244511,58.6177426671345,49.8771188393877,50.0855461136801,84.8576285024462,67.1145396015467,64.1237608338247,70.9030530442502
85.377796786669,55.3315778549892,50.0271312699305,48.8216858084726,83.6514758161925,64.4022667147166,77.5695120006902,67.8580906500919
89.030413481883,54.7217966539593,51.6329897215175,49.6611228636713,84.0872300087636,62.6709256413419,79.7875053974633,67.2335274702988
85.2769936321149,54.8848594491397,51.453094585497,49.0916340838194,83.4058353928271,62.4628227182959,74.3740096578905,67.1283260649849
86.2082128665927,57.2480420252922,49.7351083091321,47.9556639321873,86.555975454867,65.7574049540625,74.869608825425,70.2542118361348
87.6056367147837,52.2075472672185,54.4421643147517,47.6985294607913,86.5440871366218,61.251682638829,76.2188764984255,68.6251330508174
75.3734583108898,54.57526585165,48.4519006136484,47.848584682277,83.8332650232913,63.5043393434875,68.2546501653579,68.7248966601816
84.8816171016951,55.4739825028249,49.86849120825,49.8899054353642,84.4512067426626,65.3899592352867,74.1556648857257,68.8303842282981
87.9078536235225,55.870248640536,50.3585774679261,50.1816073816881,81.6509570277823,65.2854171921572,76.2392662883814,66.5428647978657
86.4490525958904,52.0047728899714,51.8314373134925,48.2304915813623,86.9187942599311,59.5066264668242,76.8749640947403,68.6333029952069
78.3419328978757,56.2258373476427,50.3583777167292,49.492786159657,86.2105831456238,66.9010711076988,69.7187355831335,71.1197377522622
73.9236464334963,53.253807004016,46.2401944932932,48.4230259591857,79.9426421735429,61.3007683646193,64.9910857725635,65.8787982826707
79.8628679875024,54.347690788853,49.4159899141644,49.2865519237399,85.8545591100024,64.4017776344502,67.9085565180277,70.1138626752393
84.9996423403521,56.943519795631,49.6616997615103,48.5987254555281,82.3364538086524,64.4294031285111,75.267895178962,67.2822158295958
76.4897731042445,48.6796312014692,49.3262902259572,45.8162521683232,82.2945714359516,58.7773965967248,68.4854104535783,66.1704054346022
93.4418662933442,54.3099814273305,52.7406072719218,49.5270046758929,84.5757652076985,62.1575599836781,81.5363329438135,66.8989118933646
80.0417009995108,57.5812121801044,48.6011622432335,49.7188976752414,82.9137715773492,68.5149308223277,68.9909883469341,69.2676172979918
81.9162647832623,56.3297720518733,49.780492896965,50.2314314593905,83.0486018673002,64.8528163637262,71.089153434636,68.1172879948229
77.7972061872849,54.7934520536504,47.5454594417936,44.4973023130395,78.5883704420916,60.6853372154684,69.758657735191,64.1418648012816
82.0215308366302,54.4864268301734,48.211148052301,48.2512267323785,83.1092619028018,62.8802342395597,69.8729874710498,67.5334447788798
76.4225913971704,58.1580897474366,49.6402075844445,51.8341031691958,88.6370589663403,70.2854931195248,66.0350654242557,74.2293931442264
78.3807136888352,51.9266490229262,47.6659739346354,49.2629105254576,82.8333530115905,61.068271638353,68.4240237179628,67.1998787918823
79.4159507547444,51.0077929582305,49.0503637166323,48.1115502987425,83.5088889988429,59.9239769237827,70.0384554019656,67.2262805739876
83.9054106624286,55.0101115168895,50.7578080026239,48.778524140618,88.2012797742622,62.7235292305812,73.6214121047882,70.7659985796089
81.4733271183951,48.9977562369604,51.3742625862655,46.5708423719261,87.4538766129603,59.4400116294654,71.5658479941821,69.4810853802006
80.2418036466442,55.0914285741135,49.0148520643308,51.4694210653686,84.8262742675886,65.5511627208554,70.8261700568325,69.6820656509089
81.1126054260679,51.9554413985526,49.5409596450809,48.2014597561215,83.502972782407,61.2044229320951,72.0513049281116,67.3892685933137
75.5164193800951,61.6240260096144,48.9490004079165,52.2863856913871,82.1008676668556,69.3599490357641,63.7348150688396,69.5974478015804
88.5868929158144,59.0368939651943,51.5715123994487,51.6705306253436,86.349633257713,67.5139417270764,77.1762539076806,70.3497798225067
93.5024427071068,55.6828406593778,55.565942687341,48.9428895545649,87.4574765687039,65.9517873344654,83.496889473335,69.9425031087064
68.0370105122815,53.2006949619612,46.5325111979842,48.8876800163771,84.8737923128517,64.377535892313,59.8262946754935,70.6361928048156
86.6663025358012,56.5964514816987,52.4150256273901,48.0415786868824,82.8214138412027,65.5610899372244,76.7479637165037,67.5129460156706
88.2269031572856,53.5946450948126,53.3185430042451,48.4413862390705,86.2237396868793,63.5741335274675,76.6562782956647,68.9800040922616
82.3237459431171,55.9990973931311,49.4398703693181,49.712237500686,82.8686013627552,64.5881491465962,72.1657051891321,67.8069661216307
84.2476873355543,51.3382168397218,53.7073063577906,47.2884849713294,87.9280217155566,60.8223317219838,75.1815659994521,69.8484477849796
86.9940410634311,48.332909851249,49.747820270008,46.8586003415751,85.9317523184112,56.6619274255205,75.8860394041719,67.1185194718812
68.2013627794887,56.3729351348319,45.8770892110948,48.5770033305167,82.4543722259052,64.0800247894363,62.0801330572929,68.8508401069291
78.3424316737387,48.6513370222187,50.4857005899536,45.8461645597676,84.4502394859481,57.8113483972761,70.025382013575,67.186110968322
86.970567037801,47.8099272971905,52.3305925514877,46.155295924922,84.8932993743594,56.0848164004011,77.4117381804739,66.0399044165592
79.6303476296231,59.4948257045633,50.1304580728061,49.6052272762939,81.3033988000573,67.3499597834882,69.6876431349088,67.7458643356994
82.4945450053042,57.0862174863225,50.0699832771842,49.4169494445883,82.0121280987577,64.9215727886469,72.2863107992326,67.23944519885
72.5168111430187,55.1440092735066,47.401964334076,47.2431917773455,85.2841273743719,63.0873201459037,64.1378371163676,69.959942902087
80.4540593949314,57.3776961752172,50.5879077734851,49.9919669316556,86.4310089492681,68.203276838266,73.4486065235482,71.4444258535997
81.9900183735306,52.4716386730846,49.0825622619158,45.1476900189607,84.2254595016668,59.2532839104538,72.2996633063862,67.1393394700389
90.0213450218293,47.6997078273594,52.0473132651152,45.7056721287727,84.0437632647744,57.1250135205919,80.1058668718331,65.432050444618
77.6191338842001,56.1900342869332,48.4904316743659,50.0319981746861,85.7842472088347,67.966325726915,67.7697922191571,71.2731144801306
84.2652451691418,51.1754026179212,51.5028205081678,46.1122377324245,84.8561849906331,59.4976235408571,72.7667133279895,67.545070682909
77.4067886459903,54.8906244687807,49.5274333612063,49.2352989878855,82.3497193062827,65.4586305091507,67.6299859688839,68.3407930204117
78.0235009885735,47.6208173099207,49.1221059507672,43.482137282461,81.6236534017701,54.3651468648622,67.6904075696892,64.3326585657567
89.2156396790056,51.2835519241133,52.7235923101746,46.8336081139366,86.7710934654217,60.0694474108468,77.1401735852992,68.5249064501705
83.8861084759052,58.5758925384722,52.9729327024849,50.6083511067701,85.4985064308307,68.0993280787207,74.5559761495095,70.4130180373742
80.8717619678612,60.4084291302662,51.4961499744401,49.9353930900163,87.916900010485,71.7098405668051,71.5967050380419,73.3627334196336
77.8505256813678,57.9003704515831,50.1291829512806,51.102162423781,83.7313217899497,67.6931059758402,69.9911915568173,69.6250268259588
75.5351585900581,54.2871584308151,47.6889782112999,48.3580430767384,83.9716035908742,63.8985251515792,66.1000706297368,69.1587182950091
82.302508903215,51.245298452754,52.6116274759271,48.07761829498,86.7595235184776,59.9426902473366,69.7196302135736,69.1991327041644
81.6346569167891,52.5791375895694,50.4338173200915,48.7180532440441,86.5404680301853,64.9085715384365,70.8814113723511,70.5741654820537
92.3690504998771,56.3189195552221,53.7831819347273,49.7846681482203,87.6679532139033,63.8355506116095,82.0023824122371,69.5540134813374
75.9734160519127,57.4628705739886,46.9129164930447,49.3484261387714,82.9913739943464,67.4667448502011,65.2092235767306,69.6178837797997
72.1907880384704,56.4560276043681,44.4688486682341,48.9550511477523,78.6805231937886,65.2465498500417,65.6468468568324,66.2398297260196
79.4816013012136,53.7748576032029,48.3147463882607,49.6518878104829,84.2656256068139,63.2715942616896,67.6599304138166,68.7945673632939
82.7632787996801,58.3238851710385,49.8668459620621,50.5004779369643,84.4766961543904,66.9428775919126,73.0586746260463,69.5014418646902
83.3750841660178,46.9046475745231,51.0179205402766,43.6729532626119,84.4966452022,55.1173107783706,75.3792109957889,66.1229127919937
81.2076129554117,51.3916898556204,49.9493099090257,47.4869789185785,79.7785010690639,60.2737304527554,72.1763006652703,64.4077611372269
87.0864024271672,57.806670680107,52.7098633566805,48.9572734284566,86.780511810853,67.5162176586707,73.4210847994159,70.922103017104
78.2629910562147,60.3700949273345,46.6839542204336,51.1332972922838,85.0648186148,70.5840110197588,65.6297859811974,71.5724961549416
80.7828536385348,57.8941548306316,50.0588750897327,49.0111463631724,83.526661580063,65.2458716917459,73.9458151795746,68.2381396069382
78.8034833071875,53.7677939483402,49.9430035333721,48.8957641719132,84.6416570324958,61.3928337073987,68.2177033035352,68.4514491267102
78.1863750767372,54.0126524026771,49.9320023387144,47.7396279526664,86.4744084348864,62.4139798444583,69.9462876373048,70.088147527293
77.1472344822784,54.8470750526143,49.7726490661026,48.1608345830929,83.2547826308319,62.4163503321095,69.326782804413,67.7686884707878
75.9137325414687,53.1767560707891,49.9519088968223,45.0825527133279,82.9073000326896,59.1505564719182,69.1380029412769,66.8813793994285
66.3328592453798,53.2274369992981,44.7024696052167,47.5976697381285,79.9200540868942,60.0270540732467,58.8877302787303,66.2151361033071
91.8962792610456,56.5503082515739,52.4479168279397,48.2975487664322,84.6339959092124,65.6391329274448,80.6455967472405,68.178270276628
74.7525898749714,53.5518108965714,46.4265228824043,47.0969026801783,82.6438087277759,61.4936480908096,67.2245253028635,67.3902718657794
85.8194983495248,54.7227536742978,51.757605964224,50.3841291481625,87.0847528676252,65.6284950049673,75.4729583363848,70.590133314692
77.9674085260927,55.5362409403608,47.5200180041145,47.837600630453,80.0159705134886,63.1229745942773,68.4529421707713,65.913575076183
79.6406393265595,52.681142114999,48.3642094359628,48.8797250422889,81.7875806768297,60.3389333264293,70.8203803348186,65.9097598977534
80.8748754709725,49.8863848812382,48.5552694512966,44.0853118257228,81.9490413399472,56.6281707243059,71.4237203870252,64.9851620432507
80.0620619300973,54.1270140909346,49.844698758158,47.5394636612317,82.6729359630394,60.9666098986435,72.2679471887638,66.8172987231027
65.4813568903439,53.6393179484536,45.3314238638687,48.4715392285111,80.4511618487155,62.9621567636097,58.8491111364393,67.1897610353683
80.9612835474467,55.9540745486414,49.8022396007113,48.5573077247217,81.7180994975786,62.8484581388675,72.8362938510016,66.5389686075102
77.7715667771479,51.1375730212303,48.1578776665005,46.0385614492878,82.6980834856722,59.9669489177109,69.6116707486488,66.706506158533
75.2472455648198,55.6749782721374,48.7669614948339,49.2417563845558,82.9376002040483,64.0268608665819,67.455620781776,68.3348354524024
81.4932196453505,52.326518571469,50.1709825162825,46.7085415422871,83.5839522004368,61.1003361254956,72.7293051538649,67.3642278003864
88.5205371392265,52.6787328439422,54.0546113237904,47.4838881275001,83.4571382775554,60.7387006475716,77.0717822956379,66.4569142586506
65.0019150243123,59.6732116632438,46.5262063858757,50.4394204317918,83.9839623319568,70.8091079507812,58.5808161155043,72.0591221365243
87.1796786908257,57.2745386104414,50.6786426647312,47.4644054720765,83.8504234146107,65.9952109163633,76.3591439086163,68.3414492428636
76.1999840985855,55.8363386863846,49.2678291925249,50.8765684341529,85.8994535412948,65.6244830756417,66.8859958149307,70.8764662561126
80.4222006794426,50.6281412134701,49.5701330171142,48.0071512950431,83.7255692930797,59.5978989875333,70.4915245806871,67.1495687688638
74.0953679064168,51.8381668914187,49.6711954557577,47.9441149564145,84.134148103681,60.4911374930064,65.5938129804963,68.2838521896184
94.3959674793394,56.4232541111638,53.5244599185277,50.6565400783513,86.6946647726012,65.6564105479065,81.1523045915222,69.3450847374827
83.0411069186992,57.0017306705066,50.4932807097877,48.2468811475288,83.2924583681028,64.8796635233301,73.275188992862,68.0284593447192
82.7321840783385,44.9196344445492,48.3926898201599,43.3998208076109,79.6150245218102,51.5107540222302,72.5736229870192,61.7355103358816
83.8016206231579,54.7433740539516,49.8966389262251,49.2826461726561,87.1365952078108,64.2451941253407,70.299150774621,70.5824447831251
95.4242265460932,54.2699003566416,55.9996931216489,47.9461159881403,87.0600640387059,64.5219662436142,85.2814542045289,69.1002165600489
75.0912105205908,56.1513914709836,49.5878881613075,50.8017001746774,87.1410959554362,66.3864002946035,69.6060997433591,71.7863177991124
82.0558931889075,48.7444042660085,50.0689815725842,45.843357518433,84.4774105334907,58.8691440930165,72.8245169243375,67.4298021990924
76.613955904112,56.0034838060356,47.7347348146872,48.4707796761877,84.4258837205868,63.9635832381358,66.8687668098652,69.3044403374204
70.0161014545397,54.2094462408462,45.9614593836252,45.5378443658081,81.6787257345781,61.8102345152975,62.6118661123246,67.6163171883583
84.334675444323,56.1126966628037,50.8877332339324,49.8407690150497,82.8636202355381,64.136638118744,75.0364495718168,67.2330635976777
80.2780058984522,53.7050097533668,50.9967381980956,47.6515698993735,87.1431636458857,63.154863405906,72.4483294863732,70.3764270950287
89.0055574242676,52.7508263854882,52.4780655225157,48.913687919748,83.8349503045,61.6321131798165,79.0574442214233,66.6967680834104
78.6887001598981,53.6575504662584,50.1739799733269,47.9119325837652,84.1224809946775,62.2456016027288,70.2354474810529,68.2406758215559
86.1496429850029,49.9012981084429,51.4734785374993,49.2330924991681,88.2230489389731,59.1104199494075,75.6918020918677,69.5112112222354
71.1474849320417,58.4181390605787,46.5815066353876,49.2397619731675,81.9969668809583,67.1269716717443,62.5985907432892,69.1872408336545
73.9707052038118,54.0133609739323,46.5891878001001,47.9578097195424,81.276014428488,60.8924664744917,67.0112670088453,66.5431508246818
81.0139617100304,58.9559242333471,49.732606245056,50.366291603761,83.3345447384043,67.5569468054866,70.1134730480986,69.1110871289769
85.8242679318555,55.7062400986937,49.6536858888456,47.1639279346025,83.1990251615184,64.3213543361198,74.6630216972757,67.5833585640527
77.2991257245701,56.7126870120041,48.0794287487899,50.851001136617,86.7980128031949,67.0371350833645,69.1333498849025,71.7195523668507
84.9528626564193,54.8548240149242,52.5374431701897,48.9123842554995,86.2704198113533,65.3871421168232,74.9485383545756,69.9644281155194
73.5197199478232,51.6423999644521,47.3322762536229,46.3926296421395,80.7505551839974,60.6594163382106,66.7898771852033,66.1253603558134
80.2708357124925,53.7239592205664,49.0207651446059,47.785477570346,83.9685307999974,61.1458432586355,71.1839051323274,67.7308285287404
92.2982250302273,52.6856663218755,52.5702751054941,46.521587823378,83.6978975674094,61.0594966846299,83.0125322285523,65.9940048811483
87.6641643016857,57.2446471695062,53.671892531172,47.3845997361417,82.7892746856249,65.8728391596497,77.6898553521275,67.2004519283713
85.3302493861574,49.8336748178447,52.1705169823108,48.265509985185,90.2045228980551,61.6478092074732,74.5121809417769,71.6423448248354
85.2862961922632,48.8945529621338,49.5142616360976,45.0516282555744,82.0856156531787,55.8106088623685,74.4091906389796,64.3859337659725
84.3406582741212,52.4960898521005,52.4548159550928,47.1781907399581,90.9836820756332,61.4680801243194,71.4576227650318,72.4213657855478
90.1474218919069,52.7926317257543,50.8140690936935,48.2469602948339,84.5002697666082,62.0517228007713,79.2702401989234,67.3241343793941
83.9596709680744,53.4484799605544,50.969140892276,47.3174840036081,81.3599182612577,61.8877131537347,74.1614045870608,65.7708217547066
85.2044401924001,54.1341017857751,52.6916540524076,48.3535492893768,85.6963987975735,63.4054949264982,75.7789900938124,68.7460826155389
80.7087793450639,52.6268377713518,48.469630533117,49.2483612332847,85.9159902990617,64.2452385917667,73.900161276497,69.8430139883735
75.1065846903827,53.6808301550691,48.0557707500684,48.5110410100114,83.1573024176685,62.2417484524987,65.44104777217,68.1167821438235
79.0585554753955,56.5206374911526,47.4129119271851,49.2508622768874,82.9947957644662,67.3628511454383,68.1252576142651,69.0189341456006
81.125913963035,55.2251384930856,48.5954679542962,48.0378915405557,81.2525421903964,64.4407696444122,72.7679541635332,66.6377719558354
80.1506921993707,56.1355182649195,50.874634456302,51.7976986283772,86.9865152167726,67.0188502412721,71.1148958394777,71.5288361394992
91.7549364935267,55.5325908592021,52.3602261231095,49.5299213864301,86.6979723218223,64.8397813193631,80.3347548311368,69.4315878811827
83.5366744775069,56.7145162648529,49.8583612526322,48.1636887665655,83.4765574413923,64.5697346473793,73.3095035769554,68.1095110104394
91.2042801418494,56.5213696537075,53.2294132241319,47.9379821761732,84.8816341160639,64.4770151889825,81.9848172031489,67.9864358874937
73.3995426192958,56.520880633727,48.7218935514549,52.0249853544008,85.4046383173262,67.6413014008907,64.1160482511873,71.5613654620669
71.9026545939354,57.7158850567247,49.0367467782091,50.926681891662,85.7070662239796,68.6639469034722,66.7589471732899,71.7937684846663
76.7644003569735,51.7869359906431,47.1361518142754,48.4478896772529,84.4168631908117,61.7357935772867,68.3343230020601,68.6243203549202
75.6333313889848,53.6556167680761,49.9637333490383,48.9167045119322,85.2959459881878,64.2119887276431,66.5239464646296,69.9490788357072
97.7613324820386,49.2461963349725,52.7294343700455,45.304026745334,85.6467084469304,57.8117847012888,84.681081746529,66.1756657467444
80.8486502548799,55.5851574250843,52.8769505090867,49.4819774696776,89.796620243839,67.419460416681,72.9456947678982,73.434139662231
80.2831743900244,54.2677459905292,49.0168813797791,46.9972611604303,84.3089002168161,63.8513364577603,72.0046622610023,68.6403064869781
78.2636448085572,55.1687989925188,49.1264555927503,47.4648196648126,81.757399180245,62.5552431473459,72.7339461857485,66.4389667440855
94.1188331978032,54.042276457945,53.672348949936,48.1496151280767,86.4168106940009,61.4840719082891,82.3446605819496,68.0145981140388
76.0784115346872,48.4817550353976,48.8595440183092,44.1575847928643,82.2472373969148,55.3765865965061,67.8750674086795,65.3285593540487
90.9921521663988,53.8980802874707,53.1397564314535,47.8745131579518,86.0834987119101,62.904206004404,79.3327178912974,68.487938955644
78.3346597941494,58.1045898508282,51.4380561122138,50.9936357310648,85.4674688619603,67.3116065940071,71.031974632497,70.5251875963471
82.7852639445377,59.1727914593684,50.9184029809005,50.3320012791011,82.3173764277931,66.1857354089508,71.4114659827363,67.8382057470001
77.9205761312427,47.2982004635349,47.8836890543118,43.4949284480636,79.2804820768984,54.2938429301215,65.9955991848675,62.9575735286893
83.0050063542801,50.0995677757444,47.360828732443,43.9903247214308,78.2122313516945,54.8200062201867,74.0817696655271,61.6520273126779
88.4704575263821,50.8259780318415,51.2604119488918,47.3995494184261,84.0002390147145,59.0303831686726,77.2336835218989,66.1243285509688
87.9638493447383,48.0443134662094,53.5905858640442,47.2758497015775,87.6114122446128,55.654366313835,76.8422486194202,67.7580508250993
84.779297993776,52.8104595918782,51.1722708392757,45.4493891521417,81.9246895938725,59.9104027433298,74.1564723170905,65.4574928601283
91.9914677991082,51.333358171021,54.0359481001153,47.8281038043738,90.6951416011852,59.3556381716991,82.5729633724196,70.4531374233289
81.0671574772419,55.9316304534313,47.7810280796562,51.117801230385,83.7980670183279,63.8118322840879,73.9470998371448,68.2767373078668
83.5715015573082,47.9678815462542,49.1784824305694,46.0302977846589,79.6886953246437,54.500191858877,72.2074856268342,62.5143449064811
80.7342741361552,55.6903541416192,52.3081524970922,51.7963646807624,88.3677977042299,68.0576530126004,70.8414569261034,72.6286505505373
74.8185637878918,55.1205225947752,48.8007802070868,47.4481455567735,81.9267500872216,62.3326626517452,68.3678706774865,67.0807331849308
82.9098519666375,54.4485896353943,49.7932695242939,46.1304430581968,80.9791660670072,62.8031581408889,72.6803356730124,65.8176441998201
77.6852809485403,52.2609721707942,49.0078802031216,47.8302313448098,85.6245111202719,62.2032544345606,67.3385047887697,69.5211818882752
87.8142367531245,51.7279612813303,53.677964890427,48.719275817838,91.0546856617265,63.5137243803191,76.6827003310931,72.5451720362042
81.668120006264,53.7629380351598,48.6197231173078,45.8260785667902,80.1780643200818,59.0426073052627,73.6630640115401,64.2001885991746
76.6102276998672,49.0732908960535,49.5321021237806,46.1409126875661,82.0737265459098,56.8937886413442,72.7737149229457,65.4376042509693
81.3967604794808,46.2174954062752,49.1811241767791,45.0846515681965,85.0020798997152,55.9747707146428,71.4315663319416,66.9656515168197
90.3073107143958,50.4223098496116,52.89804738911,47.5041783658261,86.2213701599815,60.9994078681255,80.3953842920231,68.1317855322271
67.6509077941791,57.3928616763503,45.7615520807546,50.578172901327,80.3412258248043,67.1247327487828,59.343837388579,68.3467552086818
77.5420817816515,57.893775619061,49.9222369193158,46.6169544638369,79.2962752151209,64.3985633521966,67.4609664921009,65.8440288353834
74.5965382922825,53.1835853489259,46.5313059918321,47.6271004365399,80.2857710160762,64.0723483347763,66.7816710768071,66.7296899131242
87.4788069658945,46.3364445876677,51.0883921995091,42.5199421508134,83.6005123829667,54.0971313454397,77.0781251135649,64.6930675012703
72.5978273003851,52.5001355868296,46.8180876295148,47.513490112924,80.0620301476595,62.4291213374733,64.9636804337015,66.3060549923014
73.956609145492,47.6326999755466,47.6181144418094,46.5861557243779,84.6693522544097,58.6006759120908,65.0113964618415,68.2215796779389
83.8726405280844,54.4223001364047,52.2034747732893,50.1364458830619,86.7629762770224,66.5291034198202,72.8825316833647,70.8453044963456
94.2583750216778,47.560425329929,54.8692543855146,48.3444509891117,87.2271548288865,55.3572832794024,84.2862350759305,66.6549639067567
92.6779238906768,52.4995768591198,52.0290423125709,49.2183286272025,86.3214226291594,59.8072391249233,83.1903267147644,67.5590928482746
79.750519756797,58.7886198589825,48.0932973833257,47.8060909338304,82.4749831361105,65.5190214744653,69.7453998127884,67.9967708832455
77.8297579902702,52.7929064259701,49.8299289885882,49.5052325015453,88.761644735242,62.2755367783524,69.3720373079017,71.7876890751535
82.6075365249035,54.7408311135275,46.8662566225823,48.6761201311321,80.8395596284612,64.3723638056546,73.8643314564081,66.2407998862284
90.5910766675654,50.171563167156,54.0614877586283,48.1726047533338,89.7998254980641,61.2245507237923,81.7784753093655,70.6342840222348
82.4734334092016,58.5204208848157,52.8222377557335,49.8492982480606,82.6493904444973,67.0382320476796,74.1432243394322,68.2389771583561
72.9079679743968,55.8184574080555,46.5992217356188,49.6631562854713,83.1180072317465,65.6623877820885,63.6524443030145,69.4337295705151
73.907950243372,52.1700589700961,46.9670705165454,46.6689664616235,80.892648576975,58.7983435391519,64.6918158798642,65.7299714326194
91.422258083421,54.3910500550463,53.4046124407942,46.9111780515689,82.2743390972295,62.708079815577,81.2194699900723,65.7612977254352
80.6482486385069,54.13307690389,50.0972642695892,49.446413275337,85.1983694793773,63.4289559089107,71.478569358241,69.3298015428328
81.842078946261,51.8390556959742,51.233193542126,44.0889658292136,82.7050272725554,58.9456759474269,72.2192307771953,65.9819269383977
78.4492939636599,50.6096118764744,49.5720651043172,48.2458757139906,81.7080189021649,58.6711933776439,68.8430667003726,65.6153932688539
71.0958934585096,54.6908542193688,47.5049131089711,49.4359995302315,86.1821895784659,65.912458956864,61.9232444271099,71.8116309587683
66.5510840213082,51.6058425757565,45.7671881959613,50.1503909440792,83.366311120873,62.4019587707669,59.2075680021537,69.1903907400002
82.9743460452212,59.4410303983484,54.0749821909624,51.7772946083183,87.3180944866433,71.0883725447227,73.3440760054068,72.7334881535747
80.3549488860947,50.8057571659332,50.8172130438289,47.7296088296895,88.2899228581575,59.2546553884348,71.0614228795325,70.0600364628971
74.9913929442069,56.6749440518475,49.4884525199614,50.5691795075186,87.3089174915004,67.804004631556,67.8634887424682,72.5068591764723
90.712534390089,46.9771028402723,50.5316965140639,44.8277057963914,83.6201652655107,53.3051063995649,79.0759314745578,64.2329666033278
82.9617808278536,55.2593560958198,51.1610060583381,49.8738505356175,85.200563626523,63.9957571734038,72.5033600229297,69.063903149366
74.9171542874379,55.6095766758919,46.8406525018482,50.1041327464391,81.0986385282509,65.5840478475489,65.3875475417271,67.7715069556355
92.1863989652472,51.0195810325413,56.7250415844525,46.9766485215794,87.1902952890985,59.746280051789,82.2370785324764,68.050567174697
89.1835253260768,54.4666814246661,55.2685395344743,50.0292375834501,93.9466319936325,67.2288376816621,76.8205045587289,75.5122478900888
85.174567337072,54.5332176749363,49.441736305376,46.6626209062958,83.6897782212838,63.9741253094454,72.9594854848112,67.9639202434953
80.6215362335748,55.4795071914614,51.7786444391385,51.0097028230893,86.2809603207439,65.3618938036281,71.3855247116576,70.3857096730009
74.011325533921,47.1441494757915,46.5072825121709,44.096952715376,79.8197129263386,54.8118134296322,66.3522493670879,63.5726430188084
87.9795081853008,46.8437746960321,53.0557537775193,45.3874954868473,85.9358790083814,54.0104855768781,80.801860631857,66.0352487291605
77.4627564558561,46.2556095869033,48.463101391582,43.5612927927792,81.775827550069,53.2966391723298,65.9580663723877,64.4750381858757
76.3282002127838,54.859360217712,46.964777792905,48.3071644023658,80.5846108411614,63.1213039011222,66.6023286223016,66.3597956585737
80.3410894788329,51.7828220996593,48.5493110447598,48.0889946880092,82.649411374182,61.4220298585997,69.7847468803444,67.0275040838384
67.8027119005555,54.2720896225349,45.9919038152592,48.0326277842437,80.7603462617956,61.2544042516372,60.754644125786,66.8656085047092
73.9162166989594,55.7866718194934,43.9173925283038,49.8401724545014,78.3167318345043,64.3315827286032,62.3560022327417,65.5248681816839
82.073189400335,53.6723190719669,49.9882867708823,50.5395290635727,87.8442296177285,65.2467785958594,70.0744415276164,71.4512857153004
77.1006077541899,59.6361232052177,48.420457832719,52.0588229112248,88.4766898650271,72.9720150986863,68.609937242393,74.5887349367206
92.52191631304,54.0872142490709,55.2297537432503,47.0444491374357,86.4425324713477,61.3904626152393,82.4144956326546,67.9944563646974
84.2335143079366,52.3574257261608,51.3446048281298,47.8438032960312,83.4841670299008,61.3056337315151,73.9042994753583,67.0428506308768
66.758623268913,53.4759684543574,46.1834863903354,49.1615859733369,81.1132889955558,63.6169652642336,60.1308098340534,67.8846169758272
78.3444876924538,54.5764515228451,48.4622005064057,50.3924992724132,84.6763913667579,64.9617091281387,66.9070812323175,69.7005449256949
79.6424623770616,53.3553525633442,47.8976662659688,48.3490419635276,81.7268948694747,61.5260181451154,69.1774453619256,66.4672325552113
82.3449061768106,59.9356627238007,50.9476010619755,52.9167349317841,86.1742112122973,72.2033514554381,74.2657025764517,72.0915522112342
80.9334993937296,56.5614234854925,49.3459369065028,47.1377082964524,77.6417834794718,62.5851593579464,69.802002234318,63.8513813293033
74.0933786849565,54.9150022460499,48.6128642109678,48.2772225345059,83.3333496393446,65.151893160986,66.8594301107187,69.034579166225
73.6469554209319,53.7186579114501,48.0395201316549,49.3130364539979,84.6970533595865,61.8389131514408,66.0769823103203,69.1386498370344
74.8528709318373,51.9377853878306,47.0771493272759,48.2970149693077,83.4865502407767,61.6854805627272,67.2576594771489,68.0679595606343
88.8425449338419,52.7617253477179,51.4859971063921,46.6553027833282,86.5262473375601,59.9880560706383,76.7870420461964,68.4516084769915
81.8809221978396,52.9755913201694,49.119210688548,49.9228104317981,80.7423114460121,61.2658429500371,73.07358633323,65.200958058775
78.7893007916175,57.4420441271855,48.8887849998225,48.9150422565947,82.656766085848,66.2386596401953,71.1255652780694,68.3625916551814
86.44963937436,51.8032555834721,49.8196515560144,46.2980695186394,83.3540041442288,60.3519257529464,76.7849469716086,66.4259709233124
64.8102088991697,48.0710878905969,44.274168503231,43.7507975594506,82.2670980253062,56.0304705993746,56.8639403722718,66.9618489111967
83.6738850666895,57.7380145121706,51.7816463745592,48.5735960169267,85.3474550041656,66.48294913828,73.8385554515483,69.7496311544285
78.2053710244998,51.0185459013326,47.7954536262429,45.5820616843467,80.4154790660151,57.2601731432291,70.2919213235089,64.3491126813178
82.2062300266091,58.0118623077273,49.9271129955123,50.9975169843154,83.0956063073512,68.9091448730313,70.9013945030412,69.1328776000493
73.8416514488235,48.8616734147076,49.4070161808776,46.6954873997728,85.4386409272002,58.2474085726767,69.2976010910423,68.3572298307413
73.8214213758955,52.9478836579097,48.1179596867536,47.7630075963777,82.298640565572,61.689085390896,67.3996867401526,67.2002652823505
78.2820838494613,58.2796092185507,49.6928751640907,50.4664692855275,83.97310502021,66.5560346242499,70.8926851597656,69.340613155934
67.6398923567581,53.3718091439798,43.658803464541,47.6996499378908,80.167392023834,62.1747805276677,59.3496414242556,66.8466358400397
89.7282939926997,50.7944602303683,55.1781362307933,47.7022716270865,90.7383373381689,61.3929749739162,78.6595489369079,71.434904582348
79.1540801049661,57.8466550252239,48.1692252655198,50.3200610825015,87.1585569699555,67.1642696962342,69.5272368267918,71.7703726424233
81.4734614128313,56.3854128643696,47.2400487056314,46.2044607759878,78.8691420695702,62.0980556286539,71.0419541586841,64.5393044404457
75.3562690618738,55.579885135285,47.782023915894,50.5528083564099,84.8300419074625,65.7480280148162,66.1460072922356,70.2644149915771
83.5336307333743,47.6640145419633,50.4700160387413,43.9014748033054,83.9275868078335,54.3679403538799,72.8632811704672,65.4072097159755
76.8997357846846,52.429933067153,46.3881124372618,44.9117800294466,77.7872037406031,58.170768170477,67.9845901634967,62.9736295033318
76.5011675185091,53.2681587135056,50.4072172648035,49.2942550885446,87.8450038330284,64.735665004447,67.246825541898,71.9104007561004
78.8128801938273,60.8710463607671,48.5957492261445,52.421016036047,82.6916169846889,68.6435843617774,66.4510617018053,69.5322768847896
83.2984293292264,56.8806935228307,50.7895160819499,49.967625000566,84.2551452740837,66.5095526051067,73.0596216835345,69.1022159158075
77.4275982140626,53.398036603976,46.5864739783909,47.9846870908245,80.264502553818,60.8983562043188,67.7015115656239,65.4893469477911
84.0651470203642,53.3265995482769,47.9726131855032,46.9120736315376,78.5392772899582,58.9415017798159,71.8199030920082,63.1626101175678
78.6762734549007,55.4259101524869,49.720302671299,47.5675353137819,79.8837418125453,65.4805796302756,68.7945350861774,66.2540763289803
91.9521183695475,51.8460823740486,54.6217389914849,49.1177957231473,88.5518659656401,60.9511186335743,80.1275937302479,69.6467188682098
78.3122006200696,50.7006768242804,48.1267118316871,46.7346419030447,82.8163861632681,60.4872421953383,68.2985389270311,67.0024682975304
88.3440680839542,52.674736662026,50.237208668139,48.7618071835961,86.9185733494925,62.4971771823974,78.0107715047162,69.2960045778202
74.311822096637,50.3910035402935,48.3049807744042,45.3765292187128,83.7270254064838,58.9274253426205,65.2134855562117,67.700881727253
84.1226251432665,51.6226312901514,51.6190524120317,46.8352389157151,87.8266496522978,60.1685044673091,71.1402752453171,69.8285698465365
83.3651297681733,51.141827423061,51.8101236418612,45.0158459171161,84.2905700060985,59.7997747645483,74.4644664043432,67.2503464745171
80.7282292722181,53.7181648115262,51.5883728730289,50.1217889367557,88.5446270125208,62.713017176604,71.0574578656162,71.3772405924733
87.990102347066,54.3721104176376,52.0519450880501,47.9667642262301,84.6960970055179,62.2447611228689,78.6513018690752,67.5707081994625
79.6095933868422,50.3471507593005,48.8819188862701,47.8821311802213,83.8354284660178,58.7437585741563,68.3941747709611,67.1227034440177
80.0742923236866,61.8589589798263,49.7527572285098,51.5708645123204,84.3121497195954,70.3604765647655,69.9125055265128,70.5866724859876
78.0263267888847,59.8699778097919,50.0703983070995,50.3347568935565,85.2195981140828,70.4606787332826,69.2551373565491,71.46488389028
90.422066655926,51.6254888290319,53.8763150650322,45.6053450075677,86.5300287363118,59.4278344226009,80.0328005468761,67.7329471475283
91.825220603059,52.0048056374208,54.7047673907533,46.0869119235055,85.4160308018681,60.578113737386,82.3351352069525,67.0453764792893
92.0624568231182,55.2678028183748,53.625129106254,50.469389633073,87.1395284346249,67.3823451704677,78.6391858307344,70.6640297532605
70.6448882268193,57.7327483999026,47.9417555436497,50.8984489710159,81.009811440734,65.825943529972,65.3939104636388,67.9726806594643
93.5864035354981,55.9929806754066,54.1469409304631,50.659225446341,87.6783292079287,66.2509438783716,82.238749571318,70.287290255881
77.4606066028809,58.7800623502895,49.6569681530942,50.3983652158587,85.372619091037,67.1978018141784,67.4959739025818,70.8178255341411
79.2295493628359,52.0004438862722,52.1224732100393,48.4897770261787,86.8597126425571,61.0256826830634,70.8204591782612,69.7663219768378
75.2774379902011,56.8965443309348,44.8775436021581,49.9910563934349,79.74607162666,65.558303719251,63.9123783136656,66.8355807756643
81.7390033998814,52.7070872270413,51.660389862617,48.4137845404908,86.7882047109965,63.1987864678906,72.0608782173225,70.1114547723125
82.6806614011764,50.8350897346025,49.0596803439467,47.0464258332167,84.2921282737716,59.2027734822089,72.7265954610547,67.1520455438876
79.4859940806434,50.4775317196787,48.6074635048303,47.7466989860186,83.8812653589788,59.449113511229,71.3002795255777,67.3382885742548
85.7058736362849,49.712684478358,51.0505337839908,45.9399533577741,84.0004318656301,57.4406377518001,76.3983821443603,66.0212775175663
84.4517478632655,48.2660280112677,50.7614244900413,45.098925234373,78.6863743170409,53.5488667706004,77.1526467757257,61.2357032975181
79.4573065112226,53.267727127046,47.1041816264468,48.8043614401782,80.7567421230317,61.1030826996174,67.5168275366583,65.7417707185415
79.2171555896736,57.6115670434481,50.6670375333467,48.704099889742,82.7259715576311,67.6471681414378,69.9039384660588,68.9114733450538
81.4643164455858,54.7991069794473,51.1258419430171,49.7221312408603,85.5798162069822,64.0226316776963,71.8046276283713,69.4646471776302
82.8214243430745,55.12783855722,50.352553466221,49.0996730555131,84.1150536691086,64.1497117464108,72.403681511696,68.3526012484566
74.4919329898888,55.6295082320718,48.4796898204049,46.9412792052397,79.9206957794462,62.8467778406237,63.3302104023366,66.1872708306657
81.933005408349,53.7519642918679,49.3093461827665,49.1245891537262,83.353350920334,62.8636748379924,72.3961885069396,67.6696251950766
78.0352312885954,54.2976288823446,48.6835404668825,48.7501085755469,86.6830734271842,64.99753129083,68.9496247321093,70.9354748279035
74.6615650302087,56.4515843938651,49.0205780072315,47.3613197458137,81.0291446578622,63.9869481946241,68.3639265459823,66.9162384006051
83.58466053511,56.6286613501085,51.7638403622906,51.6114329710255,90.0039139971096,69.0666415357004,72.3123886622033,73.8257847107259
80.5614118447112,55.5222538274111,49.0636042165957,51.6964516898636,89.1703687560595,66.2725848185544,70.9000670645864,72.8610790244126
77.6563628253352,58.2473093790066,48.6823552704275,47.1036981754299,82.7800642370038,67.4077440282104,70.9743499990242,68.8984277526317
74.7027862169985,54.9987890753211,46.8682844803229,47.982127656485,84.8230672358642,65.2614196037479,63.6573256452868,70.2559371822264
88.4479722643284,54.791640262068,51.8024175655894,48.568138423933,83.481858071721,62.9211802042328,78.8225708639785,66.9972154370953
77.122830571018,55.1302823719032,48.6013667620922,49.5469584760377,85.3821374766756,64.3630900191843,68.0461590095696,70.0306214977689
82.151291367618,55.134562712676,51.2112782369127,47.657583120567,83.3377033316233,62.6920495176313,74.7224623141359,67.3696099762844
72.8961742190858,51.6327795668701,47.5156418120836,46.6813012068113,82.8345577045023,60.3139804961777,64.1400077366686,67.6220143024028
77.3707987543793,60.6562330238488,48.5580768197138,49.3434184687032,85.1349181107645,71.7834832568731,67.1418133303759,72.0018435223227
85.5434256730569,55.8027267933923,51.1980874383336,49.0510964394359,84.205550286844,65.2243525160719,73.013875514101,68.627333435925
85.6026200024777,55.2073485239498,53.408071985377,49.8398676642857,85.2280328272757,64.1359218031539,76.5760333493631,68.7040494851142
80.5410554718856,51.157709862051,49.9412649136158,46.6607853809967,85.0506003556711,61.1363936451252,70.6170138520934,68.4276888153509
87.5411322835866,51.7134344129146,53.8142365071985,49.4682052764772,88.5468270296248,63.9220199731353,76.4976013939863,70.6945352671084
86.1858371673832,51.5954897175466,51.4028262358807,48.1991478569949,85.7851126909452,62.8189369720699,77.024868666336,68.7393246662968
81.2997714612538,49.4252332540925,51.4865843741953,47.720051063677,86.3292212154573,59.3688301787936,72.0711465219591,68.7130616537426
88.3124760094515,50.0281770409288,50.7349426583473,46.5722380816889,83.9658309531823,58.1868855684599,76.3256282370675,66.0516404981741
71.3781814878145,52.3462286589625,46.1003238992927,44.6966898128141,78.9111421877908,59.4572884491802,62.1140174065496,64.896348037202
87.350393776401,55.0707357858307,51.329437452123,48.6018555121824,84.28679911893,63.0185705065029,76.3359549071804,67.6849701554473
75.8198637554202,48.2107537406993,48.8965108373734,47.4994424297912,85.3559734136931,58.3801291909888,66.8044799865226,68.4104351065113
86.5669223817979,54.1778614641221,52.4235293727475,48.377023417427,85.38944919613,64.168068817423,75.6684602174838,68.7968022797242
79.7610981956698,53.6798901890762,49.5489261916146,48.2851586691798,82.0812310768156,62.9957085900565,70.4195895272141,66.9217346421637
88.476010116248,51.0285189088367,54.1219090350618,47.2882311306861,88.3174089115469,60.1341585057957,77.3512815070903,69.4634909123592
70.4911511208041,57.2601545638333,46.2184327981337,49.6453775382401,81.9840106112971,68.6085089085675,60.5833933875405,69.7827723686451
81.9532486017678,54.6612212701794,51.1582333469307,48.4342634150624,82.1029820102173,61.9737783233279,71.9145784649991,66.5676954785738
87.9466275865334,54.0775078327081,52.0798092059785,48.531706092895,86.409503611846,61.9904381956733,76.138888306853,68.8972056944567
83.1744437102929,55.9501073606774,51.8424162868726,49.0594181803632,80.6520433603118,66.5810762114321,75.9552767270918,66.4955365526112
77.6153340399005,59.8633474237286,48.6061835739574,51.2538755260318,82.8063569609215,69.3780399468467,68.8792956982621,69.4590547912292
80.7805862608142,57.0412674706146,47.1419007226696,49.9385747016389,77.9962829659047,64.5834672119321,72.2978698077393,64.3700620054179
77.5926739574545,55.3926480508198,46.6873674431016,47.9644001671412,84.2925429591384,63.4764387316599,68.6546977693386,68.9971717272705
72.8426006926012,53.831688969246,46.5192201534282,47.6946313185946,82.7596528187034,60.3984337548362,65.14938903268,67.3974936775289
77.4947900397519,58.5647542410739,48.2603231405251,49.8173282919355,79.8102938203774,67.2037484373075,70.1669188574562,66.6828234846511
83.0757175995205,53.2573727100307,49.7364676857907,47.2285058077269,84.0512320676667,62.0940750476696,70.8065314165692,67.8819593249133
86.1231768629518,58.3372668762924,48.9727085563103,49.2262187834937,83.3563560097174,64.3239286138137,75.5546110136583,67.5692816472398
78.0192900955615,52.9503325071524,50.1216333662545,49.1089083609029,84.6656537689832,63.1054465149258,69.3595948281254,69.0108269041902
85.951469604061,57.521096903257,52.9966909032513,49.9436792625875,84.668439106046,68.4929316939357,73.8564970365953,69.7858086067078
92.3457011761411,50.640339167384,53.759991553992,48.4401763976063,86.0629135035924,61.182267151469,82.1226799442012,67.6488400461247
83.8727660467317,49.4010296797181,52.4545461317539,49.2739632359705,90.7385043787617,59.6661792971658,74.2197971514413,71.6385236773736
84.5268095248415,59.05755074664,49.2389447260129,48.9053896602905,81.9987126225528,67.9454172969675,73.851656521359,67.8861488810403
85.5628110297048,56.0535354084683,52.004902072612,47.9003418343687,82.1138754432182,64.7054127414334,74.1076318574899,66.8437046648954
82.1229072730289,55.3266458007791,50.193023030556,49.8243625602074,82.7331408561532,62.8985993085327,74.7540767088526,67.0412316440103
