"V3","V6","V7","V8","V5","V2","V4","V1"
66.1029426325537,45.8180799562332,48.7018147185562,70.5568213370404,44.3407592286214,81.2647380103235,64.3843140747465,58.3015876615275
69.8607754331081,50.913661619965,56.8973620293472,84.9090391351581,50.8851593402629,85.5928072671045,75.1783823009928,66.4528786915159
68.109737493503,48.398430859963,58.7809556790682,72.8525620879518,46.3564817862781,80.869134503342,66.5469097556517,67.2844857100637
69.2833046687973,49.7543379272752,56.0123124160319,84.594547593625,51.3907026522947,84.6463680610482,75.4605527867539,66.8513028267936
65.8222305116956,48.0454251898844,56.3766291439217,77.7409238583062,47.662625283513,80.1863059045017,68.001369316323,62.3883927155943
69.2203138619458,51.1544509754001,59.1293583769696,82.9700045473382,49.913559758268,83.7874869910486,72.286634982007,67.4497742683007
65.6702646945092,48.9899578982567,54.1194996642692,85.0277348473551,50.3941875072459,81.0474994499749,76.5103029791509,62.951001565643
63.1784856167378,46.1341045199033,51.9597395216988,92.7104903785781,51.1476230539521,81.0878845640952,81.9167615611046,57.120678504655
66.4012726047849,47.074441399176,51.5489142791331,79.7414055851533,49.16967727062,82.3004433730395,70.1945180978275,60.2311622887847
71.7873226157283,50.6604539572715,59.7765456931368,82.8357562150249,50.8084377359224,86.2800485305404,72.9615736858257,71.0409359559856
68.7593589010701,49.151427342273,51.5639337773643,67.4760842967263,44.2800952575235,82.9729926270341,58.8656750759007,61.5527402294202
69.8413230715155,50.832188360348,57.4790711761953,86.5357103176153,48.511023784786,85.1417332558855,77.7718742725304,67.8262313995
67.0553570935322,45.4743742006222,49.4783964615224,78.009093917491,50.4236939333468,83.5951944882993,70.5974375982925,59.2531670679638
66.040852642844,47.9201051536389,51.9535247363798,69.1322202847555,46.513965974865,80.0327009631377,62.4906897726221,60.4127011452021
68.3393221856376,45.6266750472944,50.4045862694358,72.0572075338176,47.0631255478106,83.8291122427349,63.6686686562711,60.2088894592015
68.3274208824961,48.0274849640333,53.3173679694236,89.8840709474753,52.3809853023951,85.9074903392147,80.1647351558155,62.8391939682463
68.0834579926925,48.0443838712243,51.5761824773354,84.4501316126375,50.9956304004599,84.9316443491429,74.7151638678523,61.6400547799336
67.5428291891649,48.6072446268855,54.6903816724428,70.2943522895572,44.1809714217013,81.0193093058109,62.8144212670279,63.4337828675579
65.4307470722245,47.9778391967612,53.6591563624838,85.3239593458695,49.2633987506803,80.835745962377,78.1210505600776,63.0151634724019
67.1397385874825,47.6466968940563,55.9503963425598,73.0477746303989,45.5227797876505,81.0391566914443,68.5421146743901,63.9520314407693
67.6744751398308,47.4503131011,50.6907121130598,73.0542656060385,47.6339958018633,82.7135439716402,64.4105797044028,61.2103277046346
68.9570034712453,49.8258449219488,58.0231144110265,80.3787852033705,49.2331398756622,83.3996949775647,72.7582139713661,67.2837404205765
69.6050576478271,48.6090825936781,52.5364095715942,77.6259818083157,47.3923292900808,85.5590473588954,67.4439817842345,62.5058511777307
63.289052820976,46.52343111579,51.4485885689066,78.4921019574542,46.6339455148778,77.915771492888,70.7369255119109,59.9845001675397
67.1032542056489,48.3628557278716,56.0812817569066,79.959142859032,49.9339735694407,81.801898302889,73.7907408167069,64.4630605134369
66.5224157065029,47.3630944554147,52.7111834013922,77.9496688681584,48.0353327939034,81.6093956649733,66.6696581484718,60.8759073993881
70.0813261202544,48.4587286438303,55.2731339425641,89.3567154440996,53.189852299664,87.1388220125743,79.0932293317924,65.323835737071
67.1648791956275,47.617008496516,52.8841350538841,79.3516339554048,49.710818067619,82.9023337361826,69.1356083172274,61.2807983808651
68.8037883120277,48.3022291102599,54.3381692237976,78.3028238843091,47.9377591673633,83.9709395763937,69.3058427678203,63.9354120736188
67.3377362397395,48.5001512731852,55.9573168921431,82.4025771129814,49.9298069700448,82.5030899141609,72.3515720682833,64.1260688316109
68.4594946620754,49.4815090335796,54.2329278405406,79.2061696337011,48.655634818257,83.3575923346896,68.9669736325176,64.6533707568446
69.3549119401361,47.5990501411556,52.5592926116626,95.142258479337,53.3645816872288,88.3393950293241,83.3507833836002,61.7574473554663
67.3476739716921,47.1251963136129,52.8418168753749,87.9283523435934,50.6747236105483,84.2494258085425,77.8232262132043,61.8015823809331
67.8563460992912,49.1427480459527,53.1788928374435,82.7616651938493,51.4056798804527,83.6157593524263,74.6976606521297,64.1439239575436
67.4277433855477,46.2149391919565,47.853111247008,76.4296037330499,48.7001623217159,84.8197501001445,66.1377470916027,56.6516240163809
65.4645462632188,45.0946073122091,48.355415025703,79.664035606491,47.9377330149958,82.5470416937834,67.9908944845609,55.8194848289645
72.9625929239893,50.2579641340194,60.2891960429526,81.0578422699091,52.0980017784811,87.9435104816636,72.1064656520015,70.4048932493444
70.7975122481191,49.7101901375212,51.9403101912048,66.7260613569249,46.7999342462141,85.7115051930447,60.7613531889116,62.5596817824772
68.5635372557238,48.4814179459559,53.7617769458911,81.1982321802402,52.0042187312289,84.2671093565403,69.9983325341008,63.2289129795238
72.6714007882593,50.2813738222625,57.5063679273818,86.0962435866297,51.9447012718038,89.7011853272009,77.1901586876589,67.2549135719652
68.2156271018886,48.5010006871946,56.0397532401535,82.5042475179389,49.4058304992365,83.3926236379095,72.6963690158665,64.6708288007625
71.4673274657284,48.1255889879896,50.7752014741789,82.3004921291265,51.9620753197428,89.1324290116579,72.5671688267787,62.4502002079426
69.808945139806,51.880095635389,54.4455457311547,80.6505827221959,50.6053875748443,85.3261986781759,72.8967876978892,64.7541489193552
64.6899884001577,48.4951870961526,53.3523030352842,89.1417919239785,50.8365416727842,80.7147023700803,78.9865953699042,62.3620510314365
66.4722658950998,45.9758866296992,49.0828841889248,93.9149366735896,52.1256050497356,85.0980196279996,81.198849650667,58.8142597836784
68.1416774552879,46.7466142100824,53.5725886578413,73.6213730177636,47.4882077888434,83.2734300854479,66.3556112458977,61.4813139915361
68.9727261130969,47.6591554453003,54.0360475627521,79.11421776024,49.5057881389341,84.9971528957815,70.5770115718637,63.0097943692824
69.9535057457481,51.0792389793568,61.1511032522084,82.4946586920436,47.8892273397494,83.9727105611952,73.2371424657655,69.9101893195337
70.3209863544826,50.7028501089014,59.5862083164092,74.4894908420607,48.4059330795499,82.536054968481,64.2533702271319,70.953625944792
70.8185022991447,48.8345373874305,51.4354231243766,82.1960155452993,50.4507889220956,88.0297582127419,73.0881479608568,62.8176939559912
69.6533619395183,49.8497066717698,54.6286950552813,85.0500103860671,52.0407026201424,86.0839501632448,73.3857526851423,64.3411987130323
72.6942493398018,52.0798068371319,57.5792071066664,79.5330642020961,50.5121775604481,87.9716603571336,69.5379108790393,68.4071593558928
69.853331818167,50.3200539105867,55.5326929701812,75.7525415855446,49.7971367453121,84.0574238448882,65.2213770275696,65.8937746640333
71.2292145085907,49.7926577816818,50.2446915618718,75.979719967126,50.6964295237071,88.2563933143083,68.8368311984381,61.80229608257
65.6538215458601,48.3078850103426,52.1667467854385,80.1674851443898,50.0751072756333,81.0943825748556,70.2769600220027,60.5836701782761
64.0735467969747,47.9471768956729,51.4144176947395,79.2297597425888,49.4912547922272,79.5471392311155,70.8630971687038,58.7615128013462
66.9446496905448,46.8467092659537,51.4516939877439,77.1055232603824,48.7995243295607,82.5342735684617,67.0554934154466,59.8939754297167
71.7763515355568,49.4519345796791,57.2223490021223,78.1756708761204,50.5812109990569,86.7897730007262,70.0897289567904,67.5888671769154
68.2205199857285,49.5097080407653,54.2365256175239,76.8188083958116,46.6418067252366,83.456272854031,70.0618220227939,62.8906219823843
63.0295995537348,46.1987508936923,52.6505707182164,82.7526549113396,48.539773279958,79.2397453517662,75.6934302551773,57.3613067802325
65.7769391174175,46.0793317411751,55.5201548594508,79.7297569095653,47.8751042274894,80.3853126193251,70.1978352936117,62.9619292081663
69.0860953074782,49.4267972767846,53.4359182622873,79.6157163278798,47.9698057604957,84.5135637956405,71.5164218297037,64.3507328721454
67.8718767912517,48.0061128199576,53.0203938545434,87.6311815394522,51.9770628592644,85.5948035215286,76.9419766421267,61.1140143896153
71.0214227579602,49.6197237550382,54.3435549354635,85.7217441877865,53.1216393598775,88.2454611805049,76.3305689543188,65.1554720422647
66.0560988387965,46.3870641715777,51.1876377217593,78.9816153369921,48.670600173565,81.7213364011277,69.0611466157685,59.5272100601772
70.3038480779869,47.4523125126669,51.7348378669908,81.5117460058092,50.3992525506142,87.2150007425756,72.9365457918522,62.4754759729834
72.9132389754629,51.1204791884364,56.1970707286158,77.2741818376142,51.5338789541334,88.0319899947267,69.6532575699545,67.9861941887893
67.3849374846837,47.2000664024785,52.1396145031797,85.433743498055,51.2503191295563,84.1772919954178,74.3189919110121,61.3198297090482
67.9702340944264,49.7853772267809,56.8822157989564,78.4203893438875,47.2792563467491,82.2023832884506,69.6936333275077,65.192994825173
68.2743977576573,49.3613190817799,59.2320108461813,78.3828720520427,48.532782460915,81.8537008526202,70.6943849087953,67.5218337916976
71.9888844208591,48.6439300053159,57.287912996267,81.7921488837482,49.733066997776,87.3088869918099,72.1891348927811,68.5367083228578
65.9156045574015,45.9165195592756,51.7365243281535,81.5827049359306,47.9151526828509,81.9243686231204,71.9233184577741,59.6245089374308
66.6224991503591,47.3528492591663,51.4417171464372,77.0323424985714,47.6239608957323,81.6953601598572,69.0687811300665,61.2869879309189
71.7317985331509,49.9923043701554,51.2014113474857,75.0605888227046,51.8339509854543,88.0643241981218,65.5279526894039,63.120385603509
66.6957258641806,47.9900963280691,55.0773161824634,83.4236602952221,51.0151300250457,82.2905878612,72.9125926167924,62.6275624462998
69.4570903696641,48.6186709681304,57.2614666464449,75.6209994059462,45.9068556667987,82.7135943640736,64.5855012276078,67.7518337121678
65.9394915406624,45.031011339482,54.7305235557895,77.7445845356413,47.9703262853975,81.2674633689459,68.8301709980898,60.3414203648922
69.1003861446111,50.6700672204638,56.3705354421049,84.3843467894467,50.8536627640319,83.9563929953539,72.9189066993023,66.8361771231283
66.5585165605244,45.5134792572858,53.6825241631841,82.3623800923241,51.5863435852387,82.8087862802243,73.3987398559986,60.9259966280794
71.6648952157427,49.1238807476886,53.8487856580439,78.5069401449027,50.9351082501159,87.8898627644657,70.2633246866647,64.8500495759604
67.4701561939554,48.5754540097886,53.1807617568059,74.3681561706941,48.5691329065941,82.7613041481177,67.3400704473449,61.1878530427111
65.1186328081822,46.7907821926244,53.7573567187811,87.3830772509723,51.2546718268891,81.0453295813047,77.3608875958606,61.6746380980159
65.8911340590145,49.5402579871535,56.710379817899,73.8943728432484,46.7730928809682,79.4715020796091,67.4890117557618,63.8741386180318
69.5790207487055,49.7720373220996,55.7931836189946,81.5389343606865,51.8784823388467,85.5444508808644,73.0321796872207,64.7775552414845
67.892342118699,51.93295522879,54.3951471037607,86.5570332933957,51.7175409697589,83.9686783722061,78.4037329841702,64.7671002858507
66.8428483091601,47.2883889116828,52.153742777658,79.4905606732736,50.1771722239489,82.0490323763509,70.158616278457,62.6653579850811
70.4460708236489,48.052125326701,51.2538323592268,74.0185567060793,49.0268307113628,86.6338868042492,65.5683124735008,61.3647966431692
69.0489667144863,46.5683823718963,56.4851948208265,78.3133910837954,48.4955194262864,83.706413620582,68.1824412105208,65.2720052600842
65.8489349228816,48.6972217127223,53.782745433719,82.4351812384393,49.5539032990986,80.8953739478725,72.7052438672113,62.4435590669085
69.8998083321842,48.7028484114194,55.3999161917625,74.9554559871458,48.9069083804425,85.1008438521142,66.022572072392,64.0741931554703
67.8178762447297,46.861714453838,49.046094410281,82.7034724120525,52.2004112104478,85.828769364495,72.6521690649817,57.2767487070249
68.7003959513764,47.9609539294329,55.7159979253559,77.8720207961024,49.3284024703076,83.9948118321041,67.4319499263754,63.4523516554133
67.5860040338554,47.4385059195013,49.257622591576,73.5165337573588,44.7401424064084,83.2522428439388,62.9732225172849,59.3918337715212
66.7569468971565,49.1763196387138,57.8427306263406,83.3508355064729,49.3631328543868,81.1654487586446,73.3735072787548,65.8375410445577
70.0574872830039,47.8125145271333,52.4552877445253,83.0675000599937,51.789247758341,88.2192110638342,73.3168695548423,60.3644679555026
65.7439125754769,46.4973724051306,51.9809837185414,83.9365959139574,49.2697944777433,82.2944610538114,75.314858800257,59.9715015864066
67.1688260566007,46.4454771953889,49.7366684585994,80.6935307349067,50.6298284322165,84.2659242998597,68.7749208299039,58.4935993905645
70.104267064452,50.1343284452991,51.464880864418,83.6163159605152,50.9111311536245,87.0549512002913,70.8168118516093,62.3809789103784
71.1122613067743,50.9003074946143,54.9300366602576,77.8485069949153,49.9795242150563,86.7397203463181,69.1864989359432,65.7927137742902
65.9692279253586,46.3313375154487,50.2465961176495,75.5000954155775,48.3992730926991,81.4801592921407,67.6166173410837,59.1451662566018
68.5607274161928,49.8003849206627,56.5523141569661,88.4835471786418,52.0816234853906,84.9535905809714,79.527734682602,65.0935229987362
68.4441367364612,49.6134652248039,54.0592976315678,85.5313363904227,51.7474142456214,85.3298461095081,76.70875944893,62.8193635047545
68.6517050927186,49.5709131147405,52.6188349892569,77.6349520017881,49.8571364244934,84.081279477285,68.5743165553524,62.7985887248093
71.0570878152418,49.5851394568518,52.7238895491437,79.8405182450737,48.5340521324539,87.101394511693,68.9112720845235,64.4129473028007
66.0763704792912,48.5435292711152,51.6903043258617,79.4440175829998,49.8421524967925,82.4344899250372,72.6077955927655,59.4293934907006
73.4952377234925,51.6514755923069,55.212371472769,91.4634053322767,55.7046902770687,91.4098414085001,81.3034752956341,67.5001477572991
68.5165755001207,50.0921107169748,57.7034554302963,76.3153947519216,48.9191368075413,82.0798966329643,65.3113833253306,66.2337436621151
67.5664711875939,47.5313573894463,54.9468531480425,77.3265661602441,49.908198321327,83.1242689241249,66.4216536938338,61.1899866036311
68.8597264332144,48.471255014219,57.4624460725317,87.2226903140754,50.5314190186365,84.4551617080774,77.2812458611569,66.5641637643167
66.1260245770996,47.394847078426,49.8737620135421,78.9864786703554,48.0852991359918,82.236485843256,71.2934674555731,59.6106760655161
66.0359427093596,47.0622279466872,52.1008996315529,85.3104926876399,49.4289890339925,82.1870073727005,75.8683614163301,61.6316420159176
65.5447363535852,44.8565651525696,49.7806272188957,80.8488279842335,48.4309122182042,82.424894203605,71.2500915727223,57.4644735128697
64.8673082992588,46.6072905745345,54.8947069141101,73.8582734881638,48.2976706890029,78.4829694214554,65.6039938376924,62.0643450747436
68.970906133498,46.4651225765709,55.6240154382648,74.2923338664353,47.8541588620535,83.7434745255083,67.6118360309454,63.7530643498827
70.5240384504118,48.6272833222775,51.4510691922324,81.0128997269802,50.3213961066482,86.9401181420347,68.7084284699202,63.0062189082435
69.7679392298399,51.4192617283431,58.4159569180629,90.1789596789421,52.0349741918819,85.3447821606276,79.0369459305643,68.7485420539624
69.6429624538574,48.0613485041769,55.2601668408674,89.8376214885955,51.2668240672557,87.1560139170062,79.8598301629607,64.5173690506559
73.4959016167763,50.6222252374375,55.4071243714046,94.3549666357251,54.0639171255755,91.6632258762472,83.7911063529173,69.0253341791497
67.5877723124193,46.334886515272,52.0638195290609,91.2666640405978,53.3771102082789,85.5655720612426,81.3227839545467,60.9067098877342
65.8035170700941,48.3848486282676,55.3383574956645,78.8471875093329,47.6041182974492,79.3724289323542,70.9264119125572,65.0681907979383
69.2005851652313,51.0966708377462,59.282989871535,90.5270102423503,52.3334972798774,84.9274016098542,78.6271298506122,67.4211930600854
67.3653958358154,46.3226662444389,52.7485812377932,85.598169290667,51.0246129138454,83.8122966719851,73.6871672167863,62.1981283502694
71.0042597524621,48.7732838926206,55.9754572460772,82.9520427846721,51.9014902844831,87.2136882785672,74.2734990734407,65.935626285143
65.6659712557298,46.2100342136699,53.7446941796089,78.2376378968181,48.8155620356271,81.2960485189412,69.375540685189,59.62960211565
68.4352766564661,47.7903668102262,56.5394348769595,76.9542785847697,49.3123359706862,83.321467381924,69.888998252305,63.7768621690311
67.0996354952482,47.6184403401218,52.3562210992772,77.9783963627628,49.2670701557766,83.3862664268648,72.8508148808241,60.3096800007728
68.2339647544799,49.0012758946864,51.9985235964489,74.3329718912523,47.6322464010627,83.6870064822418,64.4652323752717,61.1431399957269
66.4060182302812,46.7988560826133,49.4296218467434,70.9608799907501,46.5668146345873,82.2844712902689,63.3064735371681,57.1549773849887
67.0564318526978,48.8917394347168,52.9809744358734,73.8870315416237,48.0946859759864,81.8005320021736,63.8119926605699,61.5073398058198
69.0926122627037,50.0119671842755,56.3402892075928,79.1752226087963,50.299005095124,84.401752526991,70.9717110695679,64.4006800001783
71.1607607696378,51.4754249175101,58.2765402187264,89.8320874209434,53.1249424991899,87.5841588543247,79.7381326060635,68.0990994671606
66.9808845071526,49.0872784551815,51.7238568306256,81.9386349085247,52.4477169658884,83.2711975480609,72.3027808795675,60.7456754187461
68.2650672662082,45.5737065585312,49.2395061524688,70.9985191643693,46.863868954958,84.052845087619,62.50689198737,59.406810623734
69.1225993322145,52.6447974439599,61.4447799590058,77.1539114474977,47.7790261003315,81.1299575853695,68.1514975688321,71.7526893142928
66.1653283828,46.9439001048703,55.4342481209792,79.7120389784122,49.5102711336636,80.5399042503754,69.0484706738651,62.9493649937806
68.582263955752,50.8582782865533,56.2944029618537,72.2020241932405,48.6617245340545,81.8713246064701,65.4573251856216,65.4625080138346
67.3149334467129,47.2465028182174,53.2729798022513,82.496182077058,50.2353075308195,83.2643489058169,73.0242889772173,62.2934169357821
69.0651231115323,51.1514418243209,57.5085407942632,94.6581217696102,53.7995913668777,85.8410774988389,81.7524229683994,66.7596977941649
67.756794335697,47.5895628194508,55.9377018639661,83.3532830808502,48.817251567987,82.2469271524676,71.7634125419044,65.9532256924312
68.4118295340373,49.0110601450995,52.4753579136944,85.8547008668166,52.4493748161075,85.7700496316335,73.930840495413,60.8219333740222
66.1447528971047,48.0577429382201,58.0302101251716,76.2624671749603,47.5201847202021,78.9033431105986,67.8648271726042,66.3384607307207
66.8335058475642,45.5454788487783,49.5690845991126,78.2047202166744,49.9184388455397,83.9099366603903,70.4632482897061,57.884269396094
74.032012245187,52.6914579002854,54.2247717167943,84.7708755727948,53.6942677291978,91.3994192575162,71.7291915920215,66.8328568945928
69.4592389734791,49.6130009317829,58.0681775235389,80.6854837508208,48.2588845052298,84.106435305652,71.8486019749533,66.7991559390865
68.1629266952359,46.6583976673128,52.7218356306046,69.4610148771304,47.2081907341018,83.2083551012581,61.5611904779477,60.132829927074
71.4996183299646,49.4436888049462,53.9513847208011,92.1349766269144,54.2650609556938,89.9352914648331,80.3860350491219,64.0376786554455
69.1261838772671,47.6275412321903,52.8960974567234,85.0792685110753,51.7882878497382,86.9475565910118,72.4560996706698,60.3993046063552
67.3849882519757,49.2190923339078,53.6817576074004,75.9496111069059,46.4740511465709,82.604877375878,66.8054172524324,61.5725921433278
66.63908794357,46.7982821278985,54.7448327798493,70.1735994327748,44.5263403915668,80.4102745032018,62.9482199796183,62.0558560421424
72.4671608562385,48.6176245785493,57.2227300758143,81.2207349461682,50.6023524400608,88.1727139988519,72.939496341605,68.1222477429912
70.2867986796914,49.301916784453,53.7508733807201,81.7500722646196,50.0390448759045,86.3892641978231,71.7276176919724,64.428909484285
64.8580947802122,45.7588571224479,50.8275594565702,79.9876709471462,48.1414474625028,81.429695224525,73.0939930642034,57.75040256771
69.721082201917,49.0543825232051,52.8332275262674,80.3633169094099,51.990666410805,86.2741533524753,71.5855690350483,62.6845152831868
67.6440275059887,49.3191737534027,57.2319035417083,83.2896713299892,50.5514167738725,82.2108313455397,72.4904397818321,65.595853977518
66.865453925871,48.6568016831942,55.6319249299426,88.0227269483467,48.5475824073905,83.1242940097526,77.5573291221818,62.8817006361944
65.6118097903941,45.9818125211957,46.9608033137468,86.769130719323,51.045769938842,84.4929761888064,79.691965817087,55.7033414541456
69.5314667467474,50.7144348930137,59.212711385142,81.3111739982922,49.7203999665998,83.5250566633413,71.8128806173241,68.6649497957124
66.3843338898929,46.3137543310895,51.2408997856565,84.5184865505978,50.93241928358,83.3156846136888,73.5020003300533,59.555083398197
67.0426493621116,49.7319990541811,59.0691029970027,76.4936090899453,47.3541251176296,80.0955928874926,67.9052659467682,66.2124379374218
70.8484616070839,50.2888052327269,57.3223884878374,80.7636856145729,49.6323736625894,86.0086128312426,71.9967182905797,67.0755161454171
66.0096438848404,49.117319199935,55.176810477264,85.1481359162623,51.2677566137577,81.0044044566456,73.8228638404439,63.9520433194739
69.2403860991759,48.5663186974438,52.7291491128191,85.5699897573856,52.5287190008944,86.9088233488372,75.2712978410682,61.0169031075496
69.4738902076993,45.6951429812532,55.3744644100983,87.0389470581564,51.8700847935318,85.7326865512772,76.469228587415,65.658028636333
63.3813222594181,44.3421293355759,50.5877309418831,76.3549923973766,47.971579317165,78.4634722915423,64.2296191852685,57.0261175371761
63.1445135569252,46.7480036227425,49.8069792427189,79.3681384536972,48.0283769554538,79.0456351764887,67.6697295555856,56.5836334383372
69.6842233826464,49.3063015031348,53.237300325554,78.3286214074854,50.8080348899366,85.7768166786056,69.6886270342895,62.9339083719224
68.9628408489634,48.939972973325,52.7943608185742,76.2336368223919,48.7314081259129,84.0341672699002,68.3855465429646,63.9101629301712
69.02383794288,49.297986898917,54.8048701319654,79.3678352547971,49.3543243521398,84.6533479054095,70.3918324365485,63.6906156649824
66.0905763419789,47.7280797264781,56.2056309180805,77.9555476268264,48.0132307860124,80.4203485404912,67.2830952035748,62.710599689579
71.5664014208999,50.0817765975394,59.9899917167031,85.8690992568058,51.8200069674968,87.2567830855689,75.971762480252,68.395520114556
66.582768794095,48.5045355967092,54.5055801066439,78.115944248946,48.9415267457025,81.428283340895,69.9603043218669,62.2395560659205
65.3278614841682,43.1082220885446,49.653654042074,85.4956892384084,51.2586573763388,82.5857267378901,73.6507285329837,57.7246096121563
68.1913466205196,48.1183508553821,53.8808431238103,88.4181553931885,51.5959459325101,85.6935261392016,77.9467688034607,61.6430108634496
66.3905675823937,44.75897714053,51.5014947083269,87.5020717912541,52.2492139299791,84.4990743213194,77.0284204262485,57.9730659116111
70.9702199709354,49.6464174853236,51.2695215831005,75.3232944150232,47.7882063590956,87.4871159708272,68.7484867619287,62.0879536491332
68.5728678593108,48.4031067878703,58.1258609608263,84.974495462283,49.7661192640446,83.2280838122565,73.3857751972569,67.4130144155081
66.9651032175574,45.8167948840233,48.3341226242333,83.6730246709067,48.3904500063152,84.745784847685,70.5787135439938,57.1014889890536
67.397466862654,47.7811347040588,57.0727828696741,95.0694039426448,51.9399504105954,84.3110668608534,82.8135012089283,64.6418018842582
67.426411205552,47.9518489636568,54.4164522615662,72.2146883632902,44.2604954477902,81.5073122061439,61.8441026572345,62.3539971438654
69.4445554879745,49.3723181959212,55.688434875878,85.0482035241567,50.2077286442615,86.0432412801398,76.7638425916815,64.0330094190746
68.3759746251591,49.4028061742676,53.0259365220538,75.6420888333343,48.9675492097347,83.4175438926667,64.4871747929175,62.7939924003898
67.619473523368,47.8712887891621,55.2460348199127,75.6362872817375,47.1307508144528,82.9182419335822,66.5018418184657,61.3340613820579
69.9259105977188,49.590186252332,52.5973905764054,70.5349000586558,46.2847769933888,84.2192357454228,61.0998059635288,63.8659538706208
69.2757436282624,47.9465725931724,53.5331647246591,85.8146503656994,51.1843647223009,86.306876540779,75.0910354559085,63.0754945267537
64.7018261936741,45.1572055727388,50.5010021546941,82.8985852826931,49.2610835044113,81.197618228427,74.5645330421263,58.6578541736706
64.7677586055612,47.4170180948959,49.1539045203293,82.4216936168421,48.5791862516387,82.0448292636605,71.9997077768494,56.2502995189512
64.2973023848274,44.966550340176,50.4099139272968,68.7796224808454,44.9723324585992,78.4441237167582,59.6795790018961,57.2573974005182
71.394959270822,49.4376408539544,59.4747073398003,72.603385562839,47.8087460129092,84.3484047620697,64.2018434085097,70.1123984226899
67.73073903629,48.7234659367614,51.6194934137113,74.8950298579511,50.112247340479,83.3001903362498,68.4018123023201,61.4304094731863
68.5046482595996,46.4631670480508,51.4299675777452,92.4104404267318,54.647187870487,87.10038656409,79.5566610878848,60.7838808976902
69.5823773829711,48.1117316509166,53.1631951666106,71.4500213445904,49.5929145493202,83.4431224052072,64.1137287256411,65.5510580701717
70.9739069897231,51.2393024568448,55.5838281821689,88.4770038995549,50.3330230720601,87.2965345047506,78.1813067624959,66.9757818797311
68.7134034909148,48.1293825222582,54.118259344704,82.6927049301663,49.9479877277565,84.7111853517369,73.8180996340993,63.5986025432683
71.6261480675792,51.5045059438981,56.1453878073393,83.7983693063039,53.5393133316315,87.6723411549569,75.3373371664489,67.2575454286965
67.0438120459603,46.6032989940635,51.0014517341186,84.9850578470061,51.5780540859242,83.7757460342958,72.9068148799055,60.9306946525441
63.2144909717794,47.7904241163349,55.3845229813794,83.6357675981791,50.9641965614324,78.074629100047,73.8328989945391,60.8510535737646
67.270095433957,48.9660850524472,52.4329210476801,78.7509781373628,49.5283515891907,82.4833030749506,70.1702485049178,62.3147869974956
67.2879098405349,47.7663553144919,49.9332459130611,80.8192539503634,51.0459571707471,84.4978640958613,71.8559133150445,58.9235389813194
69.3285942064543,48.5796575895834,53.0107333418909,74.3876518191506,47.7538790000782,83.9362290201453,64.9738247091803,63.4690604202983
64.876390359389,46.0551062606404,49.4483087627004,92.7087186255922,53.7006329077966,83.6969146457089,80.5734728332778,56.1917537245254
70.0066212865246,46.6976772422566,47.1806201154031,86.6636568697583,52.2419667798017,89.1916545913428,78.76672809609,59.4366307022876
64.6600088581257,46.1413986825518,52.7192849459579,86.0408547495332,50.6050740468477,81.037993996114,72.5516811906441,59.3378147647906
65.7322768053362,44.1565605739521,48.8160193937697,78.6193792192311,45.6601989266698,83.4528393939213,70.6122633278459,55.1499395330357
72.9647715434457,49.0157305007553,55.0162629014192,78.5460463335084,50.8871381502961,89.6829427748695,69.8996674763093,65.8713334001768
64.9295466723322,48.5899436428359,55.0663558522597,83.3138924502803,49.0442326980476,79.614799117553,75.3545285999326,63.205819391222
67.0708193204483,49.9169794042419,54.1358431967862,78.0746192694689,51.4876668830311,81.9597721522946,68.5555742135651,62.8748594005618
72.4915925235047,50.4169810710603,53.2492037758843,96.1108122275124,56.415418844759,91.9380494461312,82.5913183013603,64.8904198676427
69.5253849087412,46.9316354718938,54.4830728127481,82.8342538012572,50.4134000507593,85.7994180620918,71.2681394640289,63.7351094314482
70.6788087112891,48.2339065360024,51.9193601712566,85.2878633575251,51.4105214189812,88.5326168585277,74.6377561770912,62.1989802206536
65.2479158217591,46.5620533848063,48.3299790033365,65.5350405631168,45.1391587967472,79.6823054729282,55.5657491657653,56.5439283766526
71.0326472508746,49.1727343012277,58.5836314220474,77.2648622251532,48.0772095012003,85.3535108339205,68.4514292374881,67.9481920352708
68.167446113215,48.9373921136441,54.1042623389531,73.7676315605862,45.8193002535397,82.3612763551761,67.2653681799718,64.1023827916998
69.3697431247684,50.8144325533446,55.5097055725111,74.3464998132135,45.9949525056732,83.3028563242053,61.2023827881788,64.785302026673
70.8303595346398,50.4524798014148,58.0348986263045,76.7651996568385,47.7682574738645,84.4870978137265,65.8737811104953,69.4354750158733
65.175478665902,47.5932565524541,51.9993148966888,74.5339105205053,45.5874341989991,79.5782953312154,64.8272892458944,60.1806270346291
66.4033684216974,47.0823573657575,53.9255111369606,78.458834343627,48.4857474497397,81.5312223587466,68.9176858975928,61.9729517519155
70.2909467360906,51.8374866055988,59.6740715010529,83.6680784003078,50.953331784467,85.5731965987552,77.4469485512275,68.2731779653132
62.6605992568714,47.7434512917995,53.5861009890746,80.6508553619766,46.8726849705055,77.0004429940673,68.2385859800711,59.8119469507169
71.7576584061664,50.9608080034266,60.8281017910168,81.5969251627829,51.4145271375793,85.6584720713102,73.4811894850204,71.730378298071
65.8421535178898,47.0562988863859,52.6603935879185,82.2938931054669,49.2436997400243,81.9362936025154,70.9919521397408,59.583358637057
67.5447492382445,48.4400105781501,56.4036827581437,79.475907427742,46.966938343593,82.1972640712289,70.0299811548863,63.9649295328492
72.7720871424675,54.3158029994803,64.6071059298305,85.0869067883714,53.1791404056471,86.6469073963575,74.187506693452,74.1192846808426
67.5125837449986,47.3064975411496,48.0921218255906,85.6408607997722,52.3473268488364,85.1165368266137,75.6909913190946,58.8919630720294
66.2463595440825,45.1955736508282,49.7901411913403,85.0373795438678,50.2450689155223,83.1290795311943,73.910045935314,59.199829339026
65.5672613225852,46.6302217859711,51.1721501131298,83.8460947936921,48.7030511003763,81.9596147351218,73.3899443777055,59.2096146430478
66.0190414988112,49.535181438498,54.7433921049132,73.0222969586173,47.07980603566,79.0828028857429,62.4968725151146,63.316125370556
65.4460330414303,45.6471018763441,48.432029851143,82.4179661797989,50.8471850678786,82.653079114917,71.9876808474332,56.8678183486447
69.4737194803382,49.2246611307952,55.2727758159254,72.0350372962596,49.0945261556814,83.8840734348942,64.7955496113111,64.0670787511972
68.9816266777119,49.1648707842214,59.4024046017722,83.4668609759038,49.4727708388484,83.9435984859136,72.5799708061999,67.0017571742977
70.2678133958345,52.1803068690572,58.3771947605265,78.7914098918991,49.492910258999,84.8531507505165,70.7523192244946,67.6677435629111
64.6113289294836,45.3530346021036,52.1320045545954,83.4820205947591,48.1650347282484,81.1153747484346,74.0428707920204,58.2421383289077
69.0506588261145,50.3722313227604,53.4028296220181,75.7096814418639,49.2901648976253,84.2328798474072,66.3325487226934,63.3748806342613
68.6058469443599,48.3937687717255,54.3477715129359,78.2783059754134,47.4810896605751,83.7564606799618,69.3260748260566,63.511479911357
70.6721296198025,49.0217166377675,53.3861037459596,74.60004114416,48.7376457530898,86.4488699875026,65.084320548859,63.4533043635827
72.7493785047779,51.5179197872809,55.2861950613662,81.3344705049035,52.5407262858219,89.4067244532332,72.9257097270299,66.1838510745244
62.3979411598066,44.3565814505547,47.630186652467,72.1626587938375,47.3690605134871,78.2687092898068,64.6623719245507,53.4028447757893
70.3749530722959,50.358477209497,57.4424473206656,76.6132269852429,50.3615765503417,83.9404368586398,66.3819585450575,68.6059507943203
66.9326417559211,47.1217460375767,51.7143348767586,96.6950170955332,54.5200565597695,85.7736548559757,86.081645599658,60.8870389586856
66.1394540800316,46.1973413512141,51.1442074054333,81.5807551610626,49.6247352297114,82.5756964365424,72.535789775608,59.3788551011581
69.6342907703049,48.0579774721877,54.8008421836272,78.5604066279005,49.8734724249676,85.5029825218721,72.7998502760357,63.9340788268892
68.2135176909981,49.6470233867097,54.2539283772515,82.5494718916382,49.7633789041173,84.2912320222963,71.6677486524041,62.2000061589166
63.9880164295444,43.9852496110994,50.372659988681,82.4301718659494,49.2479811075864,79.789555358634,73.754015551334,58.995451461834
68.6611272679113,49.2383823559376,52.4115225937716,77.3330047895907,47.0227933994467,84.317202235376,69.5948075556748,62.4578757784196
68.0198491734166,47.9389747349954,54.0334733666427,88.4669070739271,50.2155936454794,84.5947722801339,78.7177907791665,63.6411260246222
67.427889313639,45.0865180509387,52.8191521154646,87.7601664374735,51.9121264421215,84.3642181801343,76.4744729697938,61.660065239521
70.3981360538207,49.3948901303904,59.6782273141932,75.702494229835,49.0906609778464,84.0328882977709,68.179910078817,68.97661923613
67.3532516682866,47.8425024888463,54.5517304677254,96.5522575732702,54.0472669123587,85.0595234250491,83.3306898717208,62.8896835932931
61.7142067050471,44.7817588889381,47.5116993386986,85.9186239422393,50.1688671988554,79.6030709576785,78.4128543685556,53.4382774103402
69.8196885813677,52.126501089103,57.1239531955023,84.7816374190963,52.5895749015137,85.8063663149712,76.2546152742491,66.2272304494477
71.1717287968249,48.5276477998025,54.0254598395911,89.2005766549805,54.0894734874742,89.7541368404704,80.3684072332228,63.0841554080877
72.4417320723974,52.0000860902175,61.2310410730366,86.719564336219,54.2194629720658,87.751279413944,77.889259400532,70.8872640916722
69.0842406798915,47.8155744184319,49.9476001746916,75.0052144831016,48.4678107054446,85.7319322548096,66.1015773864237,59.448133051893
68.5500140203165,48.0431472745666,52.5258071113892,76.8306403908614,49.8425415794976,84.1230962574924,66.5462049447133,62.1794353749816
68.7649871669295,48.5216773087884,51.9347143122485,78.6306756906418,48.1206636241684,85.1019982404178,71.6093979838928,61.6107938695018
66.7191580546044,49.302538034426,55.1719922674221,80.3295268348468,49.0160979951526,81.3273901513058,70.3006372590515,63.338773712035
68.9824961786244,49.7128765017997,55.8255941587546,77.1291381636556,48.9171186545637,83.105983448981,66.7598903602618,66.2833334168325
69.8451144658142,48.270038997368,53.5404028495276,79.9192840552841,50.993267325993,85.7071578482334,69.0521501962365,64.0424685572133
65.4368975873641,44.9560603413805,48.477750804505,80.1918757733436,49.8893968520487,82.1890221132626,70.5504775128823,57.0726586955481
67.469085593084,51.2929288656281,58.4332589439166,81.4613990483986,48.1729363803835,80.7797375266898,72.6269683894557,68.5160816603438
72.1546759540185,50.0727318605002,54.6382885064699,87.4112325491779,54.6833775342055,89.9187148141245,75.4204129645899,64.9922651729791
66.1119815213336,48.5671356178197,53.4163557218548,86.3133526460514,50.3424782480045,81.3367273422347,73.8255801307225,63.4244144660543
68.2127777401729,48.5372600156032,57.573974228448,77.5958153782633,49.0143823009474,82.3316881154104,68.8134187835057,65.750173197767
64.5260652879846,47.3750130531292,53.1390922675228,79.3612557167988,48.8477674255863,79.6819363213388,71.7022959108614,59.9831564220234
71.0928777895845,50.0247402555254,54.0747177031771,89.0576548834885,53.277049131769,88.5067776709309,78.3148689101445,64.9245430556889
70.4031234165937,48.3908256378618,52.2223241059644,88.0389516938994,51.4409658809297,88.3027128092409,78.5043272984906,62.8359176716211
67.750310005586,47.822440382026,53.9763534781889,81.4858811773574,49.9368441517123,83.1276815462364,72.7755917262036,64.0037750175093
67.0878287409733,49.9122658179348,55.9923245716529,87.8849480700698,50.9711171892907,82.1840599732188,75.6367267562912,66.0249603792764
67.4953683738694,46.9486632282904,51.0748176110452,71.7531629289619,48.8688121965078,82.7554287229266,65.4139597459896,60.3704205775657
68.22871867499,47.3183289156893,51.0225514151135,86.0514530361232,50.6202819596836,86.1603605727639,77.1777411381582,60.2627817685229
63.2000515061554,45.3261198211086,49.6058965132249,87.9841570193157,50.1126348909835,80.1483649709509,76.5290401739397,57.3656329636352
69.4749327740247,50.3831193332933,51.3556620742396,86.1063895164421,52.2227813482577,86.0235995271717,73.5789247404861,63.9755232754483
66.8542349855348,46.0055938030079,53.3332477525236,81.506176612841,49.2859797989076,82.9832877278396,71.0319410392676,60.6670876729087
66.0151080496868,45.5407186293141,56.4452759243457,82.8408616800496,48.7977083822942,81.0458879712001,72.4885118571503,62.4662477058655
69.7371107724215,47.7654573192462,53.2518808539955,71.2022246983388,46.947931996745,84.499867482293,63.1899119674551,63.3320837950174
67.9137470803449,48.6524506223834,55.8694534114324,91.2289823883777,51.4425785966889,84.3471258018481,78.5115908907968,65.0997557283707
67.7926737941155,50.2111564137955,56.3129099932297,77.0422643207408,49.6896225135349,81.1059719962559,69.5084663017785,66.602948679825
68.0784893301547,50.1168440877251,58.062013908655,71.0271421263727,47.8090490392734,80.2719561627366,61.7462413082537,67.6656454042215
68.1345636137676,47.2321740696124,56.3123411903554,81.9004670349077,50.9615378146374,83.6224516562485,72.6996844543017,64.6650544333197
67.9133700385485,50.5037279377643,51.7065733356894,71.5052921806377,47.6421456859488,82.5659713446664,63.5257102222758,61.7071889389001
69.7582500073804,47.7245190396107,54.1850863331347,71.6954783458439,46.743587792122,84.3932366946181,66.5603490014422,64.1253895594105
70.8392421480074,50.1040324991193,55.1707996925535,75.8497507572999,48.6789558909292,86.0269126073712,64.5189191770116,64.2661727675499
68.2409921676127,48.4008241592605,50.6329801741768,70.0663996245093,46.7609094117321,82.7285483782741,60.4567230991866,61.8713953230132
70.3473215963353,48.5592451101489,56.1145849965069,78.1486711997122,47.4034412769068,84.8357649684646,69.2320829129262,66.9764269219863
64.3652462392838,47.9716732588234,52.322585167272,73.3114085990355,47.130253367656,78.7742966610597,64.4120435088864,59.7601646712991
72.3702816007665,48.7827174239802,53.9683006995471,78.0406239687572,50.0539660737088,88.676148581868,69.2212137099293,65.2610510934296
65.0767672418065,47.9075095794621,52.3662899842042,80.9809385122783,47.9707159816126,80.8631184542208,71.0629577366498,59.5829909841354
63.0262767917299,47.7905101394959,57.9030597649207,74.5957715203256,45.9639110924079,74.8190192543663,68.7079123318458,64.9427812840897
66.9128769596889,49.8912044026821,57.2488490221005,83.1048057440176,48.4793916492439,81.5091606076103,73.8537967836595,65.3011861472439
66.6010776938709,47.6504977258942,52.7956055984644,87.3153912907391,51.6803964013525,83.6367440416292,76.4546465992381,60.5609354276649
62.3709654882707,45.7585198220556,51.2353288143549,90.3705838370769,49.3982408994015,79.4207753797543,78.2011956583824,57.3429497530284
65.9202307955346,48.1348097898569,53.7956888590239,68.0315157483957,43.4515241532654,78.6485022124725,57.1767348176764,62.0063273806024
69.2690842306517,48.7596135752576,54.4761187378191,68.451087704547,46.8835508859847,83.1967645391842,60.6722374828894,63.4055089219321
63.8326794770769,47.6030299286231,55.4071968462155,84.8602303576761,49.072613339838,78.6430722329243,75.5254236754674,62.5495070896758
69.5056929196472,51.5714414939843,57.8208854301506,85.2966403473608,51.1773749672673,84.1905322717134,74.6682470319448,67.6759220141964
65.8850963797224,48.0279051010814,53.732247095557,74.784745934673,47.1067617605452,80.3104843200462,66.2338087118285,61.129794533207
67.6291192473522,47.9099593845566,53.4684305064646,79.8891583305507,50.3402557041315,83.5753037795467,70.3845300892384,61.6069924754863
65.8515376841231,45.3852663188811,53.6171327738672,80.8149127648245,49.5466284638663,82.1488422381757,71.9908824194621,59.5083961083362
68.0591448069173,46.8699444018152,53.3882544408822,83.4902702393051,50.604528515016,84.513840778621,72.4177691784597,61.5102426239443
70.2419027275707,49.0574677920447,53.5256191381228,86.2675682681014,52.2792070572801,86.9665162995253,76.8539334216854,64.6187740982753
68.7244949121764,48.1889718745721,52.3878142454335,71.1422151441787,47.7693242486121,83.4461622958538,63.216369638949,62.1264980019046
65.4453923098753,46.9959872506787,50.8269489500074,88.7283522834026,52.2074225820591,83.4058152689959,77.6172670666972,57.9375117663154
65.7379074316292,47.9236833397183,52.9286135661035,82.4181663428403,50.3106614251255,81.5695502141505,73.705331652698,61.2537255650919
68.6651608393111,48.3673878004994,53.6772300777509,85.6107046558057,50.4014967961502,86.4590403907328,75.1938772198143,60.6735424021644
66.5172261557919,47.2485000593374,48.8704117568957,77.9703911002725,48.115771639314,83.0317089028429,68.5188825051354,58.3399570469859
68.5832479561774,49.0053297583577,55.5266828844948,85.420760441315,53.0043207559015,85.51905749588,75.6036621697566,62.978981775593
69.3303435939086,48.1037746029873,54.8416609587549,84.2857892039188,52.7065830131905,84.8338274398236,73.2558774625865,66.0660270430518
66.3080412000583,47.1896408073469,52.8550862802331,90.2234374276755,51.1340025994401,83.7445973703625,79.4591853232524,60.5273169476257
68.0673646345682,46.3244453596562,53.9262386569895,82.7512539591377,50.7827660872974,84.0948986115415,73.1184207555032,63.2787622027185
65.3027739999765,46.6769966189043,53.7216943515331,68.8252826645682,44.5852276262743,78.4849749809753,60.864049542144,60.9002784089624
68.5298268375206,47.9828480342984,52.3656102989833,80.061982381213,49.292792121873,85.3206134928999,72.6125525986136,60.5916824185733
69.9131764365803,49.6985228355881,57.3824921399432,75.2968635477893,48.5134174380412,84.3352171278688,67.291162581184,66.5530185688456
65.7417729715113,48.822271865611,56.2359485550412,81.5207551042624,48.0139259631896,80.2903476256007,73.1823567335025,64.0410386929132
73.853448523224,51.4077668908918,58.8761207570578,82.9274935058121,51.2343459692656,89.0576636512785,72.000435496053,70.953754061579
68.8535189948379,48.1814032955853,53.3059640511321,76.8876582554594,48.6988334364888,84.555132241597,69.4156057071603,62.3862319838476
72.1706468745712,53.0266574192744,57.0724741925282,83.1416016148255,51.1197021956185,87.2523842065832,71.790317253021,68.974051259348
70.2273050102188,49.4505674342648,54.9232486907924,78.5598176030817,50.694405960306,86.0629661437724,68.465025931858,63.8620542688655
66.5113943940862,48.4021740439402,52.4550956660858,87.081100489013,50.1367460878427,83.935046732668,77.9070167420833,60.1058311510128
68.9470131929832,46.9023739819336,52.3095123612332,68.6414931361358,46.1167210625861,83.180421807602,60.1645931658564,62.4177841510594
69.7189844403208,49.6509757056498,58.2287142100983,73.9752130345744,47.5612398383814,83.2322051159934,63.288085049354,67.0512513290996
71.4961771565483,51.5004597488818,56.7518107063553,85.0450739753977,52.5041238760957,88.333463319476,76.2390854011904,65.3042107636378
67.0495303010911,47.6020282983131,55.4250013259933,81.0720869136303,48.9805230475947,81.6834024879377,70.0423772333207,63.9490809642421
67.9881627999358,47.6450878015966,49.9083760054134,73.3422620284458,46.7456148709947,83.4301787671705,66.5801229403507,60.707124067966
72.200158779441,52.3069929450716,57.4973902575817,79.6348094220053,49.1662235698391,87.3684382094754,72.0515014625422,68.6525810371728
67.9212115846576,47.8482190508716,49.9763529502754,69.8340774645853,46.6492136624856,82.8985122084042,61.5502173607588,60.1273725290332
66.4510892022041,47.6254743202153,58.9799013113154,76.4877334032485,46.6650134508202,79.062881481726,66.7439954899377,66.5118525220576
71.9080021840757,51.1148376002494,56.9147501382849,77.7742945096435,49.839829111591,86.7660938298065,68.1370090861577,67.7551851780828
71.6710937044303,50.0215888117228,52.4778777351026,88.7007034112484,54.2990048298986,90.0588087576272,78.0942139143547,63.5263758105491
66.2659713782928,47.1716224175953,51.3328545995468,76.8993216915656,49.1956078232851,82.5272073638382,67.098852849322,58.2809837386833
67.5013384250363,50.0577436391227,53.6318839965127,78.0224769973248,48.6728089754885,82.0493060729622,68.1272760031211,63.4935839818997
65.4288507438,45.744737557265,49.7712671105302,79.7046331887582,48.9480037478452,82.4484870801632,70.6415585505774,56.3756998324001
66.5741805665452,47.2874456722124,52.8332339510066,79.7088460129652,48.5086409669783,82.5898366770201,69.4754463851638,60.1788162646327
67.8172606379454,48.2905001092242,53.102863829312,83.1945123630568,49.2283914483966,84.3116557044634,72.0949943996724,61.4570278055612
69.1956252676194,48.9054963136699,54.7156053690148,72.0450868516327,47.7194166610634,84.323859203416,62.8363406206088,61.8742695486331
69.3566938247178,51.1226081745725,58.1852145679938,80.3065068377103,49.5888706714002,83.646705885518,71.2749485818842,67.9774188311287
69.2294179247308,45.1633005710123,50.41207354874,89.1711654443217,53.8242377619947,87.7277672723335,78.2669113510939,60.6355684493557
66.4712672873313,47.0510673445914,52.2061188683439,94.4976988591818,52.8825049196149,84.7127977899909,82.3976886383663,60.1850406727073
64.3394541800865,47.3485663730051,56.0522438787209,90.2056786439856,52.2262083232775,81.0832023555422,81.0447925173505,60.5168845486855
68.8338991788203,50.2999972120627,59.1462391715722,81.4436235182136,48.5733629071048,81.7900841703989,68.891281146675,70.339570417953
67.4980243558131,49.0231111447106,53.6510789218277,80.5086599303985,48.6254104719435,82.7689451134293,68.5787485374858,62.4611922122203
64.9359347217502,47.123211211231,49.8420064187333,84.3349162706529,50.2977053478275,81.8670851553835,74.7746046533097,58.221494336137
69.8743109702893,47.6262441901971,52.4738336866003,72.1918850715995,48.6995477417839,85.4478249530603,66.5083013057664,62.8255629243374
66.8978501594377,47.5846186275644,54.8748440285922,75.9113585309276,46.1073021200102,80.9192289020217,67.3222584768362,63.9047245690863
70.7726928550691,52.7209074388705,58.854131130977,79.3038590643798,50.8011434162762,84.8441705667332,70.9169181946781,69.1365808669073
67.6018755113217,47.5366804460121,55.7646125186683,72.504816920746,46.4494877323653,81.8276234535805,63.2343089810182,62.6328709889381
70.0707275137232,49.0677274018719,56.2754687852189,72.9642127555421,49.8479054326163,84.2059426549636,65.2001174112274,65.9021749230862
69.8625558735258,49.4328401144025,54.7664959670503,75.1329315102621,46.6714320342552,84.2056765544696,66.2062017007823,65.6561587900154
68.8043520321608,49.0149674028119,53.2347863142305,84.7616205791337,50.4516176040359,85.5626266201698,75.4093487918787,62.8517894789492
67.0106817134341,47.3713892222292,53.4150574527182,75.5811513307655,48.7575336435999,81.3033622613102,66.1067998705188,62.2610202548247
69.7424565737405,48.8771064379,50.5307312897985,69.8030980348904,48.654847744297,84.4117936559035,62.1735041690439,62.9396125717833
71.671904468507,50.4764916277726,59.3312375673087,82.1122656039433,51.0915280134242,86.4639743322184,74.3615411667904,69.5939615064365
70.1407419294494,50.0910280204904,54.1019447914699,75.4373377233343,48.0057469937537,85.5879654577922,65.7919344424469,63.4941962375439
70.4817971159877,48.0309191843686,56.8878556024053,75.9169678241814,48.6121298583174,85.0610539091384,66.3020112272921,65.8147021003411
72.4315958182267,48.3443860520318,52.5093713907216,74.2201174411024,47.8786799298783,89.2825430949726,66.3247539041408,62.3017114961262
69.7601669146127,49.3473447368083,50.8674561553967,80.6185199987946,48.7127384719042,86.7782027087304,68.5940883690442,61.0433417910192
72.2429273372136,48.9183862062026,55.7762003349363,90.0694868433107,52.6475823580931,90.212735725981,79.5882364091133,65.7855811663888
72.5720300963991,48.6082570381352,54.5889138107357,84.9795872311432,50.8395749008421,89.5132069946595,73.7262184818666,66.116118076795
71.2068485877149,48.4976269755083,58.0105140407851,88.136991919196,54.2664674538486,87.4235650647382,76.6295019640755,68.0670023702775
69.9210428728894,49.6515567793488,54.8267237536712,80.3403170860248,47.6482201113098,85.0668790126054,69.7278171530802,65.8027116609687
64.7096660608763,47.0623430125378,55.1410678904432,75.1615617062056,45.0870667986071,77.3520760635877,63.6548327530005,64.1560277859125
70.9133166707884,51.3520712571473,56.9850197507804,81.3339792514987,49.1777228677012,85.4932437091566,72.2646097526605,68.722613737413
65.2747006155667,46.4287040909605,51.6206478020814,84.8208831310403,50.9274868157373,82.4548886037313,75.5813207407363,58.7460065698633
67.9674765075648,47.2014546511732,53.1974771981189,85.881498793562,51.741421000381,85.6921541728416,75.9571586538938,60.845208670885
71.3305931033798,48.494525155975,49.2620623624847,82.195312886152,52.1541732624375,89.8453637733625,74.0855007337887,60.1376220306986
67.1178044968371,46.856686675079,55.0020774589905,78.859434499097,48.5047729989628,81.881354853238,67.4263060376626,63.2246927891553
67.3592233469443,49.483539971145,57.1820706430892,94.513855529632,53.1916978786711,84.5437574485153,83.1732695775813,64.3466466055482
71.5597549280393,47.2195672002931,52.8153299742983,75.3196101265157,51.0271951377957,87.4372558036121,64.5209694068619,63.293380579103
64.0794164524273,47.3745525667186,47.7930371835344,77.8941299209776,47.6441339038422,80.5060043509164,70.9939818837422,56.1999870315258
66.7495616264108,45.9008476963757,53.7063300151583,93.5414456972813,52.8775775622905,84.4776358968512,80.417148977687,61.0968444254754
72.3639595440371,51.7389460240544,58.2753700126724,68.226473483808,48.0854830121767,84.9446710515972,58.7912086151845,69.8608009020349
66.7567131477208,46.2039242801726,55.1074894244981,79.881699351051,49.1682892600757,82.0526919489956,72.5210258807623,62.0301499900967
72.4268412913635,51.0753968669324,51.0227353835249,81.229976848487,49.746937124312,89.9061625733619,72.1541924378721,63.5779512080094
72.1822941162029,50.4396818408288,51.7969638027832,89.0467355569308,54.6204427602328,90.8616185671938,80.3742526319627,63.8950071032254
70.1257923651181,48.0566878378457,51.1393884321269,74.5288510447553,46.6959418397789,86.1423036197201,66.6307590380578,61.8435246439258
65.5667287075244,48.8636772047075,56.3951311743836,73.0418258048854,45.8560415148914,77.8065314737202,62.5790993047527,65.3277750972826
69.9034320522264,49.1190381022603,51.0864499091099,83.3511712331627,51.5904310704517,87.2972420888467,76.2294334093882,62.241624009739
66.9456953694197,47.6613325000381,50.1870303516535,82.9934926339327,49.3463604702237,84.2838467341228,73.1118162083506,58.6525972886177
67.7666163576876,49.0745656267608,56.2500055461141,78.408434599102,49.8435907795324,82.1528732558579,71.396912223461,65.3640498781106
66.0131345736519,45.8388612147881,50.0820821867611,85.5860814053257,50.2389126790567,83.4387345816735,74.9737862790756,58.6097186068672
71.4359883346378,49.4373336287737,54.4670064797302,82.5649873036279,50.0091312004991,88.2156068106929,71.4452683199765,63.7158207095346
65.9237088119857,48.1314172818354,54.1012669685799,92.6227796091484,53.727266314844,82.6774139312435,82.0648915884306,62.9032271331123
69.6765107612176,47.5281281524843,50.5897062159596,88.4923459773591,52.5486685462937,87.8145045965168,77.0446070657374,61.7258262392643
66.8201406593083,47.6742395632526,52.9845788525972,80.0329539203891,47.3259098948631,81.5244059523026,69.755505493062,63.079666383701
71.1891798555967,48.9927273682341,55.7647542802185,84.0197903983305,51.7430720077484,87.7015732707486,74.6090738018797,65.8309430651858
67.5982199548474,46.8070327030053,52.3720010364841,88.7013978100907,51.2804501164054,85.2055814665591,76.690697210104,60.6953330453114
69.0938486383907,48.9038015536946,57.3291707335347,63.8647491824287,44.734502833524,81.68175743943,57.0276764300251,65.0493820923627
70.573204475425,49.8110441900412,57.3184671747463,84.2747047955225,51.0004965199622,85.9268031654184,74.48364527998,67.6168023883191
70.3718240834584,48.8001853718688,54.975755017025,82.3778175031292,49.4796490867223,86.4757356856409,72.5421281576356,65.0034926206928
69.2128609139334,49.305242565191,60.0284741714521,81.9356399227898,51.1324777379396,83.5096261069322,72.8834835205975,68.7383613286507
63.8599509638053,44.7399705904596,47.4605729768947,81.0003296356741,48.7255142813577,80.9704392142693,71.6202571683122,54.7678792058283
71.8364810503084,51.9385267751117,57.2600320445499,82.1585871870787,51.2569764196555,87.2486215026547,72.1683510939243,68.0940823030355
68.5382111512896,49.1154209009734,53.1142808192122,85.3023892109195,50.962060397807,85.1662044763388,76.0228875530754,62.3672464481239
68.1789123234423,49.1140697595687,54.1547368503608,89.2845756801023,53.241386094215,85.353888432068,77.2467420698119,62.3901625872868
69.1543203583507,49.0824431978085,56.1270987792468,80.7974051025754,49.4991684289069,84.336923314362,70.042357046793,65.0726259496441
70.5703236582718,48.550650129178,49.7892889156783,90.9203584190178,54.8518218226513,89.7565443148244,81.1728145149433,61.3576633181411
66.6348219731628,47.5940977046211,53.2438347632957,81.4172602587408,51.2807047160849,82.7488750264941,73.4325798135984,61.3297974891956
66.3366923763822,49.1992986336667,54.9062366646906,81.5372337494583,48.5866815104155,80.8674652993435,71.5427817265784,64.2186261988943
68.6397171121701,47.65489944482,51.4822857521402,78.2700187107532,50.7152756272822,84.6916612162289,69.4341911195075,61.8491092015095
69.1862869388045,48.2899861217304,52.5689250049666,86.6859885160073,51.9230382373224,86.4905393809832,77.6735731481903,62.8248992543011
67.5472928159944,45.0551658482432,54.115446199263,80.3920701545446,49.2326168961852,82.7322099456335,70.9333653663471,62.956976158783
68.5231630430933,48.3756190629863,52.1993772687034,74.0808263140343,47.3091311857159,84.152705831305,63.8008397776504,60.4121728363245
72.5407583077482,50.5104069192753,57.4154953772424,93.7345896858427,54.9820775916073,89.8005049048976,82.6083651022741,68.3681695229246
69.7275860482552,47.9020670653747,54.6746590473221,79.8270873774432,49.5127804859157,85.2225695619264,71.8331542762987,65.1428607090744
65.1573921606371,48.5233585730319,56.4185542972156,73.8800834424641,45.4058862830678,78.9766155312166,66.5307651173843,62.2486896380185
63.9806674546736,41.9471192696674,44.5240354324905,85.6873966390477,51.2204307520993,83.1525235713463,75.4928931786204,52.0055335211497
70.8518422939036,48.8438212839612,53.7395944750714,74.1251192311897,48.9657113637139,85.7638907022009,64.8727747591788,64.3409531555301
66.1667405736048,47.7304275460251,53.9584655960701,88.3985450947064,51.8543981052089,82.7564824464607,76.6642586272416,61.7863315982221
72.9102100251213,52.0272189873635,57.3079527510952,84.9774365680002,52.0219431164158,88.4797423020255,76.1483380055174,69.8559730806002
67.7939991322475,46.8350318358402,51.0102932548518,84.3879598311065,51.3480942224669,85.5870205385513,77.3147412431148,59.8294649097714
68.5430332868345,49.4812161837768,55.9338538297854,84.7956747597982,53.2315420971214,84.3703951792738,77.1212812389507,65.3475470799684
66.4403891470441,48.0165472678948,56.8325884550248,72.3012388823395,45.6198046940329,79.2938496385469,63.6064395956544,64.8886286617531
68.3632034788889,48.6401900223746,55.6188461794477,86.2945240154637,51.8005748791137,84.9034532006136,75.8071174636401,63.5270063891858
69.8679252987747,46.58125417676,55.286805887509,84.0109425283469,51.1241209935467,85.3368525475422,72.3532214761396,66.1610174808247
68.6904350130207,47.5721985479765,52.9758042801652,85.144403003022,51.7224478050406,85.2945283035647,76.1086797332075,63.537504842696
71.685628537407,48.9392049289125,52.7276138135262,71.5214138746801,46.2003251375605,86.9215738368889,62.6959673626627,64.5155563236221
67.4103121453277,47.0849316124235,47.7715061314125,79.5500169860765,48.1519731738933,84.647833947273,68.5229555358325,56.9784454916567
63.3095196782258,44.0289019714585,49.5178266107761,82.1765228531754,49.4553132142093,80.7431551101634,75.4247924078925,54.8690786311466
69.5073616189881,49.2215721770697,55.0211002064615,81.2939258235236,51.4256942565497,85.0002444908191,74.5305101091718,65.7631611847676
69.3293572575807,49.8889172484123,54.1609946976521,77.7096711404526,51.2855676008681,85.4035817716568,69.540093004333,62.3685027209838
67.8490069801241,46.8700834910891,53.7517291134006,64.7540684206789,45.9765422580822,81.1115936192097,58.580568329334,62.6433717840779
71.8663190131969,52.3913989696636,58.3031085830782,86.5301660213856,51.1103335463462,87.636354219175,76.1270738073522,68.9353441039184
71.0187686254768,51.5797545029174,56.5155042940745,83.4046996322332,51.0987950933536,86.2753598747024,75.1917332432986,69.0277051510703
65.3712883764511,45.4960814620992,52.5987297089496,83.6468841493015,50.5289971063261,81.6559887477342,74.3647323107075,59.2830606562516
68.2601076202087,48.8202057299691,54.1760984999722,72.8906365941805,47.0997425480319,82.2580474895535,62.823851063784,63.2255282186402
67.0491978506651,45.906746415085,50.9334889999631,76.6940190091746,49.2228446281229,83.1162504128616,66.5585967414912,59.4192298443499
66.6360656298776,47.801150453312,51.1977816362287,85.4959962381547,50.8722268351956,83.7997704793804,74.1993995644578,59.4232485535936
71.988321727765,52.6622714567896,60.1406479111007,90.8468508449064,53.8686915299824,87.7170374466103,77.1672323827749,70.7785091897147
65.4100105383868,45.5472582113919,52.5627477627441,77.16616252134,48.068038054514,80.5864555861681,71.4469770934508,60.0340786179596
67.2637871024635,48.1481148231524,52.0301960288068,82.2634661203133,49.4209624017239,84.2315979432418,72.3846735610842,60.0148025020783
74.5292697555687,51.8879266382238,57.762367108797,68.7504266489071,47.5061108913005,88.0475959283099,60.8589708952388,70.5692609262275
73.6701161968346,51.7569161040124,59.4428600468515,79.2805785596317,50.6014047133661,87.9360701682692,69.8064410559164,72.19969516627
70.3865592684893,48.5024766706729,56.5444416530218,77.6229795368385,49.4053392977294,85.7169641768454,65.7516952551081,64.7032610147615
66.371120776057,45.8211684428502,52.5133695013363,85.4094838731203,50.7047625939576,83.0878850458481,73.5971270310905,60.2495725385773
65.7236420167063,48.2070585448822,54.6373778378893,82.2579834295802,48.232392465699,81.1550411831301,70.5538114745639,61.3169175908933
67.5601579127146,46.8409788023182,51.9508293930728,82.3396806464435,50.7799819532067,84.3972933878809,75.2367281932158,60.9532900623366
68.3342510419408,47.1444096510832,50.2309189141579,75.1084366203853,47.7201089707209,83.9483899620655,65.9860463285048,60.6914209801769
71.6365665443112,48.9599561287883,58.3899528879055,92.3305604341486,54.9949371308626,88.6620960281997,81.9613468621097,68.7494563834108
68.6410774738048,47.1617476296182,49.4042707074984,89.5861455995306,52.0622450244055,87.3095470070385,77.0735389823195,59.4192455534168
71.7649427708792,49.813770242827,55.125432704366,79.6152829596529,48.4491927415263,87.8764860637406,70.573818311803,65.249825961864
65.9261905193723,46.2671828976146,51.8694104868514,85.2861145609548,50.2581035117478,82.6173493842759,76.7840506430726,60.17649095108
69.514542211561,49.6357230338003,55.7527392349131,88.6615589598762,50.7578526614182,85.9345375597022,76.6722467569877,64.9474198986766
70.9197346221022,51.3217331860712,56.3171418128669,76.6556383996846,48.795616662779,86.43086334746,68.1307576725488,65.479646169635
70.0442943497842,48.5480325631796,51.5501361821344,85.9754753864545,52.6846898910903,87.8879847820318,73.0754981846877,61.6984520232234
68.9985959923168,51.3397147485322,59.2779319311686,80.7030233344923,49.2846482579311,82.7321430564473,72.1149694797462,68.4729332524465
67.1062365023294,46.229032219821,51.2761111000819,77.8307271777884,46.6955613839306,83.1792794698338,67.570785128104,59.389320575651
69.106056897318,48.3592100688169,54.7027336251339,73.574606999498,47.2474951813234,83.5172990282504,62.6365503567286,63.7300777057868
68.9645230488547,49.8362657880013,55.7431802748205,70.4773544134132,45.7999334275454,82.6692331565126,62.3475543066097,64.7725690139119
69.6084454396399,48.5880482407834,54.1820949456731,82.9327925310962,51.2020086017664,86.1247654598907,74.0054698282806,63.2506530978527
69.2520944052661,48.0707188574267,50.9021321255177,80.7508738002076,50.0106635186108,86.205782967805,70.4858873435456,61.3700937328797
66.8487900953069,46.6995812218611,47.2973322698939,74.633233162762,48.586652893371,84.1089607561513,67.8458999373892,55.7258889863498
68.5130254337528,45.1578879905665,45.1990725688335,80.9362479826289,50.5479553670801,88.2793465599735,70.556008066138,53.5167915247867
68.5519041128151,46.9057829416356,52.1298987209252,81.5360265065816,50.7352938033915,85.1491076915825,69.5575127169122,61.2044799225644
69.0518166705618,49.2853702424511,54.5792109718551,70.0970664110032,47.5006399351592,82.8402485909221,61.9037763794185,64.5278542678284
68.1776527288387,49.5876718601179,55.2562367753659,68.2445544721259,44.6216975277057,80.2564018925631,60.0997689385838,66.5680159815619
67.6503690969124,47.8448636980306,54.4529104499961,69.787172555074,44.8511495567167,81.3373343589294,63.8273371503854,63.0393663903402
69.9153665132834,49.9342787827552,52.5800015606519,68.8567845174361,47.9327803995497,84.6757169819167,63.3962674279785,62.6380536890881
69.9944145890851,50.1278284526209,55.5658407027936,87.4559546910733,52.2811001971566,86.5139729327379,76.6160985508643,65.9895308170167
68.8646268477672,48.5998296454302,53.2870273108152,88.1819309448857,53.1427427056759,86.6296681188206,79.6011561166502,61.9202665563251
69.2828659951068,47.9997990799954,53.9875589730628,85.894583225419,51.9854947764054,85.4845034007013,74.5130417358887,64.0298992867659
68.6031384675186,51.5673662197469,59.1286691426269,79.1022469004073,48.9678094120652,82.3315898641437,66.3237328895176,66.6444065845924
65.9394998646447,43.9853149367817,48.3730593679584,80.1722069328981,49.2647696828216,82.5388579279887,71.4970849695272,57.9100282659502
68.1349683777289,49.7502836889668,52.2669431214401,78.1247719753552,49.5329184446435,84.7190411942566,69.7208211481853,60.7401945826494
67.0751545386197,47.6848802399045,51.325592841446,76.0393091627543,44.6634461687548,82.2405842069524,68.2631558677995,61.2335164416809
70.1412229997582,50.1032414701617,56.9843427420642,89.8322811247769,50.6746975173618,86.3995770266305,77.3552388385941,66.9527337420938
70.2755983530301,50.0957435825182,58.9595945106615,76.3823262364506,46.5180742897567,84.2659672051578,65.9327626619647,67.9996106022041
68.866811569823,47.4336446450655,51.5882859388073,71.5748994794027,48.4204654488077,84.7529635749384,64.9218902389599,60.1152232691354
70.2282414101387,49.8985547060592,51.8524878705249,73.8912572910109,47.8669448254523,86.0895487180279,65.5908760535979,62.2975126956529
70.1489213425976,48.5382064491205,54.4750577071865,80.6420798832472,51.9658373762107,85.6716634737421,69.9625928876721,65.1651074515515
69.379439234093,46.4965184619911,49.54640272782,83.6316139266792,52.9286566534529,87.7240387373302,74.4452047095033,59.3609831060775
70.0677073742504,47.7562219220957,52.2203938532305,88.0741256356587,54.6360109688236,88.6411946980178,77.72683552471,61.340294706755
67.8937440552914,46.625707768762,54.1576022750087,79.4741898215445,48.8816988631823,83.6893394292835,70.3462329783169,61.5626517485658
67.187352142778,48.5562144235334,56.8257525518638,75.5760210356844,46.4528491286773,80.573992078027,65.4599862393421,65.2946631609368
67.3520712965281,47.4958133348297,52.2458525057185,79.5564617587599,50.0353785864681,83.0175049026716,69.7238747494811,61.639593691967
66.0084176686099,48.1179614967095,54.7141200778553,85.0571508968371,50.9781159888781,81.7510494298693,75.0645561233137,62.6450443752231
70.1788212051459,49.1277443761745,51.0934716566547,79.0934033821618,50.9134500669796,86.841894552052,68.0787266722353,62.1908364375976
64.2371960612222,41.9203735622296,43.14787787552,84.2722828528113,51.4978626219272,84.1588926349032,75.8526944589954,50.7221250619034
64.6103874720883,46.5297289778257,48.0587198762866,68.3999845952089,45.841784518,78.7819121007356,60.1894809098116,57.4715170951028
68.83785575323,49.810091744804,59.6544801411267,85.097344771834,50.4644622678845,83.8463468015059,75.0310432714394,67.4777538750003
71.6268252507531,48.9001115110009,54.9807450748722,75.9179246598368,48.3004439334599,86.7334589558159,67.3950479035527,66.1685622965276
67.2917546998208,47.2215308120759,53.6749831854764,79.2436571317966,50.7318333517883,83.2065634596241,69.6405715648487,60.6616460951807
72.1799995049668,50.0654018768391,55.0663761529396,74.5147823310805,51.58429209698,87.588331093415,66.4173403336452,65.981487162648
66.9871958353156,47.2238894116763,51.9101234559902,85.6770958049946,50.2858301050504,84.0818457737226,74.2035094418799,59.5650328786788
70.3399694344283,47.4748429203786,48.3366679015251,87.2995588565165,52.1421447089189,89.2411887792649,76.4504903729367,59.6065380257236
64.0657994066667,45.3295872625835,50.4990165690881,81.2317470768963,48.6384548675712,79.7806926433803,71.2852628793454,58.6738373916578
68.7744338213939,48.3619654800586,55.9804943047641,71.203582548215,46.9089453666043,82.3805023425954,61.4877306639953,64.6225048014187
69.8785649540903,47.12610499716,55.4835259832221,74.5061781733382,48.4732523664188,84.3432813418006,66.843564542127,65.4654167975794
63.2266330925417,46.5435570125729,52.8084442520093,81.8520094975568,49.1764284291683,77.7231954363569,70.8549175473547,60.4152007101186
66.6146078874808,46.8936988974811,52.5056417614317,76.73157244084,48.6694521429125,82.5013782734967,73.1000929584962,60.4071380097974
66.8293881358757,47.7429919014731,52.4899321744008,79.6224005628929,49.607105777157,82.8746115454031,70.2271090363484,60.7085286305003
68.961798853031,47.3968243001347,56.0702125113414,84.8112381693159,50.830317920532,85.4900786881991,75.7272154520331,64.1216968010785
65.204397210279,47.2723812958704,54.9387149444345,82.9568729823618,50.1451477839356,80.348690232444,74.6797477519989,61.9794402132433
66.8131212275694,48.2284211390354,56.4966493396348,77.6612214584387,47.1381749692586,81.1872781967276,68.0208638572706,63.8355636320635
69.9801157716172,49.628185512849,52.0490222009163,94.9783222287142,55.657399013884,88.6375205049691,83.5925362232267,63.0575661068639
70.7181807113665,49.4972523240153,55.3822634604072,80.6545659067462,48.6635348345932,85.3609978637914,70.7000637128508,67.6563083611803
70.0358051690271,49.2076408173528,54.8135110348068,88.9764431525151,50.0234169975411,87.0405848131363,78.6447521682361,64.8481884942646
67.3526304102721,48.275621125023,54.0517191648338,82.0204657398263,51.7430747617585,83.3996489163005,71.870639019555,61.947664908916
65.267531350915,48.7388232896843,60.3228160532144,79.5803144768835,47.1866928702769,78.0748713858445,71.8343088828931,66.7137224239447
66.5243414468923,46.7265032436079,48.7302761311026,83.1785348257613,50.6164870824173,83.6826070362073,72.9192108073975,58.7012985672519
68.0429384491938,48.4143633100699,54.7468836261243,90.593693027265,54.0885030119577,85.0021196562943,79.9021624232495,64.3431126001167
70.888104165023,51.690738315172,57.8094772872592,74.9876345020233,48.1585232732931,85.0046012456758,65.9069286338533,67.3640467376939
71.4957803046972,50.1953685891358,56.0339896065838,69.7474652685398,49.0547615173077,84.8411253202096,60.9753478134531,68.0492581197868
74.1166271092742,52.2393737435687,57.4018534432331,91.332524099914,55.5653013205932,90.8537615441503,81.009847317104,70.902075329007
70.6083249021542,47.6474261539377,54.6096770292058,76.707496619142,50.5711295043876,86.5190571531364,66.4053468404396,63.6968471567648
67.3777929522854,48.4911757690854,55.1780659388381,82.8525250775346,49.4909776681052,83.1774714660561,71.5745098638679,62.9160203872009
70.1456090813838,50.2420397843855,56.4150385218444,89.2728781589155,53.2864360460493,86.3985557264461,77.6702741601766,66.8357531872062
71.6790357858008,53.0203571045259,63.4648737848198,76.5674213214623,47.4003924304681,83.8405526946434,67.5312632402943,73.6174253772377
69.4974490358865,50.2402703329979,55.4203362598419,90.5550652458721,53.5192555629647,86.5312790160029,79.5752778800125,64.9705038479599
69.4584402548031,49.9404593986719,51.5361168729392,74.3423304693672,47.9124729197575,84.683768636033,65.2986712678102,63.2200596318419
68.4571137540966,48.131699886178,53.5578410198362,83.5267881846054,50.2578405612619,85.0440633641554,75.3040044403928,62.5870718895448
70.5782150506352,50.6536929170501,57.1182145880361,67.2325179823758,48.3626300923059,83.9814043247163,59.338227567768,65.9816736748221
71.6001465361188,48.886325994163,53.6491116111349,83.5381937406585,54.5595036039828,88.4663143845168,74.1327147427868,65.1038729454364
70.0432495340623,49.0502596839447,54.6618025584699,82.2046827738721,50.1530189264496,86.9133051483388,73.2394658402011,63.2672851833842
68.4226777029785,47.2704126449461,49.637437932405,90.4655054122138,54.648752370063,87.5790279843791,81.4218133741028,59.3723702374457
67.5877283035358,49.1767275421067,55.1603982765567,74.9185331240646,46.0407612475494,81.7690328301901,67.3337340630253,64.1125760282954
64.3758749930981,46.327961193246,53.6450035974391,83.9829943772434,50.432922533459,79.6171024277374,72.5342017457252,61.4270183385128
68.6843928813362,48.8766621394228,53.6319277726808,67.3654842728749,46.6387762058292,82.139566764059,61.3273366857143,63.5694936368709
66.1481584291193,46.7783181588875,51.8889477476382,68.7321492471614,46.2681756041937,80.5982867239062,61.2940433645579,59.3889886730183
69.7119133838893,50.0150200774634,54.9400514958955,78.3923931256517,49.9079042017904,85.1506196899865,70.0152858437746,64.47848151197
70.7083799035961,49.7610597060472,57.0661869136367,80.5777405084402,49.9878957170837,86.2940014883693,72.0457968710185,66.4783998911373
68.9101566921215,47.7914840443854,51.9723522574947,81.1206700039468,50.9027486835549,85.5758217126488,72.1227269471236,61.4394563818353
67.4728268531273,48.4909475838252,54.0049442187189,79.1386598354656,48.387040657721,83.1821329051443,69.5641851686498,61.5185986257285
66.8049134230245,48.6846711488191,58.5274817442274,81.0969984580991,48.7161348381888,80.7254137398869,70.0509184878503,66.0687864175065
70.4629250026323,50.8021952782271,57.5457608945292,81.8983279651159,51.6662608593935,84.8537729267314,69.5419059803114,68.7820041829476
64.5146114918327,45.8030595440721,52.4860490662768,75.2939264104641,47.787008285812,79.0069918927188,65.5286622868106,59.4794462243504
65.7567984691535,48.7220263248971,56.7890850590418,84.5575734451262,49.9775633572156,81.3986115199501,73.1488439879438,62.0829071665538
68.9134063623889,48.4586679295526,56.3350780440102,91.3172063705546,51.3748782242215,85.3797492153339,80.9870007417777,66.122007953999
66.4595805247484,49.0666801333857,53.1057987398855,75.30892016766,47.320910801492,81.0262237918912,65.830907508341,61.5347312045652
70.5615053939063,50.3226880927295,58.7511287675386,76.4636043118851,47.7086575148477,84.7556489969858,67.694514994516,67.4783392840915
68.5155598137282,49.6889063207382,53.7536050996454,92.1355793354948,53.3452302878937,85.9945147227918,80.5228184996458,63.2808395273916
65.9983208375565,47.2993337274635,50.7355420164678,74.2036865755624,47.1444073214767,80.4810440802928,64.7380092757644,61.3822850894912
68.5050893141523,47.5769159269658,51.1331397553983,87.3008832333406,52.3282801128564,86.1678072321675,78.4468067852483,61.5526309546407
67.2384604495926,48.9148494992709,52.0494397471554,77.7098061555253,48.401346404877,82.2489954438269,67.6709865514566,62.6122524083497
69.3749844298893,47.9559036354801,53.4017921713965,79.8041319270114,51.4094805451153,85.8633077308446,71.2980680464949,62.3184144020677
63.4682682370477,44.7215462465017,48.65593307707,75.0575564146745,47.2554696502082,79.1491141718777,67.3060846066063,55.9774843090594
66.5388325586293,48.4649032468888,52.2873141018007,77.69906481127,48.8587132632596,82.6760147959114,67.9713657031779,59.2560360816821
70.3442041155334,48.2496526049036,53.340460677003,81.6220006194789,49.7633487060249,87.4628508124,73.2162870678603,62.3860020437325
71.0811507047328,48.5790721363249,53.4641285056757,99.8399472550091,57.8909269071931,91.4043966245152,89.6579325218576,62.6078095483541
69.4644120076388,51.2205524731995,61.7277296964755,87.7588291370111,52.3298766660305,82.7976202265288,76.3133618583465,72.7062372297453
71.1494271690652,49.934089594284,53.8395191688762,81.2049696553172,50.3003898273564,87.1150316172568,69.8466863749441,64.9756210920531
67.3529001992964,47.2865322661665,53.5184966452878,70.7207704939947,47.0778416370649,81.836839278926,64.7639747688405,60.9657877770252
72.077116754391,48.2639828930326,52.3068145561013,81.5831576730917,51.8679213423845,90.0234761667282,72.1076786597829,62.5269461746078
70.5427204294938,47.8234620596312,52.2426636032572,81.1860129975574,50.2149429685293,87.6177042717752,71.3951478710563,62.4709403361434
68.5655892004624,49.8611960618411,58.7792857794319,81.2653131789825,49.7692365786607,83.1833774445339,74.2357456111673,66.920627424961
66.2915722853763,48.2298175310384,53.0574543795303,74.6238056970351,48.3402666794651,81.5592536027881,66.362354427875,59.843721520777
67.9718800276323,52.9044086146286,61.298833551193,75.063038884691,48.7193362851211,79.9170277127843,67.168044199442,70.0998086337591
67.2831958806768,45.20636855705,47.5394481744773,75.4272608373951,47.1101877987099,84.8186155924914,68.362752179741,55.8162223259746
65.6617518861265,47.0587907182178,53.439419156198,76.2925265003052,46.4985379485668,79.8858404063323,66.5241158222416,62.2070596764611
68.8038787849276,49.6089214823884,53.4009245886156,75.147588516225,49.7563131537937,83.9450683044153,67.8185570114502,63.6404645828541
67.5855477991541,49.5702261474965,57.9538435128294,79.7164015558863,49.8045598590689,81.0900843692097,69.9860104912974,66.9411286114873
70.0771459007611,47.7774479619909,51.3958048285199,78.5133931394027,51.1932590698773,86.2540828052562,68.6405110516768,62.4304196613603
69.4980028863949,48.8700390090815,56.3573711426959,89.4758143853187,50.1566348599294,86.2346876874459,78.3944607221349,65.0596853948761
68.9656823042714,49.3009275818393,54.1701365510344,81.2388776893481,49.5030530661265,84.0195858097612,71.3491589829784,65.0260382828662
69.856964005056,50.5823804838697,58.0792065623826,81.9663976191361,50.8156347142747,84.2057077608359,71.0993661449482,68.5939873906307
66.3672743952874,47.0646656674408,54.6103468378791,76.1021564528476,48.7469249778473,80.4093253082329,65.2448471562167,63.0539255829951
69.7613766025713,49.4964268551802,57.1477584441891,78.4298690018776,50.7375878592872,85.025606117555,69.4545470673772,64.623049229436
71.7234890505945,51.0338957619802,61.0472306571256,78.5637163413489,47.9993087340436,85.1884359035516,67.3459661766584,70.7767778857829
74.3819290540239,51.19567092329,57.4300685230569,88.2437311275077,52.6186616014024,91.5730738854084,79.358767098197,69.7121469703371
67.8633995251353,51.3889643086246,59.5367295126161,78.6120498498913,47.9315023861115,81.0307123447461,69.7184963379021,67.7192827557005
70.5931447011015,49.3865648879369,56.6788480789584,88.2133239995864,53.6277704945894,87.1810270862173,79.4282068645749,66.5353301083911
67.7814987158256,47.4344031888347,53.9820964358194,86.4409129366777,51.4726751075391,84.1802674648395,74.6117080766261,63.2824515860964
69.7720210707816,49.2262170126719,51.7344091263582,90.2401583242889,54.3665088294612,88.5531593383449,82.0573425356502,61.9963283022552
66.9500469415516,49.3647946949781,52.7518038467263,92.201806543941,53.2655540910637,84.0968216710205,79.2733146387821,62.6184516272046
70.6875133912497,50.1132415675017,56.8826153435089,78.0268512284782,49.4742732250287,85.3130693829283,68.7170721799204,67.0991352423808
67.307971476127,46.6621761681778,55.0247297170872,87.2042572744174,52.0510540420869,83.8483001599169,77.6521290619533,62.6674254614507
67.9923974619327,48.8915730604073,57.401533262791,85.5731306490009,50.6986423796969,82.8622040277366,74.1564557740763,65.9188948891063
67.8434155767332,49.1611588216018,54.4487285245241,85.115382699786,51.5959982553335,84.5373215993518,77.5735713269628,62.0848475758293
66.4063187957979,50.1385841016682,57.0095568435767,78.3800744270428,47.7992784052366,79.9439352248768,66.7196790931845,65.5919551989435
69.703859273145,48.647968717611,48.3842197805314,71.4442291342232,47.3939266046001,86.3732916055682,61.3127599587625,58.4272382892485
72.3976532287832,51.8164478411484,61.0952246305268,91.0370776693661,54.3119931864531,88.0805579725419,80.0936814266353,71.1305577612846
69.9029393087043,48.4467762480866,53.4004357622802,82.1811785940432,48.8492157248276,86.102309563216,70.1949001017779,63.8362861662781
67.6250387921368,48.5230166405667,52.8681035913114,76.4365589842395,47.2704177529419,83.0939627381354,70.2063920679672,61.3994428952393
69.3124548652728,48.6720890491433,54.591327775941,84.8291717689258,49.8693579523581,85.6644119867158,72.258278107682,63.6557598449138
68.0834512667544,50.6220185354791,54.4999093106126,79.8973449433344,48.861100212708,83.5189471406349,72.880810622123,63.1723929862612
69.2218081285163,48.7713331177939,58.0972331817683,86.6401182661224,52.8890620069131,84.8658446910548,78.3522344007871,67.3051441299985
64.5546702526896,46.2980013948907,51.9820175705624,85.314932582847,48.4753377040528,80.6898904678246,74.5549124908796,58.9613262558665
70.3464089228376,50.7914380372731,57.8315233914783,82.8465591427356,51.5102060165263,85.5315311593394,73.1166705410623,67.0934700234996
65.0459719353443,44.8168909631481,48.4927474829888,90.7955105912092,51.3412131249028,83.2498174858473,80.8466221349238,57.2840225322712
70.2356437523718,50.0741512834,52.5707228910867,84.9423436928363,52.8798268947361,87.86461445737,73.8817904195745,62.2726846539276
64.8448426227217,45.9609659983456,52.8351136921833,78.0225182701165,47.9951642738187,80.0409773080195,69.8411279998998,59.70601566571
66.0728729052276,49.2504610750055,54.1630396811719,85.1055747008733,50.0169651612661,82.3430795329876,73.2680973371802,60.9344275288817
65.9463449148469,47.6024928142578,54.8324572187697,76.3380108825467,46.9919445661284,80.2424448576099,68.3350304171421,62.2425794926302
67.1314204870572,46.6863428075111,56.430133622776,89.1770636732758,49.3572673947365,82.6463832028222,76.3036382597888,65.0550098573153
67.8951239134777,48.3018443930058,53.5573262641911,75.3970122858908,46.2706402577453,82.5545104268197,65.6335792882805,63.324685767576
68.6064991340985,50.3123116882581,54.4152455812115,77.5128469321527,49.6833658590617,84.5070955816277,70.1159633358198,62.6379967726967
69.4393670541216,47.9429371315965,55.0033538900639,76.0327371530752,49.6533747367287,84.7164319334079,67.7460550819161,64.0988785665762
66.8772465890764,50.488120360519,59.3705123503017,85.384039796667,47.8648372422152,80.4937667667002,74.1982087306499,67.6461688425706
68.155639032428,48.5007531494659,58.7753797349917,82.0700296458774,50.6410401314927,82.1596204167324,74.2939767606578,67.8616448130454
65.3746238245192,47.9631460519977,53.7067555023096,87.7470215762894,50.5866504249649,81.9643553318805,76.3373488788469,60.9434893075204
69.9232515096299,48.4571638328525,51.772591260347,84.1471311771407,50.9471136690048,86.9936593612665,75.4673395044011,63.1267395339441
65.7301125047229,46.7761264149656,52.0890696095536,77.2368983303061,47.7144054952784,80.6810495602252,67.3227965274424,60.2058261734816
67.9305324789693,50.4659393437188,53.8012154720546,75.0362818277717,47.8161875427144,82.2315801162375,66.0244662033392,63.5068807171888
67.5066447362586,47.7629787734271,53.8180994891638,78.2530617426861,47.9364418378013,82.5113002916639,68.0655332153555,62.6811671349057
72.3375190862646,53.3492552572157,56.4681996480405,76.9193162483265,51.9713324403462,88.2007527529512,66.9727766430249,65.903692423645
73.7329030885214,53.038293147204,60.9353623059686,90.8601850848745,52.9808674441243,88.6287422810349,76.0062232874426,74.4689748933678
66.6045435878995,49.3578411571919,52.3825873048491,87.8882497137421,52.4770527262714,83.5525051009857,76.1095377726593,60.9320003949403
67.456235174629,48.2733143603089,53.8994516597165,82.5965746891538,49.7621940728462,83.5104213142812,71.3472029523154,61.6949240120486
66.5726533222272,47.9545881966049,54.2249518779063,80.1197257178266,49.1871253532879,82.1879086708126,70.7955451372824,61.2898200116451
71.0326885831685,49.5057558132586,54.6533898070926,83.6944241396722,52.7741343783302,87.6046620966498,75.0294330223361,65.5292548077781
66.8213471894541,48.8980112342388,55.3157533238795,85.0677168511635,49.4479429228388,82.6748469994721,73.6899857741675,62.3039300400504
74.7381228016453,50.8743295146326,57.0955811257633,81.2588367864649,51.4770926935575,91.1224631460552,73.055744860079,69.1924277862566
68.4072532669778,47.6282164221982,52.9777826923235,73.6169777794474,47.1890921222076,83.6009674610312,65.3792741770266,62.4391865576981
67.9756841178468,45.6218661149675,52.8033288273492,74.1118643254846,47.6773766981768,83.2959443375061,66.3728492673686,61.4189735157174
70.0256805618579,48.068655177339,51.7606803049373,74.9112347634197,49.0482669428773,86.2606949734219,64.2983009660869,60.7456863729489
68.4477826795397,47.9825030978822,53.3761610058497,82.4500617723985,50.7431120292848,84.2679063470811,72.3859087381599,63.5801164437198
68.4040009937113,48.8564706798739,53.1679623784484,73.4737428654649,49.958771852214,83.4151202809876,64.8870613741288,61.5401540303794
64.8751720668002,46.4754308325344,50.9107979562957,89.7702283757789,52.5036281189588,82.737582823532,79.8465694949919,57.9300890730909
69.0519208011519,49.1590131764109,58.1615019003032,81.814885326722,48.9366749774105,83.5508267446465,71.1019789834475,67.0006411980547
69.6807456353486,49.022656631761,54.36260416868,75.7897740274427,48.4831884855011,83.8274314988697,65.4795852556056,66.0121827146962
70.043112194278,48.936403215479,54.6297336118297,81.5778905731897,49.6614526838403,85.8343829216146,72.5837209758815,65.6210528046322
71.7366709613718,51.8820033776645,56.7612365339071,79.2932915569448,51.467145468807,86.5476459354295,68.1594669285453,68.3343667778003
66.0217872360351,45.1792905828526,50.4477076463617,81.4519777514688,49.377038960036,83.0525135985809,72.5536296277953,58.1530050606341
66.4939224491545,48.1555294315204,53.7627339360012,83.1234201659234,50.7044162410528,83.0158964306975,73.5095640061898,60.4716984804894
67.0326989955805,48.3874802414415,54.7457881696503,80.9485575633697,50.1076106985065,82.8009190642272,72.085644587255,62.079602715028
64.774523120405,45.1518765669361,50.6685033057517,88.0898014601644,53.0328708434329,82.7772397091634,80.5060501303053,57.0491439992849
70.607608525218,48.4399098390194,50.4323986463692,75.1280153772369,47.4466897313779,86.5836914005777,64.5362083028211,62.2311386591361
67.7449921928283,50.0733109972862,58.4438229125168,80.5529530434782,50.83209261248,82.116690187659,70.455898324839,65.7372224373132
68.3016139108735,52.6938702246261,57.6821403126215,69.5547848899406,45.1308593343094,80.3673672670216,62.3978373852894,67.8743548168219
71.5667969027702,50.7621824906912,57.354758396397,77.6953259434194,49.535356543409,86.3924748036999,66.3732318598884,67.0217568428247
64.3618819707853,46.0532261112808,53.5830737757672,87.3956279439857,49.8029590600837,80.0255644190967,76.2200535486894,61.2805568488942
67.2081905943702,49.5794800297663,53.7631038375153,78.1662320445695,47.4459059532972,81.6470776906936,67.0504336492569,63.3421074933992
64.719237945484,45.6293594030672,54.8069656252569,76.4137760754496,47.2844581148531,79.6622743402544,69.9785019660641,60.3846727712807
66.5890010989617,48.4487576331957,57.5311982442661,78.0777952612171,47.9249762666635,80.5542105271201,68.0979352068338,64.290447170121
65.1739291006715,45.6119814697688,48.2053933746797,74.2927503038955,46.0620126717331,81.487249557492,64.757690627999,55.4614530173224
68.1947614346448,49.4174684366463,54.6883982949249,72.4637742065685,45.6524964022671,81.4288288540707,63.7493369705087,65.5619176153001
69.0541442154609,48.7667284267261,54.2586454273753,83.8294910545773,50.310882259066,85.52973338479,75.581251878837,63.2600231223666
68.4786015040844,50.0379595461349,52.852768020753,78.1365364717461,49.9084321116685,83.5183727857581,69.5964840984528,63.7689280636147
69.8698516555744,48.3687195965099,53.6539563275974,86.8409958606223,52.0816871210082,87.4601470028797,76.5336446004122,62.3980125590183
66.9094326809157,46.1598609758473,49.86530958795,84.1373391927339,51.6091595816401,84.5519274024099,74.5543688351047,58.5892460969473
67.6964018261214,46.9259989394256,52.5222874161726,84.4430113499411,49.2872275750475,84.6367346914264,73.488613353659,60.8261597805237
67.6712014176173,46.615615389829,51.8874438572531,76.2808038361227,48.2063159191762,83.8236376931676,68.1154948578384,59.7181417719381
71.5488790410997,48.5625580083955,50.7658989332734,77.819690546756,51.5498648574285,88.7135594479789,68.1150082164352,61.6283529671081
66.452167214131,49.0889428789297,52.6164271192486,76.4813955383538,48.5087053477429,81.2454259805631,66.2261888671719,61.5535811564892
68.1572400106264,50.0168714274666,54.3853968380329,88.2277947519012,52.9516676468925,84.9494016459019,77.1834213942512,62.8648656338188
68.0242061864531,48.5650320580787,54.1710072722574,77.6238177667761,48.8293167086749,82.6696116556802,68.0302350959281,64.1775286576229
67.1119985619255,47.8831942917952,53.9032281174292,90.751103729813,53.6664494479943,84.4751294238666,80.7893045600313,62.3574056576763
67.8005892424993,48.490659813975,52.5569007315031,87.121248553179,51.9289675371666,84.9837136658862,75.9898097949139,61.7973470404203
70.8310021758677,49.8747380255056,54.6992500412116,69.516935454974,46.0494432300715,84.9066946963609,62.4684245953629,65.6567580476196
67.154786647517,48.0203517691503,54.4062717900515,80.9164579222207,49.590171154536,81.7262132539075,69.6654052598392,64.5530391162574
68.591975095651,45.8003067173491,51.3869116457229,81.8258955698045,47.7356791004602,85.6624485766583,69.0666887660256,59.7131004604626
69.5482878792218,49.7163417333662,53.5384347175889,76.7795523330755,49.4356006577385,84.8948356584588,69.3445506527171,63.9398737626806
66.9470660711154,45.2185407602615,49.6231356203404,80.3708524241598,50.9400813598072,84.0936789107084,68.5260885134317,57.6267384225465
64.1323124990647,46.6250795713648,49.8654114058581,88.6173998015071,53.0664549598667,82.1612638145759,79.8753626139199,56.8414854552333
64.5757058902194,47.3683824273116,53.4910674255867,82.747455511033,48.5893059270879,80.1415524559568,72.2664223122083,60.3025268494389
63.2268517574382,46.0218662692665,52.1760383195781,88.8653438912206,50.9237205404634,79.8756115694665,77.4653330520311,58.1458340889367
66.6758986080314,46.368606744026,53.2511924884124,75.4114646850795,48.8507957498127,81.9108935798373,68.895491366859,61.0030455671137
64.4436552117677,46.4676032211162,50.5470952782647,75.6193898777045,48.1258324497997,80.6002710659623,65.848035862116,55.9954933121455
68.0687256521464,46.4319831415268,50.7548871032719,79.8178773897189,50.4215713593295,84.4920499722363,73.2441127639481,61.0251265719049
64.7656086273787,45.0675581441107,48.2537209637217,83.5179614553695,51.0299829372493,82.7114505957967,73.1417334592553,55.1244168650603
68.4592252487153,50.9170854326912,55.6169036953638,85.6616658943965,52.0110825645091,84.0748848565178,73.4868045511844,65.2778325702269
67.7336149346564,47.3630713756894,48.848681493365,81.6795017221181,50.3267836222963,85.3566317612483,72.795058285973,58.4860125785816
66.6806823574987,48.1209230265017,54.324731646979,88.4914672764324,52.3445124526109,83.0755788728738,78.8648565363924,63.3061297493795
66.8840061697236,47.1602408144737,53.2581643508396,87.817464728876,52.3815975845723,84.1197132161979,77.367729008813,60.8299702836693
68.2581374738976,50.0628643797836,54.1259591157047,77.4422243791462,47.4823702276745,83.4771122262858,69.4842401382093,63.4058740333741
65.3749627235271,44.0115679681232,51.5815580274831,78.5466807181739,49.3280562947701,81.4939642619568,68.0984425726768,57.8106468256736
67.944791164604,49.4327978189499,56.4201240929523,80.657668306303,49.0830889261586,82.3810403519895,70.5149358116461,65.6334402520008
68.9325402900641,48.4506389021083,53.2199254219845,82.5351290956685,50.4500258096322,85.0016856167915,73.4692832716574,64.0366930079875
66.3245811340272,48.0625689924603,52.0092350590371,78.6247421383401,49.440609108332,81.1884375261327,68.07819904633,61.5738478631822
72.1810452136627,50.0966409777479,55.7082369995669,94.8457757881672,57.5485297452257,90.335324080987,81.3982323904513,66.9552538498457
69.4902002826517,50.8081874003752,59.4112513372659,68.8095957527457,45.7838046214676,81.4909074159634,62.0614211526519,69.1877114909841
68.9056805802502,49.255063323698,54.7703399278942,82.8730016288544,51.7264542913193,84.3318107773467,72.2758747606554,65.782738864022
69.2632255724374,46.4597215980902,54.0424917098463,86.6520218233432,52.3276179784129,85.910076477236,77.2549777950001,64.2164250898397
71.585957714752,51.8731653971161,57.200785484829,76.7879949799942,48.6194394181107,86.4432436363518,67.020081577195,66.8607875327264
68.6989779101642,47.7108934511671,53.2317440640697,81.9119290581776,50.3893207808758,85.3973354556093,72.9519627039879,61.731169213335
67.295849457076,45.7730371250165,51.4960299560666,75.7484642374614,47.7957466928822,82.9724007917357,68.2624067485023,60.9776607328653
69.6976320359145,50.3146106745558,55.7811494423677,81.5492365009905,50.6048678154907,84.6715331410639,72.1413566698954,66.6805413906434
68.1958890091112,47.6484332836886,49.5937592510469,72.7761642093572,47.5540834767593,84.1899025637906,63.8392824815196,58.6430221599829
66.2835914421155,48.3359004810939,55.5235125978167,87.2591366849662,50.0793462400473,81.6033357792392,76.8731252302813,64.1740490801616
67.1695902021618,47.5605144558889,52.9150816333719,76.7544190306178,49.6228262646527,83.1674730838632,67.4589729769715,59.8344872672362
68.5764916116657,48.1367149544947,55.3410844826614,80.6725583491075,51.0149909440475,84.3284555330361,74.1661589448131,64.2914121343382
69.3777595782855,50.8340161331735,54.4407804743146,84.996268582243,52.3690700668012,85.5899790292149,75.2310004643662,65.3248601386035
67.7167159610149,47.4380471116318,51.2267327019141,79.334428304517,50.9654995402618,84.1602766514389,68.8071671964052,59.7711277409909
69.0919524035123,51.267983366407,60.4982342296086,82.5750708720419,48.4193086931886,83.052655268291,73.3084358414403,69.1010049546321
65.715636422624,47.5146372357459,49.1910133942243,76.0820533410439,47.6801329390776,81.8281758393171,66.7822535833695,57.1927566168252
71.0601769274469,46.9512330836383,52.5973786222273,86.958478057192,54.967665292122,89.1974471137711,77.6852043531761,63.1054699215998
68.4093630754306,49.6618209529814,51.3929929326822,87.7823336681155,51.1806688119549,85.4816351189998,76.8991665630775,62.6063750780507
65.8315905677552,48.1655611852983,52.7790567525815,82.2177448789703,49.127903814425,81.7329669285408,73.475789918185,60.8570455805493
69.5276860314007,48.1087359351902,50.2716942129773,87.1428004879033,52.3743992614538,87.4854336627463,74.6563754556709,60.8574176820553
67.9244221635725,50.984635994223,57.5550798419986,75.4578917670121,46.8660639963522,81.1131711578727,66.3521179336828,66.1140312641557
67.1958432840297,48.5597362753218,57.786563738161,77.6639177480667,48.3136806096994,80.9056636429023,70.2898912792539,65.8991501099346
70.6260867879062,49.8100860273872,54.1369279878377,71.2175082998756,49.4892389745017,85.1929970901716,64.7531057464828,65.7817563570591
69.4061047488561,49.805994456429,53.6323156645367,96.0319594362655,56.1684399949422,88.4021646424149,86.7105880992468,62.7929419436447
67.5367176861671,48.8185433290397,58.1063609215396,89.3114032924882,52.7940580735632,82.3179786819457,78.9108001032883,68.1409237881655
69.8958857183383,48.0707161414031,51.8371873046598,76.5150179944858,50.3919959732559,85.6544993725173,67.1498983012431,63.0923263215491
67.6910519146737,46.2443235299069,50.3465660101049,80.5009977266833,49.5525619803707,84.6925157633429,69.9935590972905,59.1094251036968
70.9145330382331,49.0954505166228,56.4507057616438,78.1007935720798,50.2462153865099,85.1533780733405,66.8126679490541,68.1705786257968
68.2059586456948,50.2966579305788,54.3658367669189,85.4151244331039,50.6766976313038,85.2244649992258,74.5028383871229,62.2791270110945
70.1299323255534,52.0139558155291,61.4658037572648,81.4462960991417,50.5320734400733,83.6941672118403,72.9290373763139,70.7487170048803
68.7600953575708,45.7803194992662,49.2028752982464,70.8135900219304,47.0181976267479,85.1927529023903,64.0588453693325,58.1436087359817
67.5678664036661,47.5716145639746,53.3207511303401,80.8903334861791,49.6902030697323,83.091662762799,72.2983993400672,63.2618337375226
72.5712134277919,50.1428913798009,56.4330904767468,79.1050421136005,50.1721407032608,88.2407288548438,69.6783214131175,67.2409810275462
66.8517334206762,49.1122976285927,54.686155768232,77.7467283712235,46.3409503514567,80.8038075615747,66.9310260092453,63.7165907567296
68.2504175781551,48.5206846453851,52.5611217156623,76.4164988074802,46.2485783993588,83.3719984777393,66.6185465027193,62.2103948010048
66.9374170190251,47.4389983694309,54.0649781476131,74.4703859283834,48.0450647103341,81.2533602988025,65.5040936319771,62.3513536833561
68.1114372623455,49.9312976846039,57.4977608525408,83.5408243882081,50.9733057757722,83.3072487746535,73.5127601843847,65.1376276593556
69.1270336389709,48.2579404700911,53.9402778254152,76.7713316766848,47.8613506641147,84.0933510632987,65.9092838978671,64.2238070302759
71.0015384567611,50.697385549641,54.8697321076099,88.8136421038706,53.1276762554374,88.7539825002961,77.9997700956458,64.6782798538165
69.3851610919091,49.3006085374157,56.7566470855183,78.1424692161515,49.4152046802871,83.9277114125528,67.2018397913092,65.9910771438791
68.5653813150783,47.8573782179323,51.9974716391795,71.6702015685613,45.99166446177,83.5548410221684,65.15385673434,61.7736755532475
67.0479133357423,47.7416252924368,52.3686598681361,84.6412598092988,48.0508170160759,82.7530256928496,70.4810806016941,62.3969564103512
68.8276354030022,50.7628659659319,55.5879611375756,73.7409497438494,50.3961923032404,82.7757353388892,66.000756367393,65.2959631055828
65.0627997318619,46.6550066482309,47.5473815932296,76.0858720185202,47.4664209829243,81.7345374376813,68.2280418753735,55.5416524684133
67.6264430761303,49.974403005769,57.9706047854921,84.9957648300613,51.151464988002,82.584183017482,74.6061513782366,65.2159458523837
69.9454436050751,49.6467762738816,52.1867288962327,92.6322380039718,54.2321761966844,88.340237174076,82.4278141374487,63.2778923369976
66.471210797437,47.1544968621539,53.8821982160738,79.3514765111407,48.8129458390327,81.6483045359077,69.4443694085809,62.2197014720687
69.8085290651748,48.1777528363725,54.0613255720824,76.3138876790338,50.5346656097292,84.8738122105274,68.8948556259343,65.2748080737688
72.2554504387377,52.8464165023247,53.5550266057654,79.3646537036506,50.1361180833626,88.5924975857565,70.4627510227072,65.5680537499253
69.1226708534276,45.9488166984833,46.0966737790942,82.8530389591606,51.1679641334115,88.3501302662665,75.2125375993495,56.4171810089686
72.0626424802818,52.640884949998,58.466573933388,80.831719314111,49.5548605894051,86.6324839471319,68.6667898279084,69.1398732830184
73.060176214857,52.863333100057,56.7516164232373,72.3620637828874,47.9411708721867,87.1708822860644,62.8978969066984,68.7085971624287
70.5919129940066,48.7248356821518,54.1824254056117,92.253267548865,54.4101122980384,88.7987383743126,81.1787109767886,63.5703809837056
66.3388889212566,48.1604245914621,53.1823666793033,78.8872793101962,48.506438907394,81.6669963878736,69.007029700667,60.9096129193047
71.6862136084502,50.2480648029539,55.5549854247986,81.1379040412707,51.0300883831145,87.189870148418,69.8887274415877,66.8173081239786
68.5058953041326,49.8954190266287,56.791522658721,87.7722668625706,50.1183044190486,84.1714865978976,77.5571031679003,66.0324525812354
71.6407957312679,50.409235405665,52.8155978173157,77.577991844268,49.6535282315731,87.2608207556176,67.9841189598103,65.1301834059793
67.7645064769014,48.5258433520208,55.1256711923504,89.699763460651,53.9066308562926,84.112153759595,77.869765443741,64.2834147211053
71.8886562400989,52.7487699578653,58.7713995061054,80.6841310116102,51.2173407214364,86.16568634904,69.7547200540986,70.3243431742365
67.5404704387267,48.7215138502455,52.033932082296,88.830482825495,51.5641783043856,85.1513379018241,76.86160982154,60.3429870045776
66.6910934684221,46.4940325466296,46.6375632287757,74.8191249973851,47.7658531456901,84.1113152059522,66.4785459597265,54.8876287076626
66.5529378383493,47.4541468487645,49.6302708914917,84.8627335711729,51.9091453814645,84.1263957503017,75.9358750111014,58.6482684848626
67.5870701340734,47.3172790107732,54.7904122850202,80.6222401370963,50.051285087521,82.8196256708094,70.6164660852629,63.597817737784
69.3695040059674,51.4368345266911,57.2622206303617,74.3368065838055,46.9481701623714,82.6650160287687,67.1975948474511,68.0211432078918
65.8796740114947,42.7494540428219,43.8898995731571,76.1776939223887,49.6598238304923,84.7351079247244,70.4746770817058,51.9443006202227
69.2002397246772,46.6835071732291,51.6506016319929,85.9274872138542,53.3208603323172,87.5438734390936,76.0329890587017,60.290223212542
67.251891646452,47.4172390073356,53.0573890869867,81.6746635046933,50.0206946116732,83.5769666868034,69.9405885956513,60.3976501458311
65.0557870767614,46.9837985994577,49.1733080254952,82.4879217262676,50.5248077653946,82.8991970940798,72.8198661374439,55.2232191584153
67.2914408063451,46.6353309397325,54.3597730112699,81.0840655129236,49.6515640942299,82.9817685593185,70.9584150346813,62.0574742466487
66.6435444604626,46.9621064134642,55.6356276086938,83.224370896953,50.2449389067694,81.2370071093212,73.0959493220782,64.4503434056874
67.2088522754787,48.0477773217524,51.8621713126026,81.3634964975094,50.6554390405526,83.3125723867188,70.5268101476362,60.5985550916987
68.4710160744854,49.1124531886872,59.0795449457097,76.8712753098966,46.3922313003932,81.5452066727386,67.2867114345195,67.7312216319403
69.3938115772616,49.5413098464863,49.3682920281923,86.8328626187367,51.7860327765297,87.8527760888224,76.6869359122046,60.174340893483
67.3896422986119,47.015490334575,53.0632629376783,77.7762444534136,49.0534773916701,83.5393446698394,68.5455016214964,60.1275205455755
69.9603782613364,49.606413584697,57.4896177341532,74.620766948583,47.3423869250952,83.9908242780278,64.4352937077181,66.5570567067945
70.6966096562186,49.6684893779512,51.8706653255207,84.2099298912294,50.1262619504104,88.3628336576873,73.6121499881151,62.046645650313
70.4894178838488,51.6656365608903,58.8939132871997,97.4799186972714,56.880077569362,87.8356391941003,87.8908799523632,69.0010180623201
68.7900117140996,45.9733703988002,53.9618598557774,90.0655234331174,53.7156567281964,86.3522526555739,78.0740447957635,63.3422985870526
67.0915999225973,47.9549413216162,52.9520612714826,83.9423330669172,49.10378008138,83.9382523342947,73.5685131431757,60.241605056683
67.1682752492327,48.619125665773,50.5982806512336,77.942254378044,49.6345153504603,83.4993357405128,69.2261010890487,59.4432433283636
69.6830936866019,47.4404576766417,55.661470456771,84.605892653904,51.5057499425646,85.8605289643501,73.3004187994436,64.3780463427412
68.6172666316969,49.3111171370173,56.0459579149405,74.5184418539157,49.0440593348805,83.0867524305697,67.0951975515401,64.5096629132532
66.1997110569432,46.2712239123591,51.0478927844853,78.6699351190203,48.5121793786174,82.2958489568759,68.4140043349377,59.4292412943385
65.7100177827671,48.3231357364953,53.0467840907056,76.6579857183448,47.3115228708643,80.4864023510939,67.9247638451578,60.9618417044613
69.2285901257014,49.8886647169399,55.8173999298721,81.4685782626772,51.3848639091724,83.7229076476682,70.1828083891718,67.3044657024985
65.1527465438887,47.8763244853213,52.8793650510944,75.0393825423165,46.9216760840876,80.2894976339587,68.5196286238055,59.3115277842356
69.7271615758806,50.2022091564663,54.4339746222915,77.649207875878,49.7546103876255,84.9687009801721,68.9842168581185,65.0970233109636
67.623255436995,46.6358938214749,53.9265476705969,73.2873292519299,47.9465021574692,82.5365758549796,65.927857816353,61.4229874141958
68.7286053393846,48.4537097507693,51.918391061205,75.665277920869,47.036742049449,84.0428046540125,66.4597447187834,62.283938823252
65.900931710802,47.3119635127077,50.6944336553478,76.6234527381482,48.4707457726571,81.4323572707901,67.631653448015,59.6910294680619
69.7065278961179,47.8382843799761,53.5823061699896,73.1959583513365,47.6408882987828,84.3528621495975,64.2436673438978,63.9983516232445
69.0430427893867,50.6003559744418,55.6014798299075,83.1756369407415,48.7843386035831,84.8522522912341,74.8339001002855,64.7939725446154
67.4502459583974,47.3416968789983,54.0721495337669,81.4648036314504,50.6492325821046,82.3975661605351,70.3854273612283,63.8676218239997
67.3743146294444,46.3037048175288,47.2569108812665,81.2311048683684,50.2308446324829,85.6268204870776,71.8718061365204,56.2507616124281
68.0099411444147,47.7336961545006,52.9781835699095,80.2773196578037,50.0927133785503,84.3369734001442,68.8177620119006,60.4277835235469
68.4270643745964,48.566050163823,55.8144861388865,78.5488020144703,51.1619702341717,83.5639605961116,69.0384131086773,64.1046235095884
66.8569835862109,48.1376462717734,55.0110739387046,75.7886831136665,47.6977707643338,81.7250816993069,67.4044086733434,61.9319800715273
66.2206972336272,46.6640918855183,54.6254542402105,98.4409658344476,52.1709501333368,83.9103316765421,84.4256070024709,62.5938543175307
67.4549227312888,47.6144521278485,52.9873865889955,78.1064334568779,48.4382980996447,82.6185122196026,68.2898398741494,62.0710266355696
66.7497369664382,47.0579211330903,57.5196290118858,87.4087321793349,49.7611840565879,81.8022157582624,72.8966160547323,65.3849288014146
67.5698171479681,50.3857798411547,57.5842695872586,82.1727986918694,48.7681483347365,82.4192147699703,72.4130082252697,64.9341779709086
67.8713952429554,48.1487956875071,53.7446535328808,84.6321829404404,51.6053105207403,84.4916893717761,75.2021578848283,62.4115991350563
68.2795646155094,49.067039289414,51.6810737365005,75.36406783692,48.4240361042911,83.8325588244013,67.4206812498379,61.80547594667
69.4930169185309,49.0932531837535,56.3350862728518,81.2892550955531,52.4908172270825,84.9268593014919,72.4646632171926,65.6598943517051
70.4687980789444,50.1804306669545,59.6776735178916,82.2165659127241,50.6578312168585,84.9920050653375,72.0345280907177,68.888764546559
72.7720876118885,52.7004325397388,57.4808278335118,79.0651629340903,49.2639168995329,87.8706410045341,70.5797583393458,68.0796192910942
68.1048074147442,47.5116970093063,55.4467494208181,82.3664779879444,49.1806429606149,83.7885892758954,72.9842482723554,63.6006236054836
65.6261171883479,48.3900184105583,54.3628654662808,82.6105780267022,48.2557622566286,80.2303300373795,70.9577546038762,63.3228540282045
68.1047697892337,49.3897477188013,56.5717577603838,83.8174952801101,50.4863586605109,82.4363622511525,72.3483061139053,67.0417244069176
68.259903605199,48.0952334063097,54.7739998942559,78.4710773775794,49.5491548614409,82.8999985824198,70.153384640013,64.7152425503773
69.1669136424574,50.6836500272369,55.6935301212677,84.6859889146801,51.6899464771392,84.911852749075,74.8757636211617,65.9887824741569
67.2265588196079,47.6462681771004,54.4365705782225,75.1427086789734,47.9805503710945,81.5020525846263,65.1974984127817,63.0852613313048
66.8642055547138,46.9085546221787,54.4360556699477,78.8627417233444,48.1491886129167,82.6093454812596,70.8191038014801,60.9770502673277
67.4602000776876,45.1749118791423,50.3237026281316,78.1058207493933,49.551616013784,84.376158893128,66.4537649341213,57.6527804081953
65.6534274773968,48.9454426602772,53.7370390247904,88.5776669155191,52.0613888235178,81.6725812596981,79.0046672580363,62.8211669323991
64.6618174979901,45.7445455025504,51.2985198914947,79.1755899070847,48.3406131006612,80.03165793941,69.8439223397898,59.6659952284119
66.4402174025225,48.552415643144,57.2189860731624,81.067109307884,46.513747971468,80.444893526889,73.4244130921448,65.3286559213653
67.6717670783035,50.1754447290354,54.5193247786526,85.1616498081349,49.8634324850634,83.6571901717779,76.5180363859492,63.415910138828
66.5143232748469,48.4197082896548,54.7901742535777,86.7541209225327,52.3743321773931,83.5224073778406,76.5628777373066,60.6239757282033
67.0461249946835,47.6186363480861,51.1733932740506,80.7421600919965,50.2512868714194,83.8023169898509,71.9220553216434,59.7508051479703
66.4543001828038,46.6745499089858,48.8251449128067,83.9357812333984,50.0595284352663,83.8923170082153,71.4535867725765,58.096909824829
65.2754311395619,45.7871759005144,51.547443138931,77.5436644657978,45.9388668565203,80.8115437949405,69.3171251487252,58.7584066268863
68.3975151566211,52.2854792884199,60.4498608968062,71.9206654839455,45.3650146879616,80.7911008504422,63.9039684104051,67.7582552330366
65.1689536887964,48.3266739497511,55.4835683451296,73.19736320273,46.091694754111,77.8029262729111,65.2823393020519,64.2428132644431
69.7228029749578,46.2677325185278,51.8170866808152,83.1394171723341,51.5446062824886,86.5551496163651,72.1972328436501,62.5409190818925
68.1494448793163,48.3818448304274,57.6925391476059,79.1082088066725,49.2172233909727,82.87942816907,69.9227497788121,64.9635639036064
68.8333320472461,50.0508662341827,54.9503885252457,89.6249909919639,51.797116458,85.9280852824486,80.5672276913513,64.1893584995171
68.1180566831505,48.1232019844936,53.7568508843135,88.5344209459174,50.8899630083988,84.6059289941855,77.2759079380043,63.7523070340318
68.7086096400005,50.1436726244221,55.1524740785487,79.557231988966,49.2179375791494,83.114410921933,69.0770720577408,65.9824367412638
68.9731587720946,47.9250403328984,52.9854545561954,71.9116283039665,46.6497377868174,83.4494472992541,62.6817052815859,63.1461015994954
67.649432465518,49.2917171186685,55.3951329582385,88.0015415029509,49.8897787172144,84.1540622555026,77.5458042565018,63.5571797086629
65.4053307350568,46.4679659546205,50.6711143540709,78.1382928985694,49.2454353221168,81.3628639486113,68.8252046276624,58.4531636702086
65.5607146924863,48.0096353606995,53.513439245194,92.9924635893918,51.8300478462685,83.4375265394366,83.5175318948357,60.5283153717898
67.7892216023528,50.7831196168793,63.3257872297621,83.2739426554069,48.3564153529726,80.770594896518,70.9965223235908,69.9587279071221
70.5327327869638,49.452185195205,56.1890257195622,82.5626687716136,49.6165024305843,86.9331225293472,74.7655682432954,65.1019432597175
69.6289247636132,47.6617496747138,52.9474946454179,80.5530918229708,52.0128464559453,86.1091007364589,72.7356367408424,62.9159761002921
71.9179452132705,50.7420312573335,57.6535979958632,83.2318402465418,50.4481038953956,86.8852092881809,72.7420736096421,69.681976354914
72.3423375349664,50.2585580151368,57.7513831863553,76.6523612673207,49.0042095153695,85.9237298725468,66.8873321696841,70.5275859311133
68.4947641219017,47.4415669187859,50.0868156739475,70.1368886267438,48.0167965451427,83.8640226098898,64.5922640144947,60.2859879262763
67.9084297222442,49.997534808195,59.4904425518746,84.5170787062481,50.4238295917863,82.0661305703533,74.7422390527309,68.0243225457656
68.2533866821561,48.6146256134465,57.9736889711792,79.3993487244138,47.8451124434234,82.2109084695605,69.6733465763822,66.3441180087301
70.631142806781,50.9271271154349,57.2338698256906,72.8713633914049,49.2539773979718,84.4026154831047,64.8685358684016,67.3956658861485
65.3207182224955,47.4521908919531,54.3085002865345,73.9711834305625,47.1319959884604,79.6806909297429,66.4772711631949,60.6624350825938
64.7483783238096,45.1943547801573,53.3456738143553,87.2319760076728,50.3162994048017,81.3757434422445,76.7383853494418,59.421147616571
67.8086253533256,49.1034543858776,51.8492199787399,75.0112835769207,49.0520394330807,82.9478379309047,64.6882702666362,61.1397020627789
66.9185380801352,46.1964280790285,53.5797750918701,75.1665798247646,48.277839705471,81.346607071472,66.1723937194653,62.3910027894534
71.1938449177272,48.7908074105436,51.2614358202745,81.0815697745109,51.6864400350242,89.2562416704142,72.3140295520476,61.0841701941008
68.7201900272672,47.0201471232039,50.9726146597638,74.0118393719619,49.0235103332357,85.05908366863,66.1600580855644,58.9402582014271
66.6501570998548,47.2779992847579,54.6176077114915,66.3196005990392,44.3919979910931,78.6149854177212,58.4807465403109,64.0665359560711
68.5876097780549,49.9778205664733,57.5709145846286,77.7043278790682,50.3846250724109,82.6769789447777,70.6110637955781,67.0922741832683
64.135551602171,45.84639130102,49.3441089527322,83.863172983322,49.4675902512494,80.53731357317,73.9538185709718,57.8411255475016
67.4117333037106,49.3657581018381,54.1051232649711,74.519736258389,49.1527878108236,81.5116703802201,64.7967817328444,63.4021262427522
68.4565520962827,49.2296481022762,55.9566114029217,81.4082245192806,51.3646467363391,83.3080365446715,68.198112932847,65.5320565885981
65.7665347791982,46.9585379107247,50.9523869381159,82.1933054965946,51.655261435197,82.9131765048205,73.2254891597161,57.6477657633283
67.4882923371301,46.1504044143851,49.9011164382228,85.8431674334982,52.6941337132635,86.0008834089384,75.0161754089392,57.6648185126599
71.4533416261252,50.4040724030822,54.9546200778909,79.6497432658881,51.2403877588347,86.9196364150336,70.0772791664469,66.0503263423698
72.8776214711384,51.8742128844914,59.9397834139179,89.2134678502621,52.1315500268184,88.883344335667,77.2509700821073,70.3922723843709
71.3553273654866,48.8210045913422,53.7963303781961,79.4506765606673,51.8684459559071,88.2290022098452,69.3601226819675,63.2244589240296
69.4320451310581,48.3616294427531,53.052435917029,81.5334492743974,50.4163207306823,85.0656237318638,69.760793615285,63.9924639072736
67.0251018416367,48.760009300403,54.0284109153409,86.0755933681579,50.3638150657606,83.4606656665402,74.385258204108,62.3239235016366
70.4261017989514,50.1344131200491,54.2319168720319,88.8418076057572,53.0200122446568,87.5616833302334,78.414507411705,64.6254363387111
66.7946504381677,44.5771563596558,42.4033663681732,90.4018932749766,52.8456566471777,87.670572768832,79.8971098762459,52.5944124408923
64.281602812821,47.302807217548,51.855020404707,85.3091690521981,49.399438795794,80.4544482879032,74.6634444259302,59.4847982084481
68.3823514583878,47.4313674594425,54.3095272527489,85.8565392482826,50.8354111475381,85.4411014447269,80.4771236086452,62.7873289102146
68.9483987347975,51.8222144892791,64.057095102391,79.2474437041596,47.4242398702733,80.7870962155154,68.0615025230578,72.4294246977588
69.7541154778128,50.0636377571858,52.7817547691746,86.3538220257319,54.633528940812,88.2313573241861,76.4841943374604,60.3972104860789
66.5749433951208,48.6555268738061,50.4468312522386,82.4549071773564,49.5512808441412,83.4879846674023,73.9632737327227,59.2274664046352
68.3084523874517,47.3418782753379,53.1549845924177,81.1118386568048,51.5418515871458,84.7933514987064,70.6443301524248,61.4752743858406
70.5841380320305,50.1406302587835,59.6619398983603,84.5259854077236,49.8698510468018,84.5269441796385,74.7535267146788,71.2712534843345
67.6584215824537,45.9005045659493,49.0380790190497,78.2054313094328,49.0025035715015,84.7022464771376,67.5407903515633,57.673219543034
67.9918732595532,46.9012640711929,51.1963335122716,73.928032774879,46.4045396494346,83.8895229318093,65.1806378299106,59.6845694837274
68.9170943364982,51.3615258035119,56.4078614352133,73.3824963241561,45.4640913404046,82.1227142248457,63.9170115312748,66.2892330151228
69.5733071026871,47.9509052137398,52.3480043151435,82.4726180196986,50.7567524945355,86.6949105727746,72.9392741839339,62.2935092055726
65.8038778846832,48.941652968871,56.7027073009143,77.7034448375316,46.3236861481716,79.4120129097073,69.3100006921864,64.2061241324787
69.153486351986,50.957254330459,57.6509806388339,87.0192359235959,52.1892639135652,84.638057814428,77.321610260348,67.2043750866003
69.2747360383746,47.1990157659491,55.469219533835,81.053110719508,50.4860974257383,85.2591179237291,72.3335003666702,63.5588221278891
69.9034049587501,49.4354025330019,55.4184327398635,69.0460934748184,46.1934351210427,83.9004218777402,61.3950876408572,64.5151471398934
68.3584432920704,49.8488504699619,57.4675475736111,78.1882723423019,49.0199770963814,82.5239022679872,68.9769365673585,65.6661080493656
71.0574084331264,48.962342614335,56.6514869692324,88.6502198443679,54.0669213880825,88.4340705561527,75.0254746761491,65.3320072118651
68.8653311024912,50.2358086657439,56.7232199606533,77.6473727637591,47.8368631892883,82.0726921706726,67.877029009798,68.3021001833957
66.2838310353922,46.0977000536566,50.1134043403894,72.8206769776889,47.4959125409676,81.8591725027302,63.8495701548461,58.3406321374079
67.5054262586311,47.4489950177276,50.4864033392577,69.0315682448628,45.8311245068821,82.8739092635715,61.5495612058619,58.4067560300281
69.9249032576955,49.1570123909362,52.1130431807465,79.5999463774692,48.8083117898618,86.8237072715022,69.218353755873,61.3414173100743
66.360594091525,47.7155888402018,56.2348390005021,74.6170936801344,47.1895233840692,79.1281767194393,66.3345196890636,65.4016166151969
68.8601900362515,50.9365384052491,57.8547200332895,79.1199454657218,49.3310920168164,82.2555127018143,68.1963018935173,67.8879784754088
70.3989943464818,49.8136655303241,57.0212132194577,78.0345760862402,50.4432227713216,85.2576871254076,68.8448739529309,66.3401164699185
68.9549302912646,50.1361479205403,51.845709411773,89.9655691373653,53.2893006910893,86.9232502122679,78.5781562960175,62.0168976994368
73.5854809764248,52.7510116612455,58.6945617323688,83.4606779349192,49.6144795425683,89.0049825997279,72.8569225603492,70.7788414634722
63.4405632711229,44.9318903480364,50.0771371908842,82.8971679879633,48.4676840945596,79.6528471851943,71.7383073489405,56.877105148851
67.8239717166604,48.0134893261153,52.6407582544303,84.6813865942107,50.9150552379377,84.3806219273064,74.3348992175002,61.3621422772563
68.6530532455573,48.4456733438391,54.9415809200445,73.1608071231936,48.8784830976251,82.9928493721059,66.2239569351362,64.209208500804
69.3268746926236,48.7738496163737,50.4323644893887,78.9613209372088,50.8239521031804,85.9834008900545,68.3480593220416,61.1667457493937
69.4049037374397,49.4836708170526,56.8969611819798,81.5287255602983,49.5749791416044,84.8215118287008,71.6269171001421,65.2306130010308
67.5816614227399,47.8489897262193,45.9912431880473,82.9850206380589,51.8508934768264,86.5159750914199,72.0974328463488,55.4473213628251
68.393241699148,46.3373811183544,48.4820496269638,76.9559052655438,48.4560103054,85.5218650649027,67.8076185735541,58.6137972244465
68.4135836892497,48.0412428372883,57.4969762327366,67.5864696042291,45.8028212418789,82.093833014725,58.9533887879889,62.8432246488916
64.9098721562764,47.0653962099553,54.148934869853,81.7550610799663,48.809343462552,79.7410147526656,69.0514616192995,61.4603493347438
66.8402525226956,48.3020709713888,52.8842471273655,85.6839212244725,51.1022156970749,83.0228445218569,75.2883035016471,62.5340754667442
71.3364394021747,48.7734853323676,53.1777311743971,78.1622295966257,50.6246913132354,87.3865370029049,66.6538664559779,64.3197373930771
66.6915599421039,48.0232217830025,57.912120954956,86.1602669242402,51.7098260233341,81.9127959777927,76.9844055322442,64.8251514102977
65.9753926674845,48.5989012836729,58.9691948437277,79.8721076844367,47.0930298532617,78.7476695016403,70.1676954004004,67.2525235772007
67.8143295461036,45.6200468385785,49.1042290106612,76.8682488227777,49.1680578271541,84.6209652488574,68.7718037493064,58.5666132395304
69.9153379163648,47.7833588310538,55.4599118249544,86.2110992482623,53.3572031802688,86.636713509919,75.6615489034351,64.6923354091482
67.6915692148498,48.838477850193,58.8546494660487,71.9738683987879,47.0291239396897,80.2916940462224,64.0139741713975,66.8460024668095
66.4462554695175,46.3756264380837,49.4886803334071,76.5133725067655,47.0608595302767,82.2404058400936,67.6783293907971,59.2002724414642
69.2638626903994,49.1149835262667,52.9465971266133,83.4339465193342,51.2706442152381,85.6828389107897,73.3573362877712,63.3120472695513
67.5476050270422,47.1866756626646,52.7639101529153,79.28736676009,50.0261496464876,83.3268146569723,71.9416540386221,62.174225902014
67.6310619038544,48.8396397039395,55.1287234056831,80.1775991424732,49.0918770868495,82.882893582651,70.2278784220613,63.103505372623
66.5867386233619,48.265534586027,57.1964818876412,86.8859339465324,52.7071922608598,82.5681252677432,79.365774840636,63.9749316642723
69.8412118195578,50.6183618229885,59.6641406127863,84.1652893853405,52.291586713967,84.6946089334746,76.2864423359539,68.0654537851557
66.2940881355048,48.6308569658076,53.233112359798,72.7244355164552,45.7422110605328,80.9672194423033,63.220068730663,60.0593562950209
68.7214128174544,47.5188245069424,55.7563623091873,84.2496477707273,51.9126186440212,84.8678185905688,74.5075512025095,63.7271460952814
69.2945741257745,48.722495914857,54.9818335318048,81.853386032138,50.3704075967794,85.1154192609718,71.7859620811652,64.3325779997451
70.7312641999026,50.0584384470596,52.6044741723895,89.5724388119163,54.684643791846,89.0952293336143,79.8564096058971,62.8967068651462
66.1784915331412,46.9146390487401,50.2713326426084,80.896708595132,48.3351466175446,82.876511108308,71.732907873237,58.8035805651196
69.2529387022496,47.513968707501,52.5774006319143,72.237434320409,48.683235893525,84.0442415217852,62.9343733488169,63.0793288787968
75.3443945518828,54.681438332109,60.3782822618758,72.0165881529856,49.7683901136814,88.4954130343866,62.9406274404847,73.6095721985793
68.6730952394947,46.6769493346123,49.4021529676559,85.6454799507511,49.366668060102,87.2804581090446,76.3225863162142,58.5187463746829
65.5548152942902,47.9295695509274,53.1238195778229,83.7819321834918,48.0397989492439,81.1587326613351,70.3869261160454,61.2260342420089
72.159269120361,51.8723228888568,57.5940534988741,79.7129330431607,51.606652145593,87.3148403700447,70.6478114598784,68.2901997622073
67.850310308189,49.0148021470156,55.2436404112744,82.1542331874131,50.8663233580479,82.9080644542828,70.9306374158955,64.3489043140582
68.9526649342565,51.6520584167884,59.0450356755389,66.5876479791553,44.149115588284,80.3226559414334,60.6603245255001,68.9148161516481
69.9930950406216,48.5160800469922,58.851906002755,75.9824511483149,49.4543660654714,84.83386401981,70.2332220530425,65.8344518379968
70.4747410947101,50.2270931715122,57.3262638755436,82.7469437976136,50.1161736553126,85.6455459543631,72.7957523073549,67.5629168855246
63.6840950575241,46.8692433700253,53.2370743551626,71.7164462886029,44.0212172874066,76.9138875225152,62.1476446596808,60.0790715932867
69.9264148163309,49.0202609676333,55.987819544466,76.8921306174885,47.5700795698943,85.2645805791587,68.2952509090949,64.488369667076
68.6694086157641,48.4214776126392,54.6002000993984,69.6397359337113,48.2276658357736,82.4654536207518,60.5482781313209,63.4407459278859
66.714010223085,48.7028336393963,56.2048949490344,62.9312498057617,44.5160052476961,79.01511786624,58.0172453662664,62.6510163637809
71.8751285044131,50.566324476868,54.4016991290465,83.4319112248374,51.6633041816255,89.2195766286936,73.2662697067695,64.6429788627388
69.8571495406696,47.4341518770461,51.5490376339628,75.8739277930889,48.900131351887,85.2063076212637,67.0767357475846,63.58962871947
65.1679272732214,48.4046767946864,51.5027750293965,76.6909387241205,47.024704183464,79.5193948525747,66.0307272080286,60.8838417453142
70.9954481517964,50.2777849439273,55.9705279102963,80.427897369836,50.8234155612609,86.7746286480238,70.8913335252746,66.161786342709
71.718553277125,48.7640023538592,49.424000807127,79.5023693414293,52.3759444231919,89.0189803918885,69.7558000574013,61.8245331016583
73.2632183995852,52.6545575325208,54.7925662643087,81.1066856731269,51.6611264696491,89.4168979742902,71.0872907333258,67.2599127403176
68.1883444844357,51.0013926869695,58.3315933702358,88.6777606770438,51.4171652464971,83.3706888784854,77.7133131172124,66.8718490751604
68.5239768815627,46.7488500377501,50.4257850233115,71.7932755509187,48.6298832608759,84.2340098555055,65.3562787591559,60.2302666313949
69.0272841997697,49.1648909112328,54.2950776105006,88.156509941466,50.6199891075113,86.1582369415178,77.8065328831678,63.4948622123445
72.13726219719,48.2531907418638,50.8487928262015,83.5225363737503,53.8309226666348,90.8590520485522,75.0005623896949,61.1491498275039
72.7514361347702,52.8118823411647,58.7855434576245,74.2902807710962,47.5227647807049,86.27315964979,66.6311630931301,70.7414381813631
72.6652749375085,49.925911006189,53.1548440459213,78.901380686551,51.6568127684296,88.5764939348833,68.713714663157,66.0519549093794
69.4797870709119,49.6967539742073,54.185227414423,87.2796923652201,53.3450706674734,86.6533339087047,75.0628736086443,63.3349924595764
66.1062238655508,44.0444849116523,50.9565372513401,82.9277480083203,48.2127135934229,82.7167261193171,71.00774286614,58.4644731911345
66.2009035728225,47.3129690012626,52.352401583053,80.1154017142431,49.2378205033713,81.5657873557395,69.0771036547239,61.458781399569
67.4167992420793,50.7046485518207,56.7544452663621,85.4171110942805,50.9817885076212,83.0741945613769,75.6494006737882,64.1945410672525
66.3047061754658,48.0872133515604,53.8573455803843,83.3814151645451,50.4379069010228,81.8718336760036,74.3336570735525,62.3699065675854
66.9469719572388,48.4847807325836,55.1538301418145,75.2658039779594,47.9233091475749,80.8937503104681,68.6953605204446,63.7149643714945
68.8694970340059,48.1373708337482,59.1138535168871,85.1370865741511,50.1246137769159,83.6437566899712,74.5744759329465,67.5477401307067
68.8012140216139,46.7182013167978,48.5315956821181,80.7242801671635,49.8216095744511,86.0475358393472,71.9112271793364,59.9911782148734
66.5183002545728,44.7939862889479,49.0980526460913,87.4503302969932,49.8834638215279,84.7823521606155,75.9013182816233,57.2325051975875
65.5177108825776,44.6949280895901,50.7818816070162,72.0251348981376,47.7682742061872,80.7215428679729,64.0529238804619,58.3840466306393
67.3842766295712,46.5896219808574,50.7531759365483,85.5390047385827,50.6930870113587,84.5406652499753,77.2038621156923,60.7950839027319
67.9748905368749,47.2333861096739,53.3768551825452,73.512217007153,46.3561349972578,82.9748397560434,65.4039605854022,61.7855084114493
68.729336160867,48.8549714908525,52.2653521557909,74.7769993911832,47.5441735878258,84.0439853353235,67.1934341739356,62.2252616725297
68.7726120426131,47.0798279823605,50.728744546552,93.3198793395963,53.6209800872222,88.1900615879367,81.5212514663325,59.7372210221849
64.6642733811733,46.1196299476652,53.1488996756955,87.6438213667018,51.6501499724683,81.5129515836343,77.6839146498683,59.0007916378454
67.3807993922327,46.7800744173831,51.2695608946968,81.0671887722622,49.0995418496222,84.2874840611739,73.419662813473,60.0547163879966
69.7059237184916,48.4477668586819,50.7967750172568,74.3675051341968,50.5083329494293,86.2958565094745,67.2255148216595,60.3966530503238
67.1210140902705,45.911349268994,49.4482332145246,77.2877652572714,48.335759208987,83.4424323815741,68.3848315812013,58.7913752690198
74.1450627752762,50.6401754043935,52.8123973179646,78.4535874712183,49.863359957587,90.9228941390401,67.1161259355281,65.8736350614849
67.5121496281285,46.9293865201732,53.8345702294195,70.6412380486785,47.2027856541261,81.6656262747725,62.9759724294094,62.0924262423682
68.8516975931684,51.3529580519279,55.103732549716,83.8018640893382,50.4240388683252,84.6058157933514,71.2796116731756,64.4815930281982
69.8058051013399,51.0430392057856,58.7974666110098,85.0465375868948,52.7626235584127,85.1023506517154,75.6006752194681,67.5910067051999
68.810881196525,48.474094305314,53.8220948475272,74.0520999796024,47.1330770462488,83.3608137467444,63.4200555092746,63.6153501558511
66.8047633123065,47.7036736720984,53.8080980162805,81.1224022899403,50.9463162653743,82.5784511015868,72.8879506081874,61.8767297187125
64.6407051979486,47.7181826593409,55.075992036076,86.2483100453045,50.3061648771138,79.7682512981526,73.506924495808,63.1019226652431
71.2866351149871,50.4560166191189,61.0726524580617,84.4269948657502,51.5032249675619,86.0089401675524,72.5665642507637,70.2048914857649
69.5398979477483,49.7225340085432,58.503055122869,79.6739415955473,49.0711538233576,83.7331880015357,70.7134786321773,67.5399069292277
67.5539745595358,47.8502083077162,54.3989706111549,85.3350274354058,50.9627214082103,83.6333012728377,77.3071644354996,63.8247082766242
69.2370318388299,48.4242404544163,55.2779060854402,88.2852025334869,50.3178995623987,86.6340159062197,78.7658625373123,63.0441393030192
67.8149669046678,48.0718063320584,52.7792962214169,85.462815573527,50.8797738471678,84.7751748118259,74.4939966699981,61.3850946341449
70.0528645294364,50.7371782199721,56.3223122145852,82.520217024096,51.5869342521759,85.6662687965244,74.2936576705847,65.7054579830068
69.2452428474505,49.6402950558474,57.7528310015419,91.3309835792464,54.236092433705,85.0068573729146,80.088136116224,68.4577965036346
69.2719079941698,50.8285456953221,55.1581103292459,84.0538454719923,51.979215244712,85.6095897423447,74.7564461863699,63.5928132040856
65.1849460825446,46.2490496394125,53.6418984637187,75.3348419600245,46.7025592599089,79.162502857092,66.6474793940174,61.9256762594191
68.6809442459191,45.7322912677576,49.7093850022312,81.007316088817,49.2432282299077,86.9188788081056,71.7808416172206,57.5182960596905
64.7256199890963,45.8074548837699,53.6927307127072,76.6697571100529,47.6033274045936,79.3815961004046,66.7039190391104,59.8525222068724
71.5806066241239,49.363650986687,57.6866662809616,83.8085962090654,51.8016994968312,87.0105457323439,71.8981181431088,67.9893512937515
67.5846572486845,47.0470453875022,49.1179835858309,87.8781727869555,51.8083243995283,86.0947614784504,77.0431005261261,58.5418454085656
67.9711366972797,45.6702740183406,53.7890884661066,88.6563470885434,52.191839094174,84.9179968730544,77.0633862321253,62.2458341719087
66.8799781247748,46.9069021820553,54.8482132003346,83.8746028046647,50.8034843287824,83.1599662769787,75.5917123823784,61.9006473203189
72.4186743081187,50.4982282487743,49.9644090290825,88.6808214101226,55.2121309948133,91.9698068039291,78.633779443484,61.4936415931135
69.1590847269943,50.3576611818102,56.971802012732,80.7964933459776,49.3192925109029,83.8176288735873,71.8983118533965,66.3957596488628
74.7346456734212,50.0723005296552,54.5208950443379,76.6221475359644,51.3268927830312,91.2728986129795,69.8651012139388,66.926894678657
66.7599522014388,45.5164072009506,49.0277623197102,82.258305475748,49.0497961243468,84.2052821308962,73.51601838448,57.7261226086495
66.9773611154391,46.3137400799122,48.9056180952999,77.1347042515309,49.3194705351354,83.9597941614961,70.9063859340016,57.7463803871099
69.8025123808166,49.4928035749508,54.9636156810426,75.4507113503264,48.4269980857536,84.8260629265055,65.1558826217022,64.7150442312214
68.7767451278915,47.325204091514,49.8977737798393,85.6766739088031,52.3050888528829,87.5706821065614,75.6819934054349,58.3802636025023
67.3069995357195,45.1198114907478,50.3914649075079,66.057667251545,45.4294522634033,81.8466112555126,57.9343110365359,58.4115630274805
72.0195261661375,50.8857410122791,56.6863025532048,92.3405376121845,54.7595115811934,89.3836009698343,82.3302331119383,67.9128860370694
67.8623069923685,49.4947497231331,53.4563900880776,77.0319758811457,48.297780552879,82.7878455011447,66.9651180386696,62.6682229768441
64.4877032289655,44.8191899311094,50.3496611910885,85.7982129656712,50.2916545388015,81.1944101422906,76.4531048465158,58.8283563007215
69.1185923015848,49.3609534929522,52.8743608666905,73.7130171716956,49.1664630707672,84.2928505798545,65.2348942344306,62.4408966123833
69.0194782830271,48.7905474954197,52.0951562220549,81.8356181912359,49.1055020572281,85.2594659809258,70.8615919932638,62.3484550202238
67.8312389933743,49.7081352387883,58.4447660347727,81.7210628045556,47.3731870032088,82.2983574613861,72.0612341455734,66.6457887882582
67.4758252609107,48.0448281110507,51.0467347210754,77.2668353014631,50.2913517960153,84.0057045209264,67.6253775289684,58.7601082594728
63.9799223510838,46.0607332834528,53.1892569634978,85.9941789780712,49.8833617982261,80.5003539792877,74.9034010850244,58.5780917007422
64.5786353588278,44.9841477105496,45.8630689479772,89.2632424484291,50.2526161536997,83.5192888604085,79.1920940657274,54.6327002254
67.3507180962834,47.3528103990492,55.6563010363699,87.2243200866615,52.1570214742372,83.0534653292378,76.3424031499119,64.4733387405279
67.29831141371,47.1051738418885,54.1410769801583,81.4467109094449,49.083683876117,82.2535953371296,73.5259933018548,64.0788186214842
62.9907055929547,46.8686145009304,54.9204049246722,73.9566397751465,45.7867035683063,75.8979920806578,65.7207198806603,61.7248713914336
71.3843724057419,52.9017337172981,60.2636226454838,82.1832277545823,50.7173282218158,85.2914519535163,72.2000600880812,71.5642870856222
69.4670528000165,49.2014770231231,55.1099786429319,85.7307293921618,51.7311735304127,86.0534428863951,75.0336505915979,64.5241233065837
69.5361475136817,46.6054859233721,50.5908042857121,94.0361943194799,57.4337557365793,89.8507842278682,85.3036578339185,59.8718771325044
68.1925728200737,47.4485850462431,53.8656429946746,83.8976167987057,49.3154193377514,84.594176746779,72.6482259337404,62.2613315950456
68.3201344704448,46.7686002596381,50.2746223231318,76.8308776897907,49.856569972781,84.366878767004,68.1923167177307,60.6893100194378
67.3896211691804,50.1155996519322,56.9726980127535,79.8677350541656,50.6539826752573,81.4513110263152,70.7790754703208,66.2135286809134
70.1650753724509,47.7609716603633,56.3569215572704,79.4770993430374,49.6473057999959,84.9497468102699,68.0722642749305,66.1942356288615
71.4227139790753,48.3282193933925,52.9104718314962,90.9408923239726,53.2964292450893,90.3048898197153,79.4177040356736,62.552455345337
68.9066163478473,47.8754926518117,51.639764501365,87.6276438333631,52.8690620281085,86.7146556905105,76.6407717381248,60.9765415282651
69.4813945578591,49.7933546527212,53.2875079011087,86.8536135101208,52.6099382826523,86.6783027336802,76.6262034911862,63.0423245785528
63.3385531774885,44.5628665399999,47.1221829506426,84.2292526462841,49.0636642741227,81.4008372077984,74.8992063276227,53.66512696857
67.9816866469517,47.1428572908999,55.0833955297246,73.4978341189906,46.0746052002417,81.9463250083013,64.8353675460032,64.1934441631553
72.2491793714922,48.7980686148047,54.2701689122907,76.6913673269299,49.4539005409656,88.1853126499377,68.3332525961153,65.5108321048901
68.1958152357859,47.8647670036214,49.9419367306666,76.0960727991537,48.4433490742115,84.0927964301308,65.8241905264422,60.0146301844568
68.47491725587,47.1089580574265,52.1650143907986,79.4513189285984,49.1323217940576,85.2526622046342,69.1832627667326,60.0525623567089
68.4965856253831,48.4240141452435,54.1714761743319,76.5418866910385,49.6108743545161,84.0707211438286,67.5335700302535,62.4662891619674
67.4413805817211,47.4443473578007,53.518903431253,81.3121313834685,48.7750451050111,82.9367151163329,72.7498980817419,63.1692555845041
66.6927299590392,49.0956572019324,54.8400516775287,69.5901243993967,47.1017427201109,80.268135622962,65.5801325694479,62.5092800179324
67.1963157033245,47.5503660798069,51.4316577965964,86.8991603604172,51.7571482131928,84.409023146341,78.1596313894928,61.062519319184
69.8355560468937,49.5731013372857,56.6397611643803,78.5104188759554,49.0715333992638,84.1191347487835,70.1955929819664,67.7556343715367
64.4368236120206,44.2237339580223,48.2246408181464,83.8019577496413,49.2933448420434,82.6067240144282,73.8450215308056,54.3705372757231
68.3258894968186,49.5028964555532,56.4057974841869,87.6250876387845,54.4572038352817,84.3046393753414,76.922123145157,64.9628376525609
69.1147224585351,47.9883905942459,55.7421189648913,97.3989287028749,54.1849117621161,87.9662365695784,86.2150172518694,63.1509497069638
64.8233557294723,44.4441413541567,54.0004813992572,86.0214371611596,52.1131910403277,80.5645356524513,76.2606209443657,61.7706354131969
66.1826860506599,45.5114683111351,48.9559115343619,77.1752659821427,47.7367140206966,83.391780293199,69.3174278598776,56.5728437098963
67.940372483092,49.8295121763553,53.4638048618399,79.3823725512739,47.8526414887098,83.2981964400546,69.6738144991936,62.6152220986823
63.9301837459828,43.5957312013896,46.1378394917468,79.2315696490684,48.7357865368378,81.7834893894019,70.0649552253524,53.1806440804153
71.0023646987894,50.1601562678667,59.2923325915836,76.6888110521561,49.6727857635912,84.5478798604243,68.1864495416433,69.8578674753763
68.5072064756618,47.7986423803546,50.6690891331183,79.4202338408467,47.9162513888594,84.842763727283,70.4990426586934,61.3429489440123
68.4563173259702,48.0886584473537,54.3445964770382,70.0760134267054,46.8772170122909,81.7799805147817,59.252399595851,63.9936993963991
67.2239761624112,46.9780064845688,53.2526495509088,80.5396951792039,51.3486886991767,83.2000550874187,71.0117708768534,61.7604421713784
67.2994805398504,49.2391983077708,55.9372459918007,77.2571027095203,48.889884521284,81.2576555386453,68.5519775195179,64.7939289922544
67.3300824048861,45.4089617415862,53.5934313051287,85.5192241962818,50.5637275590796,84.308781149907,77.2272460022991,60.75253041967
69.2707431216746,49.5751725233163,54.8301794125118,73.3843116092723,47.5803003744411,84.3503707431792,65.8681730886419,63.3684144533838
65.8923294517193,46.4712153333414,50.2688275301426,74.7242423679207,47.6672709040666,81.2717373632812,64.8192326738062,58.5891732630723
67.5223854846858,48.1587254806687,56.4934432963215,71.1678909920337,46.8675139623438,80.3863486890002,63.7006339634393,65.2311504832392
65.3698004749586,44.84569572153,51.1484016428885,83.5376512341235,49.1458891302434,81.8005251163338,73.0211273547995,59.0560888734876
64.9361405205893,45.634790689751,49.7971220585366,84.9477473203477,49.4992453554351,82.6112234053748,76.6087759205885,56.8947349903275
71.4503031249621,50.3828970827254,54.1945494857157,71.8929994971971,48.9170625109787,86.2726080917532,63.9213048668826,64.5426152271263
68.7901998990764,50.6108193379627,58.9300713728984,70.4744315671789,47.4103334058737,80.9751945429131,64.0186785693356,68.5657565952541
68.7430704036946,48.7529032187536,55.453172555257,90.4188494050712,51.6182849407337,85.1322766897892,79.0683965924317,65.554456952647
66.5291880786243,45.9316304871728,50.085127864598,74.8136595403531,46.5469240593295,82.0821677847789,66.0973982233723,58.5836631200754
65.7104413973217,47.1030283066344,52.4182109055638,75.9513666865533,45.9144601562968,80.9280176198039,66.2356935211666,59.5216834577782
68.8339632152685,48.2007687325045,53.4420026480634,76.0256579627004,48.6332206423581,83.3029700733666,67.4378678596559,64.7549049437193
70.31579265004,52.1004531260821,57.4754969493875,85.7295407720761,52.2691500317611,85.6626080772555,75.435951434456,67.6751740278733
68.5661136193339,49.9835851840376,56.9835008173054,69.9051057531702,44.7904017484323,80.6238053398934,60.4641511626849,67.0973300847784
68.4827660383788,50.0586907489196,58.5180438972291,81.4208679357913,49.6407866221524,82.5462912428547,72.6808707762519,67.6123140178876
67.4342472426293,48.0283717085181,56.1885558526843,82.6819753528406,48.5352869430415,82.6146851741452,70.9814045784125,64.1437994132717
70.2096372456402,50.0101355695946,59.4095617714654,82.9756382531756,51.9184352320689,85.5819510873179,73.985880436525,66.6896076352098
66.3314915255078,49.8426750231013,55.712125647721,83.964020621131,48.940064176752,81.5442643944961,75.9450459080113,63.4124154715785
67.6472303915999,45.946327659752,49.3615142464396,81.7123277051972,50.2080224344252,84.951783221024,70.4916261283633,57.9321367745249
68.6985099138845,47.945136797777,50.7542794999445,77.1172713864118,48.5675457375164,85.4345043303284,68.3588192437356,59.4513862552607
67.5400472759221,49.9596543549153,56.4251515353601,79.4271268174678,49.4996728810335,82.1639386419687,69.683731998901,64.3148693554749
66.7429817403623,48.0042421784369,50.7113127335387,84.0048106468134,50.89212601402,83.7046200691637,73.0066401512381,59.8746434679644
68.9275621812843,49.8142883506591,53.9797590830738,81.9765846942455,50.0693559096425,84.9218569261749,72.405817821539,63.5487561213518
68.1072913671848,48.5755003472444,56.9695026314606,72.6159381019404,48.766639111814,81.4202791053195,65.3410234193374,65.8525826833004
70.3688945830224,49.3420202197114,57.5048681148093,91.3075594682454,53.6963510191802,87.3595242987533,79.0590221212943,66.1916928346221
62.7308801051477,44.5863630843952,49.5093180637562,76.2550519258917,43.4231739429994,78.1323941665606,66.9901827668322,55.7942388322454
67.2637915366847,49.5951142605251,56.09576246431,79.5997309320878,48.8728371611132,80.7449487845463,69.5238941136639,66.9011443521601
64.559339414452,48.7919563699872,54.5104922703174,83.0000310764338,48.8229946657582,80.1088796823035,74.331285734907,60.735756735144
68.1625690618005,47.6070707119381,56.6739801192785,73.1090262859506,46.6184568978409,81.8078250080841,64.0539416662031,64.5527101517323
66.4693330283711,46.8203760161391,49.0253487551378,77.0586318497124,48.4435844693576,83.2706997740705,69.0779183404632,57.0250015998986
67.4942155613967,51.379264166816,54.6101139846874,93.1720106670766,54.5574774372423,84.4915532510889,83.2142183451327,64.8985127324891
66.7644126130566,49.3795082259593,56.7367427930452,76.2646808626564,48.6452384094534,80.6511167707526,66.0588628243983,64.1346476208325
68.7680303873703,48.9427634895028,53.380337403996,72.5460640120749,47.7078471125683,83.3667305794632,64.7358958817666,63.4265853692009
70.1669911387833,48.1701946494268,51.3551240957065,82.6756619866481,52.2904411486477,87.8403976108118,72.5266633715887,61.3844084756597
69.1284032785053,47.8820547309146,51.5180340037172,79.4284499474755,47.4220147573122,84.9510346102369,67.3583897612614,63.2349403340502
66.8702275460462,46.7673856117404,52.8170632255243,80.0519540790946,49.4555579622724,82.4193240279629,70.6150662814481,61.4488632043221
69.0996434899438,46.2489012084352,52.1051108816685,73.7776592592421,48.6790700145526,84.9498414744253,62.5988065094143,60.0284452480388
65.8532159231503,47.0758336124237,53.1137583462739,84.7942981051921,50.0015009328446,82.2706992215767,75.0159968389482,60.0489247519114
69.4996142087599,50.6905886050507,57.4085003636937,81.2099353528617,49.6437959800696,83.7870883671766,70.3299902612392,68.3570012036562
64.2788951299155,44.0872344230746,50.0134740920445,81.1651951288477,49.130264522523,80.375834913341,71.8703075230671,57.9479842689056
69.3852863772862,49.9106861139637,54.5719837182957,88.4915641131367,53.8365171199499,86.7330343229849,78.9140554693633,63.4330848816701
69.7453826328712,51.1465857670784,57.3267329828327,75.4924295936123,49.7074577800719,83.448443676341,67.8771648635792,67.9882841059347
64.2784149296715,47.4531381002949,56.2080116382051,75.5374835438644,45.9262361038474,77.2567176498172,66.4750366898731,63.8460258636825
68.6784931869188,48.363986438099,54.7909347721415,80.756432975237,50.8829957974314,84.7962857427121,70.967212800529,63.1386974390809
71.1034864322972,49.8968030873553,54.8608127953038,80.4030679437186,49.746643946252,87.1154075956371,70.3620391638311,65.0775947931193
68.4563778911502,49.9514613989811,56.7679421601365,85.7802507331175,49.606710259241,83.5025637397768,75.7428951817271,66.7319401102318
67.0839896508666,49.0186159590419,48.7004260174699,78.7403387682781,48.9004542212649,84.568510366698,68.2371067183616,56.5240187361467
62.587510028727,44.0698790750898,49.8176280378486,86.0838412380103,47.2352786027698,79.0250872311407,76.8427253499014,57.0916980667827
68.8985946951452,50.3444940663606,51.3203443825052,70.9905929541956,45.4157025057632,83.8046289000085,62.7235561030137,62.2072913977758
69.1503418274008,49.1628147554977,50.1186029996122,76.3957673218698,48.1380259780982,85.6643058290176,67.0621903118337,60.6060281016867
71.3789354080064,51.4323926478874,56.4798262066074,79.3183002110021,49.1907732817533,86.4278441979969,69.9619401096306,67.8061834893907
68.3943781536342,47.7688908595336,51.9678095063258,77.2284020788443,48.4366043963318,83.5547434622321,66.9685145628974,62.6954048940634
68.9518961091802,47.1710472013652,54.3257815826246,94.951180492271,54.9309883337547,86.3024970527765,82.8152664481486,64.8558992506129
68.8035652152116,48.014419299696,55.6440773541553,77.6981508020648,48.2833224743059,84.2226620239064,68.3680113555113,62.8847064017372
69.0724083732001,48.6734030560201,54.5081228833042,69.4283102894741,45.8600168270056,83.2444353670781,62.4412019024145,63.4796700852017
66.8352799502721,48.0433586473783,52.935381679441,87.9604798337372,51.5200199590456,83.7126358155245,76.1265219241337,60.9341591583296
68.1594198491943,46.6066475919782,52.5847710137995,77.3261454975132,49.3463903540995,83.467952656801,67.9955109049426,62.9035915299863
68.4389394449402,50.7861593614211,56.3470702387751,75.8014499036416,47.1730094341127,81.9749503902583,66.0352305416838,65.6358945166027
69.4971175815861,50.4528143492401,56.8892143284714,74.6477618921938,50.3029225411621,83.1872400002446,66.052746980456,67.258769236937
65.2715503398325,48.0780255688059,53.256299862146,85.5684319927997,50.4523039207216,82.1274078684918,77.4347156423944,59.7784290927254
68.2762285253227,50.398690377714,55.7654266231947,74.9673109654818,44.4177026325507,81.0979631743849,65.745643419471,67.0665591222961
67.3865664661127,48.1129943639356,54.061487546173,77.5729283195044,48.454722770628,82.6184836004188,71.3090616790276,62.8920278454181
66.5556905013035,47.0079726450466,56.5764858114153,80.0716268264431,48.3450692613983,81.0435626957975,71.4795417684755,64.1456142085585
64.3685280113967,48.4718973285863,55.6944801370714,78.9016326587512,48.101819002499,78.3188668737518,72.077528812604,62.2206194834107
68.0612835551359,49.1175817452345,57.4352289462275,82.2305031092024,51.2008289261371,82.8342941494122,72.1182679691902,65.8529448887594
70.3210899482008,48.5007661474427,57.3545169855442,84.7541673136049,52.5868354276406,86.2591541537295,74.6937560032135,66.3668234208907
70.0600035128204,48.8144064104652,54.4213476144924,73.8208419642823,47.4815206786555,84.7972719103393,65.4621131749753,64.668930870438
68.0196995771732,49.8987774274005,57.7327166464012,68.7587736499025,46.9374196843498,80.0718749775113,61.5614336728154,67.4000523551997
69.2604366036828,48.6293081729851,56.5898287200381,82.4511825224906,49.8131890627841,84.9380578846365,71.9407359990832,64.8198435286247
68.6815952804824,47.0805888570663,51.9580551080316,88.8169429188724,54.1417904932116,87.0455161325285,78.052410326041,60.4867560106981
71.27763708448,49.8189535062738,55.2432157959173,82.4655068078368,49.1983783330949,87.2340604956916,71.1913267912822,66.0327011345296
67.3907564253667,45.5068167677518,47.1138732854253,82.0842594441675,50.322827341012,86.1128735202836,74.4753773401089,55.6886754085992
69.3859965904867,49.8186979275951,55.8904537274103,72.0164065104587,47.4805838789449,83.2442443361922,63.7009020456938,65.257155250215
64.812573550416,43.3770855403611,47.054751807073,84.0330730201502,48.4617898288279,83.2723363734702,73.3513182124274,54.178325814054
66.0801286699224,48.0330642756372,56.9186408796665,72.7958531609434,47.4720637279154,79.6756243875602,64.3204125098045,63.3656658679936
69.2357312912783,49.544351271927,56.7312542223646,90.6032686140361,52.1881003042716,85.2672219522181,79.1347290268794,67.2083550245579
66.6870516590689,48.1133711780129,53.6119479867104,76.3120401667331,49.25676314733,81.8944117213765,68.0054073940463,61.0225873456821
72.0651828260095,51.1536262445217,59.8559682314072,77.0455690893454,48.8341331632822,86.5210054850586,68.6963224231464,68.3943005131931
69.2562487015618,48.9207382728445,55.4719635096877,86.8181285287448,51.4529929665898,85.4795246749983,74.7134835084083,64.8796879035609
69.0142138359461,48.5076712282044,56.829048960592,87.4697245193915,53.1378728794354,85.1377773575005,77.8721352848106,66.1855859976432
68.5114725895468,50.3475790485242,59.9449595230886,79.26482759564,49.0882426806691,81.7288512757525,70.1171350880503,68.9718763436237
68.6852130164456,48.0129874831273,54.5932305416836,80.6702895338455,49.3679992310053,84.2691857646876,71.6263839007394,63.7475845769569
70.3760875378026,51.402854312076,57.6429164611975,76.6707844959188,47.9195731661051,84.8144373818426,69.3011237644888,66.8444901257508
67.4855769557673,46.0119068804317,51.2830709958725,83.0441336805709,50.0152853051788,84.9370163223388,74.7163461246919,59.2064207106831
68.0635479202427,45.6951238888729,45.6952147533453,74.1896358674982,48.4398488915952,85.9062513964186,64.9868128736368,54.9010808997727
68.8972013107745,48.4366743482742,52.6835334460689,77.9565732850721,46.8588735746189,84.7172066815875,69.8261382767783,62.0120769497004
67.3568584294178,46.1553146211848,48.4607790746324,84.9577879206695,51.9273150594445,85.3078393688129,75.1456196609991,58.0111581071109
65.0942131478626,45.04627264183,49.3143801693138,80.3842547104006,49.9156395038311,81.5280617894252,71.2920990828346,57.719778041492
68.9945386946792,49.8803153921568,55.9516534879857,78.5170615478025,48.7062260810693,83.7388254201776,69.7900466522764,64.9501848146543
64.7874832367356,45.431250762035,46.2211715440121,77.3485570255552,46.2001871023111,82.4656403912203,67.7507919942697,52.9190903071734
65.9104622003681,48.520829533288,54.6553767770663,78.949780775451,47.1400160941915,80.6587262122528,70.4783270082045,62.5021841686496
69.0450337993182,48.6822290691793,55.4420188162639,90.1009959755184,52.9296753091165,86.2571754438578,79.0858569727936,64.049030008367
67.3619235624443,46.5422122992316,50.0021345911696,75.09277599155,49.6824303600402,83.3574521760429,66.481708484983,59.0666524639327
70.9585262285434,50.5501202425005,59.0195166651344,83.8885939720986,52.3241884999034,86.2471411311345,74.4786679600705,68.5090801094663
66.3495528518499,47.3366651141272,52.3964433553427,76.123226080282,47.3235768169564,81.6728806664753,65.4411751952323,60.1715688240242
69.3890534885622,50.5559644582939,57.3584163344175,89.4348468590781,51.9085754273122,85.1814045083726,79.4330388704452,67.2745588916818
65.6550320577495,44.4377165501974,49.1949034019989,74.7155122361096,47.1668133213913,81.3947674962585,65.7983217043245,57.5580375788356
70.8964571660225,48.1816608556804,52.1218161357907,82.635023000909,51.2360117809416,88.7683533071475,72.1021325785629,61.6425549662363
70.7812461928543,50.7036576118144,56.4421134311855,86.8756806494006,52.950146586154,87.618961601115,77.705697096456,65.4288145137484
68.2792578463081,50.2166962723043,56.3006233744315,72.522105053591,47.266489805493,81.9092889407769,63.2247911147473,64.7979806469004
66.5537635153559,47.9542451010787,53.1043592532853,80.7704550262624,50.770110835396,82.6945376116199,73.0883548113384,60.7958392617658
67.8481592470435,49.8671824345451,60.5057080325475,91.8622038914912,52.2369545123767,82.7021269581665,80.8685278748233,69.1344239939211
68.5632831494208,47.9769777793255,57.3926517849041,73.7452795664131,46.8790145609541,82.5693744696812,64.2659550992218,64.1441792351549
67.7107536376442,46.2394356260439,55.7808489399194,82.2501294895012,48.4444089257531,83.949018064331,71.1067129610409,61.8409350611138
73.3398576130023,50.4031257965666,57.2650078532405,85.4641111797284,50.6266788507141,90.1244118698346,74.3230563863276,67.4678865386229
70.8834885447077,47.8242211373081,51.2355893944755,92.3116660339849,54.0751062982779,89.6549584247953,80.360964922465,62.7537691960897
66.2584858565115,49.429605944331,57.7325360059343,75.1744639443949,49.0123161869226,79.3151493660278,66.5600811848867,65.4647443063456
71.3423775731627,48.8115621959499,54.1064460160118,81.4719117071553,52.4968209272325,88.4805036565361,73.1183338117983,63.8415888823463
69.4223349972528,48.3700487538716,53.2559845659161,69.5491726170697,45.7925530829471,84.2472017532555,61.8064630749334,61.7307668876702
67.881276191988,47.8481790873095,54.623270409171,80.0937322638814,47.7374941640062,83.6283924735778,68.4535522041881,62.0476806453319
70.2828460561447,50.965457432758,57.5189522993522,79.8610293351247,49.7772048024069,85.2802394018884,69.4275396786505,66.1407199738057
67.3697216660699,46.2177724732289,52.198483957975,78.7284405136618,47.9761358129599,82.5578087653195,68.8021351022051,62.0133592205287
71.2655053663197,50.5685242536638,60.6407561585424,81.6794954279836,49.7376891037474,85.4723646127187,71.8232163175738,70.0850540184721
66.4274450684726,47.6371546007425,53.2564847806025,80.7549052436282,50.4262581249489,81.6496655727757,71.8311861611308,62.4271744869044
72.0685243477609,52.4646584368066,60.7549206983471,90.763559217217,53.0124376178103,87.6945078950205,79.4382653056028,71.3495004190224
66.5795479070739,46.4201584992331,51.8724092466262,72.6919091241799,48.8732366366777,82.1680733607504,67.0072228907334,59.1434106866523
70.5374634045251,47.7857433208782,54.2021846813759,87.7272996894585,51.4585500463585,87.3673231010797,76.9456290413954,64.7637441397483
63.4634451138536,44.5904668980279,48.9064568000577,78.405585474564,48.2964390066778,80.1126805329992,68.9523774993078,54.9144657171978
68.9779188717147,49.1962590048669,53.8444287522777,83.1854743108007,50.1956543778041,85.4558833807098,74.4007201731583,63.5251589252982
71.7566870790532,49.7676305729827,57.8134033017281,76.9667732931748,49.5842636844865,86.0739146814926,66.4629260723486,68.5000737318077
72.1726957220036,51.8469616299349,57.1090362590615,84.9872632020208,51.7193289489092,88.3121533745608,74.7819299432682,67.5546270450729
66.7838972024201,48.3757006333131,54.6141498837364,76.1059128222048,48.81005583635,80.8695720739155,66.5648987349086,63.2648764418891
72.9808393298642,52.6464829171363,63.9480922473211,75.684447137422,47.4964612065577,85.0397797752249,66.4288516138604,75.2329155252793
62.5395728304199,45.3798316264503,51.2936560370366,72.8471008148672,44.6150168394754,76.5414008923386,66.073452276128,58.0147046781856
68.0953603195547,48.5930830324193,55.1219210285836,86.9095794076726,52.3004371270574,83.8719155671779,76.8276491940342,64.5392361750921
69.516754463714,46.1521073613597,51.4660565698236,78.1738853676615,48.2614196200782,86.4092316630823,69.1184371752953,60.604955621248
68.5949179137957,48.2251797251425,50.2313955441445,79.301357189506,51.1686953705558,85.3555469013247,68.7994944570371,59.9814710983802
71.6596975837429,50.9714338941538,54.4921429262128,70.4214032698057,46.9525189014675,85.8988434811811,62.1974319616697,66.4343397702525
64.305120076222,47.5799199545712,52.9084660876461,81.1128991747265,46.0983876334782,79.3528441995346,72.3640201117116,60.5706955040085
68.2205449153532,48.2932164339797,58.6048680652989,77.7687031133616,49.2178090197705,81.6164992257658,66.4359816436696,67.1157628935828
70.5686291095615,48.7137991365781,51.0047398370901,82.6323819776531,51.8834453739654,87.816602343032,70.1161139623725,62.2408851168394
67.3667584008263,46.5480836378566,47.2650970727465,82.5416750085566,49.2736342021938,85.2577913077931,72.4687188762524,57.8336374358334
68.5924531573125,49.1775683224826,53.6236451193846,85.468635754423,51.4583919027634,84.9765803801034,75.9249595267891,63.5288510611373
68.4397478879047,48.8214909322668,58.08914905306,83.6646552456398,52.7240301448471,82.6764032718922,72.660597263395,68.1068409530674
72.0997945232569,51.1934799614916,57.6137092917163,77.6075742254786,49.306935631223,86.675305866547,68.1885695631574,68.3950289376221
68.8515882415189,52.3163024678976,54.83213874975,84.0934890094185,50.3389001737833,84.5115321768259,74.3133987206886,64.5951970980423
71.5382968152786,49.5414782137352,55.1631837768112,81.9823296916539,51.1538614016227,87.9050428343291,72.6294693637833,65.1538445772488
66.373024603762,48.7924492354523,54.6048058024567,78.7609142446441,49.9638600614256,81.2450425494821,69.5505677989717,62.6288776958005
67.9473214501807,51.2140406604485,60.4919963965824,81.6240736650294,49.6773353657017,81.039759086653,73.0648024846199,69.882311946266
68.2399721114499,48.182510348339,52.8633071884411,78.5115929931878,50.7676826880497,84.2812307605894,70.4365870808714,61.65870345665
71.8350209941829,50.4933846845466,60.2591556499413,79.3874876849463,49.0662440828875,86.1517668224373,68.8844745407298,70.1238594670227
67.5218734686375,48.0882543942763,53.4989993012909,81.4293071443035,50.3018188483468,82.6097721779835,72.2353335406848,63.9830979044789
65.968915112871,46.4730995457525,55.7377200055387,87.309563562338,50.5395028283351,81.4694829576957,75.4592529265421,63.3923955509379
66.5480027185777,49.1562767233141,57.2238575604951,69.4837615628309,44.2271582790294,77.991160760967,60.7616331431295,66.4760187017843
69.0017396956335,47.996943500234,54.0794989428722,86.7002943223217,50.1201477460826,85.8737896928578,75.3748277388762,63.5271062628649
71.0086139882161,48.1772877021989,52.1183566481069,60.6315506001075,41.0264946785196,84.6419841578141,53.2936807648714,62.4737686125854
67.6050662080771,46.0933021499862,49.4405403175577,73.0484612570504,49.6104658769458,83.799649448703,66.2420970761285,58.4744599066677
65.9364232126087,46.3822115878392,52.8919673102414,66.0077236140968,43.4045690171408,79.6831020966914,59.6939046850876,59.365629533044
73.086984700543,52.2348679575755,57.7617478691759,88.0900960033854,51.5340658528172,89.2259075915253,77.6904198763473,70.0654358248032
64.9356964634639,44.0726842902065,44.3944558660796,70.6377140535179,45.9378081560081,81.8051255143901,65.5294478840958,52.7360427478276
69.2552469342748,48.4797969832165,53.9174296177445,78.3827080752481,48.1550608171426,85.061001271497,67.4019843536931,62.5486607896172
69.5193949265179,48.911624604993,51.2192394864663,91.6327764444802,54.2264211172953,88.7002262806339,82.0909241051356,60.8157250699616
70.5999461698969,50.0285038675271,57.3242689375905,77.4381719524206,48.2646043047902,85.6830198352203,68.766501104708,66.30976782351
68.1941459472555,46.992466514171,53.4263068381861,94.2990023470617,54.7077709247253,86.7165289344013,83.4723720996853,61.868307421744
68.2842670738655,46.9815723065614,50.1357409635588,87.847364268132,52.5324512205635,85.777711761182,76.7335461954355,61.2352572029903
65.7783543233081,44.5985547185472,50.4641257151531,91.0678436087282,51.49262919136,83.9545737894805,80.0622320747038,58.5686528714356
69.5960398731363,49.5334855027256,55.3376106439902,83.8822878664359,50.6656658757016,85.5524778573359,73.3438285712448,65.1969982067384
68.5635854634622,49.6021396263398,57.0750499347673,79.2406651056159,48.7573946074731,82.6437700728168,72.6205886675413,67.3979822972331
68.5468291618652,47.6295509791838,55.0110228679991,76.2494593609346,47.5871275991974,83.9226276741031,68.1513277238037,62.5230884324642
69.6864521601517,51.1977782487238,58.7243684395224,83.5834809640748,48.6532915971117,84.7337613068299,73.6415988680344,67.5052288573784
66.2749695888303,47.2825413108087,54.9315320385266,76.8043913213858,48.6334510424472,80.8000855346654,68.0096860157486,62.2166492258164
67.4105232297438,48.8355807982203,49.5111897108815,81.4306355196204,50.1386126365011,85.6003577459104,74.3593263042416,57.1008048990284
69.5858630637262,48.0960437789281,52.4080077472878,82.6581424450004,50.9934677624927,87.192206672098,73.1934094585726,61.0975429619
72.8879845181374,52.9420860382274,59.2560243557932,79.5377770164029,51.8950334939389,86.889226820757,70.7277743923935,71.8602534473118
64.0767002278198,45.4445902217623,54.7381715619935,82.0678481172367,48.8102815009275,78.7647267836702,70.2650619238571,61.400091413893
68.9590333342051,48.7516376591605,57.9678800337096,78.1871511446105,47.189936180458,83.3480142553923,68.4671076448984,65.8369517153971
68.041726607867,43.767009423173,43.2776454675291,81.9810518030919,50.2243033195159,88.0904197167187,70.6958888314192,52.6016704016393
67.6771109988527,49.2178733958404,58.4083659385839,75.8574965242698,48.0871364405425,81.2836547983309,65.4945589474349,65.7748168947685
70.7090110871058,48.437257269657,52.4243733157442,73.0938786571596,46.5534165590429,86.8669232916608,63.1773081232955,61.9212108226617
67.7411785765085,48.9802167242958,57.2849603117296,81.0994806300053,49.8781650788195,82.1342129814281,71.6218811362375,65.7949064354017
67.9784939562055,48.8322581174286,53.8866239167363,88.0437268777315,50.0764706320081,84.9811179337099,77.7527653698144,62.6619184333874
64.0391197123688,44.6446033196235,52.0019417671122,93.0990766470061,52.6230520691969,81.6241359295474,82.6399281059765,58.9092674480152
71.6722210916257,50.8777590891627,58.5388735139315,80.5764041910054,50.3718179428485,85.603552722175,72.7531618523836,70.7125825728477
69.8946277553505,50.7511335341841,59.0018413132199,73.5776632443225,49.9121421654251,83.5552240681231,65.2730012673844,67.5809163208376
67.1980104402344,50.5625470386344,58.3542681525618,86.7724572054826,50.576993959535,81.4310641928576,76.7239041657095,67.7978493599669
67.8962181489898,49.3644772045999,53.2339244841349,87.8815529433853,50.3429786153057,84.4744496959621,74.9400513553195,62.8259899733774
69.6710935138755,49.0648880544469,57.1475336960891,83.4307223196767,52.9388000396617,85.341738745335,75.2789721023391,66.3216659183715
71.2675467089501,51.8586033837763,58.2201486729409,83.1318199406188,51.6729649286359,86.0346279947357,73.4875077033232,69.3673842677954
67.9779750015502,48.1112588085625,55.9911117755554,89.5754197704682,54.3024439159407,84.255820019659,80.1606440423551,65.3632050831684
67.5719148593372,47.4855974230756,54.050318219501,81.8959458145718,48.3154007185432,83.3525077083867,73.3407808410409,62.8607419678425
67.5032497436572,49.9428833800507,56.4122851130879,98.001000644461,51.7088921163046,83.9882980375381,84.270706579378,66.638290706918
68.2130938456419,48.6514761845976,52.3774343729224,72.571901362239,46.1335868990651,83.3556136836572,65.591495699346,61.5412016091608
68.8000089409882,47.1294002048346,53.9202072900302,80.306192718824,48.9954032678503,84.5232380401809,68.7225121829452,62.6315698463478
63.2895321001334,49.4895288418902,58.5528092409315,84.3874141606426,48.7414121900891,76.611073436181,72.7178513149962,64.5939360552055
67.3030117797806,48.2192776731399,53.579630468093,64.3125852445091,45.8768951927745,80.562520439483,57.5508252706483,61.7135169810939
67.3042490371368,48.8998808199884,51.8229556041021,79.2834369356759,48.153095422068,82.7845074503558,68.3633106314222,61.5183530193069
70.9569136674286,49.0087609597249,53.2899761404518,72.7212638154713,48.9065700064266,85.519120664843,64.7157179991815,65.0633338096677
68.1331283973773,46.2832685013256,49.5439851958717,74.5052889939088,47.3334386618314,84.5704082855304,67.4757034823689,59.092629982398
68.0905589769332,48.0681566542806,56.9161207780857,80.8930146976475,49.9903720691198,83.3608940232493,71.4514491185362,64.4450262753845
70.0985515543871,45.8514731649349,48.6525663512384,79.695313499622,49.1776296330533,88.0573524698457,69.7774023243288,58.6264214544069
70.5632065648258,50.6842286840784,53.9438289004727,80.4774849215664,50.7314355418763,86.8607232997994,70.4549579029796,64.3718577012272
73.9086268991891,50.8361212236165,59.1071701832084,85.7011419412767,51.2375153546222,89.7399078145937,75.9886987158461,70.4991506491335
71.4068107160754,49.1659921186858,56.1098477578786,84.2082116452142,50.42020236078,87.9375631949315,73.6633288993198,65.560541878971
71.82988659652,50.9404749916404,58.3504528128317,89.3864253318936,52.1059803819665,87.8647733206429,78.8289633052201,69.2830608426368
67.4708977328007,52.1875918889811,59.8669706576373,81.4422517287345,48.8825199681554,81.0417919105324,71.7774198910144,67.8035367123862
70.4337607432967,49.3774145493283,55.3872665281428,91.0264464394924,52.8480899911087,87.3872729252239,78.1775196808943,65.5097807236252
68.8273382494323,49.1641618868048,54.430801030008,85.1080674612571,50.6383425345592,85.0558157649812,76.286669377623,63.9551647716422
66.6851045337715,46.9451719967088,52.1283323343506,72.0572113342576,44.3109979130692,80.6119360396527,63.774097215441,61.8943363480449
67.6896706168805,48.2285758306019,54.3085905038869,76.9634643767445,48.5433548588755,82.9573892837088,68.5628112268027,61.7980140886673
69.4099492778649,48.6206292194864,55.3674730092967,87.9923935068808,51.6539094085367,85.8810067671092,79.2576453148837,65.3028029804452
69.1244007473743,49.5104574584173,52.6678370659181,87.4137696704883,53.7639755438541,86.2617524629572,77.6997076400398,63.4289773398126
66.7154898894339,45.4161707395753,50.2911425291696,72.3741155539133,47.8876136317683,81.8938754361856,64.6417570929581,59.6490247757528
68.2716914210016,47.5636663078398,55.6715868336262,73.1886721389354,47.3807065140271,82.0569986734478,64.0878376573461,64.7972897387278
67.8439639859206,48.5102297401655,55.8713512824167,72.8662434529016,45.7747154505602,81.206152948999,63.8070840439585,65.2346325799782
70.4491911843035,50.5317367657213,55.772336009113,92.1185465004165,53.5350369149363,88.0047158017769,80.4107416741204,64.9946981756157
71.5037409051207,50.5265860091903,57.9784572411234,87.3657177912838,52.5211098175939,87.2626090970706,75.935354526506,68.9833461032832
66.2100781626695,45.7681133123161,47.8351161756408,76.5419606985417,48.9976459800392,83.3118002383469,66.702608710475,55.6247969586259
69.6527591357472,47.4343622374702,50.0614927681265,81.2873071308437,52.2092969590621,87.3289555702488,73.5496947024568,60.0061662433871
67.6439788066641,47.6332484814344,55.3948425756515,85.9895947397614,49.8756766266954,83.1552011597385,75.6087651164841,64.7718329472091
68.2017168987424,48.1960525476673,53.200109022521,77.1278319643574,49.4231968262233,82.8645520806719,66.2593622462366,63.4660210007
69.9192120975719,49.3269284252313,54.6458211567621,94.5889680330851,52.9052292220645,87.5520985119766,83.0374699396044,65.5095021582524
70.2923771098231,50.6216587132745,56.4166455620087,78.9428380210562,49.9894885640735,84.8180948943338,67.9186232678019,66.954845581053
