"V4","V6","V8","V2","V5","V3","V1","V7"
76.2099609434496,48.3898379545967,84.8045936067921,84.8165413407168,51.2303827635758,69.3057937265115,66.210865263421,55.9493903991199
68.3607011326611,49.7103211653688,77.4931055647415,85.9829989462372,50.0205356518919,71.2617856563986,67.6270882266894,56.7063555093494
68.204675938007,46.9885272759408,75.9875642379022,83.5597207433378,49.072217836938,67.3070478337736,59.6359472928016,52.1561095376271
73.8424228994174,48.3768163197147,85.6122259711402,84.7259942058331,51.4940653440226,68.0518126188788,61.7077561900944,51.4987713342863
72.5058097767869,48.4616314043407,80.8512268415651,84.9962044475494,50.9641237868022,67.5780650591473,58.9823237047466,49.8830556687442
81.463870746871,50.1446588895846,92.2672545273314,85.1769801278417,52.9315326196871,69.3093176989546,68.4069014072689,57.6872834057469
69.0717334186308,48.8911450439744,79.2103028144065,81.3086624136884,48.8071506144203,67.1699545474836,65.0582217692109,56.2509878720618
60.4499204209172,46.6538298401686,72.4071546780127,81.1770337426464,44.7531836275449,66.6614113706891,60.1245612791799,53.4694668441644
74.9477638213066,48.4865653856541,84.1599905661402,85.1789693387529,49.8292252841741,68.5771202388565,62.1447354211928,54.0285512517419
71.6374044497282,45.9634848655155,80.315544814451,81.4097423933883,49.0686422720668,64.4345651324701,55.4567041703771,47.9739958206255
75.7855386744338,48.6578059822468,86.5018884544698,81.2820456756927,51.1455814091267,65.4070977652942,61.6479361056706,54.3400942527424
69.7748197199722,50.823661729204,76.7849280185607,87.6531251722563,50.0065878044843,73.3955119132428,70.7488442173569,59.6197146317498
61.4195068632995,49.2373769171891,69.2350490568982,85.1810741932831,46.3105051856244,70.2449699737585,63.0960402725627,50.8419032417647
70.6739888907165,48.0223287485295,76.2413358400857,85.1280039447081,49.8891530461352,70.2380080242945,66.2638672091536,57.3264095097111
72.9424537535938,47.5566806588566,81.7001445578483,81.3166615143431,49.2681381834525,66.0698609973661,62.2885233988086,55.4714688838481
69.8030849566576,48.515376351003,81.0130769382676,83.3217458572777,49.8153224012876,68.656049704993,65.8272003406373,57.2884315876054
68.4604603450655,49.3233187543312,79.1287980614847,83.9969831486956,48.8599315025286,68.2710121864562,62.2333936952416,53.3536778476153
75.6868907842914,51.258746882556,84.3035106378878,88.7609334446611,51.1492234828926,72.4917848982507,68.3582195264253,58.3358675204409
68.8464087864,45.8827788737538,78.3269060116658,83.2341337025607,49.0318241169838,67.5188601255208,61.0705449372588,53.5093543266129
72.3872713161678,47.0638666432227,80.6199052815887,85.589063314615,47.797178955314,69.273920956248,62.7541457782502,52.9286461046505
72.5215210454114,51.1297284211896,81.9843066764091,81.4015975053632,50.5590897991868,67.8539734509433,68.9698170721225,59.9026347942702
65.834229973904,45.8125201011733,73.4738963156541,83.7898733840762,47.0805874693727,67.683485444876,58.3688073541822,48.8822320087776
68.9001701027091,49.3026541988762,78.1288328425263,83.2432885259331,48.7247870255387,68.1526683597687,63.8660754923346,54.9039465896883
74.8753923395415,49.2133815544317,86.1960229837706,85.0844045550593,53.0811497218712,68.9793476941101,65.3131514762248,56.5779299937879
66.5336722239148,47.6984600417657,76.4740179573018,86.9928035362192,49.6032244507109,69.9710320800204,59.3864673616513,48.2304500773191
77.1626432357616,49.2500064924267,87.260400970027,88.5672212588425,53.9917187329513,70.3719258056738,61.9118988423307,52.9573473041112
72.7909697771566,48.1228084012144,82.2512197772257,86.3132794534508,49.9187673218329,69.4411286547216,62.5468266714993,51.1823930870512
69.9447209105543,46.703311484094,80.7083754184182,78.6439011337028,47.3643575581858,63.4392009805483,58.3851656234699,51.6471412612893
70.9959989585443,49.441129164782,79.9822914940453,80.2673586376584,50.1620735629923,65.9041346609835,63.1789457772693,55.5033832885964
76.4888944614145,48.7697778952781,86.0758481923877,85.0497022705872,51.3092494901177,67.9096477778819,60.9238368582429,53.0929357759299
71.4336800624264,51.4626453723752,80.3781054907323,87.1597818846779,51.6874484335977,71.3771598890755,66.4197170072448,56.9267549583947
68.7496584207695,45.9634531782352,77.4355926621496,83.7642769040575,49.9322918407216,67.5304554143859,59.9367449922517,53.4611461251525
75.0072232585615,46.9671555786829,84.687329035186,81.7672706639179,50.656138780819,65.2686967226751,59.442633824045,52.9125546075219
67.7586582143873,46.2318652654642,76.7525627857579,78.7541959022304,47.4938843105224,63.6557883026562,57.7717980328796,51.2517513081865
72.8767997740977,46.6006072075441,81.4323861922261,80.7132113403714,48.1326559876282,64.7141428477647,58.771400829334,50.9826573070561
75.7981199515514,47.8749204896616,85.9275073710474,85.9007135936043,51.7749127278482,68.2999390582593,60.9999352366329,51.4544096656265
72.0347935975392,52.8786701297056,80.1792100777292,83.4290259684591,49.0527316175904,69.5845544100433,68.9167682811438,59.348869631972
67.6181777711852,47.9598036372044,75.8383341278152,82.5507490711304,47.2272786611715,68.2807082486606,64.2586451574616,53.6123112717493
82.0269475153612,46.6173172736294,91.3314703015074,86.4702275838554,52.465867618478,68.581817675011,63.273848319609,55.5482541052157
60.2929696728248,47.5480291750078,67.1169191787557,80.4895486394401,47.1433628196186,66.9982077754423,62.1290495541969,54.1915556288367
65.5637699436283,44.514863481136,75.1851896542148,80.6231993338197,48.2040592910312,63.8965444704132,53.6167137994552,47.0378175634661
71.3244420487016,49.8347246331581,77.8943158923702,85.5215032327379,49.9143457062022,69.5435322223473,64.0928715540092,52.7700817044174
73.7937020957544,49.2037216414088,83.217903820857,81.2828344199826,48.7189171963681,66.7866357213481,65.6427467639575,60.2670913277572
72.5143055518124,49.5045918453263,84.9973785904441,84.7095872248537,50.4732658508508,69.4886033546016,67.1222482213191,57.4463268846774
75.1943888865004,49.5801638874246,83.5537821595169,88.2634287980696,51.275967885495,70.5802578180804,62.716630424912,53.0694712131057
74.6870311131778,50.1148490885446,83.5176231562472,81.6928230722584,51.0047690295495,67.4657557135518,67.3963005736279,57.8843711009235
70.1179137627367,49.5054703475056,79.0394630306984,86.1138480954722,48.6548900573515,70.2872639613586,65.1195191352915,54.8309562512054
72.5630433651752,52.2633952921062,84.4535616265689,85.8619685968844,50.7759746009998,69.8151613378963,65.3741757039112,55.0069414031059
71.0270489467318,50.21052606399,84.2327684698545,84.1236092597133,48.6899560470341,69.5933961408302,67.6090821612256,56.8885469056152
79.8013041331803,50.6731998380214,90.1674156875822,87.3434269602462,52.578106719526,71.275956693605,68.7604796581311,60.2582145031497
73.8389831136991,47.4953447224686,82.8489401529321,83.7534284690163,50.3500447461036,67.5169762018885,62.3667995552588,54.085429159014
69.3141929366239,45.4570664106712,81.5971222774669,80.9107482131708,47.4602797466455,64.1685951248965,56.1091641977903,48.2658849622275
70.4265425195666,50.9136155622379,79.3105031048002,84.7667954769967,49.1609119235163,69.9554562504562,66.8266738327,56.5962358161603
67.1508251508304,46.8606214448463,74.5067135373421,83.6165027625792,50.7895561349023,67.4042732982033,59.1894442389058,51.2133789106813
63.2872068848068,45.38081323716,71.5240600734801,80.4443803688037,44.6799251158368,66.6986292995749,62.1968913273503,54.6655087368645
71.930192695573,46.7523066883813,79.3385740881649,85.6440049595283,48.6743105579551,68.0669812097466,58.2960026190582,47.9184519248865
73.9099498515041,46.9254059432249,83.9817743684174,81.6384207643343,49.8168146687037,66.1133912596334,62.2406150374587,54.0704247297016
77.8226338352283,44.6815576411531,87.7548500509041,82.4454344067377,51.7382641566227,64.5213115029198,56.463574823472,49.2043583674622
59.1379876654448,51.0849620853458,70.742499885322,85.5502845555848,46.0696954965975,71.5658117199748,65.4693717026108,57.2359147759376
64.6579594969156,47.7483393434636,72.2654879676589,79.1599109318462,45.1572034824405,65.7513114194324,62.7977278913827,53.2944358563387
65.0172928585898,47.6527564811203,72.8210591268849,84.0190730667867,48.2547312087646,68.9517053978975,62.2069693251145,54.4309068996886
78.7244235672041,49.0419238004206,89.9636401662082,86.6985809102774,52.8571617645323,69.6062196143441,64.5610709019979,54.9712492054042
74.9367146515527,49.0802509021579,83.6981529803541,84.0512448149206,50.7500391294747,68.5759256895414,65.5469810200137,55.9062854464907
77.4314525412587,48.7378721729326,87.0331392509755,82.5389121018258,50.5358041685696,66.4522166861595,63.4528227239346,55.7369860182585
75.8869728338282,45.4150663863592,83.7600953580304,83.898448570644,50.2159468685123,66.2775840596406,58.2798847528443,49.9418788589491
72.9675869036196,48.7663491315938,83.4991606820816,85.1334860831812,51.7238553510774,69.0232062573661,64.1905741806938,53.6631170684001
73.9849816074101,50.1725689109622,84.4222354500864,84.7655293747534,50.5833017842863,69.3715371052792,66.1343163063318,56.7944221161828
71.915620980073,49.821857946413,80.7042487914746,85.9629996971897,50.2367106393089,69.7620723032473,63.5103689996001,53.0866478171242
75.2311255341955,50.8543208308071,84.9703124387423,83.8608333810183,52.4731419579012,69.4460885358183,69.5498882064586,61.2145092149844
67.7497529878588,49.0663596756211,76.4933652454259,83.0788299610744,46.2509137144411,68.6457358478278,64.5631027519205,55.4449193714978
58.5249911347442,46.2639385266866,66.3135161580012,79.4945657442604,44.1247003991113,65.9712031861514,59.7762850323384,51.419719523854
72.1913483971844,49.082654683626,82.3802847001935,84.1624764819613,50.3970031647416,68.326287388206,63.7719190603551,53.4352315480422
70.3011779189447,49.406993841713,79.0290350181314,83.8186805011549,50.510019720835,70.2654769272232,69.9960452260717,59.6674346951061
70.3617589890141,45.7517943764779,79.9923608396285,85.8601893860106,50.9084082828337,67.9233780228479,57.0673615147945,46.8684667179613
72.2936673333169,46.7504370939101,81.8725241119034,81.3927640693034,47.2475599570488,65.2636153538624,59.4169978006158,51.9361155871822
58.7086253179473,44.663495962244,71.3561912200652,77.983374204303,43.9662442892449,64.0587585420826,58.2661981919676,50.7514584765004
79.1767645871167,51.9744544147115,89.1165856267839,83.8630358044049,51.0011570148152,69.1187374734757,69.892894897025,58.7359114498874
76.5844018400573,52.5238795534156,86.4377293890283,90.6371077162289,52.7010718242865,74.0036548760624,69.2937437257334,57.270634039456
68.6217604234206,47.7072315555101,78.6117195217086,81.7202880821256,49.0426071823046,66.2683577304885,60.7882164345796,53.5045433770592
74.3726760318075,50.3738883695164,83.7513775047455,87.6599848966929,51.3002240269666,71.0551166675391,65.5584311246473,54.0659476708299
67.0636777594097,48.474864844056,76.2676029380066,80.778531812501,47.7342414619845,67.4594290671447,65.7106097389043,56.2969496626657
66.3112626063641,49.4415278526531,74.4061466385234,84.4525084942761,48.9259790673858,68.7760399793982,61.1564849760139,51.6134630808915
75.6083208163263,49.6346304139045,86.2607581406913,87.9596347462375,53.1590818468328,70.6590354783511,64.0710571467077,52.6632708664272
77.3772591574399,46.7993657920692,87.5731354430523,84.4140385730822,50.8779632924606,67.0881958865158,61.1684370423829,51.0573620032241
69.2210043471233,48.9354531873723,77.6856147394297,81.6005366256725,50.5449345367577,67.0183371664484,63.0217732701754,55.0693769258867
64.566341396601,46.9354204899196,72.5645913841546,79.372319016462,44.5582416139831,64.9720758066372,59.6528821449194,51.2169681985016
72.7243281723456,48.1710576645207,82.6754657747298,81.0905194091249,49.9335630181741,66.2117096587578,63.9936194388813,55.2158723398645
76.2745540297271,48.0274308221713,87.4893661845041,83.3888410922164,52.7972528329089,66.7346182677119,61.9750213582014,53.8859679535846
71.7262858103368,47.3866427024505,82.6996968552232,80.1707730241276,50.0635871334343,66.4404887261378,66.6877979901974,58.159688022382
71.1122923792604,46.1544400791542,81.147065346416,81.9347879620999,49.5072019542219,67.0548706159494,63.4631754183983,54.6618064647712
76.7817626477585,49.9250186969324,85.5043212744723,85.6993323248444,51.2172915058635,69.6673883380504,65.6318435690102,54.1488208423564
64.4806857526798,49.5832544563374,72.8804270615655,83.4546552054665,46.4914324545654,69.2041037426615,64.4282070613824,54.7832884924884
69.0964886480351,49.8439863898157,77.9273740887788,86.0754072278389,48.4686608837911,70.1330663543535,63.7772394499285,53.7804257151163
70.5537881230549,48.2132580910937,78.8248330178265,82.0646205267218,49.562195865273,66.9689726111066,62.6709353275382,53.42361175547
62.6271473631045,51.4937112061207,69.8770072414046,84.899434525012,47.4885236930346,71.4052495622967,67.8487954435339,57.7140381484544
75.3317419129644,52.2304616631328,85.4639877465992,82.2735083618991,49.6062169757404,68.8476963354081,71.2179908003591,61.9981003806283
64.4246656287645,46.9086581279005,74.7098546818651,81.1518321935712,45.4625465357484,65.965567658199,59.2643129743895,50.9562694899641
66.1169602966444,48.7043302581476,74.814226137528,82.2117233859006,48.7208749561008,67.4201381999958,61.7576081413823,53.4918141583816
75.3041917805547,48.6091225276933,85.9552716310901,83.1426596232546,52.2760493523151,66.3517285085233,60.848242847082,50.7294373769566
81.2107342051692,49.0009966944802,91.9559524593649,87.0063918412455,53.3710344524682,68.9141587832604,62.3397727453882,53.464445086501
64.3638312348998,47.5594755745463,74.1483505017159,79.2058015956829,46.6866873940613,64.741551702996,59.224084703561,53.3380524586626
76.7130947276234,47.0821290009047,84.9560002073205,84.7185187740768,50.5767419603499,67.0283318607268,58.6024994479592,49.8138976867563
73.3862300978211,47.0618709218352,82.6586550625326,83.8553387742373,50.8261002412736,67.0133831194173,60.6429496608033,53.5020970635644
75.6676760490336,50.0297532325722,85.8246514808126,86.7423891644556,50.2792378199781,71.1967927757905,68.0391369772822,57.042376010578
65.1634656773591,47.1382219098465,71.7289783099227,81.1968992193474,45.5974664192259,67.6259971888515,63.6852953693847,55.5114351347346
67.8816148957771,50.1942037778572,75.443035240211,83.3778057528162,48.7017940376315,68.4546300509074,63.3060099323665,53.6008713401026
70.4762118320909,45.2119305173657,79.6887078889904,82.3262238232332,49.3544659098674,64.9061818494814,55.2036177477165,48.96857810972
71.173872576882,47.0703920240989,76.7453867417066,80.5567531427544,48.9696779410078,66.646071914897,65.0815335482169,57.8802013424618
72.7282609606267,50.0021679664878,85.3100284820981,82.1150163408517,50.5942817608289,67.9490931619786,67.4590309780568,59.8805590950065
69.9346861583559,48.3952275576781,81.4908456131382,79.3368477051722,50.2678580373777,65.6213031744462,64.7601616422885,57.8535750278892
70.9248521693518,44.3620452083606,81.4106928774434,78.7837185703941,48.2255105040134,62.9998939993502,56.9237554313707,51.5879047086685
76.6326115926821,47.9181659923012,87.653464441206,84.4431210529728,51.922834264279,67.6249795110489,61.8127474971503,53.3895052474646
75.7524339944952,46.8341697264291,87.8592802679269,86.9394416164559,51.3937264655399,68.0995372391963,58.2353752232682,49.1712517787817
75.8697292409579,49.4605147633506,86.0458688128381,85.995183704218,53.2726062454701,68.9695997647508,63.073824931995,52.2221693525015
75.1238023336003,48.2887550199477,83.8015251640626,83.6863141837945,49.0157246019965,67.9278492191844,63.4874697909001,53.9976841722111
68.4661427444274,46.8905802489626,78.6596862612039,79.1365881647689,45.6881536050302,65.2255089747172,62.6178876085659,54.2217032768656
65.6760602974097,48.0553388580592,73.154152400907,85.0607994460766,49.2300525574942,70.535172558764,65.4974848315717,55.289965834667
79.8855779680013,47.4007941150327,87.7869722438255,81.8174144445868,51.3922052050135,65.0268334985968,60.4188958923101,51.0235239861834
76.5570171267507,48.8695908260808,87.0024166604326,84.6946238002837,50.8825840029416,68.5855579953075,64.7409550011209,55.1685276792992
67.1221084800523,48.1718510611095,73.8159521885472,81.2394833599205,46.2192616374968,66.6849891382513,62.0234505145418,51.1268100904998
78.1913135263039,46.4602024944923,87.5163145055306,85.111282567124,53.1467449974688,66.8389174767309,58.8321240663006,53.0858988574652
61.6326880817859,52.1640692428098,74.0502809959721,87.0125636168878,50.1685449492823,71.8333982996464,64.2904641339364,51.9371832543304
65.4955622317206,46.6521474020059,72.7286797841467,84.8401605220888,49.1847134123292,69.211671129868,61.5580857141037,53.5699004738618
65.7831482242567,46.437925807637,75.8864298557976,84.0506728164743,47.8750815422482,68.5488376287877,61.3672351353571,51.4110700567415
66.7707668826872,46.2638861411113,77.0363593058984,81.767902850102,47.1642299125809,66.2448246032931,59.4337856217595,51.121817253237
66.5283488881713,50.0040306688136,75.0697057943123,84.244503940661,46.5813175254947,68.9759979853529,62.5911614894137,52.2569538360753
74.9299050664747,45.4894646555225,84.5297917989784,84.757799986263,49.2923058007617,67.2725664910391,59.0822700293584,52.7482202532563
71.1019830371791,46.425358040771,80.3232704139267,86.6801893262921,48.3574103046187,69.2748938861929,59.4895489466616,50.9149698282089
74.652365371792,48.5326161551873,85.5432579055392,86.5516243805721,50.572620310397,68.8705288361727,60.8299578263013,52.6063170110285
75.9907031407597,47.1967363542763,86.9850742922944,82.7709314028288,50.2769610427158,66.9420962389384,63.6577268542902,55.7917345048118
71.7928035013182,45.7859624643284,79.0776185106006,79.7849153055371,47.7182397512509,65.6980790790254,63.8103681154898,56.9396255366046
68.4344990533921,49.9011681681821,77.6031872941577,85.3568693152037,49.9506820185498,69.8047487819289,64.0294821251809,52.2955556614195
82.5933913635047,48.3638058365871,94.1122875960891,85.1864828266811,55.2803565163555,67.9456664613458,64.6451919532199,55.7515984158811
81.5837362015001,46.9785411665609,92.7184099214122,85.1130730931604,52.8687105742349,66.9925467482049,60.8427408892622,54.022299636593
70.6952072301251,47.981062260111,80.6909104882055,81.7339786118026,50.9024068621324,65.7809814073468,59.778479043439,53.1190711604798
71.8633427966305,49.5877468043894,83.7335041094976,88.7242313314918,52.6437471938021,72.5876374782981,68.0651536785921,55.317402812183
82.69373011507,46.2186659123405,91.9904858053181,82.9527022654434,52.1138520907433,64.6303143656663,57.7022888232535,49.3403832934467
70.0213701706875,48.9829520482111,79.7098815762119,82.5051561129366,49.5092738474821,68.2988840955444,66.327754255594,57.7536912476025
74.2240559690007,49.8342872241661,85.5691141237764,83.6169986216574,52.2647124704886,67.5131047341402,62.8592494070134,55.0159215353949
70.9597523422152,44.7069964814164,80.8766760794756,80.7539950968171,49.4689149655816,65.0103933414793,59.6566731315886,52.5734398039053
74.479814158109,48.8683140575785,83.0617748352087,84.1065300505172,49.7665716138136,68.3297710135619,63.5981187714585,54.3537181751837
71.3048924838662,49.602767144522,81.8744226870261,83.6321759987415,48.6184539161204,69.0940564346447,66.732701194109,56.6639134874139
70.3838471406692,47.3452996205168,80.5009336188371,80.8414644866028,48.8473095330855,65.6024920206055,60.7370771062548,52.22996580712
68.8052774111381,44.1429138989452,79.0374185020985,78.1090469909735,47.6306968277777,62.1254857690783,54.7408391570773,49.4105406232642
62.8069576309649,49.0681416872197,69.8373459109695,81.1265341841356,48.8568046623366,67.6080200902753,63.4747905303218,53.5782021475399
72.4123722240811,45.3764414767619,81.6261277264458,82.082827065161,49.5846984419268,65.3001914627357,57.8114365950894,50.5158635758555
67.358722041719,48.0198821903289,78.5455493293282,80.5496929024281,47.4915448101087,65.2422318069689,59.0936328277298,51.2933035244254
73.673523413581,46.7831689917966,84.8296654360508,85.9800017114178,52.4801449997139,68.0805434594124,59.233767175248,50.0342290116966
65.1316695812158,51.6360406719967,73.2820457198753,87.8785467284619,48.865383302829,73.3236153394086,69.071416826353,57.3898104265053
71.5169345465276,50.4422097660579,81.8250669937435,83.8586782657487,51.8318142818404,69.5758683355504,68.3504429017093,58.4531055395207
75.7027129296235,47.0326679099723,86.3999881580882,84.5629107678576,52.2882011048958,67.6234438698153,61.5471830069387,53.1681641838504
83.6729026823469,46.5070365237931,94.8145876711727,84.5021618068902,57.5974528734094,66.4576696629584,61.5075619193769,52.4334865092101
72.4133970242115,49.7626400484212,78.970123709387,80.2213122764176,47.496041930163,67.0364787357468,67.2337095800976,60.1937068334315
72.2672252896192,52.3588693920419,82.9426428717261,87.2728005013044,50.5480900168668,71.7871894218136,68.0467887459171,57.9111656098554
80.5708826908046,47.7699231823929,90.1217933371561,81.9682233928101,52.501237441361,66.0920669226101,63.969636284734,56.8190839996813
67.2548124378903,48.1751532118085,77.0980404349415,83.3974120607895,48.4586116165542,67.4167176953234,60.512719885377,51.7988899940941
75.2376931780198,51.8170282559592,84.4343580288768,86.0833042093901,49.8015984658707,70.6553641308975,67.5550441690359,56.9517585790869
73.8103152735756,52.0851098365434,79.19785086142,80.0224180414611,48.2166688476741,67.614384607786,70.9105947331115,62.3227276387188
74.5479018815058,51.0314621017705,85.2312261686487,86.3305935749818,50.9872726345985,70.7136830347859,67.4747440914777,57.888704235042
65.8482635261755,48.7771942150263,73.4054671251466,84.7154632937566,48.928063570116,69.2695114297003,62.6504098743322,53.5196817926178
65.1862828961524,49.517683915593,73.0157159999193,85.5699965097104,46.9164072525947,71.6835906411057,68.3942896683497,57.1970467450416
68.9396165632375,46.3172726592783,77.1357862213682,80.3477114761331,46.7794779624187,63.9767586270331,55.6693415702986,50.9925771099958
70.5603725610146,46.0020103919652,79.3807687809765,77.4949573155071,46.9233319302628,63.7716338568271,62.4827016294986,55.1189188195857
73.5937639277039,50.396193512599,84.6117990117239,85.5207963004053,51.4330939839928,69.422248833832,64.9212772742746,54.9977430831402
71.6125939485002,48.4391949542767,82.0283670139926,82.7209474654912,50.9394914601681,68.5701846459831,67.097770717472,56.6970241093979
71.7257394215857,48.8022595618391,80.5308379962384,83.5224427988377,50.0969004908336,68.0919190341739,63.3118828155002,54.8460906389275
70.9227290232973,51.8055763068184,82.4968610384942,82.8278389801067,49.7851839266988,68.5777276708944,67.5951491909283,57.7911186833177
66.0095852494254,45.9278995258565,79.5030923316738,87.4876127574132,50.2602617799593,69.2292549805914,56.5323653524572,46.7242023610691
68.8332367790402,50.338933933791,77.8358296224814,85.6577927108253,49.6318807156449,71.1414928040375,67.7924584094071,56.5239719943149
78.7998670219632,47.6067555472887,89.6307157716647,84.5946968741569,52.3528566078914,67.5264041031135,62.4140801556693,52.7776957086792
67.7899262808269,46.6408524138631,77.5292703783489,83.5432428019379,49.3276908010154,67.1289347380675,59.1152559471515,51.0906230803378
74.1842963291433,47.2228709442029,84.9495791573801,83.5632270216975,51.2514959814606,67.1491245723137,61.628161381836,53.3570440230729
55.8640900263804,48.1996416917951,62.2268705585408,80.6281876968065,43.6822050576122,67.9549214319503,62.8833081310476,54.8089688529677
75.0685316729581,48.7312423380673,85.2612696268821,83.0877252189321,50.5243255024947,66.9948901353816,62.7519636558653,54.1948140235959
80.4145942747931,48.7966739202528,92.8537493497073,84.4204523142893,53.2449349346544,66.5965282922279,60.7628598547671,50.0208235136604
67.2457128238457,48.205618253639,76.7333024175268,83.9529606197275,48.3871502984038,68.0451272375786,60.6366012990158,52.5575842651091
66.8522073286984,51.1531929738253,72.2553843646255,84.1269632217773,46.8428894818005,69.1251512501207,63.2341493624172,51.751598442381
64.4221193363311,47.9885004849926,73.2088646131432,79.7681404613287,45.2246888966924,65.5117806981609,60.481616794008,54.857155273145
68.6472960630418,46.4298075980187,78.1484426078997,84.2900387743337,50.4502721276965,67.7680023919907,58.7956677576145,50.1468912128825
73.9726391498995,48.261978694665,85.7104448931641,83.054846562122,49.1657261911653,66.6808612310093,61.297584405065,54.4714974368519
74.4840745821636,47.5969380425048,82.4063549180162,84.3335045095782,50.9769338570956,68.2968533233849,63.3426031491243,52.3002659117354
67.3478092406386,53.1942861197256,74.2645413330432,82.2915978795669,46.5638065153216,70.0651324913124,71.2541894362397,60.5440443655894
73.27249777008,47.7151262930423,86.0260564332071,82.5402063600514,50.6862487686183,66.3386606082058,61.8977174010033,52.0043775047475
67.6128212646861,50.4311456590906,75.5196443661112,82.2322276386392,46.3059855682357,69.3090687439468,68.9925865877672,58.5969933841378
80.084651727252,47.6605340189655,92.1029795034978,82.4747835281243,52.3343431324988,66.419011989873,64.7051118712874,56.3372662670592
75.2094067790213,45.7219931347446,83.8957228139747,83.8173558281735,50.7552515088424,66.0863809674641,57.3325721681818,48.337725262548
73.013212589296,44.0089965551757,82.9688789870406,85.8937949577296,50.116034712928,67.003455473778,55.3136107247786,47.6716183443295
75.1596119410073,48.7167035050311,83.0874033252001,82.6863995062462,51.074121123663,66.8732963266167,62.1526266212223,53.7672321818958
74.698653239655,50.4385204677141,83.9303113854742,83.5201264397706,49.6465537785676,69.319520199588,68.6392588348753,60.0012200787576
66.8627207549402,46.7581506262842,74.6119469144669,85.7625615519203,48.648791854671,69.983559464091,62.6478141450321,52.5141415994238
71.3408110511177,46.8482211700028,80.905949085126,86.5739556030286,50.3248651380308,70.3367602876643,64.3118376748019,53.3823607498224
67.9577352495724,50.6609212474894,77.3762702979027,84.238656775036,46.5662010997871,69.896618030654,66.5532893087538,57.5652330959699
77.687283793297,47.7989091890878,84.2145706947003,85.3348136595566,52.0500737304475,69.2666726622693,65.4015367622219,56.1488850527669
71.3566221051767,50.1768908779095,75.985161917798,81.2350921198158,48.3886339533499,67.4970053401558,65.9523584683994,57.4176430786025
75.1393416426712,50.6462084006465,83.9390690212236,85.7289727220502,51.3757208615374,70.8362609467485,69.3942600146027,59.8452880429001
70.0333400202407,47.7869971065852,78.2130030852076,80.9253779781922,48.2587458160903,65.2185539576748,58.749418441786,50.6492630976144
71.5616272972249,48.3907734300701,83.6369416096011,87.0263573648823,51.45749551797,69.8233166286143,61.9010293733763,52.4744786070204
76.6535343518297,50.8571692294637,85.5151933397898,87.3901740589231,52.2441873938289,70.7883651679099,65.3384250836287,54.8918509849506
78.7670018031849,49.04376521726,90.0948009179051,86.5913636065651,52.2222830256528,69.1488451317451,63.2340134111984,55.4390043576355
66.4554805710697,50.3368671465875,74.6242048776657,85.8779034570747,49.7080215215118,71.4881297137619,67.3900835612148,55.4266342451137
68.4734788524275,48.7772949951734,76.6335787435498,87.0305730722793,50.48734917208,70.9538472596283,63.8768984275392,54.439940542115
75.2958544091783,47.6745963984356,84.3767562898996,81.5047847691425,49.7882889995144,65.5940394294873,61.7675251299786,53.1667129918234
78.350968153783,47.7950570426151,86.2577454779539,84.5033319660701,52.8554701230489,67.1828364153952,60.7715522910804,51.4501589126013
69.5598741928114,46.5081432628594,79.1433675219619,81.4795301531307,49.021668351548,65.2743621040914,57.8532693142378,51.3349515381451
70.2575631001295,51.1285376026634,81.1008805280806,82.6802433833246,50.1901421426175,68.6577037341721,67.7466254417322,56.3106020970394
63.0286116588361,45.2164856662564,72.2531744607167,80.1932852531728,46.146533755251,64.6624618696996,55.8912824377045,48.7789096304435
69.8551366593144,48.5503923356592,79.3009186439076,84.6138636319476,49.970142461803,68.1163900697948,60.3514315360415,52.7764200054611
64.0130731493087,47.6342405618126,72.1900439666606,81.0613338232282,46.889115657345,66.9220533548244,62.1262351718497,53.2665417016469
71.4759396565912,47.0826438854758,79.8844451404371,80.3600325014182,47.456308071118,64.0213691709392,57.0313475172314,50.3334301036788
66.5988263390033,48.9547297969257,76.155583648847,81.0555185587796,46.704285739273,66.4551161769565,61.4694987000671,54.6364879886431
70.5821076842774,48.9768949746245,79.8570107296043,84.4665676234938,50.1870813239083,68.3223736683386,61.8402025403897,52.3089778834093
70.1318129277024,48.6534080143685,80.1896105641742,83.2188367112446,49.4422022004955,67.3941697925193,62.2941898162674,53.020194047704
77.33716267485,47.8356088192236,91.3911317866091,85.640420511332,53.0195442214826,67.2338549620449,59.5065722448439,51.5255761719835
70.5770947215527,48.6925523253043,77.3172419212905,78.3733886962942,47.0911476975144,64.0887839327135,61.137196264306,53.5017830669814
68.675670510754,50.0914196838765,77.2717045779043,85.6025395882384,48.9825039026385,71.1049278864958,68.0351591119833,58.6060736995696
68.1788701141607,50.7188788723682,77.830485733366,85.2143392729959,48.8849133098961,70.5317148857816,66.738060250756,57.6551751418075
76.9067444990231,48.6910665153197,88.6327358816781,84.8989569086088,52.1031047718561,67.663753616565,61.9851319309253,53.1383969269889
62.5748456373962,49.4891756352169,69.7781241288017,83.3270831938008,47.9699146689208,68.7459200397184,62.180907456802,55.0031106940863
70.5387166503081,50.1533871641374,81.5191974795504,85.8474986827384,48.6859252694369,70.0459599373328,64.9410281904311,53.3266858604962
69.7609275360954,49.3008292392826,79.3378205786044,85.0728121419558,49.1512107128698,69.6488690672244,64.3073075232265,54.0473206262187
64.8494143625546,49.5616041177933,76.6089352359499,84.9913487855047,48.5587923424385,69.6613874514348,63.6158538128645,54.0121400391149
69.9686068115291,50.5112148030517,78.4806887638746,86.2363333356004,48.9876242015321,70.8294999502366,65.7316934470388,54.3309560812215
74.6812853339741,49.6676698500684,85.9376444548023,87.2295977253394,53.4862638148946,70.4412273923489,65.0681404733266,52.1879041200612
63.9099511334821,49.0150045070371,76.5476168053653,81.0274882886364,48.2808644998889,66.5325630902796,61.8366387771244,51.4942680064426
75.8429318931988,45.112091206738,85.6117117082644,77.9095812383387,50.6621841213652,61.8348484087772,57.1638353244901,50.6692814244037
77.3864676016761,47.3180616703417,83.2420908029022,85.379167357713,51.6585917683095,67.722198195481,59.6449525640558,52.0191213318432
66.1807683999876,48.2476629061245,74.7553183903809,80.1019425480888,45.4909926917231,66.7530054173184,64.4892702409863,56.4319084159585
68.123800298556,49.7168621714603,79.7256503913848,83.1065227420422,48.4285874947401,68.8234275856979,66.3618473637211,58.0861460695705
74.2086063279423,42.3948110229597,85.0571431844301,82.188363842598,49.8256735941817,64.1117164332406,54.880605083896,47.7354505489435
66.6460803794439,47.0257302423782,75.8588627563539,86.4323547015663,47.939639487564,69.4330932912284,59.0751923743953,50.7691103709127
66.5859251007682,48.0071066665646,75.5061775656581,81.6692338055506,48.1881054722446,67.7914032577634,65.3357194578782,56.6356204332676
75.681723947443,48.0165517800924,86.2467560069755,82.9091837402234,50.7073091102988,66.8486548203668,63.0066521682924,57.0543571792745
71.3423490103501,46.7944456942395,81.8473940611828,85.3307081071684,47.5111057830323,67.9291969197634,59.2453180081122,51.467654481958
70.5008444220957,48.0914863519,79.8754680409589,84.6968977969564,49.8914299056109,68.2138019057478,60.7008151838872,52.4270288264221
72.8497227453997,44.0584743801513,83.9282312141309,81.4841043511336,50.4488363306435,63.9022520569172,55.112916558099,48.3498453378436
66.4968795187144,48.3140540864398,78.7832705363841,80.8456024315857,47.0970579511453,66.1213428709314,61.5487527304892,53.9374419540335
76.0150058290455,50.4683909304885,85.0733542931136,88.7926837313014,51.7654781731954,71.585751287969,65.0693331718348,53.9241291493498
71.3150695831557,45.9293869692695,79.8860527464801,83.5810778040056,48.4193923598009,66.4591597585486,57.4600338954397,48.6834744619714
66.2353188519663,47.2186543707074,75.2929166044587,84.2661616808741,49.1788403262975,68.9871880355061,63.4768749835433,54.6069597626952
68.9968287560757,52.0813255994924,80.9124567852972,82.856384896347,49.6405341340297,70.6260263647591,73.0329547202748,62.7112424854559
74.2997674923851,50.4288842578968,82.5878640978668,82.4145043719235,50.8384790134023,67.2988554792377,64.1599983530744,56.8778526469575
75.2317816424912,47.9106186626492,83.9905120914401,84.6294930896027,52.4720313269236,67.5111072000908,60.1686640835674,52.9511123045013
71.3690392121697,47.7367920373265,80.9076610207461,85.2912660579945,50.1723879071671,69.9017911894993,65.7304810303727,56.7538896483616
77.6575312138438,51.4120351365955,89.2513700619757,84.5818460423902,51.1960926446197,69.4763716902303,69.2077024447277,60.839450115456
65.4761339815523,47.1210853330704,74.6559060097594,84.5754753693838,48.5326834040847,68.7225529751258,61.1096847779863,52.1128638249658
77.2118270330293,46.8819027923779,88.389434840253,81.9515205489203,51.3392666688462,65.374727994943,60.2513913445246,50.4600932509056
75.5812162329183,47.0954843078529,86.9064029045617,83.1716119735777,49.7943343519942,67.2374721229165,63.5647375966507,55.7522715620839
65.4821960920286,48.7991933533339,72.9513118106868,81.3161065860042,46.9842581763551,67.8485267608861,64.825662061306,55.5265468346382
70.9448381342702,47.1326890587465,80.0564740330715,82.9241167351983,50.0477334219924,66.7698106073994,60.4162711105722,53.0280105783455
74.4748274082819,51.0875372462202,82.9931423970807,85.0386041835375,51.6324668552531,71.5365274748712,73.2882659099915,60.3515549750304
78.5986718668685,45.1382821320842,89.0468411389064,83.5942474561377,52.3766108040316,65.5313603239042,57.6805021093293,48.3531076726828
71.0907397423935,47.0976641139198,76.8850401138102,84.6038926344674,49.5131850625336,68.3493601726936,60.8370462841857,51.0078107171793
77.905254721746,46.9226307437874,87.6729710870146,83.2570215091008,50.3816738837109,66.8269544595965,62.5332361290385,54.4856936612381
71.0786838454765,50.0589204435793,81.9810085601659,84.4300569487559,50.4971366504669,68.4308630939525,63.0833973273017,54.1090579354247
78.0300570928781,48.7432462416767,88.5011936534293,88.592148809748,51.5884254460593,70.2587106187403,61.8215969384681,51.459711470316
65.0482809286632,46.954179216533,72.6965457443955,82.6298179731529,47.4365814217545,68.3616954506609,63.2658289192281,56.2063223490489
70.7007824965874,48.3889610056776,81.1787761650448,81.0591123407841,48.9381989074476,66.4264665617841,63.5520667650611,56.835617468581
83.7624549217357,47.9075292992903,91.760379227866,80.4143219105552,52.2609938048773,64.2264680030323,62.5076988099905,55.5422832708084
58.2628029151475,46.9619498540456,66.9764588097509,83.0187302749697,46.5876383785819,68.9709901216763,62.0219134304393,52.7510521853867
73.3920789098649,48.1813820554398,84.0207212212868,83.5163505402242,51.9039006972718,68.0385068062802,65.0174415298975,56.1261877571758
69.4879384095961,47.7640519756155,78.9664111730984,81.6368499148435,48.1956339198117,67.0118015119175,63.4303027769253,55.8375500003804
73.7105625911687,48.1331480781412,81.9236829822301,82.7614982047065,50.0946579628043,66.8909086546494,61.8505564869914,51.560644580989
72.8251989488389,45.3483037107798,83.483855931831,87.0737050300546,50.7025167023871,70.0441038198532,63.0812845577144,54.8532996706623
75.7183597697284,50.1078796238832,84.2891343747247,86.5030372778386,51.3895663474086,70.5766556652741,66.6524873240189,57.2770224067175
68.924224528002,47.5743810491952,78.2678907344001,85.7836758332224,48.1210669550958,68.7652997996538,59.6382104617035,50.4478287180229
74.5017586293201,48.968143559259,82.9036102821863,87.7541985793795,52.0046169757665,70.6346304248232,63.5421474202908,53.9124239180833
64.0352938806507,47.0087959885825,70.567337697077,81.3351392651605,44.4192031387516,68.2616133884197,65.4659068037528,57.5861153080182
80.8186393514291,47.8484088888927,90.6738676885304,86.9170197622491,53.7020739400287,69.0368702507033,62.4835262988237,50.889450296014
72.7585575294609,48.846753169865,80.2118229847389,83.0113088939469,51.5575252962675,68.4766204215571,66.2064541284788,57.9236858288133
81.8581717424925,46.3502241836783,93.2094540041045,87.1782596309448,54.8058067226691,68.7422155260199,61.6543296714818,52.6118016608225
62.7396115385279,48.9675882941003,68.017027115712,81.9008612538226,46.4114054445459,67.7155012130686,61.1354782076389,53.048354254061
67.282367313222,45.315644673711,74.400853238259,83.3095852160862,48.1309830820754,66.3401282595758,55.7206547745187,47.2894230566584
71.0588855951673,46.4889263895972,81.0054024186668,84.7753391160949,49.0673277437748,67.2532488993454,57.4386346112881,48.0450273579417
73.6382814634131,49.9067888374566,84.5605040724516,79.7007972245312,49.7977015742607,65.4299272888607,65.1050139410539,56.4585404292571
75.1721989092368,47.1148297003664,84.7971120441541,82.1735949711551,49.3261796809604,65.3604599839155,58.6210397946988,52.3717531014527
68.1991447354677,44.4759262896189,78.803333203161,82.7682102854561,50.7403726232001,65.9779395978786,57.6447869656446,50.0103325268181
73.6513403951477,49.3212806633407,83.0390786975571,84.5156856774076,51.7153422536726,68.9033510613903,65.3859517681576,55.231276976645
70.2034165323889,45.3548706714579,80.0743562971481,82.858836795976,49.4136595335722,65.7455827058245,56.1220826592271,50.3200961225409
65.9704958738988,46.3261969977244,77.1119931749293,83.7496548262531,49.1644268798444,67.1800980714444,57.9481346690095,50.701712068568
81.0949850110442,48.1620577033909,91.7080283587702,84.390437399942,53.1133790366999,67.8280731423615,64.9387329920206,55.476878954603
76.9353688707776,49.5482821442846,85.5115664609734,86.8190023605815,51.998658823986,70.3577347875948,65.9474579665893,55.7951856066507
78.6551727341272,48.6841397975735,86.5221671194015,88.2328799681859,52.2639018357709,69.4625312465293,59.7351335416887,48.8648435721946
85.4932964749599,48.8211184042373,96.6187388800389,92.7719410548477,56.2667160733734,72.5848536857752,63.4022242111756,53.4950608965142
71.3157499835833,45.8391418194905,81.4552799534207,86.0698223642515,51.0287500485845,68.8833998605523,60.0126188382159,48.3127394533862
75.9541446718949,47.4590059881282,88.3249750856508,86.4146030370251,51.5539943318972,68.3430978118468,59.8285065653379,51.3622321636684
68.2041585333197,48.4944774248803,79.7786791997622,87.6812843608845,50.699292565421,70.7592404498481,61.8853186165496,53.0538355261091
71.1145665367832,47.9052689592403,79.3425304410949,82.4472976286314,50.1900671965818,68.0460380168453,65.8448217989522,57.4226302580924
77.3420794478669,49.092018912914,87.3503711085282,83.1822733818055,50.6408915534799,67.192387150474,63.9003187606429,54.9680062225172
69.6545312175939,51.0034667867623,77.3660027577873,86.0784543632247,48.6703129261009,71.5932934261186,68.7687769693584,58.8636333818084
72.2336987424016,46.3418754645543,81.6596424267017,82.4160020506039,50.2391672787568,65.7063940031805,58.7295341299031,50.7208545176327
70.7182072908432,47.137657334536,82.5175692488151,84.1551183203181,49.6974467704813,66.4705555094187,56.7153985287584,48.1670441860401
69.577164645085,50.6626702150876,75.9376174047135,87.3801211437847,49.4009069278975,71.8660454187705,66.2423518600678,55.4015535741728
71.2466523152123,51.8253256915136,79.3290201721591,85.149419493119,49.9468667301806,70.7258800213392,68.6635153517212,57.4274112061654
71.9951299233242,49.3280136742878,79.9364843101185,87.4808308238691,50.9461626629742,70.8325167882497,63.1068065589476,50.9893421007866
63.1799749551811,45.6562645736789,73.0276446358459,82.5786159567993,47.5093149642773,66.1051427048205,55.7455517478511,47.8456800812031
69.765986352021,49.0055946038285,80.5172658949627,84.3195440203752,48.934334798041,69.3712066011426,65.9441607117951,54.5993771349376
70.906714518095,49.4383470143588,81.0531866747483,84.9766432201104,50.5431780543986,69.5177852695113,64.7744811724446,54.9245770725055
68.5002929868692,46.7762031547141,78.761542850846,83.3086569995614,49.82691947245,67.9266677704498,62.7980114073377,51.577586570967
65.2064117233975,48.6078337621728,75.2793238605421,83.3944995950056,46.301490494834,67.8779267715054,61.2782708742383,53.0131078519426
71.9540674651539,47.5103830125167,80.5851717497058,84.1434668935295,50.4100330319748,67.3615173326404,59.1849746139843,50.6066536757635
73.5069466539385,46.5508800403315,84.102318803942,81.373487599048,47.7362140739109,65.2655740184861,59.6216316584446,52.3798783041131
74.3115378991363,50.3009892699078,84.4697854326115,83.5930931854582,49.7995743234027,68.5084332508138,66.0145466627391,55.046104205041
60.8796903177704,48.4874369918067,68.3716138707994,78.5463491879136,46.480565713888,65.4501697271343,61.5288154833356,54.3429531323202
69.4080211648593,46.7202188731496,77.6246871871452,86.417983100435,48.8975470691913,68.9262601715925,58.4473750390672,47.5026844086081
70.8708840396492,46.928519456605,80.9430724824964,84.2916396390438,49.1088088610604,67.3069003481427,58.7714741414644,52.0076301935488
72.4066518960058,45.8296982277517,84.1816910084352,83.0728627396461,50.7906593113728,66.1302905987576,58.8011033580249,50.8757338334503
77.6964460525423,49.1723126760778,84.5708965523085,87.6410232307997,53.0103508100832,70.9071229298541,66.0577388014228,55.8530130464526
73.4067236503514,49.1034274503899,83.4356234016857,84.6690168028901,50.5281968973233,68.7222425703003,64.0760367478738,53.6424595043925
74.4026991864938,48.8629266891541,84.2036060958927,86.0577738459549,51.8725612938766,69.3962961031966,63.6161499599855,54.5973019800693
68.827614890803,49.1536868336235,75.8730220984643,85.3766336544538,49.5797281690707,70.217707068061,65.186779412324,56.3073697441754
79.5556005667965,53.6719761384943,90.7930316417451,86.9163308546483,52.9486622344034,72.5573991503682,75.0505835246926,64.6974917906013
77.0301493922554,44.5561958493485,87.7103598937571,85.8612424916062,54.5378349456217,66.7177338119028,55.8385495305316,46.3998477617102
80.4185676888412,45.7261787621028,90.5230769195899,83.6490203023354,51.8021039646275,66.6581253395508,62.7233604906197,53.5767123135152
72.5336991398434,47.3807559976655,83.5174666958755,83.9032623550428,51.7856442575778,67.1914017225912,60.1843348522712,52.3513046467996
78.2394722032565,43.9719401237923,91.3379200931871,83.2270175316091,52.0863966393353,64.0857801519422,53.8927595837738,47.9947493065741
71.9585332422475,47.3747786997725,80.2320480855568,88.6010617434579,50.1660892625054,69.766346179503,57.1746321325238,46.4107952104794
81.9329560941567,46.135003010449,92.2024545848182,85.1109783518992,51.5494386137813,66.2489430329315,58.358099811899,50.8685676857639
69.1703766282513,48.33755052101,78.7125649506808,84.3409182951093,46.5460402528373,67.9219214082682,60.0315040987486,51.8552260492867
75.4804792750196,47.2976128247888,85.2028913551543,81.8263287860393,49.5275812550319,66.139704649643,62.4359031412178,53.8409312287143
64.6224810534582,50.0945207422423,75.3877729902775,83.272458807342,47.6289845703607,69.6227092215252,66.586346793938,56.8022241621827
69.4891913375982,45.5699581323154,77.6801506584676,77.3214509925222,45.9483866897784,62.848116083589,58.8210927572098,54.434304443476
77.0800761485442,45.4828192512421,89.0035560893644,86.2316606928071,53.835797161667,68.197254067891,59.98875514938,49.2303846725598
65.1316455134082,48.9107611049015,74.6294747082003,81.1491459152943,46.7622905614703,67.7606538313472,64.9180736710447,56.996901011188
79.8452044140126,51.7409759636064,90.0791520041288,84.61781697174,53.031179750295,68.9198490873911,67.5184197574402,58.1100119620913
78.2888351147869,47.2298474291972,86.2558858894613,84.1141929728926,50.679684515624,67.0874819735075,61.3045756645879,52.3392493892401
67.208825682976,44.9151771071921,78.7160535652536,80.1084128235625,47.9745654175959,64.512282721583,57.894663972725,50.5180933762682
68.3790397065334,46.1063268520415,78.7453225382958,82.9781590851415,49.3215113952766,66.8170474812599,59.1073405293145,50.7123115093129
67.7594083265693,46.892981133948,79.4109234354181,83.1257097957428,50.0407413447291,67.3109181569547,61.1507108863543,53.4180541428651
60.1684141974809,46.7750160280302,70.3822988632813,85.7087681450024,45.1884893980117,70.2700586992524,61.228961897796,51.3100863430605
70.4034699247296,46.8635736863536,81.7002779106206,87.1298989895563,49.1119686456814,70.699538578132,63.5931574068577,54.4965411161983
72.4603838577445,47.1885734491658,83.9773455788133,82.1610054015036,50.4048709431098,65.4256823505964,59.0119958454045,50.5379436371223
75.1047435844621,51.9219577196499,83.5955143449553,85.457255524245,50.9526376758432,71.1617796810438,71.4943368502838,58.7349883698753
75.2366634511876,48.2755250815255,86.2004836240611,82.359975942443,51.3132576265431,66.4013523010832,62.6208745579902,55.1771967857925
72.7471987064453,49.454060355145,82.5085488636119,84.2300837726009,49.3540842332835,69.6732610404752,67.8437220327928,57.5143925865856
63.9290068943408,48.3702418700378,72.740360596518,83.069828029835,45.1034912395929,68.2239039011024,62.3482856774579,53.3014974550728
63.1538164214536,50.7441203473133,72.6119064167812,87.4252952781623,47.9400269745805,72.409348827175,65.6189121125872,54.7113821009469
73.3356517790946,48.8445580615855,84.2985682499257,85.2698530311306,51.8955995533311,69.2163916300208,64.9494991337259,55.4784440242801
67.0255607057422,47.8765614814513,76.420458150092,84.9736583645049,50.759752355116,68.9762265719021,61.3603582042486,53.5376319508268
69.6139492875729,46.9536981239342,77.0283967993293,82.5300267209358,47.6998741387723,66.7863197675599,60.4429023122948,51.15673211266
67.7461512605624,50.7928502795767,77.4170340354441,83.1389639228519,49.5150725362089,69.4314884806101,67.4519220639507,57.3695518368664
75.7736731547054,50.0730466912791,86.9159649960849,86.7989562229575,49.9567313851506,70.3169078593798,65.6222216104605,56.710921318771
72.2964969954574,47.930948006573,83.1406406250179,85.5127011903004,50.0539141767776,68.5598524153191,60.9550542479868,50.3213020107142
62.8979886976599,46.8767125930728,71.6623570891757,81.7917394520755,46.5737994434355,67.0787097728826,60.4124402167171,51.4636916759793
63.9798993570692,47.8489648465122,75.8590813833832,83.845044241082,46.4036417968953,68.647829098149,62.2474626158319,52.5993419276738
65.3844648043094,49.6783768475926,75.5944468251213,81.6716165146519,47.1239201537775,67.3554428731943,62.9652127349701,54.7963172936744
64.7280447857937,48.6358294133351,74.9059070009675,82.7468105604396,48.5586225529288,67.8403666825405,61.7966570772019,53.234105417258
68.7221813908652,48.6209620040486,79.3020455307637,83.7613568874497,49.9194910299734,68.2758888498466,63.1345492595841,52.3290909047087
69.09337000857,48.5037811250097,75.8139109859503,78.580736570926,47.8224397082716,65.6821277178057,65.0919294860923,56.7786571647734
76.7447534663345,47.7278837059621,85.5719131024516,85.0097625138337,52.2135201671924,68.6279596009594,64.3266517539325,56.2888056559534
78.4926109691609,49.8313623708305,88.9705126644462,84.66887380802,53.1698814266864,68.0678777754619,63.9078077776965,53.7182822674822
75.7275036878122,48.9302642226023,84.884837485813,82.5763300814882,50.6612008176926,66.6820941188908,62.9769555902021,55.5952692089353
61.9347485187576,47.8724018854646,71.247643253202,84.8346750409788,48.5754519749736,69.9128533034033,63.0995377676166,51.2505777841493
68.9030013536877,48.7192166701892,78.7536063196981,84.2124117101427,50.1429459807675,69.1294517887893,64.9859910478243,56.1952471035128
70.2574219183509,49.5418681126126,80.6280534194139,85.591849359561,51.3930140580042,70.4017777831815,66.247813877449,57.1246543535807
66.2333884710484,49.2187837738715,77.6337669575092,87.0092264797771,51.648633288946,70.834731923421,63.6376297720192,53.9084056783887
81.8197715594205,46.9532537309866,93.9958367899706,86.6354801672427,53.3444376909088,68.7605004073973,63.7050674261028,54.9687822011062
65.9397034652914,51.2302371949508,76.0602753874828,87.0828882888171,49.524812635942,73.4860810432893,71.6060623696501,59.6841187458113
73.7335362001741,47.4764622881633,84.183940664541,82.8144251255496,50.1604843002753,66.644432833844,61.9626697972469,52.9851042048297
75.3387762571029,49.321350698632,84.5461869741298,82.3921782169047,52.1722383079808,66.4504326374385,62.3073491084607,53.5419862330684
73.7463372829995,49.9660402343028,86.7112057436703,86.405357783022,51.6865544101146,69.2543601293326,62.2029293510809,51.8177697645163
64.1556690311939,49.3366376008991,73.969521698669,82.2302129480479,48.1442517319406,67.7993506287925,62.6656540477247,54.0957874793238
73.7933063603159,50.112187270101,82.5825920173378,83.5418659629014,50.1683029954635,67.6699933401543,63.2248090223143,53.8119040912981
66.2537911667153,47.4637199603399,71.1689999496446,79.3880590437163,47.7512597976043,64.963989797456,59.778373547373,53.2327265799416
65.3804099703313,47.4524531936446,73.8708950774061,81.9397614234233,46.9907938211563,65.9247972745564,57.1789616800621,48.1482166561768
67.7441646403357,48.4577379392666,77.9609155859347,88.6353661732675,49.0367638841917,71.7390166610916,62.5707028752198,51.5420490033275
70.3685122435847,45.5810845467758,79.6585876597405,81.3155405949158,48.3793616764324,64.2419321814796,55.3073829832786,46.8968780567824
73.3914998143191,51.4233254381573,83.9456796792211,89.2788103323678,53.4346329901175,73.3289740972754,68.9687192356208,57.8315921943115
70.1315151874795,48.4621363134637,78.6618194174255,83.655501751328,48.4960988171098,68.9633972353437,65.4082239439042,55.1096778027527
63.9677505382935,47.725581545177,73.1096651502618,82.5923683666712,46.5905272642175,67.7287259951607,61.686319170733,51.1375719766024
71.4812206931372,49.3675596320722,78.980816227208,80.5328771082386,49.6892608525753,66.5521879261659,65.1602119213958,56.9275116901436
69.4691686758229,45.6313211384496,78.6091536735037,82.6049918914388,48.8796636075457,66.1190303582622,57.7011633261061,49.4923921213142
70.164194991694,50.9981014137346,78.2599971073859,87.8079115830054,49.5579353493762,71.0240484958964,62.0695868167319,53.22161881931
73.8292617300716,49.8583382220664,83.6732245725203,86.3271444574266,52.2759019942475,71.677623909101,70.4736110571434,60.4463664772581
73.5193833047531,47.8182225953236,84.0298038806117,85.0730014110228,52.5160183622877,69.0447911978712,64.4775015234406,54.8253444401025
83.922157788738,46.9441671627643,95.9000708984354,86.3354344491175,54.3819522698367,67.8716832566778,61.8421906789869,52.1088097387551
76.2384926568196,49.3206798134471,85.7790104756533,84.2398164493323,51.5558062882474,68.8328668881198,66.610671295595,56.2502011158206
66.9282976322654,51.4444249387474,74.6204085068345,83.2611630952694,47.5209978502503,69.5583680931329,67.559128052207,57.6681236153637
71.2173907483145,46.6751907358286,77.3133653219664,82.4888711200682,47.3455006079103,66.7742547092067,60.8130896255998,51.9923320891368
66.574641656836,45.4780074135251,73.733105726433,82.6867242787161,48.0217228494859,67.0530800368882,59.400564005967,50.3381229767255
72.8069187674877,48.1355390102463,84.0126754174258,81.8835828104692,49.2923406826379,66.3744415513424,62.5688618200281,56.2380771418868
58.4407204504138,44.7077060767041,65.040346755886,78.5285313085561,43.4035046975828,65.0034226949113,58.381084836021,50.7461745138169
64.8059620104309,47.88440033445,74.6552290662443,83.7465795835769,47.8656976024004,68.9274562196713,63.2996362264995,53.7579455490182
70.2511612330758,45.6091956353009,79.9937553916984,80.1957918303232,48.4866995914589,64.8593698904925,59.2350851182538,51.8624769518702
70.6016809043335,44.1505701057725,81.409496039096,78.3939799075055,47.5353598718055,62.6999425204079,57.0534143770356,49.4547280307373
70.9605115432416,48.9524712912794,79.5438988970598,82.4007829565507,48.3915244059355,67.8366849497872,64.7779670893595,56.4854566166092
68.6188610691574,51.4770972681256,76.9235925432322,89.3073372326872,50.4404313296465,73.2673315037002,66.0788579788621,54.8452557985151
70.5557135787772,46.6676607062158,80.2713845900911,83.5039049600031,48.6925545059831,68.0635171205338,63.6234922627274,53.7396230581582
77.9954796667465,49.7964211082424,87.8826748456484,87.4160486269446,53.0665633233222,71.011133174206,66.9246506921885,56.7920396099816
72.4874845340838,47.6798029908046,81.1122608161754,83.182749594053,48.353400130906,67.1827051058625,61.4716554969142,52.9209244895563
77.8379530284152,48.4664191527869,88.3562162673718,87.0655854229986,54.1064532680767,69.1938350371177,61.5307696388782,51.1408672911625
70.9394631104763,45.8298899137553,78.3924949249632,84.3140364069217,50.8408887665248,67.4757867333406,59.0862199338723,49.8540443060218
64.630416700547,44.4110654953991,67.4429905316546,81.3211555460991,48.058004925009,65.1119510060708,53.7571406478911,45.4723395354409
73.7939419594791,49.343359367413,82.0567172203973,89.3241321998479,50.8232708876112,71.6913802062873,63.064642181544,53.9646663169788
70.9724896009807,50.1313782884251,81.5335592291115,81.0503074876619,49.0283872731692,67.2206713526109,66.9769362055549,57.8423438416211
65.6191619097434,49.9722202367445,72.6154057611977,85.8820037367129,48.845012078685,71.9772636480643,68.0277203310964,57.5299751064577
72.4319498775378,50.4913739398601,82.4144379978496,86.3254026697473,51.7449529411092,71.6193558341611,70.2489611383413,58.7261157835921
71.5082422489325,48.923140681318,80.3085412661796,91.1563734481844,53.7203796991516,73.7658911251114,65.448247104647,54.3449750839127
75.5756975342714,50.0568424649055,85.0229212927467,83.1618114012437,50.2893114871883,67.8936968386106,65.5362017795026,57.3038693180587
63.1376819982015,46.7936152984974,70.2963452323727,83.8559369787967,47.3231456856543,69.4900498232446,63.1852370518061,54.6544292374613
76.2603594793145,47.6663518614319,87.0332429509774,82.3734149452138,49.7640254221122,67.1411562367008,65.247903626993,57.029472831971
68.2023339003894,48.1181940214121,76.4086418901104,83.4424344157198,46.8495089630535,67.7625421862045,61.5996661823607,52.7645379487226
73.1807393919229,47.2894347266829,83.7445838410024,84.301776341386,51.2492708987428,67.5335061039234,60.7632944130115,52.302299556784
79.8398462279604,50.3030302974199,90.9322297486397,84.7036206024281,52.4229752821943,68.79828253008,67.3311309932206,59.6984733966745
71.3560178522219,48.3577281843864,80.5044419116416,83.9919469109591,50.6896396589093,67.866840778882,62.1519206949022,54.7575457861748
61.9399058826385,52.9955206673394,71.4771129945746,85.5158522922108,48.1127466819966,72.6168660427766,71.0338855768612,60.0339733008266
67.7510365437914,44.8386566492246,78.7451290387239,82.9302357429431,48.0307995897142,66.0379546624875,55.5673424438999,47.5434868132562
76.2334223597474,47.5062818356986,85.3907653469412,83.015785409743,51.858188900956,65.4034370702963,57.9615674856222,51.147148834094
75.3470568731672,43.0573115278527,86.4286067170916,83.755335179436,51.6406122781085,65.0535475358096,54.4578449932487,47.9807148264824
71.2256603478852,50.663659252614,81.7269454246805,84.5051945975596,50.5034619229074,69.8276411886126,67.8605786574813,58.4813693057789
74.6366265441257,46.5648608683573,84.5245522169678,85.7580367683792,53.3035637968333,68.4427825832831,61.5975101885,53.1239977596377
69.5412480423907,48.1912219120478,76.7201528081547,89.2240617738494,50.1100375925338,72.4906405795376,64.1464049074032,53.7986136835857
77.5350117809393,53.9195839170239,89.8203656541004,92.5718304648967,54.4329275747569,75.3272727566897,69.6378862919723,56.291560731208
67.9607071946774,48.454576332535,80.2326591033587,80.9040740165211,47.6979593461884,66.919660584334,65.4369657372622,58.7582288796968
71.9348341004229,48.1348550771113,77.558301834124,79.6207715223898,48.6275255136717,65.8388627412507,64.4719371172716,57.8868861994063
64.5255867834729,54.3858532788927,72.875336951877,82.3278037515459,46.7010653310037,71.3642835623671,74.92270778268,64.7575074655643
73.1946626567649,47.9760685411028,83.2039199447467,80.4481009422991,49.6977704980415,65.5478514480405,62.4882084560935,55.2636893444743
68.5657291448041,51.8932668089416,77.7337289716224,84.63773040988,48.5925410103127,70.729565984759,68.7600359778725,59.1620501945766
66.0251382086753,48.0373512645888,73.7424048235947,82.986336548385,48.4327491437746,68.8316927670056,64.8712570701446,55.1930038404038
74.205534261906,48.6043699213435,84.4615041400472,82.1631036489594,48.7740453302326,67.2843963308823,66.00484550066,60.3762801614604
67.0260787326944,50.1867322958943,76.4595571886714,83.7117895520333,50.0302002620291,69.4704251924373,66.1523907363432,59.2139290668238
77.6181374664721,46.4172156570958,87.4759158743582,86.3044014186973,52.4813133167882,67.0886755255785,55.7774340331529,47.0127107884409
75.177132800815,48.783899426395,85.6353942609938,85.0267571245778,52.7602999057181,69.5187719207339,67.2029090722503,58.4866837122747
74.3541866888901,47.4460924870821,85.5927816113085,86.3181273614514,51.8724258244922,68.2589839722862,59.4814715303613,50.192684264702
68.1759602738478,48.5781216080201,77.2700534068431,83.1889815248177,49.8138547883621,68.3896958828022,64.0225590661895,55.3633311990603
67.8580580241804,47.7790083469904,78.1743463451901,86.0927765258127,47.3337558916435,69.9178684184219,62.36777062926,52.2025358503457
76.263713409146,48.0561704965953,87.8931459596994,81.3583838134359,50.4084742378948,65.2323671941938,61.2422484896348,54.1785318452894
83.0691263952347,50.8449659499046,92.6789378698563,85.9247653854354,53.6320091636769,68.879781381274,66.1047187016479,55.4845293101924
76.33205335965,48.0268868749929,84.4475707591164,82.4837079779704,48.6144216604867,67.4397140744311,65.1931610404757,55.8304303095391
78.4288532482723,46.1536927167115,89.2672409987168,79.9249942364858,51.073776919634,63.7295263955014,60.4595154407006,52.7356847411614
68.8108386718744,48.4281752753048,77.9502499281546,80.3286950744936,48.8118914894101,67.3250483308029,67.1978187831263,57.8906766517069
80.1792891236862,49.0889546232774,92.0048899392496,89.6332535963438,55.1251509921321,70.6353549213875,62.0325828754939,51.6934434390695
73.5775407800201,47.3708499639973,83.9013765232685,80.3860445989454,48.3777794958011,64.489872580907,60.1926877527878,53.7245701417449
64.3958342722846,44.2800604429817,72.233328119045,80.564160547133,46.4991814605089,65.2621046566243,58.087387094472,50.5396890077303
63.1380143765349,46.3940569820197,72.8484746195443,83.1966245550449,45.9809059710887,67.61559170973,59.5412517220393,50.8752991826582
71.7517091751797,50.6422345496395,81.215490809796,88.4084424476108,52.258576909063,72.0131559902088,65.8438126770776,54.7858548854747
75.1276559868391,49.5984284210379,86.5919594739002,86.4539025288533,52.7101516271614,69.6754515041162,64.4475009069925,55.38542502098
71.6013174112554,49.9532258683643,81.4681598516204,84.3684152000691,49.3379534483899,67.9922847026471,61.2641573031461,52.3811224851155
70.7134855330028,50.4763921811272,78.8050624207311,87.8242410654924,50.7619755467607,72.7918432226711,69.1120779520476,57.0513588049598
61.6069369173554,45.3266264735348,66.4247767845319,78.2785967418108,44.1177196483696,65.1752831568074,60.7623885443932,53.4331562271983
70.7836593027199,50.1236295896959,80.7938376317273,84.5553724323721,47.1997837876796,69.8887670980991,66.6863328034598,56.4392008084913
66.1621476167266,53.0482024048827,74.4742001210524,84.2632937349989,49.6354581954826,72.0293705720499,73.1981505478361,62.9054573075303
67.3003532831062,45.5232678645476,71.7942735400262,84.746962267591,47.2287212639916,67.4612008632186,55.7695403524068,46.7767242671152
58.6796364716688,49.5387146279311,68.9820801000793,84.2805555134811,45.0939813786523,71.0402378694702,67.021412298537,54.4304986663442
75.3927920593824,50.3101343116301,85.2829115914338,88.2844168892099,51.4306623622953,70.6260287579274,62.5975874240779,51.5637868263052
76.6069471899716,48.9904069278043,87.6842206485171,87.0625658136589,53.4828785588423,69.6598711864437,62.9292442416283,54.9013827006153
72.1547280146905,48.8789890093368,80.1737628500261,85.4195458672439,49.0257932649187,67.8760024363136,58.205952436601,48.0169877719417
73.3150107600799,46.8339353139201,82.4401438232293,83.3594421322609,48.9759733110871,66.9606753614894,60.8947115005482,50.3646182676735
69.3932736972467,49.5797567772959,79.8873073208528,82.5648786974971,48.7583882199726,67.5817275721453,63.5164695097209,56.1506355325605
76.0911384613898,48.922023016764,83.896019557542,84.1527707055047,50.810698337741,67.2331289807189,60.8820242236345,51.7490318929567
67.4577466749616,51.376348445308,78.5295806661291,87.2349604999014,49.5316319677219,72.3694911270653,68.6388511067406,57.6102538144977
72.8667765917569,48.9351570895117,85.136912622731,84.1144330531546,52.7727559350116,68.1736855248824,63.8554031331926,55.0296760455235
65.8676443902785,46.9409283661561,78.6074126379373,84.7008806142942,50.5630118257748,69.7520927843075,65.1987859377466,55.21563947924
73.9855512765304,48.9588272508572,83.8269721425086,87.8005144691214,51.9588024607335,70.8938092323701,64.6526937395675,54.8038012590271
68.4470008802166,47.3877058603862,78.1717157261865,86.4356466318804,47.7899312537765,69.6173750735421,60.7545498027611,52.4092252349632
72.3857516633311,47.9971757192012,82.8533654614294,88.5665901245908,51.4186892099627,70.1888687661822,59.5763619516888,49.7142421231742
69.7245449262176,49.8319758955731,77.9706639622906,83.8602227810871,48.6185035418495,69.187654412234,65.9367951411683,55.8681621145079
75.0636003888194,51.0854422821433,87.0141184890522,85.4480082177979,52.0828442211714,69.7704489742131,66.9110347671251,56.0581164430888
72.0712863172197,48.715971092205,80.4890005564711,83.6408686593821,51.9845379014767,68.2857822236183,63.9879585529464,54.5539942739831
70.5929584821636,48.9340077763765,81.953535620534,83.8572255760467,49.0613615049907,69.1775939652451,66.9966295700391,57.3219545096512
76.4243748341531,49.7949579166906,86.0580271407031,82.9625053784829,50.440593551718,67.6092153352219,65.1564887096037,56.7561239468063
81.0239219898008,48.2869925196845,94.3705690747328,85.6146877783208,54.2895752485871,67.6067058733804,61.6586300819434,54.850472263535
76.3987604309449,51.0182927912684,85.1459153688555,86.1720404800122,51.4822579144241,70.8123299717866,68.7978243110945,58.9150800480898
69.243729807297,51.4137890223381,79.8101552691973,84.5815556985728,49.3840045371871,70.3026210661106,68.1614038832416,59.5610103587509
66.2883630179359,47.9811422450942,75.7263932730553,83.0522265842557,48.0632395065392,68.1224127453566,62.6054529699854,54.1948698076402
75.5465441152727,53.2310505108824,85.6602399963191,86.937864321661,51.8033983730043,72.1537451407073,71.0806405526422,61.5391808284195
60.4271193679284,48.6101871039834,68.9881412956854,80.8975615672687,44.7241701617983,67.42973040456,62.66730865556,53.6866955164873
66.751016028735,49.9326193173007,75.4066915382684,81.7616529256913,47.0369645984266,68.9654087041031,68.4997626822762,59.7251850323129
73.2413165233047,45.1748462060765,79.4839900495371,85.0125823356059,48.9690217837675,67.4053483608294,57.9150974096175,49.5139150184433
75.0386007190423,47.0106105684528,83.7000783560321,86.075774845314,51.2471115309305,67.4025849910624,56.5561789833979,47.366520453917
76.3862930689138,49.4699225891015,85.1104081170794,83.348228811013,51.6967592749772,67.9916517770993,65.9973896944088,54.9752465696033
64.6354478298325,46.1042606218575,70.4718130917162,83.2565564897257,47.0273643364277,67.6704339428662,59.0094566541177,51.3968487422174
70.0045126784388,47.9049562478092,78.9944930194768,81.4302978574613,48.0914068702304,66.3168816489812,61.5328980758806,54.7641821754147
70.4536777061767,49.8095533669762,82.8005136616094,82.385479902136,52.1089361629209,67.6641627925904,65.5485068415239,57.2081245581492
69.2876701074979,51.6361384993536,78.8521539814908,84.9166537905153,48.2233186683111,70.8713184056326,68.8243258442529,58.0472431904929
79.5718832392165,44.9318467925065,88.4948426870013,85.9528178609343,53.1721882299897,67.0131352226618,56.6855399571413,48.5402134986249
67.774146881414,47.0323520053688,76.5137642390395,82.6862194726892,48.309850806213,67.3758274289779,62.1723786520191,53.6337367376144
70.4699747543694,48.7972431089079,79.4872585718465,83.623513448827,49.6206537232114,69.1511314340809,66.2581088644717,55.2969994946329
73.5549913762569,48.8651568345196,83.32146880152,82.5984421706152,48.6532346348846,68.0662987471018,66.2794078369843,56.440943428455
73.9331839351197,45.8874231105726,80.9530025508275,82.8471195793298,49.5512056023363,65.2085743877811,56.0659092873527,46.9904414096658
70.9135939423665,46.2187924691927,80.9865253672685,85.1226436842649,50.5927005935799,68.5074065501947,61.4055144269874,51.6240845746186
71.7972586193666,47.8066380564183,81.1731358517108,84.7729322281734,51.0410147011858,67.9945396880858,60.3446362758894,49.6751479963671
69.5990454713543,47.4066814469694,77.3602485231797,82.6182648062975,47.891612624549,67.4690302370475,62.0616106671708,51.8553810986696
72.5154441052137,47.7950068867352,79.3236190772445,82.432330078982,48.4505242995089,67.1481522012944,62.6747380704325,55.3614295035104
76.7727455700735,48.4597725060562,89.030140593176,84.3576314324063,50.5986677975863,69.1918982785622,68.3099944484145,57.4958338915713
65.4840139196961,49.6369769104729,77.4803412986493,81.6265497302935,46.9525374905955,67.6471969785385,64.6333651029667,56.1915827419792
66.0676427897067,45.9447989612218,75.1919222531625,80.861889917182,47.2575985360865,64.3834808376402,55.0983801903447,47.8320324421637
86.4722815585358,48.4620239312153,95.4768286404797,85.7879074387853,54.6926190676814,68.5098286855881,66.0887508324496,55.900197040014
65.3445316934934,51.0357420691893,70.6402462448189,85.5921009228076,47.5928953911571,71.327110890967,66.8998334916988,55.3000136832348
80.3246710979062,49.772923333743,91.1835206284334,86.6138609698937,53.5393182086483,69.3338443361723,65.0557503484135,55.0368165774257
69.4159968832644,47.7164577791874,77.523676267081,83.2322454421763,48.054174634732,67.2450645957139,60.0131204481995,53.0638152114753
74.61346312518,45.9331791150644,86.2210702716328,83.8243567645925,51.8168699045789,65.6788098634131,55.6533371259655,48.9105370981618
72.8622687356342,49.3931081163198,81.9996409057932,83.0707389608323,49.4702071645652,68.3470481195611,66.2675361908395,56.0414004008451
77.7998907613025,47.7707714561515,88.7730133987627,82.9977747489732,51.2490062317443,65.7734674766819,60.2227666729183,52.1660862424875
63.8422776849337,48.1752005940851,73.1896299922953,80.5928877483636,45.884927740441,67.0789170962979,64.1880989297407,54.7675594745943
69.282043648955,47.1858061525882,78.0965194068376,82.0802019252209,50.8240763850884,66.3344075296775,60.5490345766576,53.4601006132361
72.9346586361659,47.092161942824,83.5877941670984,83.5357250868601,49.5890211429048,66.8222465076037,60.2289291427748,51.3448860478378
65.0832891685107,49.1906824500943,70.7213042905644,83.2252385865068,45.9820590640212,67.6819589821395,59.2334010041437,50.5674488365912
75.8451198545389,49.44169503762,84.9388839874227,85.0449043104931,52.1662443329331,68.8826837191018,65.1346775564085,54.7142528645087
73.0527753847705,50.1391762776105,81.4101919991139,85.7214534576076,51.16360181289,70.5662400074978,67.7485564363275,56.8820174091097
67.9650239996952,50.3497516003152,79.0258780015178,85.6585453665753,50.1659877551147,71.5187984274631,69.3313323761646,58.0937323229674
71.7433873628084,51.3945559393769,83.8905031912042,90.4453788327494,51.7466251272879,74.6794350881957,70.4905739385961,57.0707286207138
75.101508214767,48.6385189111681,84.2219355808169,85.1172010967546,52.1921030686685,67.7946534112606,60.6993917462573,52.0776333433222
70.6335277140924,45.5368149628994,80.6270548534603,82.7994977167083,50.5666384153404,65.6272029825896,56.7919788661291,49.0523333372901
79.2192234415965,49.7949523551464,90.9009076133228,84.8390896104875,52.9840299653483,68.3887570700589,65.5009594634947,57.3418040993379
72.0340175073244,45.2250160871046,81.0718877084381,80.3805660457867,48.1908844147059,64.4792644806535,58.4579251884235,49.7148798973332
69.8977452801426,47.3425958711729,79.2730441883751,84.5093718421875,49.6467695142555,68.4674313913322,61.7056661863665,53.4145401499903
69.3558831868831,48.9241703439781,78.9503706932021,79.7857271381574,48.8088571941396,65.4972516220255,62.4467603450176,55.633359912258
69.5794436878618,46.8867767928538,79.7736951340998,83.5985275334485,49.9909485269702,67.3876903984826,60.1543287701035,50.0295687094856
75.2534704761734,48.3121144797518,85.4325290489404,84.1402109274013,50.1785907581176,68.3695934781647,64.9035840902937,56.2084189037335
75.2908711501788,45.792065931199,84.4796029989126,82.6447100727276,51.0017990346769,65.2273099928093,57.0816724367046,51.3834030144906
81.8696563417256,50.5262533268189,91.918893188949,88.5817367892599,51.6837849923954,70.862927287515,65.9104937065989,58.6768120434982
77.8921601538141,48.0567649462764,87.2244128611251,87.0742566118274,53.0651067794875,70.1658073715356,64.6747941549437,54.6093707356354
74.9910489525308,46.0453405162826,84.4625309081787,82.4960637427773,50.0793379052157,63.7889130637389,52.5349746286605,45.3861830044659
70.1163722548766,46.9602236717235,78.1182687584593,82.0947700886793,48.1205544390281,65.3581664199254,56.6880339462943,47.5692858034676
75.8310070498862,45.9222952498224,84.956785464361,85.7276763115177,49.7010914734338,68.3376757481205,61.1741092186802,49.8690019728022
62.5094481600427,48.7890398248198,71.1142777777089,79.46437261822,44.4097601517736,66.0264722833737,61.865502059851,52.1343127983428
79.1764542584196,47.7077349494716,92.5777982315799,87.8422653398381,55.2616574059763,69.9492875208812,63.6942395986405,52.6028984334969
66.2944083664447,48.5569977638733,75.4699882052792,80.6024172652176,49.0702094796407,66.9861547515337,64.5484498697842,56.5388584983306
73.7296510697253,50.3525769080013,83.1727021756146,88.4936405680828,53.6281198615282,71.6545397039133,65.8604798126372,54.7800389101592
72.4061832742058,48.0802447558206,79.2707752491529,84.5663787738533,50.9271336918869,68.4297049243184,62.3769838096893,55.7265392053307
61.8229508762268,50.3560455991978,70.3883721200478,83.7802102569094,45.7519453980784,69.9689814737441,65.6885754053913,54.4876282230696
72.4698851966581,46.6667481543377,81.7958844198336,84.3774530373246,51.3815750919117,66.7262939172912,57.1138527182786,49.3025999570726
63.6848303500349,45.7382211483196,73.5584314329741,80.4005484259995,47.0662552850898,66.01380310199,60.6330509242198,52.155736143241
66.2122311541069,49.3601571936623,75.8360407937822,83.9160537601317,49.0880583555247,68.7142689122207,62.4935881902739,52.4633904601098
64.6434792703595,44.4246705639753,72.2983655472541,80.7070265264319,46.4860018279753,65.5130140276758,58.376581775323,51.4911874168419
68.815113012377,48.105077823128,78.2318840139607,80.9871070208997,47.4419735141373,65.9909458412133,61.9368173288794,54.5286892375428
76.0688879542042,50.3208488032881,85.6776094805987,87.690141405643,53.3596749506181,71.5211875281223,67.7416119133235,59.0539459396147
60.8072849915752,46.9060371909202,69.6995460542974,83.3391631380875,46.8549818927236,68.6125925544243,61.3955027641846,52.1813766063559
72.6885738055964,46.902354018176,83.7584277160112,84.7967814559417,47.8654221431571,67.6789031835782,59.8885331381035,51.7858990765839
72.6455925068188,48.4888697339585,80.5702604658935,83.8103451575902,47.3756099468401,68.2364157210691,64.0612301056397,56.1520906492309
78.4357488758879,48.8767727775932,86.9851112370849,86.2406633421942,53.0379344850916,68.5003475226528,61.3919710827326,51.2292843664022
66.4959888986068,48.1770577651319,73.7855467571328,84.1850773902035,48.0445984183628,68.6217918940058,61.2668159215298,52.2776844896738
75.2834753609469,43.6397008686355,82.7176907898588,83.6470429383538,51.3340765923989,65.6339174329033,55.6463439825692,48.4212976049238
63.0009746699756,49.6048102936088,73.6391986956785,83.2320118153229,47.8265589711565,69.3462932674733,65.491145183276,56.5275604002743
71.0059719024529,47.6534421285857,81.4242262342983,82.9146374383491,49.3524823484457,67.3119897754857,62.3571445897865,53.8977380415371
63.7392870536684,51.7193753074464,71.0661809080705,83.9400817403454,48.5109107695571,70.1382329693046,66.2136950829006,56.8241974247226
72.2545341573128,47.4214128645659,80.8217734822132,83.6565222883725,47.2580170608821,67.6832871049589,61.416238530583,51.6866582037823
68.0905366323176,48.3655015770465,76.4498302077624,84.4534717995189,48.941702580202,69.1752460878935,63.6780883747165,55.8433067779607
80.7171212743386,48.596524762712,91.1599320300858,84.9634009573175,53.1662828750577,68.5127756632581,65.3133646803519,55.9176470846582
71.9896967232481,49.3573128185859,81.0977772160439,84.9837354208026,50.4632114947197,68.9697046643694,62.9414895328444,53.9560946950308
77.6891312078422,47.2706967803148,86.6385584713676,84.519640361606,51.4946648879139,68.0139529982622,63.3858382920162,56.1917777343312
68.7503468254402,49.4825606841386,80.1381069319271,83.9488921069227,49.8003689934459,69.4185433789177,66.7531127021739,54.8398633382849
70.073459160649,51.730043382081,79.0132982662322,85.4075558267497,51.6016413452865,70.7685982360243,67.8570789784798,57.0232941878149
71.8791483266404,46.6487055216271,80.124914152537,84.6735035705151,50.5145351690777,68.2249902078463,61.6798553670379,54.3123531191972
69.2364751031404,47.6656219317288,78.736105446205,82.23333230953,49.5150073441518,66.1250491178647,59.2634141704348,51.1476471411555
71.6796403435611,49.9355562847563,81.4463734144777,85.7577571360139,49.6908083521326,69.9939565383873,64.4611189040966,56.4526850686136
73.6763334368277,46.313365315075,85.8110715307895,85.2631729850871,50.2024364965124,67.8268950695689,59.8907380845752,51.5657307383733
66.0627749557898,47.1678646866169,74.9828517540442,83.0166794135461,49.1053566293478,66.5612821239066,57.7978496281494,48.9694800662575
64.7433207857342,49.7544899728757,73.8992995105516,87.1561768883953,46.5638983860195,71.9872583621471,65.5881487324224,56.0315812595101
68.2116179803575,47.9099576404946,75.4532131735482,79.0306674418068,48.6157151160414,64.5095922881027,60.2705186093111,53.9891361762672
83.6467532556049,50.7646051111947,96.2361117204291,89.3972428964703,55.6046222789626,71.6284711863835,67.6085591123657,56.6831569732947
67.2327947713622,49.6196310231978,74.9910256856017,84.6390239058152,49.166126156909,70.1727289899815,65.6787406431334,57.3660801728516
64.4978882812313,44.774936882084,73.4223181917025,78.7085847488714,46.7548831272697,63.3943864245581,55.4395670541371,50.5901161036914
75.679626683406,49.6018957885752,84.2604756219974,86.6890892080151,52.4193067953348,69.4909316109637,62.4914398289786,53.6931729933945
67.4094535247382,49.5147107910857,79.8690102133809,86.4517466989381,50.166615889938,70.8883075834013,65.0916738181578,54.0239617702012
78.5021357594198,50.0377100097647,88.4867221477961,91.2639686829521,53.8571461203918,75.7530611644831,74.6286967903442,61.1606619092423
75.3513253103102,45.9889619782683,85.7384057947358,82.7644523239221,49.3345703589912,66.464574445224,61.6553544569664,52.8563233679118
64.8048283838896,50.1779217067664,71.6383786129051,81.8796888278223,47.3992191062127,69.0747684907462,67.6259032401036,59.3189124324542
72.9673916476509,49.1011843044789,83.618859913284,88.6574739214884,51.5897880717546,71.0415368118829,62.0418445430014,51.6680509211277
77.9764209055599,48.0437303364582,87.935894434322,84.1986193194879,50.4745737391373,67.2974944966627,62.0683747217322,53.1021731457236
68.9628502224783,50.9045795269352,78.9800724754668,85.9671858426924,47.9221348093231,70.6658785703519,65.428067083232,53.7549457771271
69.4255792809061,49.3845847742082,78.385906105369,81.3590554605911,49.6723612404683,67.2650621922482,65.6301321046078,57.1892476737043
65.3003934113105,49.0755055746656,72.1280156357097,81.4453488037315,48.1296968421445,69.4360849727613,70.0274331438928,62.1030981417475
67.4224603014514,48.7813252559419,76.3706315304543,83.1891247587187,50.276494317549,68.0754361162243,62.4334388655445,52.5445537578157
72.4589055252401,49.5922513241504,83.4539645548934,85.0241337038405,49.9036815529478,69.893008537484,67.0303477155576,56.2833446291687
73.0444958337925,51.1730847932211,84.2895821646201,85.8379863973231,49.5251805997951,70.5725606080196,68.0581021449564,57.034711410362
68.4354429048986,48.3460450997475,74.6776427131574,81.5038557484548,49.6081392430769,67.0285994845566,63.5486928201812,54.8289778450184
69.9254213981219,48.5378358151669,78.7498864715588,84.4363719193146,51.227372723958,69.0276250839509,63.8516867381526,54.3576680480283
74.6124373017111,49.8579250319368,82.3526272889056,83.1126515876083,50.5549033300585,68.3034563711273,66.1522765861925,56.7865689660063
72.0925980713605,47.9075721960473,83.5092954098617,83.8810833893196,49.4174677147761,66.6532259422668,58.4779214814954,51.7295236320096
67.5847194797761,49.0116237467217,75.1280311066911,83.8845656071311,47.6250927061157,69.4766365099018,65.5579306318869,56.2388839587972
75.5346629215992,46.1739920112801,85.4165059896517,81.6262481365262,51.0801726414408,65.8321142005577,61.847756699117,54.0855771614331
57.9001148161068,48.9789424088651,65.5030833259331,80.3906988025168,43.603953818091,67.6098731534139,63.0269992046232,54.9299192442282
64.7403283351611,50.6071343591371,75.6415901958757,84.7060742341656,48.1645289948937,68.8769583400633,61.3313888877571,52.4419051015149
72.5022851111481,48.1412931723169,84.8268289659308,84.2516639371271,50.1230473111686,67.6760245467748,61.2450072214302,50.7990600213297
82.8845034042048,48.886845864987,95.8086227737794,84.9892828208829,52.7869096592894,67.8463021920493,65.1927517419534,56.6599487481602
62.7314137507119,49.0640539540508,69.6046995773155,81.9594950629911,46.4962334526751,67.5609157529928,61.6900587746368,53.1442196626889
69.1144084093396,47.2562863634397,78.3210385287944,80.5455469980293,48.5636347385407,66.2559399071871,63.4425820857641,56.7846502186366
72.6493592580478,49.2115916040408,82.0000372265645,84.9162455549467,49.2308376828705,69.8546638917453,66.8386083589702,56.4263020341361
73.5444849426021,47.5895730242518,83.8202976841888,81.2653009017676,49.9048630469165,66.7076406627868,64.9293077390815,55.7973170412214
69.4056278527516,51.7491422475859,76.4946355481343,87.4124894944809,50.6490702567092,72.1672683131775,67.0953727561465,54.712068624237
72.5750580720791,45.9360001730215,80.5695051284364,81.063152149239,50.614523014359,65.8139050529405,61.0546964354979,53.4666962185698
73.5391154054334,45.8420167761096,84.7721405422247,83.7486426450168,49.8003595738903,66.170916173569,57.5716386680942,48.8522275729459
72.994191206834,47.6062544191647,83.0592074036066,85.801874956353,49.4348073506059,69.5575036066386,63.8571534771119,51.7743762164204
76.1536278577502,49.8451962612664,87.7828359495808,87.1240548926494,53.6045285747232,71.1881917711975,68.0935488124274,57.0943935037494
68.1477302086998,47.4099629837793,76.1658393930267,80.2603873988567,46.536174868336,66.1960995222837,63.5807188453626,55.0148235306274
80.3149157368699,47.1655089497243,91.4074762830684,88.3537790074187,52.9517135974901,69.6933443472304,61.3739382990672,51.2938363547271
76.1895319453815,47.5867721076336,87.4313619916498,80.6969581912668,49.2531603800173,64.2629669648676,58.751269907944,53.8495515790037
70.7196715076571,48.1688066163689,79.0300831159944,81.4003083671164,49.7058417924566,66.3416269121795,62.5095267960428,54.7013523646058
68.4410848320381,45.4032732415227,78.1275068048579,79.8157859453256,49.3270079336691,62.5964384420716,52.2690749018654,46.1255774924076
66.9918298429578,51.1286542707107,77.4223943262663,87.4567821702702,51.2647006260441,71.8822603877944,66.0443358739459,55.5489656097273
64.9132328498106,49.5826299419894,75.753079641535,82.4447580976327,47.8626953116273,68.4240620922217,64.8404508361531,55.5122107996366
69.4329851018006,47.8178531637147,79.5724654784099,80.8040215226523,49.757670398962,65.6919372577476,60.9320517821036,54.5721833689853
71.549764383117,48.6094220595884,81.8110330595817,84.9596771742315,50.2574118382161,69.8343712301395,66.7657505158642,56.426407994846
68.171296528856,49.7872128587831,75.1940511709703,81.892263841028,45.5623528140301,68.2212815770631,66.223778972144,57.6769223000108
78.3256870283406,47.3298578855916,89.0795800180796,90.0405043068701,50.9264275218517,70.5578273497654,59.7937620144858,50.655030917929
71.5336614459782,50.3081089731221,79.7310719025855,86.2075716866457,51.0618170853641,70.2665284374998,64.436683530988,55.2188685873792
64.7499559437513,46.8668203752486,72.1802075740874,83.4101114911389,47.4782489666262,67.3503286119123,57.8991231758881,48.1731241461958
63.0724039171816,47.2946539793729,71.195777763114,77.8400980942272,45.820335167947,65.773085031328,65.2831389917342,58.9499917859885
74.8541531510173,46.4670702093929,85.3856639415633,84.0718567934558,50.768425362778,66.350061807806,57.5416770644697,49.7473385659663
59.1696288990064,47.2266171602312,64.3402706612599,83.014076979493,45.2309110473498,69.7613167774151,64.204503271373,53.3661382545498
77.5903321132266,48.5394861834449,90.9650072267752,87.478303622684,54.0723338281815,70.0327859936308,64.388495964107,54.533104219708
59.5660521606471,48.4435326489227,68.6716040522257,82.533301733947,45.3395888219404,68.1150436108401,60.8072135114963,50.6797355161204
69.6635055878825,47.2162588177458,79.4620154058936,83.9578429193337,49.3941920366119,68.1550524790777,62.5642540102074,53.1418126069113
82.4897685860587,47.4135916975643,92.541784168235,86.5342005167877,54.5867098070332,68.2374524037753,61.2205235083144,51.5144344070572
70.3521049239106,49.4254896568338,78.425279653052,85.178330787718,48.8816557339733,69.0817941787165,62.3238176712926,53.4656027542199
75.4497585193111,46.9969325636114,86.4945509639202,84.5178905774575,49.9872977687733,67.1946227374844,60.0971264478389,51.3311439186115
62.441645237581,44.7496033606713,70.0450818835199,79.3084868559748,45.6543573167088,63.71452494752,54.7771848270509,47.5923535494739
80.693107142785,47.9689404858651,90.5314334426572,83.8070669155893,52.6771472853555,66.0929173521701,59.2310561956982,50.9335380784978
71.319439551233,43.9427270737587,79.6672108520372,78.8227393679735,48.9996030006508,63.2674919521676,57.6248038014059,50.9603887641941
72.203163080034,46.7680729686254,81.5860086856495,83.7674623800746,50.0504229274105,66.6426432590004,58.7537295114241,51.4572173121693
72.2077023440563,46.6248261342138,82.9452952682024,83.8160597722329,49.927487473217,67.2355970943497,59.9673254543367,51.9127354871331
74.9023405655875,49.4564760747938,85.434162151555,86.6752105853996,50.0306982769311,70.439154494804,66.051949472651,56.9364734227751
69.6594795542902,49.3708227431459,80.5222509535529,85.7271913990904,49.9689318501705,70.2364841059335,65.6346516133712,54.5526457499441
68.0070239301334,49.6911875473254,76.8083863813011,81.0301453230183,48.9612036239901,67.3705569238243,66.1923047671438,60.5026710642016
72.9458900832145,49.2114585696871,80.6177701470855,87.1548946485714,51.5951918153006,70.7921819820047,64.6858903161725,52.8242830229273
65.7523519969595,49.4998904819594,74.3489440737486,85.1147231950134,49.2337508938083,70.2396742373534,65.1241503016461,54.9036024465749
78.1007154330693,51.6679564625607,86.6588492534497,86.4597690174104,53.5095186661415,70.1953302340927,66.7905708709472,57.4970545601563
66.7997570352688,47.4527593199623,75.2750063617551,78.102052314484,46.7815683455881,64.8069667889774,63.3356566979165,57.1393570692197
75.9101510439131,48.1943169954131,85.0369484281454,86.9256957475591,49.1362765662901,70.2973521988707,64.7201905870514,52.4545375192438
72.8595877706066,46.9892968759372,83.2653077623743,81.029407876448,48.2347327641916,65.4701126371606,61.4565195228204,54.1328917322235
75.3179398899655,48.0172744426244,86.1182971803802,85.4544696986059,50.9269174227146,68.5368098376152,62.3845408667406,53.956748031342
68.8762685141073,52.1898799934871,78.5110792564244,88.6868552377323,50.4665499512841,73.3700186134318,68.6074249367178,58.6501901920474
79.4574771810231,50.3840064089445,91.7614682704053,87.6088955357655,54.5496497291399,70.2611315508915,65.3677843292301,55.0403855721872
67.5153074605735,47.0176111714641,74.5460301866545,86.2045698196201,49.4555990823763,68.7975020653452,57.6719376878787,47.9092364425296
71.1635731713306,47.5664037551323,81.550988926203,84.9544084104043,52.005787531632,67.8742411665962,59.7839959517405,50.8458409949361
74.1564335884423,47.695908592614,84.2111310986966,81.8020563828091,49.0768218447942,66.6201627944453,63.8662115016464,57.0274903239661
84.7180582603096,48.6369790803922,96.0927503217219,92.0970594256215,57.4379810507651,72.7045369826122,65.1964173262005,54.1396995790636
73.6558093533788,46.9857630201944,82.0838962206834,84.5483513215427,51.6097783651175,68.822940836578,64.1022671311952,55.9033938013087
72.699221637417,47.0195078734811,82.8171912768113,82.5578882777887,49.2947305079718,66.7559750375857,62.053104040578,54.101681624993
71.9909198040074,50.7330962924532,81.6439990853003,88.5481920582634,51.8336860830228,73.5013303382066,70.927231203526,57.4642962388096
76.431471549604,48.123282614579,87.9668955287076,87.3090234212129,52.8047580117288,68.9425636457643,60.2572183216916,50.165377933517
73.2070746459161,44.2905314686622,82.3743790288558,80.7930359978819,48.1514467890277,64.102384324917,57.0053583152996,50.3467206128807
63.3589771447037,48.5533166128027,74.8953608051,80.5611180240628,44.7837956491956,66.7509697269925,63.0430585091973,55.257130803914
68.8091344003662,46.3339803644872,76.5666546997711,83.1407812655656,48.1776660591856,66.3710762359389,57.5117343225488,50.0300558079171
73.5976472560012,47.9064316029563,83.8739628840385,85.3200697074221,49.0330277346339,68.5060421916891,61.7847650647823,51.594389271721
70.2982575375117,47.782117971822,79.8414279723728,80.5359996343438,47.8721631469313,66.1458235643509,63.4376281236667,54.9650168027037
74.3985233176751,45.1545841667379,84.5450322764459,81.6798533854152,52.5964340188742,64.460569193265,56.7994060588728,49.809432373913
75.051622328153,48.1957045252443,86.354444465158,87.7735949078409,52.2683204197045,71.228737386019,66.2255856529096,54.6224100169363
76.0731754517215,47.4954343056733,85.7144143062373,84.8287809466944,50.5997725348641,68.1985753966153,62.7967587498377,54.1776617868498
72.4280517927023,45.3002352712601,83.1677157210388,83.2380696977673,50.3521588022884,67.1775721105759,62.0163350801442,54.1612092565289
71.4742890281998,48.6165769553231,80.6055487233871,83.5694309088259,49.5338034896686,68.8658413595546,65.6083480792961,57.8855030769031
75.304443868088,49.3069595906438,84.6064314669914,84.3273087218021,49.2208311474219,69.02999079001,66.4735524316461,58.2866101268875
72.9527858998114,46.4611072672512,81.8538085592546,81.2582849079456,49.3197576358176,64.2932365349675,56.8508533456488,49.9596590011477
72.8631271674559,45.5807607837493,81.2405087582971,80.0998068733669,49.855795254623,63.8989361246154,57.8335447242147,51.8203407306474
65.1438054610691,50.4212855932553,74.8885936306227,82.6713421783022,47.8110737089686,69.0566319843036,66.3626785021977,59.3419760252667
75.4099461037166,48.6854033792263,84.9553148055741,84.5057962641763,53.0293086676015,68.7375575881964,65.3278786408317,54.9466356923042
71.9648082739064,50.4629459005,78.727766820963,86.1846569467198,49.6013675101119,70.7891099640291,65.9388213029816,54.9673265610286
65.3282538541791,47.8777515595714,73.1774537829921,82.6372912802753,47.6579710169072,68.3286871540084,63.616905360662,54.2174837859308
65.682214480051,48.6046822235143,75.6833520795134,82.7695736065759,46.7817765558201,67.9321866319076,62.5416648692102,54.140695543918
78.3275565774539,47.1812780031258,87.5942764303779,81.5669166186579,49.5012178225783,65.0776135465881,61.4974447416934,54.3913565403036
66.1920098946758,52.8850139052014,74.5435175983697,91.4428295445595,49.6385113359054,76.4502192209465,71.1165911368078,59.0422001222242
79.8569534079741,48.75411678792,93.3785721141148,86.2069567571805,52.7794672820234,67.1220510056927,58.4058998631639,49.1168810069781
79.0772192276387,47.7954805316469,89.5164843821217,87.4674068802099,54.2808519256639,69.4762345317591,61.8260210062531,52.2212654541596
70.2452951703392,51.2970657290434,77.5842532182658,84.6738280550509,49.3889847332122,69.6529628882552,65.1841151230864,55.6292236876464
74.0250267603595,48.156388073381,82.889011303136,82.3816362206218,50.506830042392,65.5811397269246,58.6035683377296,51.2369397799786
71.1495931058751,51.3488812098479,77.9723630315568,85.0150380142811,50.9214177827906,70.8344262328368,68.6677108027465,60.0349957622556
76.4600883417531,47.9053769597519,86.2374002609929,86.005444857025,52.3891465787484,69.4625706360714,64.2609856075064,55.9373463839266
76.7316288867582,48.2312359200694,85.8702263779366,86.4147897786227,49.3101890016118,69.3163125153697,62.7024345806736,53.1378705218873
72.3791496587237,47.9671926763958,84.0005061438656,83.4643046832686,49.982604074603,67.9706922580335,64.6125110641418,55.9210739092424
71.318831309379,46.6446557235824,78.8954831445648,83.382303099777,48.9816957247142,67.525502543556,61.9284176143739,50.7613557382596
73.1789556652163,48.315605757322,83.0470910664688,89.7310876449689,50.3732707827779,72.0488960052569,63.2504678534952,52.4400336394799
68.4642099361595,48.6368670701368,75.9184738012052,85.8583170444048,48.3302715537825,70.0893998871467,63.0467411758661,53.2441943473841
74.3625924520496,49.3522578088683,84.5532991798155,83.5071319070452,51.7454627820334,68.0594938888972,65.2032140873893,55.7835187130082
55.1360223446395,47.1449990221788,62.3873809133781,81.2296181448627,43.1321265769506,68.5669229955779,63.5667655463549,54.0697837949544
74.9981717406414,48.2969570256971,83.3529027532952,84.0732560113691,52.0740738883332,67.7748257244978,62.3798704432616,53.1978583356511
76.0035475238577,50.4028167179974,85.3702962451507,84.2374345205298,52.2044177322179,68.5284352183594,65.5132258868872,57.7799205503985
75.6769367289808,49.8748182280861,85.1236978136515,83.6433534664339,50.6468496187317,68.3690877499181,66.3211421697079,55.7102700660461
67.4147779959488,47.3525306524566,76.2376033510975,83.5599429248044,49.3572537927093,68.4648264354904,62.8038671548549,54.0667641760378
76.1862621916877,49.2402662127651,87.4855076666169,89.2425701045196,53.4225850049284,71.2387179581067,63.0569270081199,52.7142768559115
70.1623748295636,47.654742867242,79.4389620044566,84.8640869943004,49.3970921026917,68.410392495141,60.859565148534,50.831369122916
73.1604377164186,49.1263523725763,81.0470858756835,83.5885872538514,50.3938234894133,67.7832007938103,62.9133745570601,52.8441819754738
64.2612643595806,52.751536709862,72.0108526969293,83.5176825467922,48.0005017692425,72.0305962251927,74.0450483046617,64.0018395875614
80.276122908408,43.9765432421724,91.6093558001942,81.1658789043232,51.27535673759,63.0473977300864,55.8990359608582,49.6641088124708
56.6988482217658,49.292054582832,65.0623412361399,82.8560173221605,44.1223014414579,69.4785975792601,63.5932456884698,54.9901109220896
70.5037512782775,48.3570910763443,79.3077399775711,78.4956629275809,47.1422451649842,64.3278192493994,62.1983383173502,57.8489259057317
79.8560439485277,48.061545420777,90.7874562170161,84.4994210443133,53.6252120771817,67.5186084220904,63.4781271753727,54.9277618941568
74.8671601880826,48.6902649966653,80.4844200332228,82.2380611056238,48.9279439406906,66.4414806850101,62.0383431857211,53.4757094013432
72.1500463630861,50.4157237127176,83.7949975189962,85.9065851260893,50.3182350266521,70.6941832558413,67.8486203629937,55.6263007974924
74.6281673232856,44.3480814319779,84.2979776262241,84.4500857072769,51.4245976952829,66.1601611014755,56.0647818696449,48.4277474228131
78.9603698375819,51.1414569598252,87.413098063205,91.7009792819192,54.7637568067826,73.2804734992632,65.094783588633,53.6987651132402
72.5133797535272,48.053635700667,77.2496241310911,81.4968635237766,49.6070227383394,65.465194412714,58.9671768288001,53.1017370666431
79.2818450632529,48.0787335515024,89.5597601585088,87.0343585972609,53.4248268635351,68.8921173303615,61.7471687850767,50.3440067103743
71.4713032429562,46.4563711365728,79.4987270827987,86.2137508006527,52.6830295739654,69.4499559985753,62.0404224639943,51.0491169792846
70.231412485895,52.4840330387196,81.5540952452174,85.8499934978004,50.8683728060606,71.22435656606,68.8845433653112,59.3531659998597
70.4378132075906,46.6623258069193,80.0838522963064,79.6996528047084,48.9917578617079,65.0277422777004,61.3981659816577,54.7198867938591
62.9544566338994,49.3548817410919,72.133994350431,83.986060853209,47.6040570423736,70.0144455261023,65.5225818057438,55.061368590164
67.8133671198317,49.6875371098641,72.7116719143297,83.5988577689561,49.8335265904496,69.6736353162316,66.6815693952071,55.1467804818361
80.1726775774658,48.6795923224974,91.6776902156045,87.0085724027699,53.4860592344015,70.4573730419906,67.288977734551,57.4507028760167
66.3649810383602,51.667494769798,76.2005927942114,86.5007222716746,48.2046606872736,73.2783984425806,72.422997927293,62.2235556151239
73.6566811382159,49.1082497288341,81.6171419147142,84.0124468661934,50.8614416760512,68.1624883927164,63.7777830286768,53.0137013949901
68.0124500696149,47.1393513499567,76.5274600008705,80.8121730281691,47.0200968420623,65.8333930240365,61.2869179800613,52.9284568961518
79.3758994209235,49.2746565447334,91.770260005159,86.7785893564631,52.9688620911833,70.3146319165387,68.3676027466512,58.3165674098153
76.8329470184107,48.437039080635,86.5390727123752,85.8520367782209,52.0196379159412,69.0115582593403,62.9457139055433,53.9462191359273
76.3763508021049,48.5334588183357,85.8844798112456,83.5692284975725,53.1069076736065,67.8831021509443,64.8048299965385,55.1193734560881
72.9616117116546,48.5662769025283,82.2478009903931,85.4519384254077,50.2648013434906,69.1368099969506,63.3820390204516,53.6940929728067
72.823072194004,44.9480847284172,82.0008316270856,83.9674537544634,49.5803248156612,66.1332254896198,56.2196363479506,48.7170109275263
58.2384533185293,50.5663791738556,66.8277721594276,83.8821871793182,44.0448549807818,69.9929765248954,63.4026052719443,54.7352802668697
69.2732609437523,50.0988705828584,80.3580374810066,82.5421384526394,47.592922727532,67.548466734575,63.3888381594306,54.0890833336215
73.2073168634661,48.6492675066594,83.4920320557029,88.1034118362032,49.5237252512226,71.0452372390085,63.1895205558938,51.7984803990343
70.8739338492303,45.9681944856535,81.1907985663485,81.879598350688,47.6893051925805,65.7079887778911,58.7465806981106,50.667770540092
73.4071996565288,48.1771603079623,85.4280065909464,83.1822631687017,50.8498396247504,67.0123500585851,62.0938671795376,52.2560293134422
68.6081910855725,48.8545437111756,76.6251231152144,86.6636878346975,50.7831565911661,70.9076578945286,64.3862534894658,55.7393189514038
72.357797122974,50.930172952775,82.8922316504015,83.0287596703363,50.6876668472324,69.3536332318252,69.4936102253364,58.9313567388911
75.3947344947577,52.4640753237265,87.2877652511124,86.0689867565976,52.1225800217523,71.9227883797767,73.4583169332749,63.2712668347768
75.831214902036,49.1236210570562,85.9875838958683,87.8597879290637,49.8008651043769,69.7706092301937,61.5353578467716,52.46774175318
72.5768352169502,49.5834789918105,81.640093471016,81.7794936912802,48.3658838893705,67.899631030519,67.9684648080247,59.9372570259239
74.9754336206672,50.9271360086331,83.6852502900527,87.4691121834144,52.31044060838,70.8657293875143,65.7403250111541,54.1589041085284
68.3199110118952,48.5570626015617,79.0361194235746,84.0278452725898,49.0722903404171,68.0330812751068,61.2213046476002,53.0036072079638
69.4840502229039,47.1603469630322,79.5984522008296,82.9935726919278,49.2357756371595,66.8272868189453,59.4803537324572,50.9066532895587
59.7828182899153,49.6841253206878,68.7070619568052,82.5124548363888,47.9198477557737,68.557976643803,62.4265526269626,52.549307495554
64.4640718787721,48.5723524231921,70.627243288835,81.116368114044,45.6145346513265,66.954564921655,61.8417240406947,55.4635362123267
71.8740209570282,47.1070773385311,82.4330122823655,84.9333891587056,50.0698334193733,68.6010097171964,62.3596368248857,52.440379430676
76.6111291072915,49.5419783296528,86.9927014916816,84.9210458794704,51.6340488021874,69.4137241128757,67.3373954108345,57.24237622005
67.0497083150614,48.2829817599551,77.4576823198401,84.3469635737343,47.7509702589964,69.4349099689227,64.4826377816703,54.7468257660055
67.8400509748701,47.542261630916,77.7548727289286,79.185840088959,47.7387154522796,64.7062682215634,60.9576550928068,55.3226158623156
78.6338844182806,51.4559107297927,89.0405411012729,84.7333864975085,51.7031119687249,69.2444747865975,67.882702338857,59.8212165978098
63.99797342361,46.8268460598247,71.1972944314316,83.6547997433448,47.839785775026,68.2616496773569,59.9741894536982,50.2276959515152
68.5158965030602,48.3005885958713,78.7791775830269,87.6152931390332,50.2896649318511,70.295822387353,60.3453603592621,50.3012228528723
73.4295101828782,50.00380151513,82.8104759598218,86.9858196522106,52.6940574430852,71.7565666270887,68.9939879065729,58.4758399936556
67.6632588484414,46.4742071305744,78.6585280501325,84.0857207336449,49.4025991267869,67.472144404371,58.7228620933128,50.6936210411725
68.4496207738101,48.4490107865036,78.9274950705203,83.1915481533076,48.2537244304588,69.2885478146433,67.7567030537692,57.6009337077151
67.3139687123754,47.9684238215989,76.9370893304815,85.6656539326439,48.0000640407126,67.9648861878839,56.3955576658626,47.1995857202708
71.9287913849899,50.6689394421925,83.5355643195523,85.8506314632469,50.5085889797123,71.1071368330259,69.3628495173206,58.8213583035154
78.0830810833702,48.3785413774716,86.4261589528719,85.619749479403,52.5411165382717,68.9503427013812,64.0762965309272,53.6524567314154
70.7314319352073,47.8972392038987,82.3185366211038,86.1718006272509,50.5725513329112,69.89656727201,63.9989154418026,54.6721422469669
64.1191989107517,48.1089592614636,71.8535188900325,83.215193619604,47.3046485871352,67.9090078631274,60.4419309566982,52.1886850981652
74.5262980351912,48.0471138895459,84.3622544982209,83.6246126607007,52.1344387694892,66.8896498660065,61.1367492953669,53.2258181079673
68.8213629324038,48.2821235394934,79.4825159792685,80.8554259701991,48.8446255916101,65.7935031880122,61.6743056272056,55.1659200096025
71.5348713861167,47.7941311535358,82.2637166750885,86.1161809705037,51.2321599826221,69.5104235880917,63.263847037873,53.2171241417759
68.0285033680961,48.0697739829136,78.5001358978135,86.9043731516671,48.6182241110773,70.1008786680618,61.2247158839819,50.0052784224734
63.9545007285371,50.2433319159365,72.3056923024416,80.9277404632652,46.0868231871987,67.1596521504336,63.380563678887,56.6633409086878
68.4250511678446,47.6192333571932,77.2607331509591,84.3324886194567,46.204224979141,68.8860688973188,62.774529605446,53.880970481275
62.3536892515938,50.9866509817217,72.6466166446227,81.9348890205533,45.7917384452412,68.7048210578061,65.8671229420376,56.8342553942737
71.6158472949823,50.0610025904317,78.6240240130732,86.5709530623404,48.4016625547921,71.5662448159397,67.6564708582338,55.7043311638226
71.6203151418892,49.6174001503239,82.4764370387327,87.2314265025277,51.5285527985896,71.9355478682743,68.2283459598498,59.6126489233951
63.5018370296822,46.9116760134383,72.6536963965409,84.9367686835341,48.0995001484427,69.3939223033258,61.6063000048972,51.9751240944485
72.8679686802553,49.0047001821066,83.9419378026771,81.8663045976471,47.9831462007675,66.2806720042052,62.3248736062505,55.1919796171799
79.1254872207513,45.8478446411477,90.0448626059805,89.1633581004555,53.7328897908912,69.3549463890641,58.2307417485958,47.3684358512489
75.2823011080309,49.935629203632,84.2092869872108,82.9469311191127,49.512216351831,67.941464330556,65.742967258354,56.389307528406
73.1503870351439,49.6161612064292,83.2414055940857,82.3671828901666,48.4376894332382,68.0436359773308,66.5180844951094,56.4590694632985
74.7787989578242,48.6547855108777,85.3821302708392,86.9195038818588,52.1258185357101,69.6733553112287,62.4213855482589,54.1705984249454
69.8424174564073,46.6171772105738,80.6932283364089,82.5847265928053,47.0592006691985,66.6700680236674,59.9033379221554,50.7914703314168
62.1691413934658,49.1520900217754,71.805528311465,80.9438534551156,47.2746688421127,67.1141144769954,62.4693285825692,54.9781143646056
68.902466889963,50.5655049300506,78.0055942888626,78.3524289400283,47.7457708966741,64.8718677039043,63.4957024596246,58.3437657497725
71.4915551612233,47.1892813028963,84.0948975138872,84.7689378008617,50.394174165023,68.0191425922755,61.2299172492433,51.5745319988584
69.0686476193603,50.3307013602893,77.2883768383676,85.4201788702133,48.8893798005308,69.9116858236781,63.944530132076,55.3052778468221
75.2149380444024,45.4421849900986,85.0933490255244,81.0948096645451,50.1500645074621,62.8776865555064,53.3177730352719,46.04200596698
69.2345746193953,49.686765452582,77.7071656088699,85.1615027750246,50.952235936963,69.9828357988371,64.8787678639354,54.1979722497771
79.3369217889959,49.9260602398455,91.4776234585385,88.2122392205478,54.5799650730703,70.5232856633821,65.1067076915415,55.9900103873081
65.8527587973086,46.4757554897154,77.8004744682565,81.6101991792242,48.2351733485927,67.1596930684416,63.7496846667624,54.9306048304836
77.7582225390863,50.7826840737788,87.9657535827608,83.2826607881298,52.1906505999521,68.81468659115,70.0479161651721,60.3614718658464
80.5586800531577,51.3091815701102,92.032460389376,86.4619733049961,52.5394455842144,70.6093010634576,69.4986629803486,58.6100247327418
67.6780783046614,46.1645744507793,76.2142331736526,85.597751876947,48.8262404242535,69.1610139088802,60.8227949825529,50.336014499035
67.9484037517196,47.9607318909697,76.0761515209483,84.8147321371101,47.7307020728503,69.9210319776992,65.0727230143327,54.2685053443676
70.5411595969301,45.8746446674625,80.9464754552074,85.7937587994616,50.809956694385,67.6649243408677,56.3620973145269,45.2980271952379
72.877390204414,50.4304946034265,83.3042140807825,84.4494156978236,49.9114796110894,69.3589941595999,66.4223054438452,57.3793883916333
74.8182207228364,47.4901487550454,86.2141456696754,81.8597386393733,50.2776156733216,64.3559868461414,57.437420053699,50.8309773780264
65.2109471412418,46.9733790661346,75.1016660153905,82.2044685592028,47.4073338657123,66.4975835614869,58.4625778325414,51.2248470821335
67.7525775332633,45.5642570001483,75.0140359131218,77.8397247615012,46.0382163961285,62.9495801549244,57.3644456203206,50.7881190058525
71.0127239218611,47.7091025720777,80.6693500735654,81.8283411334303,48.9876431783234,67.8760189259935,67.0087307577308,57.7621841424075
73.1158229344353,46.9750896506073,83.1587037103316,87.0918111677033,51.0651967132158,68.9503608142627,58.7776011188068,49.2687769515741
65.8639775109662,50.4906730989641,74.2556339059257,85.7172987893622,47.5677793166813,70.9397536768183,66.188491880689,54.9574339840698
72.007829838065,46.8813294740537,82.411967560807,78.0911110385204,48.7547069353204,64.2259808160905,63.6703038994516,57.5062126764225
68.7529148619724,45.5301296309274,78.355961359426,83.9953114072858,49.5009033074385,68.495941328915,62.5119832129753,54.8667089002426
84.0317736309917,51.0116852570175,94.8272599850743,83.2323457248403,54.4534134683001,67.8835128564396,68.8677997543083,61.4654873888425
64.9811943949284,47.7635085934065,72.1306093636865,83.8956189797615,47.6744709377178,69.5223625847727,64.8919791546717,56.1428047989009
69.9868066018656,46.4973222479922,76.8796226530219,82.3613083137765,49.9967069800463,66.5243621494674,60.1045943501242,52.4339878933059
76.6120972931673,49.6891408237715,85.2511988494467,87.4443868285487,52.5405299079688,70.8641876719704,65.8558948050897,56.4762844600095
70.8524226823549,47.6249527964619,76.7603819300289,82.2962032617691,49.8657673273699,66.5477919332004,60.8471135216742,53.4309408616231
76.0215673306521,48.1076931149685,86.4217890097107,86.2996563202399,52.1448556005173,68.550202185802,60.3895356602833,51.3194511918034
77.576233694545,47.3293499416492,90.0802628354246,84.9338964349749,49.7482863851393,67.545357724167,61.2821017846004,52.6597136688839
76.0216594544158,49.2910874722335,87.7979014452189,86.0279512723004,53.4244351342921,69.5183991792239,64.6096457406642,55.2275362066601
68.7091442803241,48.500764911682,80.5209716107214,82.4823415137363,49.3175086388635,68.2059853682781,65.9545904939935,55.6306711420396
67.5753694586095,47.1992990695934,76.6673244731459,87.6759262852637,50.3645296876536,71.6585841688151,63.8825205626125,51.7166170825934
73.8108820301217,49.8686101620579,81.7277037403432,85.5589694194939,49.9818076006874,69.3267738095229,64.2219001001158,53.8059605344625
65.1627085877239,47.2491937422095,74.8825430351084,83.4883941532867,49.5315914751458,68.7961080400605,63.8349465606939,54.5573510563115
73.3540108913103,45.5536273793123,84.3118319132529,83.1396137020553,50.189825011523,65.8505070057047,57.9344173387764,51.9543695353551
71.9457898680646,48.7381737402595,78.6061246361123,87.9182463658036,51.1229065740922,71.5633061566001,64.7011530802683,53.8351729515479
69.266617030693,45.7603373676409,75.0000059960756,80.2958948792375,48.6247247966783,65.6382447572296,61.0331834011691,54.1384823811823
71.7572896474766,49.3931747895464,82.9091338609179,88.4482597146478,51.1458497277456,71.2663183475063,63.6296558428137,51.5747529186883
83.743771806123,49.0000333347324,92.7115472862051,87.7719637488669,53.7003415137292,68.8099361786905,60.9702680733604,51.8758863520375
73.8616578396648,46.8696867253121,84.0202068522095,82.3609124781511,49.7277560171015,65.511281807361,58.6762159069146,53.9263535966236
77.7359170343535,46.310667895318,88.5704208939691,85.7158649075623,52.8558450243684,67.6326081712454,59.5723690392905,50.0039863864228
73.9473978860677,43.5069020698505,80.7913434998738,83.8317026849312,48.3517537676027,66.4149859152003,57.3006267465988,50.1861820023213
75.7388087218302,47.4193080669286,85.0261697843,83.985350426202,50.1229592956422,67.4630334741018,62.3052025102238,55.8657347953044
69.023200535689,49.3011293207451,77.2154978521521,89.1654071245206,50.6713806075376,73.2463041047974,66.6174519652945,54.5086591575226
69.5967758205583,47.4302472637746,79.7272238278695,81.6887400752931,48.884581975311,65.8734301398323,59.8671664938507,51.5000810313754
68.2575540073189,49.796901737257,78.2482420798135,86.3095571023999,48.6509895779739,71.4408785473309,67.8841316426741,57.3093871877724
67.9766373837177,48.9411101403155,76.0995400128187,83.2983495345796,47.0913805661284,69.067242047853,66.0384674579883,56.1912815865692
70.0172948595269,47.2424639135836,79.1960256710501,87.5012750664374,48.1825609342089,70.4048936093196,60.8377255408946,50.5418419426862
75.3848558364945,49.2708642701445,86.7868370992248,84.6875339897429,50.9064158754303,67.4899875612319,60.747664564522,52.2631312318843
78.453723342886,46.3634815552445,91.1848828486166,84.9927452037293,53.2154493780983,67.1363745702603,59.8971885672898,51.5198548186214
76.4158983145649,50.393115448708,84.5754972955409,83.1092348019312,52.054055567554,68.238463585709,66.9204961238333,57.8519961656857
64.8060299692271,50.0026445556233,73.8013665463254,84.532199721637,46.0492562803255,70.8402076000346,67.715188317704,56.1377119769585
67.2670343122785,48.1167224738393,75.4016357419039,84.4628292200195,47.6220232984739,69.2464756525713,63.3364008715019,52.1702720940075
63.5235188110797,49.3651246656756,74.9070297601081,84.4836231495657,48.0691052677204,69.4973216209041,62.8705800174516,53.7335167317219
76.0760577117391,50.5877699055997,86.6265397919765,84.5087843607907,51.5106640045389,69.3417520188544,67.6147742769744,59.3399626749543
66.9602282954507,49.9608060952695,78.2228378014161,85.8942288068166,49.3465603374376,70.8216196853772,65.7622932477714,54.0563468456465
73.3036709538908,48.4425270977635,82.3909693538246,82.8055842436613,50.225106090332,66.7270824888029,61.4156474766133,53.7208821942605
66.5711686157388,50.0915403557696,76.4455611004717,86.8847898702802,46.0524104609875,72.3490452474169,67.856807444898,56.6186923123499
67.0969455924251,48.8697462845006,76.7592118107407,84.097196031154,48.2332079099839,68.7785195271119,62.8018527049736,55.2799148247482
63.5785364151195,48.5759896415898,73.9080946990784,78.5866475311441,46.9178313788395,65.6757254206826,63.9558219774456,54.8453570748126
78.6716328017933,45.3696184111497,85.9272061775696,83.2303386078306,51.6088248411541,66.2240276094797,60.8335004868356,54.5916010648562
69.8938356197765,50.5647098102174,75.2531222984482,87.0571004216993,49.1640584223352,71.6851214750907,66.4603906172722,56.248706007235
71.1882585025223,46.6246800286254,78.0891231441387,82.6231256985618,49.1975945466595,67.6126469148687,63.7505995783681,55.0871553229541
62.6227012742621,48.5350235183283,70.1970383422127,84.166790368946,47.7263700095552,68.6208842481799,60.0065205048635,50.6639550515206
64.8861489378981,45.2520435296131,75.5703568122193,83.1495137323121,47.317154798297,67.9244461919873,61.2389362103307,52.6952368113566
68.4853298699847,46.4423755193004,77.2522782495952,85.5844140989402,50.0014250945669,68.4116830452431,58.5230673863738,49.2453459517065
71.3321649073953,48.4845312195421,81.5437019431893,85.7007359142604,50.8693625408855,69.4022538351557,62.9542791859425,54.2795357449363
69.0892534775553,49.9109914217307,78.857560577867,86.1532810532697,50.7482624129798,70.4959324008901,64.6285189796006,52.4343518372006
59.9402139015421,50.2845474660222,68.3461665540759,83.0454933037008,46.5890394977484,68.4418734123805,61.0981746177222,50.0737123919689
85.8867077105894,45.0948607679043,95.8607341742306,89.8593718756455,54.5800092934802,70.2706217896275,62.1951293232879,49.8863817018285
66.2085918854604,50.2633599693484,76.5172254962711,81.6300422645776,47.6022387254191,67.123606310169,62.8116007137702,54.9459721860378
78.1699027463575,47.8335674004094,89.2581409444766,85.798961175304,52.5006968481224,68.4607279722581,62.4519250903232,50.9709181881459
83.329370961058,47.9958798311093,95.3812485502794,85.7115558728454,55.0246546740426,67.4825703319831,61.5260968604028,52.6876193186603
76.3997795597678,48.0119251046101,88.2505089140516,80.627141424902,50.6022149800742,65.0667937694547,61.8543746594669,55.3878431165431
75.6475050389731,47.7108843628987,87.0769690232406,81.1857435564375,51.5701849674804,65.7813844948692,63.3958846570958,54.8996768903341
71.5934162918655,46.0416253262332,78.841774000222,80.0264116880703,47.023578476529,64.8067452224738,60.5606296608405,52.7592678783064
72.514597607251,42.5733175649404,83.1676146953288,79.7385187698571,47.8091309674623,62.1617954890086,52.9639725860157,45.8853738621261
71.7754209617304,49.23266216524,84.337616340925,87.795868782984,51.600218753756,71.3043206912426,65.511544327812,53.8997522872646
66.1625457710576,44.9749895349007,75.5925223134247,80.273482187275,46.5897970813865,64.7308125019789,57.1149429968698,49.8953492454106
76.0850531454661,46.4329865452236,86.1073928034443,86.5837773285445,51.0096097401376,69.2143794519284,61.8242063243853,53.4233928317482
72.8873637680472,48.3354685444381,80.9194095812884,82.3669028926396,50.2066263942631,66.8131797691457,62.3759013379431,55.3128217512968
75.3077177606458,48.2205530879357,84.0958418411288,84.9969591903026,51.3059161796004,68.4305174673398,62.921243967093,54.3046002987851
71.3947258403686,51.8486113724692,82.5059834687961,83.8090710671953,52.1141429809401,68.9067009062713,66.5932170846171,57.2485836602745
73.0714183098271,46.3256909795622,83.5136705123848,82.9604746333672,51.303173413542,66.7411727318375,60.8709766545,52.7039211588322
65.8150089809126,48.0933755285975,72.4911291386232,85.6801678506628,46.8285684745731,69.5456687139804,60.4541559556167,50.3292899782038
68.2898820345175,48.2796927427857,78.6602911742918,82.2641686170428,48.935041680394,67.6190678006212,64.1869102942874,56.1262359830632
73.1429565577487,49.3642844263472,86.5785842388622,89.1609165724991,51.8748314030698,71.2615214329669,62.5457798921826,53.0408676889853
64.3961612397599,48.3430676827498,73.303716539057,81.6066051053814,46.5317123382123,67.6175041762941,63.5217706349904,54.126599172279
66.143376299179,49.8806603258514,76.4251245931715,83.9313152132243,47.1285248317303,69.4181563847967,65.4281030554813,55.6009958707715
69.2372301216924,44.5792306989869,79.3770939545558,83.3027407676244,47.4080008631282,66.4723298159689,57.8348208575646,50.3419556314977
64.2027418789915,49.3653022485341,73.3667308415284,84.9423702449011,48.3904108884885,70.5782015964646,65.6400425882307,54.5307071303746
70.0421570905552,47.684633097083,79.7918439009351,84.4062821670183,52.3316693591778,67.7783663454059,59.9330927412711,51.0548457596667
68.6007005856801,48.1220949794119,79.8186128776293,80.3246201877019,48.1222776562363,65.3575136410651,60.7550743158122,53.9462934637831
71.1996858038731,49.3111993521236,80.1368214440424,83.2021687398196,48.0398316001105,67.4695784221571,62.461139870328,52.3938081297982
78.8955953582304,52.5561613360272,91.1773694643692,89.0874651015034,53.303012545499,72.1563872516252,68.0889102212431,56.7929325618501
73.9458885630266,47.7906080684526,82.5439870818075,85.445550157662,51.2101723712608,68.3735014489787,60.5086702867553,49.7788520966088
72.2603332118994,50.3620594599323,83.7450689895812,86.186650037775,51.5149652895979,70.2372321383374,65.9052980286794,56.1179283105352
74.8842859463771,50.1859508674181,86.6091504181861,84.0656357236561,50.5365671361497,68.0938732666817,64.6652344003913,55.9901853167164
71.7943769984393,46.9348406950063,81.6905533844804,84.006574042694,49.1241954376803,66.8164663737057,58.4806478850339,50.7904524021232
66.1469527386041,49.4745025147438,74.4555035858563,81.0805453701974,47.2507997328123,67.8377015146118,66.1283877975317,58.204869758326
74.1679551078481,48.3581317973347,84.2017887252533,82.9863188245035,50.9561215241089,67.5438406040598,64.2720941776881,54.8811279609867
67.4590069192616,47.8111944055721,77.455221288937,83.1277173485144,49.247898603029,67.3898799242249,60.487395424347,51.0640374700969
70.393555419429,46.2675705841083,79.085808238174,81.5502176722231,47.8862695068575,65.033303670841,57.5588106572077,49.4760074635913
63.0277243589808,48.2537628908454,67.7100772867878,78.0129927303656,44.9562033904635,65.3235493730407,62.8599542682148,55.9922168091067
67.6008828977,46.7532104590458,77.7125767751397,80.41811717773,48.6250945809294,65.8651728489397,61.9332292770322,55.4554399234831
72.1296214875767,49.2343231888922,84.346288944386,86.2669894142543,52.11575069277,70.4244343572573,66.2134741220455,54.0404543176542
78.6004733608932,49.9721730657342,89.6862389007193,80.4584199180177,51.6093316750558,66.0968131484904,67.5142401300657,59.7592066200148
67.1127555402669,49.6350642450121,71.3828910257695,82.872589482608,47.4013955329962,68.7063255145197,64.3611558813564,54.6874163489973
61.7747778026083,47.7209270107059,70.1674081200671,82.2084953629951,43.8888101728325,68.461044133024,63.6845494212723,54.6209152853304
68.0933252911671,51.8704703763951,76.3179774843984,84.6517452876076,49.3615065544439,70.2060251455039,66.3066415478962,57.1281873838289
68.3814503889085,50.049284156642,78.1771001147343,85.3441067802288,49.5340981457046,71.5264154947774,70.3174162538328,60.9788307695191
73.6221554997176,50.5667023895257,81.5399745736634,81.6859776406491,50.4631262793078,67.4019832388945,65.9838898619414,57.275941286482
74.6939379195887,50.1626064586976,84.2087066738567,82.0519560210027,49.7010017773373,68.0181090618477,68.2116612462146,59.8952818503767
73.8549137224019,46.124560060081,81.2163944693942,82.4244819867274,48.3564266545798,65.0839878546619,55.9510382605619,50.0636543250574
70.9647750463448,43.875498549958,80.8812570200825,83.4059712412267,47.5014154113817,66.5410267301343,58.4256132091681,50.8280808979677
69.0183968582946,48.1716814928582,79.7133279514359,83.975893978361,48.6069612996415,67.7941224373988,60.5998705069179,52.4370407579458
68.3374600101946,49.7590336310842,75.7647126164895,87.7798437825807,50.8022546442205,72.2527355406894,66.4610925423397,55.28566385365
66.1561722962472,48.94456626154,77.7279844332099,85.2085871310226,48.403944553175,70.56024319042,66.1772979335051,56.7637173491583
66.9048227974539,46.1553852777716,73.3372137044663,83.2475012623193,46.1749483767206,67.2766649386609,58.8519192211164,51.7656263193859
74.2500631736165,48.817585573211,85.2895601699988,85.7040273457293,51.7346563048341,69.0262729016965,63.4028000056605,53.060425948049
62.6027931343304,47.9569109673225,71.6842155180534,84.8300289836211,46.379253562751,70.9161866307027,66.3310665012652,56.61632210917
65.6255917076555,49.9336758907246,75.0074063989581,84.2060594750578,49.1971296581647,68.502724554733,61.0947556917427,50.8368116946332
69.992827311083,49.6503937437944,79.1258790975974,88.5945341417202,51.4639809917718,72.1564046741574,64.3095985109468,53.7985182426495
76.8949706498361,44.7017836298642,84.7051277392877,82.2300107619871,50.3276152416794,64.6889546586831,57.2799160068063,49.5160425041872
72.5341586636387,48.7897489454424,79.5327760640601,82.9801872004031,49.3352780801428,68.0229551676093,64.3049037202285,57.5459844226124
74.3241585506475,52.2146231110028,82.3831108638784,80.8588500202299,49.5714614902429,67.9555014134206,70.7209088197219,62.6856912990265
63.9053574511166,47.6863484817552,73.7498162804772,83.1273983068751,47.5667159794057,68.1896660523554,62.3748325456849,55.2586993692561
76.1661885551655,51.0818108907894,86.9521152458817,88.3162512248767,53.2232425799164,71.7835693493776,67.598987188966,55.8905384067273
76.4007750308165,48.2847007393992,82.9560199523014,84.9536185611441,50.7403193305519,69.3479393902213,65.9621500639286,56.2887211748608
79.3960500219082,50.7414109984613,87.9944257006665,89.1348892050435,52.4387534869372,70.1529179961069,60.5087244216116,51.3576634008879
70.9047530240672,47.0781357266109,82.1687464800002,81.8105253969467,50.6554419704751,65.6781581242175,59.9322711812031,53.2004238520086
62.2330567723744,47.3234720271052,74.2942682101233,82.7079602406343,45.5167238951108,67.6424893209986,60.8295068637996,49.8905179324616
82.8942992662997,47.3477699086329,93.8016019163281,88.1803164131513,54.290622975467,68.6553820335762,59.7015282581536,49.2054156205033
75.0752672092926,47.0204351455253,86.1276228555649,84.1711745872855,50.8988447483167,68.4609880244287,65.140129594262,57.6675154404138
72.7889153260227,51.4727335341489,82.9728474279476,84.3812099420327,49.6749460081233,68.5629837951923,64.2295161930282,56.3325540669715
73.6094668090776,52.1591609214702,85.7256037169588,87.4630449417954,51.8725941527234,73.7494443875184,74.9063760142843,61.5104060868341
66.3123760213082,46.444740164338,73.9807032821921,82.4058614269925,47.7572854693884,66.7564183678323,59.121212473408,51.4879635021526
68.0938170269069,45.4588004064454,77.4029980821224,80.0020034352684,47.7784211994213,65.5673839346819,62.2230336141792,52.8156256111286
78.6666367229602,48.333154202611,90.2181841311342,84.6625926900717,51.7229510665847,67.194490291083,60.7911370441824,52.5255273938776
79.5695722070438,50.8994847847878,90.1177993795482,88.6348799258576,54.5050890495987,71.2484474653151,66.4327797955969,55.8807712529904
72.6913343621634,47.8696254065321,85.6567554144788,83.2115610658509,51.2325193998996,66.0676578566423,58.3691335568256,49.575841503131
69.7687703203966,51.1902837778122,80.4977091523765,82.7043191761446,49.2409036938634,68.4212433577664,66.5716882865116,58.0638677418196
82.8055284810686,48.6341774289529,93.8423281248502,86.4284200580647,53.8020658536785,69.1566581689062,65.0315232088602,56.8497631931357
66.8104734921275,45.0973669519851,76.7984317597224,83.9396518168184,48.8592575392933,66.8154615417958,56.8498211786528,47.2804384859283
68.8276456732599,45.7128332855735,77.5313527734216,81.9393597361372,49.753949694135,66.1027823444622,59.4992220617778,52.0792636689962
67.2121293542744,44.0835201648428,76.3863889461928,82.4611675551884,48.9709448413336,65.3768022968907,54.9383594603839,47.339153887307
70.8033808980492,45.0552406610907,78.2412712615282,81.5870356474692,46.7116325184692,65.7708736376592,59.53423204078,51.404288648613
78.3067196683219,48.8831739028518,88.7986378763201,84.1976492191365,52.3937978459295,66.8486982969079,61.0969540082227,52.7629612144826
75.3420045781141,50.1477471995398,87.006077730488,84.3551338771043,50.6761629232252,68.3957817849481,64.9866722135613,55.6214607689502
72.7886688538092,48.6895949601398,79.8285439465254,85.7723709806867,50.0479310964343,68.5914910924713,60.1030989703723,49.1072420138605
69.7423196649603,44.8990951188848,80.6307532332039,77.7690670634966,46.6523206158265,63.3107814383969,59.9085965995816,55.2883485128486
72.0061806862151,48.0035636043197,81.6161546018649,85.758690979122,49.068939548551,69.5717296555213,63.6874253007796,54.3322431568495
72.716024564927,45.8032568615144,80.665773958106,82.7502904556664,49.3335018369588,66.0317896225542,58.6138904484025,50.1136103735807
70.960769012723,48.1482121134899,79.4200009243367,85.8808030700951,50.9410468814053,69.8642503919203,63.8865906828283,56.0403353341102
77.0549897391272,51.6027421353553,88.0253120520837,85.8912627419392,48.4400435256356,70.4050860838792,68.2336683436828,58.3252090553867
80.0452587917866,48.4695554019663,88.4097517171377,88.2869566500901,53.9696466172601,70.2579715809333,62.7591923451967,52.1171082076037
76.6184314826046,49.9920791465686,86.984610265427,82.756993965137,50.4196346708321,67.1458221611137,64.1214637448243,54.7486143378663
68.4100908545728,48.6405762271852,77.3589087381912,84.5644588843041,49.8704534855864,69.6669567469673,65.7886491826553,56.5868213530728
72.7203892946163,49.9468424999212,81.046686022246,82.6836020146626,49.9793811377765,68.498395075894,67.1597506545372,57.9603880132961
64.6870564242556,51.6536837758567,76.4808720039355,84.1153172762433,48.5876370316563,69.9861048506493,66.5318488473113,56.633228360258
66.343774996321,50.6977686246245,74.9724029154843,84.3638356222873,47.233228491281,70.3839082283191,67.0599850189632,57.6325827348916
72.9578946142489,48.8012455050359,81.5618719903636,82.2455974789928,48.9086592347992,66.9783714319548,63.6530581506669,55.059388343823
64.4422079630563,45.7301970059544,73.187703744547,81.0449824216261,47.2432274092027,66.0819030816454,59.7152125131388,50.5060878483508
66.76169893718,48.8810900993849,76.6526680481639,85.8313675497441,48.6503572216527,70.2402594285018,63.5510233111327,52.109019793375
76.0341946446138,47.4388969829718,88.630679648374,81.7237738467498,49.8803281627846,65.0165450091026,59.9739306938292,52.6642516656149
71.444661847712,48.1627291628582,82.1697122654108,88.2763672150306,51.2079242511126,71.0810472569561,62.665292864521,50.8482673246743
72.8639034712947,48.4408147343177,81.3907317756794,90.2322652934588,52.9024653786794,71.8443661275439,61.1113925135689,49.6265285979378
64.3683243344979,47.1340306942351,73.4617699424005,81.9591957825109,46.5074156876336,67.0350437798542,60.5481870220165,50.8987433270651
63.1041008651792,49.1533463799449,71.3219568650194,83.3325609744104,46.5102194926751,68.6411340755669,62.3191193463384,52.3060820083164
73.2740235631941,49.9185263626635,81.0702296255583,85.7134499138592,51.0661040094065,69.4196205237056,62.7329188519802,54.8435111673812
74.5357697859609,47.8044349126523,87.1869224554132,84.983141325522,50.6047814944859,68.2240787268132,62.4406696169585,53.3804878656283
66.2016716691497,48.8009367746031,74.2166951494403,88.1542590944435,48.8542184283756,72.2471984998017,64.4771835415192,52.4618511160358
71.430330387298,46.8399176895512,81.1899829449001,87.4809809314916,50.8340728197292,70.1829022717819,61.449145169506,50.5439974938344
74.0819586683095,50.2851131899995,83.9648358813502,86.6234921147187,51.2469328131701,72.0445203951166,71.0389985047666,61.1966011325513
72.5410279295738,48.292935326529,83.8451192058315,84.6815151035329,51.5974377192601,67.8497012466536,60.9989834093246,52.7957806403734
73.2517957189117,46.1766667881974,81.8528985110438,80.2777204646926,50.1383798444949,64.764643666804,60.4522574233096,53.3729341514081
74.0317523600214,50.976734751711,83.7211952964027,85.2559140453665,49.7295315802375,69.3010089276969,64.8109620694465,55.0240559324612
73.3396839275535,46.1879003417614,83.9009658260716,81.8764646358072,51.1492147577725,66.1499347458483,62.1184342339316,53.3584140771239
63.4638908269075,47.2844557840792,71.3720616224487,82.3699413712888,48.7744559715901,68.291107921108,63.3407696023797,55.1305404412176
75.7899406460522,50.4712773151037,88.7540393886403,83.8811510762154,51.3761966068101,69.070238465336,69.2540952467002,58.6273434700859
70.3823076221473,45.1702552707676,81.0591966472978,83.8882330630007,48.5990761032149,67.3092400756312,59.7646662135462,50.8074287544387
64.9597065560506,49.1284404610577,74.8185350576904,80.9993663052276,47.5281945387582,67.3082121632339,64.641692036938,55.5164631497312
68.8281856911415,47.9714381616802,78.4103952485948,81.4368894538963,48.1131928848243,66.6403149776674,62.2325438773414,53.3836832894484
72.7226471667028,48.8940287406324,79.8640986893068,83.297001127285,49.4558550434882,68.4756515984286,65.5199411083259,56.3524260450852
77.1943802026422,48.5196276426043,88.327940827097,90.0607538729187,52.9766645259453,70.9165551810102,60.8526385320213,49.4054729374913
69.220897026735,51.2331668558413,75.3083338089947,86.0776801473716,50.0449232475924,71.464265107093,67.6819780736177,56.3568540237401
72.7533623688699,50.0071339329431,77.7803809719416,85.0591863238095,50.2231885406137,69.1889805296735,63.6815627218026,52.4588706624202
68.3331402804348,49.9018119740331,77.386766290505,82.6038075723658,47.8178773312095,67.5508476924932,62.4495022276562,53.9345054521881
81.9803591565629,50.083788119122,92.4873734459959,84.501769134154,54.4038420838384,68.3955970389487,67.1003958565542,58.4607888248162
70.1362480321364,47.7776937548738,80.1274229846007,85.412178847384,51.530937648229,68.905500966958,61.545944130229,50.9260834073343
77.7928521564602,48.7045123959775,89.4791216201309,85.3580863105667,52.5298346764555,68.5004668493492,64.3499347453734,55.4589625818353
72.8110310760452,48.2167825994938,83.918780170546,83.6296180617888,49.8560761790867,67.403615418302,61.499503769637,52.2667657894171
66.7070303043984,47.6814395225775,76.8503864049084,87.6086719141432,49.0004512152536,72.0325016023054,65.750046741265,53.9567531728283
72.4996901921252,47.4355939101779,83.6289628548787,89.9838472485013,52.9278716883262,71.3787404878566,60.5119140381107,50.9318586832808
83.1193692821792,45.3051412424909,95.9012863482095,86.3590039838332,54.8738232460241,66.8667032079364,58.3999523795017,52.2763095997724
78.2967350084678,48.1699162285364,88.8365650160009,82.6471604110019,52.4321654019313,65.3192009768117,58.7065147724517,50.8033355562613
73.9542736561148,51.0940710730961,82.6206420833252,86.62571426721,50.6266914756623,70.3940401656889,65.9025960506059,55.0768847079285
74.9025702257862,47.1329212083908,86.278011936562,85.8267205919703,52.3774075750685,67.795480607673,59.1023194603596,51.1717398585975
72.2706008776884,48.9993283207447,80.9623839599821,80.2396667577327,49.6553744438497,66.2444369378759,65.5613220852015,56.9290423503122
65.6943188066765,46.1702339139762,73.6594034639258,82.5239555191812,46.4919573833772,66.5200500353015,58.242770947799,51.0567709728706
74.6610921760247,49.41490489663,84.3890795336508,84.8120336871452,50.2560141324335,68.8217005948286,64.4616707982722,55.6111555274645
63.47074021772,48.2072333516613,71.1945486604202,82.1980888600078,46.8476433577479,68.2685018475894,63.5142454749538,55.898612013728
74.0287814026905,48.9690725765628,84.4383909664876,85.0041390533211,49.3141245480955,69.0126896810156,64.0883901210928,54.1170180208723
70.3271458093953,44.2912749645526,79.6144082694678,81.2358568420145,47.0845550879095,64.2872838682112,55.4623411586836,47.6556243208384
71.0231488099503,46.7936465038643,78.5404752374635,79.041906791477,48.976827539878,65.2570345364289,64.4539567999271,56.4742830041592
66.8321195478924,47.8096763834089,74.9255869377232,82.1454968951782,48.0801285836532,67.9160763977025,63.5877194536849,54.6548283809099
76.1703935769117,50.7015221646326,85.5801111245426,84.9432241559786,50.5518824714482,69.2964317243137,66.4282610419678,54.3437704420402
60.6839287060919,48.3047405936101,67.6114197243213,80.6517058128072,46.8785639745971,67.379754107928,62.9519379133707,54.437615110759
81.2572185864307,45.5883077479115,90.3577366718387,84.0103213928029,52.3987697154621,66.5687050345424,61.4548870495987,54.4911408442818
67.9278533474452,47.3320521638725,77.4070227836652,82.9750986699145,48.0178461077192,68.1702828431818,63.8240838605015,54.2510072563817
68.7067074415804,49.3442333811685,80.7197109419715,81.5203397891104,49.682553187562,66.6423751959173,63.6240150002684,55.6319341015109
68.656164427763,47.7506202463581,79.4538168262378,79.9626595271686,48.1048356022956,65.0111412885171,60.6781004575066,55.7115863194204
64.2616039125939,47.6396975232669,69.6141286565047,86.9606685997251,48.0102989890263,70.7417342941645,61.1188271815618,49.1606074702483
76.3904251835166,47.5743629597075,86.4472311264493,80.7562591066848,50.1492792271127,64.8594719021354,61.5464891190688,54.4383274688262
65.2679239816149,47.8191674948444,73.3744857615075,82.6993221260479,47.842426148114,68.1639722216065,62.9863805500667,54.2446021122066
64.1561873642052,46.6759413094502,75.6743702527739,82.4216929449637,47.0418285708441,67.8037142257575,62.4248040558427,54.0140282324084
66.1535765113119,51.8881627378599,76.0808950939733,86.889233364541,49.346803253898,73.2194776281788,70.5966029707477,58.7405234224576
85.2928139400608,49.7033009754029,96.1594021795362,83.2289713317149,54.9195469050138,66.8652966807975,66.4891755650945,58.2430590481511
75.0311837557696,48.8232243314401,84.686829108345,81.5446176090942,50.2791854869091,66.3686446205057,63.7118628828271,57.1973660525971
67.4566057432042,45.7701554467563,75.3046118179507,82.9393180113378,48.0792180138391,66.0978124909941,55.928288246581,48.869397440107
71.068103268621,48.1608879497241,78.3169863285118,80.943220954504,49.0793685827163,66.1188224138793,62.8159013150897,54.6606885364155
68.3277450267948,51.6960022461068,77.4059390028085,84.5764647915734,49.7401509723622,71.8158351203209,72.9897318459655,62.519423199
72.093404055173,48.6760192629862,80.8291256592796,84.500615687686,49.9556557984653,68.7557805684622,64.2397188946261,54.127918314583
70.6053948039535,46.6982116752598,80.3558618583517,87.2194268425903,50.9812600997538,69.4312604218037,59.6504186668835,50.664577191809
77.1387726924824,49.7406560811928,85.371592322533,80.8280332124298,51.0618744007941,67.8583055342337,71.5171825450636,61.8472375411761
75.3242263652714,49.0404137256988,84.1139942769231,81.2923865292429,50.022082988194,66.2174586835531,64.272188985335,55.3823468758339
69.5078429366662,49.6678555547884,80.0763936110491,83.1003183064079,48.6559320077952,68.5610209316853,65.9650393329029,57.6126861314034
63.7687642057685,49.7699284660107,71.0350565669163,83.5434622003264,46.219564355279,69.7098265597577,65.6884456116372,57.0033771028174
75.24800573126,47.2239185601672,85.1615633798424,85.2202386230706,52.9435493886577,67.877253767787,60.3684876411197,51.76848103695
84.5228332457309,49.6219937574705,95.4264302995772,86.8690356152926,53.1898709079024,68.8469630960671,63.7092688213933,56.407763976565
65.3675330285647,47.4695828895649,75.3571525665029,79.2198645480788,47.2199210296767,65.3865831531992,62.087662253358,52.3685150723068
73.3446409098272,49.8602789639448,82.7314959858447,85.6368982905195,51.4980140613226,69.3690214315567,63.7869560350784,54.3969624411009
69.4272557488389,49.5899750622503,79.2325224230177,84.6023273512866,49.4998696186018,69.2863001760008,64.7528755966175,54.978031615573
72.8823210535037,50.5775700000085,82.303166841284,84.0184481677891,50.5165765657842,68.9702259608947,66.3127968425188,57.2614227351873
61.6670203523874,49.5623621872462,70.3683423970401,81.9013795977804,44.521496883247,68.0416746490516,62.7919266794358,53.6637053146509
71.2053679593903,48.265744268086,81.649149668844,81.9829011156912,49.9377147586346,66.3317881127674,61.8291681423305,53.3951144742532
73.1919773931336,47.3026864609756,84.6233186858179,83.9247980168471,48.8852868330889,67.9847846807539,63.6433387256759,54.7818813098621
74.6223219451352,46.7525754319004,86.2013645821733,79.8941950143666,50.6362487767196,64.6503757069739,62.0847139060049,54.9080493298386
60.0133495316065,48.1406327705199,66.7014846891563,85.4034521396369,44.2308249877026,70.5172111157184,62.1489587643585,51.8874306624987
71.0699273005943,44.6637842691318,81.4421765485018,81.5031310778814,48.137041108561,64.9373465932187,57.6304016993171,51.1413778336863
73.2062319274168,51.7284099753832,81.3610630609625,85.2853926723342,51.958270243659,70.0372242708953,67.0090003377932,56.9657283823948
64.7714390941709,48.1795983903143,73.9650419476244,83.3734556063782,46.6399171992482,68.7336318743869,63.2766745154436,54.932669493685
70.1370573842027,50.4052707030703,78.2791529814199,86.8387622145618,49.0726832227247,70.5303720827054,63.4433126575932,51.2312320522988
72.8359500230675,47.0818879652224,85.821160341782,83.1345310376285,49.34808719019,66.1107858450083,58.7698441144539,51.4262217582527
79.6126673954368,48.8876207271227,87.7406559684507,81.8658431710005,52.9309807912486,65.296042289069,61.3160704494319,53.7882000262095
67.7610164388131,47.0806892607851,74.0972905353478,85.7577158700119,49.9345970680707,69.9607562358838,62.2917147539532,54.5707707015124
70.262693212347,45.1415306223203,80.4456852528891,83.3938546438207,50.6110058865608,66.1081829736448,56.6584662412425,47.9208562531222
76.0302103393783,48.8589945362422,87.141222385187,85.3901905395447,51.54829421618,68.5044688239087,62.9871827620415,53.4632245889576
62.2131705108991,47.677150933737,70.5444515913591,85.8330351203985,47.3937600261731,69.7900127382654,60.040426125282,49.4484391805935
73.4801764433257,48.0316447859697,82.736323900985,86.3507738427686,51.5454716656947,69.6199199048307,63.0320066775828,52.8004998741714
64.0648469318439,47.0665298086156,73.5955991161987,85.7133269798181,48.3693630086264,69.5322045997783,60.3595617012678,51.7871902549218
70.0837631961371,46.3031848299233,79.0999011415874,77.7175925744562,48.2974523896429,63.0682249159899,59.6671528992593,53.1485636184186
68.5899574116602,49.7167818555303,78.1135297716249,86.2211443165987,47.4527554082515,70.9952146418761,66.1060045179215,55.1888290636533
66.9041349611358,47.3374496757917,74.8779750637612,79.8973561449055,47.3265326103652,65.2119263053906,60.511458527138,52.6798917949693
68.5518016205688,49.982371181829,77.5656431181321,86.6421825630001,49.4060382240393,71.9431947008583,68.3499271494881,56.5177370519476
71.51228732358,48.9967483719918,83.4026004941487,86.5545748763793,51.134934279964,70.462941139574,65.0862029493684,55.9510449499945
65.4968154056843,50.3108054534328,73.7391410593923,86.7436761800033,47.7341873912181,71.2682610213857,64.0945089978893,54.6005730088089
72.43700727589,46.4329337840066,83.4392990980247,84.8539793148723,50.7131943146362,67.9639864754971,60.5963285731694,52.4584298123222
74.6388434157671,45.8877139639823,86.3514875988433,82.5047598588634,50.1285371025226,65.0179511723385,57.5458449302649,51.5371709345881
73.0323156172042,49.6910700606732,82.3891083597531,79.5506592822327,49.908795736772,65.281864598976,64.1653271891039,56.9580709781873
72.224843305527,50.4583855396377,81.8402239425048,87.5554522737666,50.6440916781718,72.243966559037,68.319509836201,59.6026981383968
64.3640978412545,51.8216402695127,73.1118716634937,83.6250524115543,47.7364546163201,69.8389590340851,66.0780945494723,56.0228963568386
82.4127530238809,48.628079208168,95.6610968489705,86.1979503270138,55.4049327449031,69.6756532631856,67.8394416075897,59.494046459307
71.0762924444056,48.5719743458833,80.3272545163044,78.6118681988688,48.729106505854,63.7141251085341,59.6345069587965,53.8807817660078
74.72653066271,49.6211947710931,85.5859528755992,82.6456289476563,50.5646041266087,67.6594135828989,65.5629045125204,57.1887753173864
67.6169353302452,50.3234160926503,78.8204700833557,83.2729493556865,47.9480026167391,69.1979782852958,66.5465279968505,57.1074645882761
71.2082110128763,47.6778170425137,79.8671160966504,81.7064103866023,48.2768855853367,66.4099111331722,61.954888821428,53.6621690520966
69.8145979398169,48.11554881271,78.557996403425,82.2444913842922,47.553630289727,67.3027505540023,62.9264277825712,56.3703198696422
68.9662407652948,47.5563303646283,77.805907999771,82.7885016030512,48.3235902718551,67.8377906626885,63.670210074637,54.9366914883665
68.8439625762063,48.605978467513,78.1512775360208,88.0154922058579,50.8289301201345,71.333501843743,62.8970639859348,52.1887601494589
74.3890123382103,51.1581261717884,82.8676452306423,86.8101973059859,50.8377034273551,71.4384110631579,68.2465299221794,56.5008892191184
76.2715179324911,49.1145947643949,88.1219471719081,80.9210254150145,51.4496076023135,65.0282940200176,61.271052319062,55.1751051993962
65.3092547076315,46.0399722104429,72.0313350431881,78.3567364396537,46.2380788801664,63.9411449420118,58.7589048854807,53.3347668976561
71.0744358023443,48.0786446238037,80.5383549828998,84.1892498124197,50.9392603951079,67.711439369388,60.4562736008971,50.6364021419857
57.6271916511929,48.786339751597,67.4481535753481,80.7624889337562,46.4795632475973,68.2773980505757,64.6363681607012,56.310042609585
70.3019477523363,47.0894573995991,78.5006710237688,82.3599160337528,48.0097766511766,66.2887838216364,60.1553711327152,53.3020026900815
76.8319124749461,49.0929826298024,86.3199311219096,87.1567733779248,52.0146701599256,69.9891013481293,63.894670206133,54.4034670429582
67.1331620696381,49.311961049435,75.1746263902715,85.1895061708517,48.8212478239398,71.4710873835828,68.9173545492924,57.986211358056
61.5827129459937,47.5018201654726,70.7616193647289,83.248164708736,46.5631251012037,69.2168186368987,64.2437980406425,55.9986885634279
71.1761641354136,46.7020541072802,80.7509778130988,83.4735286759725,50.9324627690978,66.7417251483122,59.2235017954398,50.8121673262201
71.4807803030516,49.0055689064592,79.6977608687441,83.9846586667824,48.301697237568,67.8213169137443,61.344154394139,51.2797739243508
69.7137517706615,48.1800884525524,79.1177828111683,84.7259925371756,49.582002466282,68.6341835051621,62.4771294143182,53.460874328576
69.9015863991035,50.8760316956612,78.8884241305324,83.7520993507414,48.0481217205585,70.1476518824167,69.6711686404965,60.4784670248942
67.1027143146752,47.8065950600927,76.2089322398493,84.8089492089736,47.461499157164,69.0209574413903,61.6695492263002,51.4771986436999
72.1159605239794,50.0162633278449,83.479778522813,84.2454188658672,48.967646342287,68.1194395778923,62.6621168081357,51.6897022411517
64.3024201229634,46.7959792907398,73.0421083940241,81.0242787583541,46.7878527222396,65.2063504122097,56.8733106955723,49.3461976350995
78.2499562825147,43.132511487856,88.6607327325056,82.2772784784974,51.1523001078766,62.9743012458247,52.0699710046761,46.0047846015396
70.5832464267674,47.6703698161084,79.9803544258417,83.851297044713,49.7296719553878,68.5186731078517,64.3851227774467,53.8330139923159
73.6047205572205,48.4947162599466,83.9869073002462,86.7027604557273,51.580646878926,69.1850305975692,60.8160461820372,51.2371067585664
74.4575478523953,48.900620910647,84.3529616212462,86.6279838957915,49.7218706886096,69.5170242091271,62.7364030482309,54.2307587241962
70.2046600013815,48.095665822555,81.3808181273625,84.425206817538,50.0322265880267,69.0722217371932,64.3941583138747,54.4748055168907
69.9957640539698,49.3654238375864,77.1437681507978,87.9934849407422,50.0716406694592,71.0142579111659,61.7164463280816,49.1803481580014
75.3885408842712,47.7995198728511,86.4908864138359,85.7874558524914,53.4452701905121,67.7542877500657,59.0249461081458,49.2538577496522
68.4686806689707,49.6778796059337,76.8869628335409,82.9044451314398,48.5055257592313,68.1884842156494,64.4769223430475,55.691903569398
73.0753525895823,48.9201190030677,80.4172368749054,81.3361629020786,52.078505854,67.554512265501,67.7590340447453,61.8224599688203
72.8246475744878,47.0708694905281,80.372402162444,85.5971113172031,49.7327666493092,69.5873521534487,64.2313532310946,54.4491295791009
70.8786498506091,49.5767904345425,82.0490979705355,82.3869654933591,49.2666486594829,68.2527313675076,66.8731806111966,57.6154787928621
70.6933250470165,47.8132172933655,82.1409204970322,85.7701285906714,50.1544130811349,69.4785853945765,63.2391734394456,52.6755257196349
81.0001601150603,49.0820124715513,90.3045072600548,84.0843393485289,50.5385136438087,67.7962288977136,65.2130140373595,56.5109925982307
68.0561740102412,49.4026679983533,79.4514463599839,86.9073234628611,49.0012980897495,71.9070507841991,67.5980225278765,55.5077802758688
72.5450665130374,48.5549398625857,81.2582198712224,90.0220488694093,50.6463569934556,71.6964680459237,60.6161149790471,49.5341537612342
72.7659758437272,46.4494754066562,79.9045270077119,80.823899642624,48.6388633462154,64.9024848498149,59.166490112686,51.0026479665093
65.4749893998918,49.899711043648,74.7394602606695,83.8990351971203,46.1149903644724,69.0260319028898,63.4880457775942,54.1297190029969
85.4543254256123,44.0054358371874,96.8651495149611,84.8004960302723,54.5838487295953,65.621171598482,58.3084687837122,50.3903516055885
70.2249225738888,52.8672920417646,76.9190008338254,85.7088366057234,48.6782221329141,71.9861089895185,70.7867193281565,60.6851276817248
74.7608159764658,45.1512759959796,83.2052986630778,81.6924025663086,50.7878213648622,64.8891791132732,58.015342387194,50.7335017377313
63.6100989842798,46.1891947799054,70.4219673917047,84.345187371093,48.1529532283048,68.3964626449226,58.9113648892491,48.5477585292756
65.4541965230277,49.7174658762041,74.7641891797502,86.1844572155426,48.2113068979277,71.2566661680404,65.6082348232676,55.2113625195554
57.213127978653,52.0511819466575,61.6388428089148,80.6112262503877,44.8779200973335,69.9071396318899,69.9463528724335,59.6334503390376
75.2837813136665,52.7688633961275,84.4852950082249,86.4684038171691,51.0240951869696,72.0969522535383,71.9070969133559,62.3075849221119
72.5256361807813,47.3328540505413,83.3477411962897,87.9374347464123,50.1532102431636,70.6679224393057,62.5948475133601,53.4003785472214
72.5551050177094,47.1200460340928,83.7785238373544,83.7086909440421,49.6177982776488,67.6108582022707,62.1519933170637,52.5204351082836
62.0865476588501,46.8906190406637,72.1678615646477,80.9090575669067,45.6144824884839,66.2843273248433,60.6855805013782,52.1210342259605
65.0795483701326,48.880875289907,73.6797848653676,83.8461359937383,46.3202052666594,69.814022492861,65.981634254127,55.4966176594305
73.6923241013437,49.9305579870185,82.5947044194418,85.7385448242291,51.4725307477517,70.0185369082995,65.6641309908986,54.8811521953005
59.0473703932579,43.0109402945636,68.7516347348942,83.9978117270795,47.2546509759564,67.1839280127495,53.6344443616005,45.3159372336735
70.5056932026341,45.739545118133,79.5957349659816,81.7438500623588,48.233793467641,65.2332209368077,57.8831225975845,51.5123908043387
69.9715353525121,45.5035435495364,80.3480878552457,86.6905457815794,49.5132690896699,68.70749738012,57.8912304603178,48.8333070290577
74.2147214539334,47.9368643862512,85.9478950264452,84.0344257698908,50.2859398305577,67.2700999157739,61.3118930321771,53.0123239684631
67.0719322973242,46.622681935933,75.9001944412212,82.7799558788858,49.0508413420756,66.7571604918129,58.7922260024813,49.9926672817495
68.5507872001111,47.5423032848324,79.1080864849697,84.0455011466931,51.1093566381481,69.7736739914307,66.9537641541218,58.9854976044107
72.7001415498025,50.1399253003625,81.6696306207275,89.8853603884402,52.0593744463329,72.4326630003636,64.1133044189706,52.9179668830577
61.5353007207601,48.4610384354023,70.7727993209009,86.0005369160012,47.4986783951012,72.6220920792229,69.0763662126855,56.6445772768156
59.825956796619,47.4909391193991,66.4833282393054,78.3918452514202,44.3986297928705,65.728427685954,61.5336045222793,52.6179754037746
67.9341812940182,51.0179783594436,76.5815947542783,86.0631502339286,48.3391945152047,71.4551284053574,67.3813806603742,57.4448419094593
80.8966349450851,49.9487111897183,88.5530235256035,85.987711202494,53.624306851217,68.849933846174,63.947054067173,55.2205923768163
78.609769723629,46.4925611500344,87.9693486476574,88.0405247541434,53.4012911533074,68.3797057546106,56.8027968863938,47.0733456200033
77.0003896194952,48.5605365495137,88.0436524966896,85.4121132424143,52.6740643267242,68.8453254612393,64.5746234717008,55.8122878456601
76.3310406375265,50.133504978482,82.7628411368228,83.1020365445751,50.8512201204499,68.0631487949473,66.2823363504236,56.2656668448524
75.998504949806,47.2253547872607,85.9246785693053,82.0838964396204,50.4621032199053,64.8525291339793,57.7195965702414,49.2506565018719
74.1699347909454,47.861699858024,82.6918292745385,84.9091130123027,51.2812886273479,68.7820662798451,63.256779095053,54.8754657568074
71.4403274210285,45.6589323470236,79.957416229457,82.6293879026233,49.563953982198,66.1606859856077,58.5509353094605,50.9693083724304
82.0479683045795,48.8417218063073,92.5571036664416,87.1441411854005,53.9106862234054,68.7155186103928,61.8501193886893,52.8702572206088
76.6857475323857,47.4733435991253,86.7816000286647,80.1926165882212,47.913892512008,63.6985927185778,58.8169372844633,51.2203921829982
82.6228799459928,51.5866995907484,92.391216116913,90.5504020941462,54.8223384410802,72.5782648576294,67.3798598620859,57.1807494776158
70.745001447103,46.4043701671718,78.6073052005517,81.2341158343381,48.2477600326811,64.6960447299997,57.0865396468133,48.772306154935
70.4135397103251,49.4158504811576,79.3077740286425,84.3098207498935,48.9454174977729,69.1632154064003,64.6683632358019,55.8478537287225
63.1229416188786,47.5059678636694,69.7448156678949,85.3936137477994,46.7118513582397,70.2664456369868,62.2746426675231,51.7673839603424
67.9589474230802,47.579601709439,76.7528311261307,84.1868049377041,47.5146574248901,68.5976538622715,62.1377169666134,52.8806663256981
79.8391516284707,50.1422303841447,89.7827701242657,89.5871161054427,55.3975188394301,70.9352779180335,62.6149902342926,53.5850522866593
61.1949850859173,51.1146253883038,70.27620393201,80.016254338271,45.846060263721,67.7691994624961,66.2814606641775,58.0740306784871
74.8219884290649,49.9678470281467,83.8625800302773,86.7110970587069,53.2633203090428,69.0639306260845,60.6350867595857,49.8415474953768
76.0719141993765,49.6804682771676,85.8739686112966,86.3111000795168,53.0188851345127,69.9381654491652,65.4533174367564,56.4694204769059
76.3440166053883,47.6272251310165,87.7543386623181,87.4097627534051,52.6054807310016,71.0010121984209,66.7691688452617,57.3054993778477
70.4686198804302,48.47402456265,81.2040717777447,87.1602595942799,49.8432379038406,71.3168722606967,66.4058703594174,55.7123995566679
67.736038853341,43.8653925071812,78.2006510931582,82.5583466609383,49.1238788367848,66.300396947596,58.4994575423435,50.4033829386953
72.4451949636635,49.7283224471112,83.1560828862961,85.0489297423881,50.4476291953365,70.001871283814,67.3893363320725,59.064567825944
77.6588785074077,48.586419322731,87.803564303116,87.4528889551162,54.4771680182482,70.3378535428717,64.8197934400141,53.3308733236621
73.9439876871738,45.5213195302942,84.3710162900299,88.6009597475703,52.081065105934,70.1696465544157,59.989298093706,50.9032865075392
66.5045428828667,50.0005197873167,77.6551008392468,85.0017136877098,50.4992888452799,69.670461754637,64.0944415583095,54.3810152896476
69.3132883909184,45.3524415732581,78.9984377840077,81.3827069148372,49.5256831454023,65.4166508747661,58.800075878428,50.8432710965687
81.0493779382155,46.2661030499852,93.1485837216903,81.7762911062764,53.9203467471024,65.5728519394388,63.5612901534616,56.4062706976428
63.1969218291647,49.0902023576461,69.33991335175,83.2627643959277,46.2867293555591,69.4358335780167,65.0248539268233,55.3139083486492
80.8745319428966,48.3982344391092,89.7739887146293,89.4590867590744,54.3863044623448,71.7703672836202,66.2727103810331,56.1706769640877
72.6738824609888,48.2165278007372,83.2566383610302,81.0265939569648,49.1295065214225,65.1001545761302,59.9812092601353,51.8569282832906
76.4298496067749,49.4239395430257,86.4657285103291,86.0384575526572,52.5312196598376,69.0975220702766,63.4955542677156,54.2902460635742
77.173231104047,47.2331214215617,87.7203632092269,81.0315528952736,50.1550711416112,65.5352792092489,63.8511084245205,54.1638711742948
68.3539098881507,47.5671574967348,78.4553803263596,80.377881880888,47.0942228861095,66.2805240336437,63.6116024717683,57.2515541211193
67.5750275707041,47.5383025896499,77.2685221845588,82.5220030461126,46.590532805576,66.4188230997102,59.0640316969079,52.2216957172104
77.5205024449422,44.8122481705335,88.3695998583133,79.9314778274492,51.195785125305,63.0810525115955,57.4600921244307,53.1018940977645
60.5226038455317,47.9885996241126,71.9928907635989,81.3910635597684,45.987815266295,67.5884893009165,62.992900833261,55.890728324858
69.4192496429327,46.6125558681088,78.5155668394367,79.9026961886019,47.9582696136239,65.668794738516,63.0070316325912,55.1643492969368
76.1568921984304,48.7503754117784,87.6487822602143,85.0992588311313,51.0573171517518,69.396050430882,66.7453506333626,56.9912004012193
70.0750697710981,50.7566002206086,81.6050805136542,85.5762609316157,50.3952199647298,70.9051086731868,68.2925041973493,56.7124065097629
63.6210484688497,49.1114077311921,72.9366105193157,83.7741081106615,47.1703620653655,70.1275322604751,66.9459357512027,57.0848479277278
71.0963461890736,46.4203755947419,80.7610860637047,83.6913288054531,50.5475172399018,68.6832786431646,65.0288692388238,56.7555163721602
73.582589258183,49.3021141641028,83.8582533858856,83.2663348065084,51.4904771928857,67.3395041693859,63.0150700450716,54.4146177889917
69.8730938325897,48.9623276697432,79.4549810926999,85.2155186383635,49.5807015217221,69.7369713147087,65.2738055261911,56.9865451395096
75.3301378893916,48.2941228550164,83.8135067477772,82.817246007807,51.7941194316631,67.3217972135352,64.2512750461137,54.2333273261114
75.5866647696818,48.202794665379,86.8642162230164,85.254795172759,52.7491511085927,67.8857349486936,60.9136895329715,50.1782411843917
74.321458938235,47.7353407171524,83.0074273435795,82.215564785573,51.1427752384964,65.9994000387289,60.7581596814819,53.3213846787317
69.1651951931119,45.7165672582081,79.7682675679858,77.4041709772225,48.2466730764616,62.0808628815205,56.9330752446888,49.6810001705457
70.7227831552015,49.3958813835126,78.9885914218691,85.5610977372619,49.2689186722604,70.3318561869133,65.7849526542961,54.6232577973943
70.5183810399155,49.6209069497661,81.33433168918,87.2490159264145,50.0123441504266,71.8271608927438,67.5379678178514,56.943502747182
64.6730679659685,50.8187694150143,72.2653458500021,85.6690998136077,49.8354374403654,72.0445188930761,68.872507068072,59.628064596111
72.2342770207011,45.8561094715529,80.8089154005532,79.8568372423292,47.3247112288766,65.6765592524958,64.4771178576587,55.2473579755166
67.6593343463575,48.6281134032904,76.3380503399509,82.3300562668198,49.6010833641117,67.6986639142175,63.5116995285747,53.8535315087252
75.8888955363428,47.8633654910017,84.5345627457627,84.3434965005981,52.6424585869767,67.4501265639163,60.9058567665289,51.1626529860767
76.9161358577683,51.068220360684,88.8612877188343,88.9989567133007,53.9753723640621,72.5305879149699,68.7111334023441,58.5890940877316
75.6071763830744,47.3752026047025,84.092763201975,84.8549888107455,51.9714117277601,67.5360320881617,60.3303532503029,51.9895070281554
72.6006728704805,48.6240014216564,82.3029688756346,86.6946966009941,49.9083501908443,70.9043709150897,66.3180608109369,55.7926261405642
69.0068123952458,47.2010764177446,78.5959398642131,83.988697059418,48.9566070814592,68.1861467287289,62.1610218434652,53.3335756720215
71.6279576298965,45.9323649117317,80.772238049112,83.9700334735257,49.7643773668226,66.4194157658229,56.4681115048528,48.4621998604261
66.3500612266575,48.3533303955225,77.9877766109796,84.606593386133,49.0457452905061,68.9326459236808,62.1405879311433,51.9331014270084
71.2389240487111,43.2227837745105,81.3879197161917,82.0040897211907,48.5960734398132,64.8446324037789,56.0449480632503,48.2330322895614
57.4325131394173,49.6080305774877,66.1199263195783,80.7711556505163,44.4551234437602,67.9192856821859,64.028081307574,55.282313249042
68.5169712125884,46.0625681780035,77.9885574657495,84.4166129216556,49.5278872063974,66.8035596822644,56.6696131697583,47.7016336149893
81.8298653877822,50.3245043661252,92.9770122820498,88.7319954981509,54.9808350222144,70.98057666401,65.9164054382294,56.1765715314672
71.8350344396385,46.4308754979242,81.8471273213142,84.3233053820444,49.8633038597005,67.8405969300518,61.1002385669125,53.9853119137694
66.6322575480369,45.7391865497836,72.9275216409943,79.5545763172582,46.8173195729346,64.28665877752,57.1164337108823,49.8998677297707
67.5612526224015,50.7924904565,75.4182965680832,81.6649579348116,47.6834802866652,68.1397415869302,66.353844831239,55.1930815020614
82.7739466717211,46.0369319247545,92.4743938682074,84.3947413685899,52.8595433516603,66.4164919271412,60.2807273965686,52.7307930666407
71.9483789107172,50.4194431743704,81.8469875862077,85.9256355286649,50.2330930764075,69.9479062381496,64.5002323506047,53.931681295785
70.714150620991,49.4921139364045,79.5676065165998,82.5331424037248,50.1448646045928,66.846275528894,60.9156964638781,52.8107615927838
70.5150949572961,48.4844757843736,81.3067169295823,83.2185284481243,49.6397199921412,67.5021748192848,62.5101485838699,55.3160532474482
72.5722609104733,48.9714040340302,83.6780931454495,87.2109465706202,51.7995124691733,69.9556457884663,62.4362426128463,52.9888509752677
76.8973380423542,47.8726026974859,87.004998420273,85.8069462028522,49.6785176432627,68.289856701925,61.3393569878944,51.6651573701318
72.7635262997585,47.1733334090069,81.4260023665804,86.424921141985,50.1186356514406,69.3530330550523,61.8590697431608,51.4361837223828
70.2717897985761,48.7314148398585,78.1285019739435,83.4293321355769,47.8047081038868,67.8488979876168,62.0082618274897,52.6580757011012
71.5069667404224,45.4292774079581,80.2224962609012,83.8713048345914,50.7401500970752,65.2081725349512,52.5353446085385,44.9933207605061
62.2474674301489,50.1773165652659,71.9325413960704,83.1431777139396,47.2573163632958,69.4879784075888,65.2777580104223,54.4502697956029
64.7184768025111,48.8956102029768,72.9633194196846,89.4531081251923,48.5288936672471,73.6150296548971,65.2161037770788,54.6713078166203
71.1148190452163,49.8972357048426,79.9944737521772,84.9591201398202,49.6514674181126,69.1362573548954,63.4692165277669,52.0345248840405
71.8181031243765,47.5205517132154,78.0484488279012,82.5523942466921,48.849033926018,66.5019190970764,59.9972585089889,51.8406425502547
77.1086601172765,46.1935363036939,87.5660995420599,84.3996822140907,53.4145181381479,66.7450615884713,60.0125489198859,50.4171430687347
76.4629667717701,48.6934712978701,83.6155293984854,84.0212532034745,49.8169227311331,68.2127480122825,64.2436596530259,55.2898517341647
76.95242118893,48.0504604033131,87.697427096283,85.0939067229445,50.9571546384179,67.272450015357,59.7603174300737,51.8070005374959
69.2030016253523,48.3348907450087,78.5446759381117,80.4603387399992,49.4253999483134,66.634111830734,65.0924854714467,57.3611085874481
64.9316946879453,49.1139506432362,76.2933080843291,85.2944252687183,48.7092396192244,70.3081431558858,64.4323044099157,55.846902893556
60.3445789864374,47.7608326604398,68.3827296711504,83.0180846546162,46.7214225431068,69.2304466579247,63.3997487334245,54.2895337815147
68.8960039478781,47.0997280551714,78.724104344728,83.7717456677315,49.4028755472463,69.0757307461411,65.8607575186565,58.1551137346605
65.3772236004559,48.9411050255754,74.017524539395,83.465525932118,47.934341315746,69.2454275656991,65.1883136028271,57.2930132707205
71.3162987569603,48.1024390948554,82.312459096259,86.1206182552531,47.6019892974578,70.5824255905589,65.9104256313103,56.3017844087409
69.9021571944745,48.4240741352981,79.1185765664594,86.5375133980077,52.8189164778329,70.2190234105034,63.6044722890846,51.6315531374306
74.8357257137422,50.1601343856606,83.065710363308,85.508520634215,51.7252635615083,69.384345819868,64.4432943012893,53.5977710465326
78.2452882455543,48.5217561789263,87.2131458817369,83.5553414501066,52.6410324071735,67.5043246740636,64.5098842107007,56.2575528123214
65.2717628289543,46.357655353474,76.452940787183,85.1584423413549,46.8320635237088,69.5281319821085,62.6324482593771,53.573642957235
73.6600372856817,50.6648851049901,83.3067803084426,85.9415762977776,52.422738898896,71.3161950288968,69.9889279191692,59.4010492891546
73.763207804466,47.4570707118185,85.1804418653743,80.9850997517386,49.5682210147994,65.338843261303,61.3317842708443,55.0071061138947
76.0151594811998,46.145009672432,87.1412172821089,85.2115907465087,51.2760609853885,67.3156377193838,58.8509121892989,49.5369116185333
74.9662604197409,46.5675140986633,84.5960473344149,84.6077160809734,50.2395233347725,68.4713543936027,63.6075861783378,53.8362262909607
68.7570606122752,45.6620893362145,78.342593501341,82.8849921814309,50.1195974972032,66.0533475565791,56.8284140763602,47.3496755245233
80.6207949293146,47.710151087713,88.5920050034359,89.5124511509161,54.3790344754724,71.4834529160195,64.2503745215941,53.9138287775929
79.4324888214517,51.9540681484832,89.0616732040189,89.5694835116125,54.7885331606529,73.4210081510167,71.1044170396063,60.1822472198031
68.756811987071,46.5731436323883,77.7375960493819,85.4870457541823,49.1409352951934,68.6096594008944,59.4132901268632,48.7395235111799
71.3581162256836,50.1919458155004,80.504488132471,83.2422445136467,49.9451379741585,67.9179962624875,63.8591279948232,55.2390327437262
82.5843780589732,46.8435506052106,94.4695837017576,88.3174217656107,54.6583115937967,68.4796882881622,58.4761002145835,49.31066403466
73.6920542276263,48.483454781136,81.117341287488,84.1257592241205,48.5698171360215,67.8007494181034,61.3292301913702,52.2775894081589
72.4127877574907,45.6334232158772,79.9249242389612,81.4020989803432,47.6811880159259,65.0666858778325,58.1685937310876,51.2704177621308
71.0220445227805,46.4014953446006,81.4491986243284,84.4781034611539,50.4286728792108,67.2025848328733,58.894283612436,51.3334034652486
73.5396975673581,48.3763352944947,83.3295626607454,84.3970111347102,50.9476850711594,68.0050003991366,62.3585265140347,53.3755681940711
69.4404500155591,48.5533622739846,78.0527198926814,81.1326537070958,47.9899139345257,67.1458940093901,64.9945373099537,56.7864523071766
72.2875573509628,48.1296365140009,82.5388130059212,81.7324175763465,49.0315556710604,65.9656004706276,61.200430034272,53.2949226668363
73.8837159560519,44.8206385400876,84.3418953103733,82.2407471110462,50.1013448361274,64.8236748182465,56.1672734539694,49.0453099855423
69.1244560255762,50.5786530647159,80.032004019071,85.9608281286148,49.0938825334085,70.9694711238941,67.2307328969615,56.0915402921335
77.111765583232,47.6016586026191,87.2573259734903,82.8005309296166,50.4132259783504,66.4737282502615,61.8434998431038,54.0051745505862
65.8269924200463,44.3664319699077,75.3883261904828,83.7868494042115,46.5815289714361,66.4812531098344,55.3341295197413,46.2301939516322
77.8884308006493,48.6407867009492,85.9924749706425,82.7546925075258,52.8117400582553,66.7399245398689,63.1388284236917,56.0499996027865
75.7044041101894,51.3243752378148,87.8296395720857,88.6029425254376,49.8075825499521,72.455493812383,69.0411939686129,57.808757253374
77.5156106936356,48.7629840579228,87.7967356727416,85.9292501312229,52.4336863245211,68.6349811108276,62.4245406733745,53.0350750152477
71.6579974507609,47.8474300272011,83.1608335813923,83.4876104954318,49.8675237591212,67.2919482338386,61.1134505417751,51.4815420372742
74.8640652941265,50.4386587545467,85.3427989207363,83.6335894592852,50.0788674637187,69.2889952399329,69.2484403170297,60.1375741304897
64.6827151679342,47.2578373545349,73.1582627229107,84.4157732437344,45.8964506351124,68.0423986759869,58.4665222081288,49.1262185250448
73.6155013877728,47.9764238079178,83.6909684483987,87.0105665276899,50.2420622890356,69.8638408291154,62.7825826834327,51.5415197168028
73.6038720151335,50.0184343205403,80.393432138383,85.3806036244642,51.7029888328965,70.1018924511863,66.4382037645115,55.6204466572044
78.898421934329,49.2339951098153,88.3536553056448,84.0650917166457,50.7788524039471,67.7888543658315,64.3076062646245,57.0541311408228
71.2615401899754,49.5007465000013,82.7764948041567,80.1584063471814,49.5890000282101,65.3944422374398,62.759699943919,55.3468204750919
75.0793428062763,46.3004977645629,85.2403995008774,83.5048206755556,50.6037866724758,65.9362903629572,58.113988995171,51.4733527224185
71.5317090615198,47.8363060326217,79.9566456974642,83.8577465609654,46.6401959831863,66.8831789065866,58.2673828211331,49.6549663602792
60.8589405957675,49.4563104157183,68.4152415656411,80.1610490907173,46.6787708476363,67.0783401312605,63.3973146444542,54.3039456829193
65.3891625276711,51.2278636355998,75.019708650532,85.597216059276,46.9348389039106,70.9452427353502,66.0179086118395,56.9340908566265
70.4304826532272,48.0334501586238,78.0709307015944,84.2422823171031,50.4443197582772,68.0377653504961,61.2103244947697,50.053361529074
69.4718492856763,48.0166422775975,78.6169757066618,84.7177537145156,50.3685161591191,68.6534092104872,61.7640222434779,51.9039170249131
78.0323372787959,51.0264488370844,88.66987770098,84.9642897966057,52.8503520438439,69.8144674314501,69.2954804238798,60.2318397009891
72.6626326026721,47.7556090669681,82.7693291972755,84.8442195402272,50.656159302594,69.0560557306783,64.8364552440533,55.1520212427075
77.644866713063,48.3291437840713,87.0928077969435,86.4174974515169,53.3829457971514,69.3295657192187,63.6665040864319,53.6709487526651
70.3699736924068,48.3287209228889,79.0594210396569,86.3479092898541,48.8256320972073,69.0751537041007,59.8030165686962,50.2246948025963
