"V5","V3","V1","V2","V4","V6","V8","V7"
49.380539412937,67.8028410045729,62.1414692638595,82.9653963988963,67.5613039587603,48.5449559617411,76.0481168993431,52.8806363737252
48.0493006038812,72.374204672656,67.9171520642194,86.9683302109457,68.3068212538828,52.4297207733374,72.8488827470305,59.1843846584389
47.8050773103423,70.1719724189859,64.8572472032041,85.383756494325,69.5945622199889,49.0433577736313,75.5442262376694,57.4339541290878
48.7116580829216,66.3901950833639,61.3033664641225,81.6969797295725,68.9659599180593,45.9944831634776,76.5867306777389,53.8601003863098
50.733751466161,64.140698947289,58.723986890246,80.9068962381925,75.61246246504,44.6728244213285,87.7193868466979,50.7067822295366
50.2725645177976,64.7645105264312,55.2096416066925,82.7073062728753,73.3565700957309,45.4315594779974,83.2350590973715,47.1773282142442
52.2779832563169,68.4573604817371,62.5718346102828,86.1390300721683,80.2632433256767,49.930642648047,91.461865477133,53.0897320353873
50.0598385399379,69.7527521685271,63.955407676037,85.4799140184032,68.2281755292808,50.0299677799181,77.6431695052346,53.539187210269
50.1333862120056,67.6400373048954,64.2114763752282,82.1933429856532,69.7409199630386,46.9815363442211,77.0167577722823,54.2020480335578
51.367779684294,68.3145500967569,62.9184574478035,84.4608891002764,74.9680824821005,46.2794701209514,83.061411412635,53.7760052994121
49.0155231703491,69.3832427487594,67.5108962415219,83.7878996974668,71.1845188039623,47.7870620006675,80.8005527077246,55.0104436283599
52.8922525073007,68.2823858661716,61.1133177367055,86.5905809564089,81.4373504449757,45.866934049248,91.7536265534256,50.7348495932893
47.2834450888554,69.3428198909594,64.9292938519992,83.0172298192267,61.2681112453806,49.3601214461171,67.5878754258064,57.0040062499499
46.1570217545252,67.1513030552371,67.3518415753796,79.8789653078918,67.9768243215217,49.9700955452366,75.672340153762,58.9409108477521
48.948858025372,67.7600364889746,65.6198585899813,81.1756596712546,66.9971246544645,49.0821538134282,75.1647843030021,56.1869447776499
47.0549676900299,69.3819809413143,66.3306058050983,83.5319675465137,68.2387862939627,49.2262295544189,76.5559067849538,56.5986902378935
50.5173062509106,69.3646048883183,65.7676819586119,84.3739446085788,71.5572426682085,50.2710630039425,78.9487878998736,56.119303637211
48.0156788043411,69.6003679050221,66.0907372430094,82.9373225922789,60.5348632881851,49.3453567623631,71.8938430597789,57.5805273857216
52.9093978875814,71.2333911582765,68.5453448019162,86.5327099293842,73.6303481507929,50.423433484809,84.1863052428417,57.6371897826454
48.3099676454763,69.1093683683356,62.1362046403923,84.7762406727327,67.3497326545537,50.492031109383,73.8469755216714,53.0636047616868
51.9992018737507,70.681571837968,67.9982624016626,85.854813325751,73.9944618023334,49.9523299162068,81.3443874018103,58.7277584562227
48.9934782542972,69.4265587070004,61.8684290370128,86.3411850245997,74.4302049425054,48.2209211720752,83.7425333898995,53.1626793516632
43.1855323093593,71.0511513530906,63.4353914091242,84.1426424707808,51.9212147226882,51.0459270181434,57.4259688920133,52.2860016063089
47.8181967361248,69.5526683447179,65.9167804471206,83.6609058539805,67.0337949265481,49.8160397065954,74.8321020054895,56.9251960748638
47.3485345121408,66.9964856796173,65.7211798385125,81.5475933503099,71.9514180647818,47.4997275955552,85.3407673770652,59.6634362228442
46.3290741582146,70.0113086282823,64.2125134366001,83.9545635690643,59.7582236585661,48.3628404259665,66.9016694662454,56.0977596119937
51.2721157265468,70.0623505280992,65.4240345152068,86.7512185393215,77.6375678898711,49.8990363148291,88.6208960639127,55.2181217894767
49.6165144085894,69.8005924354477,66.9053192675491,84.564087462993,72.7325881715509,51.0965130104254,78.094704516624,56.8469996331753
50.4582232302988,66.8381026052705,59.9105979886857,84.2613729457903,77.0523486516068,47.0567603845541,85.0798071359779,50.0921771941575
50.945728139536,70.8273615584667,66.033430374469,87.1685605054576,75.2759829785034,50.9169848506241,85.2416669950983,55.6489324930659
48.7129731917572,67.6739624515176,65.396233621255,82.3652140414608,71.1235106072104,49.525376801136,80.8431282921536,55.2906223895936
50.2699845685375,67.4150205598592,60.3808788164844,84.2917232200932,73.8992347471642,48.1257293417372,81.8594159423663,50.6982795939553
47.9296662540584,66.5053173547518,64.8236875591254,80.4452351238126,67.890996263683,48.9026228111492,76.9485753811599,56.3084837201259
48.4576430639699,66.9891016599631,64.3779950928396,82.2890530971532,72.7289807396102,47.4961160901938,85.1522763192704,55.4880553653705
47.7153384283806,69.1636516885332,67.0217121384064,82.1112567897126,62.1712247857159,50.3966736673707,71.2098273881865,55.5217677291626
51.7792744720176,69.3468458609865,58.4567056770475,88.3733589119705,76.13479144029,46.6670523772034,85.6194102888917,48.5428218837475
47.1339732021262,71.4640329626702,66.6396047893051,86.2659869386555,67.4715681522517,50.69269258429,77.1466656611822,59.4000726576409
46.7027409250074,70.5770948280017,62.5066019212718,86.2775113019017,63.993715023574,49.1216812366155,73.195859196412,52.2810266041112
48.1801524470494,66.8795907601241,63.5595586091316,81.4057377642533,68.4943924247433,49.3047827049446,79.836855383916,53.2839864493705
53.1259785570758,67.682097261168,62.5518635595258,84.9919245629949,79.1953642441502,48.6767623763067,90.8172682251606,53.9729435588657
50.3411026900703,70.1179982028518,67.0489373407033,85.2300532905978,72.7524781902869,49.2075151348405,82.7688135102436,57.9785672959009
46.2219539275488,71.7917343632582,66.9107054874824,85.1341278841603,58.5708582812367,50.0205419081116,68.3702504174676,57.0309955999275
51.2359575896847,67.4758434648806,60.411838709913,84.2593747561756,73.5484792184923,47.9938318187869,82.1596425371427,53.3683861697673
50.7372482204828,73.0503994389505,73.731692898234,86.5277412518847,71.1429470978332,56.1599137539235,78.4263582790539,61.5760416707371
51.5406185574881,68.9896184464365,62.3041485434268,86.2974937067155,76.0497279665883,50.2931286467666,86.5435969783643,52.9125467725864
51.6958030201567,69.4439976878319,64.6407156862463,86.3151827207455,76.4044924508513,48.6608129261601,89.9623965081341,53.5022993541539
54.8867057640856,68.3852131481574,64.8758054812765,85.048929816405,79.5707066539211,48.4068912760873,89.779267884182,56.3149097409911
50.9339914112438,66.3458715637401,60.3471190595223,82.3702073951221,71.7209543778177,46.9906067864328,81.1835255775968,53.967223765986
49.1010247438841,68.6609235517163,68.6958526748785,82.6810276955883,74.7480788938326,51.2793345673932,82.1244538027322,59.6203620815049
51.8974673940484,66.9860451616711,63.9292043385016,83.0702434331422,76.797181392013,47.6616797286529,88.7931580468401,56.1045626420225
50.1084220166189,68.9233395884744,63.6107496474193,85.1020554982926,72.9291864218665,49.0745127466523,83.4231350473018,54.2016997735706
46.1837677082239,68.7115593993287,65.1664339926875,81.8447781953151,60.8109999120446,49.3144309180629,69.4178809836772,55.2874187267055
50.4327565287902,70.3197108949794,63.80193184808,86.7170318510946,73.5435035077763,49.4096157096609,81.1232182096413,55.8519086433494
51.0086655906711,68.4538953913579,61.5952521682861,85.1144564374823,72.8678241221865,48.08180322914,81.2835416094059,50.6251808146165
50.6699260371085,69.2094185806248,64.9356815386483,85.0260809089857,73.6448771692945,48.3040973889044,81.6756996401029,53.8526722871495
52.8262724797793,68.9349416431188,61.997531648977,86.9379087077459,79.7395641297152,48.5766390644243,90.1782318925057,53.10416447793
46.1496162171104,69.2676801660514,67.9267146174652,81.9799139286771,63.1938386734654,49.5250649226033,72.7147468133221,59.6820250338864
48.9705037653137,65.0628590719303,62.1218757546869,79.433762896969,68.5022453158925,47.1732582994579,77.8775925693469,55.9411261161351
48.2526525008678,72.0354645720046,65.8170868495974,87.4256065393371,67.1832621355902,49.0689592939027,74.5907298466329,55.9524371854614
46.9942971950121,67.851051594241,64.4780164988647,82.1094082995326,66.68037823261,47.8866178164035,78.6258187142263,55.1424487200905
43.8164179717492,61.9772371555562,57.9400274441527,75.0652900867558,60.7469609337921,46.0309242405479,66.947830862318,51.6346907277167
52.2286816239659,67.62378264963,60.2781222913582,85.3075526676807,76.1878268200247,47.4208655482988,85.8770923450751,50.5662274643832
49.8393227158434,66.7452173349338,58.9435381650397,83.3084361016011,70.2172910728327,47.362893676942,79.8966807152841,49.4643690330998
50.9491616214704,71.2224805020446,65.2339057543145,87.6344388312913,73.7444920093179,49.4927251320254,81.7712565881606,52.3940061887222
51.6916893375668,70.4555012898124,62.7240081670029,87.6378355957063,71.1082396016761,48.7890654531619,82.5221623052097,51.5330646273925
49.9394685217118,67.7939760948524,59.7720980327076,84.6352952318284,72.3123056386643,47.6104195860562,81.3249581736562,50.1453648616065
49.3334833029558,69.0876121940285,69.3646875950517,82.768828164567,70.9936376306446,50.1145928079861,82.9504485555749,62.1542509543784
48.6425064172787,68.9788430018819,59.4644822477298,87.1619106384636,73.3129883288534,47.089174778788,84.7883210806347,50.4370861632079
48.2993650899135,69.3115037116635,67.5804604804393,82.4253796810289,65.3739741513895,49.0568644057222,74.0487429124572,57.0163810147616
50.1960372909363,68.7836110860722,65.4288262970363,82.8513285737362,66.3586256687745,48.1306260257867,77.6104310978747,55.7156106075222
51.1141182570763,70.8898074152603,61.2276088965885,88.70456235637,72.16204426201,47.3290934567321,81.5735505302771,51.1772995461901
53.2433267345657,71.8151366713048,64.4409021939096,89.2711515945422,74.4577915606299,50.343669312744,83.3152248511398,53.9892011486875
48.9770048562268,65.5615692276475,57.6404758427236,82.4249438283146,69.9462487530355,45.3657977410647,80.9303504529253,50.7599977135736
47.2715167016869,62.2345859852891,53.4239539029092,79.4471263427606,72.4539186630045,43.565851366428,82.680344657603,49.1100567219809
49.904856726793,68.8834094281181,64.208206447171,84.3246181835822,70.4084264540609,50.791025664196,80.1507029544244,52.6090496288837
51.4933901134842,70.8421502645122,64.1366457814147,88.2888624231072,78.0714055695306,49.3991377029016,87.0082068805198,54.3800168243532
49.6662836435362,68.0196269966511,64.4122848004842,83.4923801246423,71.4433006077468,48.6609388244332,84.4307150736009,54.8595081903521
51.4025191910914,66.0507949241289,63.0802396871559,82.2215042311117,77.8663740844626,47.6230690654789,90.3349557754885,54.4542885469634
48.1752102633262,65.0188966385724,58.2566033726951,80.56276090683,65.3404995625412,46.081660677398,77.2348698435155,50.3999640321166
50.2624633450667,67.3549505488971,66.3873033630821,82.7321298984448,79.0106469953294,49.9124111219207,89.0451291954737,59.568336316724
48.7862512594409,64.7327066457252,58.4530495744151,80.7311954074563,71.1141334799507,45.2629867680934,81.2420757482901,50.7673421526834
50.7357034473186,66.5016375294655,60.5549596189084,82.8666508635279,72.972108575274,46.56145676336,85.7610718121272,52.2376810396532
50.9396881102783,68.6502903407373,66.4675432630188,83.759094537531,74.762158614325,47.6899168937833,86.1503743718297,56.865206370942
50.5690472511928,70.0300303309218,63.715850206645,86.5710589121669,73.6181950125425,49.4121836583536,83.1542234489251,54.2475061036853
50.9349284411333,65.9947897423683,60.2225601898958,83.1608131284611,78.9235084064407,47.3782243296526,88.1289799703537,52.5700051575253
47.7217235845588,69.4163871437224,63.9924159681211,84.6562273810718,67.7107443606696,49.8519396513477,76.0520053545665,55.0249908039567
45.6398489032194,67.3148894486414,62.8787914924865,81.2009125762689,64.8762596874511,48.344903607169,71.4805365547178,54.9492737814592
48.8747969755513,68.2642070708958,61.5849729883657,84.5355278370354,69.7998261161652,47.7252684348042,80.7923608099794,52.9036297366188
49.0875142419943,69.2958940241717,62.2587424641024,86.556766421602,73.7122687986387,48.5679663273586,83.2555046114677,51.062365458531
48.0121398001524,72.6172477891937,66.9023809693191,87.5138967084668,64.5641503205297,51.45774017198,75.8254161730861,55.3920463616389
49.7275005175493,68.3604975398113,63.7124136728509,83.2770662824222,67.319519041546,48.82276603791,75.9688042970704,54.7173930359175
51.6666495084309,69.8105790168476,66.9343427926389,84.8641544932004,71.9403429042112,48.5897440340624,81.6366548123865,59.3870485197319
50.3844734810334,69.2791762316028,67.7412292317168,84.076627812015,72.8508457583632,49.895620632633,84.6807912859847,57.3626810678398
49.3838943570895,65.9861948497168,60.4735776871019,81.2765856051709,68.0136635683911,45.0153955023997,76.0828706348031,52.6415405486708
49.7851593989874,71.8987105390191,67.5300028379368,87.0273912992654,67.3759626451407,49.3683108390901,78.0754458676671,57.1932011118449
53.4921982505097,67.8838162987846,62.4196076243925,85.1934969682351,77.3178217547504,47.5272458309509,88.5976789512967,54.2387743890087
47.2247051494541,67.414751364458,65.7484808928977,80.7593556993897,65.3287414093228,49.206796615537,76.149573828687,56.6975034746667
47.02469484078,69.2595081442405,66.2153533662612,83.1558439975239,67.4773873772333,50.8789066049263,74.4400904171281,57.5029583603849
50.1795713777676,70.9417159909463,66.2749359246409,86.835662917715,73.759569685724,51.4463503660167,83.6749357465375,56.1577899004721
46.0526354462828,66.2705309692578,58.6817899391359,81.4287469505952,60.7058519798876,45.7511644802059,72.2158854492935,49.6123868638572
51.5558323896577,67.8137391388185,64.8541313081521,83.5903193724859,77.0115355253253,51.0714050281488,85.7692712624757,56.0370136954425
49.3739503029958,68.93020995658,65.4741676281062,84.3558495937389,76.166670637322,50.4626515819249,83.6765253137415,56.8019060845535
50.5437486608515,65.9098832257304,65.2297788213861,79.8734613266374,70.771655111839,48.5326479294011,80.1382218699109,56.5954472905278
49.3114477489694,68.8034191503542,62.0520626151965,85.0349820140568,69.1812179266865,49.6983322669883,79.1731742834386,53.4195932854822
48.6580502489274,66.5475156418377,63.0951796469364,81.6214608788449,72.2011843950769,48.1540453881151,81.5059744174154,56.2458208973641
49.4856138760601,70.4542532852823,64.8301855986326,85.9190346568743,70.4530441564466,48.9480387848809,77.2235128424439,53.6801054268625
52.1728810166289,72.4656000642741,64.9843244549083,89.5967552356108,71.2271684689679,49.9317456886945,82.6173367685751,55.1377829250692
51.0324529057807,67.8608861085136,62.8844714240342,84.2583089322291,75.0582856880563,48.2379771420127,85.4029772090863,52.9141225964299
46.5103842349602,67.2247884613554,62.4335882074292,81.1037873556986,62.2250483002817,46.456595150823,72.3944902025597,54.7079367830606
50.8018927256827,70.6772117504587,64.6835892489685,87.0971247676255,73.4952746720701,49.5817607784389,82.4530572950542,54.350109696621
52.2281885381772,65.6694193264266,63.0117174310144,81.4353961131178,76.2286014881526,49.8996888126637,89.0638787318679,55.2331209590044
48.4305552724381,69.3726252916076,65.6949059937192,84.1053490429604,70.2765472131631,50.4450291774726,79.1979021123543,57.0550258926872
45.8922718449359,68.1209276150091,63.6224688754741,82.1941455672397,62.3518653092585,49.2036076551325,72.3999795130625,55.8210264660809
46.7418962454142,69.1225583143539,67.2827396527775,82.4657179458018,66.2870251410467,51.34024919572,75.0078009010424,57.8119907482993
46.570569734413,63.9455304038634,54.2986351794431,79.9069700689798,62.7827855443785,45.1709078355571,74.4284524031039,45.2586830370007
50.3000031666343,69.6060846654896,66.3992787279028,84.2305478244145,69.8479756452813,48.9036260508881,78.3503519047071,55.60471945857
50.1180019092667,66.3093162054684,66.4607001650216,80.417247962695,73.1843960727313,50.65427682882,83.8354013514766,59.8709709209094
45.4900469317636,66.8502529716379,62.2256660428437,80.0052042466464,58.7090019324398,47.5258583604736,66.9734961485957,52.6288313817662
47.3283344176758,67.2565288792934,57.5465007470929,83.3305999662913,64.374532408084,46.510987024188,73.1311104842088,49.2386677888062
51.4743085689835,66.9285520197458,59.1822677024349,84.8319322458511,78.5242486172571,45.6369313117186,87.9820110921214,49.6628583202211
50.8060130035076,72.8426988065746,69.5111084204297,88.5461931195667,74.2984759387245,51.4907634677402,85.4221614516164,58.0409097109742
52.4432301808248,67.7923842745529,58.8047690798419,86.4889446050112,79.2627448301871,46.5079023663713,89.5547733236407,50.9434403639506
48.2801232377924,67.3890979224383,60.2064514195602,83.2275423137862,69.4101978182674,48.4096731705881,75.2028627985117,51.0128164021713
54.5713104766427,71.3134668158956,70.0107379077437,86.7151163171523,77.3915294535643,50.7834686214511,87.7185869831985,60.4107664095478
49.2760131741752,67.0143415302532,61.6013409565731,82.9276325637525,71.8697346354977,48.0125570413959,81.6994818654366,53.8059626760923
50.1200440444467,71.7083449947788,63.3809497193627,88.378457069403,67.1640869541637,48.4715244371433,77.0707354230275,52.7811159182236
49.6909167783148,70.671647414138,66.953867454132,85.8200526509134,71.1120739272405,51.2734132865077,81.0145629640849,55.2750616599935
49.8864178638376,66.1781153751335,63.1184285589986,80.8841234050686,71.3564883435168,48.5296589909688,78.2222540676266,54.7634593307464
48.0174291750639,70.592724998057,64.5365815190376,86.3199648558492,69.5129193782076,49.3620444388164,79.021350781129,56.5170936870698
49.7976008893002,69.8205990998936,65.980325837423,85.080347718194,71.2303190624342,50.210939872399,82.2034598829994,55.4427269784858
48.7448958270582,68.6275784662799,60.7802968632302,85.0983897259188,69.0994776012522,48.9542575609779,79.8961386036163,53.4952326636353
53.8936991898393,71.4826322764231,72.7297894866693,86.3835738572432,80.6345243327062,52.4352484198992,91.5303619715054,61.8748896497829
50.3465133784642,72.7548188917679,69.4916698404277,87.4191169366863,69.0857781536601,50.6139654606663,78.5384774191001,57.7501937545367
48.0041386271064,67.6731541071462,70.2856082557439,80.2104517812668,72.0275128313319,50.4844771214291,82.9959115662078,62.4550934987029
49.9741743868297,69.3493857791053,66.994113294594,82.832860434109,64.5322881372947,49.4646032487326,73.8534601167174,56.1715688968691
50.8249359836527,65.1599720215517,56.4217288852605,83.0103113774877,75.7866992921103,45.8142216604188,83.7745400730159,50.0812084317252
54.0099961707605,70.5532685311725,62.5451937099535,89.0110989261061,79.492015364477,48.6527037058412,88.0944007905187,50.1222917051785
47.960156457068,68.424062442181,65.6344388695127,82.8459494637086,69.3346596443056,50.3632032872944,80.9237269583775,56.2549632081691
54.2948318924333,70.9553935552187,70.9212070553725,86.2893486163563,78.79183711274,52.4274448143517,90.1189382772592,60.8079094894647
48.9331419900968,70.1300586412293,65.8398359691776,84.5685348995114,67.2092176870943,48.9685125949166,74.1382987769823,56.1936690218527
52.7566007422183,69.0474242662635,65.1441819786712,86.1510446794843,81.6893014947396,50.5490355908575,93.725757814699,55.0201326884419
48.3767260833931,67.2666009731978,62.8027227191828,81.6102629683299,66.0766539984134,48.8300663829635,73.4215124056519,55.0538533056379
52.5296289508565,69.6876443981355,67.4383203746234,85.4261443127011,77.0809604451885,52.1254239682514,88.3802097284369,56.5823466161946
50.965316374055,66.5127708431087,63.0175493277716,82.2942307441022,76.056660921725,47.5230736692976,86.0907901170283,53.1786628240325
49.347980422648,68.0960013135831,69.099174422965,81.9792005152434,74.6696519175998,49.8418448141571,85.1694525915655,60.8745176559126
50.3037218134838,66.6059529879654,59.8624821789878,83.6835904977355,75.6387172240642,47.1944067261383,84.1031836535801,53.3353171730177
50.0903235900674,66.6003352722043,58.3911653568395,83.3581730785287,69.4562904722267,46.3590640985161,78.4839904302491,49.6304219137238
52.9876707637228,63.0245642221373,56.6463795314492,80.2339323812979,77.1903221756776,47.4146965960528,87.8774727751606,51.0244706353242
46.7848147787562,66.6209647497806,60.9070628993494,81.1525144480716,64.5836709710424,47.0792852709467,71.2407856948251,52.1016761468068
51.5612973863479,70.9188979718718,67.4267691479914,86.1745796602019,70.537483554535,51.712243877753,81.2097634407395,57.8789378181867
50.5303374087461,65.0599575938812,61.9677800129717,80.737800391441,77.258495091325,48.6880267970564,85.068193124279,55.6827653540025
47.459266303386,67.6443267450919,59.1977812511533,83.6814466663021,66.5371191885002,46.883991798411,74.711553942644,49.2511681356745
48.782878584509,71.6748070542307,63.6897794464474,86.8364014973173,61.3436204682174,48.7744686500085,69.6325667329426,53.4925791087391
47.3940597972016,67.1692525452075,62.7470397887849,81.6096778667011,66.6602622619338,46.5386808762374,74.5060853865392,52.876327818562
47.5778000079673,69.4591903868172,65.9180120287111,83.2977525087584,63.2087165614667,49.9551587000375,73.5936860409877,57.3191987663355
49.6462598585456,64.0122923303958,57.5096753819691,80.9859710555336,77.4640797407385,46.2711620089616,86.9167434067843,50.7293973205487
51.5156507588735,70.3890642509509,61.8676505788176,88.6835916916093,76.7550566867718,50.143625531448,87.8957243964687,51.2856369709692
50.8510410232148,70.743439615879,63.7135002204284,88.0071310017803,73.6133659554255,48.9654392368285,85.3388804160796,53.0544577093748
54.3688827318497,70.5823502376375,67.6373860791862,87.34793897665,82.1933926812882,52.2371497344081,93.5786045256124,59.7235740953841
52.4340792096449,68.9297988262716,63.1855573565359,85.4361921179696,73.1668586487116,50.636000090765,83.063091015584,52.4526047035535
47.317005182242,68.0997105225167,65.2802824349547,82.4419081793374,70.6436306720823,49.9062505476875,79.0353798822724,56.9674765720512
53.8390202843668,71.0704005332674,63.7361077742784,89.2054034670614,78.3579500118443,47.2373937574687,88.6955283050078,51.5776879198817
49.6244050595967,66.4649339550328,57.0477315481745,83.716637044039,69.3461039193481,45.603214735388,80.4691487928246,51.0910491902271
47.8301038158096,68.9505154681853,60.8357165525426,85.2101808187271,68.8114251414465,48.4739338882993,75.4995438690616,50.334812722432
49.6571998841272,70.9420552657893,64.8979743937789,86.6246655033886,68.3522355550771,47.7207545517822,75.4511513711194,55.2749422568758
51.7039101987486,72.1551058291726,66.847669697659,88.2411725340129,72.1973712611657,50.6041308887134,84.2828699114948,56.9776548736968
50.2178364051643,67.9511004045959,61.021564910322,84.4660909356594,71.281281960236,47.6080910047212,83.3848768816666,53.8666178334388
50.377004086165,69.4029346945181,60.3467034633238,87.0038213158088,73.8998088928713,48.5487090201353,81.6669942373411,51.9255252740338
48.8717218502715,71.6505165056974,70.1616713004979,84.9869052864228,66.3843192671387,52.8226750804351,75.3150986368282,59.9990379850517
47.2790073522911,67.9997808921768,63.826073810212,82.135859025331,64.0839864194127,47.2201327289113,74.4315879939042,56.513966817991
52.5574972602075,73.3711828949593,67.5519112059138,90.2934426802119,76.7194113403475,50.6571508561133,84.6380798328198,54.33216061132
46.5751036883738,67.3540653314479,59.3665448445409,83.4506563995923,66.5423357079337,47.8722229221729,73.5805098531617,50.8525800717374
49.7810064754996,67.8775412315218,61.6047342284158,84.1809166911451,73.0358525446433,47.756240879028,82.7131699009574,52.4431058297453
51.2732158370489,67.1341487920785,62.9698952060312,83.5542888425443,78.0487968964791,46.9230523013213,87.3521171861115,54.5848889887968
51.3189308912803,69.1587775298819,60.1424970664308,87.0297995458734,72.9725830732312,46.9600639335815,84.4517465579271,48.9298022081141
48.7304458571005,67.9713875185021,63.25878483469,83.8224831835716,71.3292066079036,48.5253330562539,82.961066459804,55.5763235970978
55.5254731648089,68.593210816232,62.2125230798232,87.856147960046,86.9713922743264,48.6116270437019,100.951243201567,52.5397556539531
51.9313843491302,68.6869023151857,60.2760054709425,86.9766197478002,78.5246031355292,47.6455683710979,86.3068634022752,52.0534996505533
51.2471676374579,71.5619156299339,69.1820788799097,86.623339993664,74.7805105595196,50.1400404398175,84.3860081142965,58.554864053372
48.7092169723993,66.177972853039,64.0184752721175,80.9469927045158,73.0538289226336,46.7797361248282,83.0934126875709,56.2027770850005
51.0982842785791,71.6784237104126,69.4889039895012,86.0934515147414,70.5770135488326,50.8782220358928,80.8767271356262,58.4324075747827
50.5681691123882,69.9722426547404,62.2133574826844,87.0143536806453,73.2737563842749,47.5206865355037,83.5087975113289,53.5670665462207
48.0701296670431,69.4058597770638,66.6188245544825,84.1137156226438,71.4632956503147,50.5007174972401,79.5338532997402,55.4204177527954
49.4944923826197,67.4653634472736,62.1661221487787,83.6275843278559,72.1226311554837,49.0670409638329,83.9358607916645,53.0134040413471
49.2576571401171,66.675858260334,59.8845694959043,81.9190593563752,65.4174975086694,46.635191940707,75.7584906281178,50.7620970207796
50.6881507064749,65.3371825628726,60.6286380485099,81.4270188520863,72.0692667697956,47.3661470007114,83.6866663733509,54.1504198656854
51.4898127192756,68.5480113580862,62.0207701624061,85.6250074609804,77.8034688717514,48.9906459717423,84.5104063512325,52.255601206864
50.7117744063179,66.574676827537,61.7004292436013,82.2235571150464,72.2854559132643,47.1830425904652,81.2367610544945,52.5152000450806
53.1233271425425,69.5581175749726,61.9425081620577,87.8230988298162,77.072266757304,46.5218562892962,88.0710061716582,51.6184183259467
51.0066987413205,65.7159043621402,56.4187640910243,83.5679998409414,73.9899358345862,45.0295580101262,83.520326454883,48.0382760331621
49.005734240887,66.412308495256,61.747826669378,81.3145959299603,66.9354793098392,47.1360414833543,79.138002018581,53.7068724492763
50.2938790521806,68.917455856253,60.4271677899218,86.0662809151839,72.5909434421392,46.2657163953147,81.2830444013026,50.5400492990302
47.7959316215472,66.9399093803082,63.0713372371232,82.9419942813588,75.8346473122698,48.7599865746187,85.7222728424123,54.4102871889286
44.0685322224518,69.7859502599313,68.0494340771551,82.2376066698393,61.9909239160929,50.7827324594009,71.3459040837917,58.7168766511256
47.6523162364557,69.1409904746608,65.3336025117664,82.6550754519123,60.3347381892226,50.2250327884221,70.9830037325709,57.2375553746166
53.128840152168,68.6885233940366,62.0887449265405,85.8177555799785,73.0994897407035,48.7702018932622,84.9144651180657,52.480491004222
50.5746443229405,70.6177422903135,64.0045348184388,86.6942047579866,68.8556958367729,49.4623989321582,79.8083047700406,55.1401453383731
50.8570465420456,68.8762190878115,63.1357542890918,85.7514612681093,76.6721858574443,48.2222569154238,86.121638284428,52.7351899281444
48.519587014702,67.540143249087,61.7237814242328,82.7379634140533,66.8165066091585,47.5612710162119,74.9749096720732,53.4753576315049
50.2063113619755,67.4221272462066,64.9622701076362,83.1190714884763,77.6773719605822,48.8273410238793,88.2046654747285,54.8781544613943
47.4917746071316,67.863752485322,62.3965428364734,82.9699534460786,67.0958397931819,47.8484496434303,75.5607346842699,53.0743323696767
51.4560621014761,67.368228817332,63.3143547032352,83.4554984254575,75.0847534817947,47.5991167677516,85.5196015774343,56.1124256055623
51.4290074765658,67.0424204377426,64.2719491299798,82.3475482967404,75.646381110018,49.3681277355149,84.4745179573401,56.5543019724069
51.2490487945178,69.1508814864606,60.1414632731624,87.012570385775,75.6606002335971,47.6449865602789,83.9068569939106,49.5121374328667
48.2971894335567,65.0688368221415,58.9353448620055,80.7203147895674,69.7348308882076,46.1189530907155,78.1071063492286,51.1536976146657
45.3837097138024,70.092222138435,69.182286872259,83.0575480783587,64.3631455495031,50.5668980467367,76.8052334102644,60.1677079454378
51.8528458675937,71.4970628226802,68.671731170178,86.5287295240749,71.2006114670197,50.6966529115348,81.9370886024706,57.451550474279
50.0842525350786,67.8110686213452,61.6604301699041,85.2023350913529,77.7645929460679,47.9684531117444,88.3302312736637,53.6788267958008
46.9242181589687,71.948973357255,69.898787949688,84.6597684539828,61.9386407066064,50.4755953807473,69.6971122218807,61.500720607065
47.3471751339715,68.7926059730705,65.1693716098524,82.4110815914972,62.3883796200277,50.2731904440631,71.0486041927985,55.3700457922961
53.0674439380891,68.4415381363486,66.2796357254379,84.4559634452514,78.6663071273337,47.6676495335084,90.9858914574345,55.8054349599302
47.0030410099279,64.013543697431,61.4769740037037,78.5843284693466,69.9380977860566,48.0969696801403,80.3318921680046,53.8191325992365
48.2103065557606,68.6569096568456,60.8707962705956,84.54521176976,67.3182805643988,47.0104104509335,75.8080237430218,53.1825718201936
50.6376112667112,67.6275819275376,61.7366020654499,83.8474206974716,71.8096180704676,47.5578669075205,81.3613678304991,51.3865470290889
48.9516068507036,66.719985770495,58.0826294702029,83.5786730658229,68.6783243184112,45.4940317755027,78.0338193744489,49.8801062613222
52.3257604218028,70.1013282787064,63.7658105110676,87.6484837996267,76.6838272034639,48.2163537783848,89.5420276606449,53.3925867706292
51.9406611005676,69.0628440672904,63.7963409401445,85.8874387549601,75.6224486774378,47.9719334653565,85.1363702539149,54.1073114086155
50.4056164579296,71.8420155335743,64.9738061960351,87.5045212773785,65.7484057015824,50.0875388527954,75.9560954242713,54.4342372145537
50.9513486444788,69.7950920470209,59.7878620864533,88.0159646552461,72.9437840428451,48.0173887497395,84.3330019552041,49.9489572546766
52.2078257646411,68.7087872865819,69.0366453332259,83.9101093978248,78.5580306935662,51.2233485906878,94.1391780875436,58.8790227882895
49.2576303596707,68.9897319288294,66.4143086590832,83.5947028648057,71.2048825212102,51.0388606739696,79.8512525652618,58.2807483096643
50.6572368042932,70.189778682113,65.7583832354528,85.504828647388,70.7757341704309,49.3556100906163,80.5000390228028,55.7726813668848
52.6747727105815,69.9376090233595,64.0375051864579,86.878608628855,75.5520052404142,49.1007931869151,85.5585482315713,54.8251573775545
48.7236756523094,68.9077926610484,66.8921594182038,82.6059000028118,68.1914460444763,48.5655689064822,77.7061913098921,57.6894271294544
49.9114814763383,65.8936996773171,58.3725561148909,83.2762784022886,74.7875205621699,45.5115146861752,86.1061657293365,51.0245617805749
47.8097974196294,66.0318212846757,64.2829100101626,80.8119913713559,74.4187219123664,48.0285902918379,82.2431924442241,57.1967045652868
49.2229753620592,68.8864522112127,65.5470678252146,83.8490276924074,71.640325251532,49.5511210090008,79.1863561986723,57.8956327554044
47.454705790304,68.5412311719702,63.9728354025432,84.2317300292738,70.9515154085718,49.4542081282699,82.2687774664655,55.9885945535985
42.8654065761267,67.6316920445123,64.4344468873046,80.7279738141044,60.9494888092483,48.5698856366225,69.1861674643255,55.9776679337558
48.5361015982354,67.5232455507228,66.6170179445934,81.0923002458872,67.4788525141527,48.5598271405466,77.6973583932028,57.3961591944195
51.7537468312263,64.8829456291764,60.3443346037039,80.7185031918861,74.2409981233703,47.3362833686681,83.4501956217911,54.0967006338405
48.7013898526427,68.3918959512644,61.4669024145814,84.6098167056085,68.9949584463196,47.9675046015577,81.1527497593536,52.6831474066475
52.6133923889113,68.9128684508578,65.419505624622,85.7195416645968,79.5495862355452,49.9510566229199,90.4150061323621,56.3827755777161
49.6720929481018,67.4422000091174,60.8441175429118,83.4832915545101,70.0625444966787,46.2952709328326,78.5506466691358,51.8371121209071
47.3683658266213,69.6098368871548,61.3314171261344,85.8482669293817,66.3269791792429,47.075271764871,76.8625002025264,51.0258365208769
51.5305914920508,67.5356889299731,63.4517744806398,83.6125768842023,74.6885840061356,47.500987424419,85.7380721953917,55.7808091033097
46.2311967047704,65.978990041303,59.5153081143336,80.4975202613604,62.2116693686198,47.533768488816,71.108092703793,52.4682052002218
48.7476102792627,69.586181457167,65.3129413613667,84.7516400217409,70.4811925754732,49.0952108640457,81.696125508935,55.5390248240119
55.4011009584338,68.8273686016019,62.9033919527584,86.5942980466372,80.8560886356469,49.1230712564348,89.930306697508,51.5700019197372
50.5133098245189,72.0090147356829,72.3851914541619,85.0239525827115,69.2213790163466,53.0004583584733,76.8716560290701,62.5843552953156
52.1420222093499,67.3824706100475,58.6206237137301,84.8330114349868,72.4396452820166,44.4207971262602,81.6300363886051,48.6760105421153
47.7354723842816,65.7357528660194,57.1883600045157,82.1823916737884,68.7720639333717,44.2726965246849,77.9647776760077,50.5830503737379
51.0063778608176,67.9071424554753,62.4409234560167,85.1051031991766,76.8638072694919,47.0023701026819,87.8864199272667,53.833255232654
56.6180847910295,71.4748518963206,65.2775531664901,90.3137452327693,85.1327376085399,49.8996614259305,97.0641555117734,55.1850788903045
53.1270789890006,69.3205146243727,61.01888373481,86.9975494458564,74.0856452070245,47.7002840251746,84.1429976868371,51.2137145843
50.6128496243818,66.9133971778583,61.9276500999008,83.2538809778256,77.9707302939874,47.8760534671061,85.7190087274728,55.0139542072599
50.7984328828854,67.4648030437424,62.2131328246514,84.7293137685404,79.9413711343608,48.7819798740001,88.1463279137674,50.6183051095604
49.8415262241807,66.5971691484398,65.3587080096045,81.74876183646,77.283506076757,49.5621582660355,88.1306418470874,57.2083133333728
47.9019286463043,69.4983459375501,63.9891100889011,84.5508371018785,65.8471360928156,46.9417044935756,76.3945874198532,52.5307934450361
51.4051623526602,66.2209175839111,58.8210494316985,83.5833104570578,75.8145181113124,46.5625743878664,83.864774778012,50.8528683764998
49.9589654414622,67.7890160095645,63.6439725286324,82.8330844158384,69.2958573187488,47.4199903410949,79.4689349266202,55.6203073639805
50.9289103133221,67.694298889502,57.5573000397686,86.3320963880939,74.7250467399154,45.6618979280643,86.9684246388968,47.7619639001477
47.7932819383735,67.5499439237436,59.1002952456357,84.1507194108043,66.5019632565942,46.47326547592,77.608705195915,50.9447177003198
50.4425429521387,67.4468226698678,59.0050645698806,84.7119436146652,73.2301629644913,48.1582986322371,82.1723070621071,49.7796647165259
49.4869374569876,69.7343573114446,65.1912323236879,85.296123184616,71.1021413176733,48.657350641203,81.0954880767571,56.4370837575686
44.7429028432585,64.6883184809419,57.8274296326598,79.3966123168499,64.4730328411219,46.0781192504338,72.2024487589586,50.9682570670468
52.5343675008377,72.4163832387687,71.6295271615429,86.8970068438709,73.9263611115376,52.1524925707408,84.0041528737999,60.8091779919309
52.327077434061,69.5869060927477,68.1560818301746,85.5303353154651,79.8750829972052,51.2447434399439,91.0102847437818,57.2216355157631
52.0970406869107,72.1477833155552,65.7703071124067,89.6526501150732,77.4763421359109,50.1026210412414,88.1956848120472,56.4185252167339
49.4970889652327,67.87435664065,65.8908592043087,82.3395730482693,70.9843866862816,48.3859159726774,81.2134427730928,59.3341016507071
49.125340148699,67.1518427915791,61.139247113708,83.1556980355148,72.0291175118933,48.8693283455589,80.604459955931,53.3212054357721
50.2369110258256,68.2747624072223,64.3596692046593,83.287066724909,70.5426270083873,49.428618890866,79.9137350183543,55.0857982620101
54.3012485181234,73.2411569494368,71.3354525335231,89.5520534174715,82.9269124241944,51.8354191572886,91.7520609624666,60.1375025323044
53.3525048464688,66.5673889764066,58.8878057804898,85.0456007807149,80.3742159716611,46.5726912399577,91.671382753975,51.5906700164211
50.2896810556262,70.8512815588221,68.7773776552866,84.8702915874226,68.363693144676,52.9046668191358,77.0958360309727,57.6818788952165
49.2981964811018,67.601953580267,62.5377463951595,83.6261145900398,72.7073799451522,49.8067609527282,81.8911467128324,53.355954542135
52.4215640100016,67.9317668202189,64.2472731326123,83.8225855175078,73.9712570116464,47.0153731534571,86.3899957273623,54.6079801723716
50.3719746678855,65.2242074818907,62.1956002337032,80.3813976720281,72.9473768837919,45.4934250354851,81.4806023996657,54.8656241978305
50.6587201628697,69.5342918693967,68.4817452357355,83.678226432253,71.4570493828717,48.6449299422749,81.6537828225176,56.9921573231549
47.9938516131435,67.2246553354663,62.6412088294932,82.2393526154486,69.0945661461872,47.7946702752112,77.8652341788073,55.8103870335065
48.8701371091367,67.8929271114096,59.3779099972348,85.3034764134314,71.4330573414821,48.1535253702675,82.2266946885838,51.2919620468008
49.1484675495872,67.6273996372399,66.1422812264381,82.0628438852718,70.884589617601,49.1841924452786,82.6457400411202,58.2455611113734
50.9718068878991,66.5022397588101,57.0834393886927,84.6907872353757,76.9768851562252,45.622852781687,85.7124748375118,48.1965506177339
52.6317950780067,69.1556619489434,62.8218582505241,86.2691041662932,76.6217832479002,48.605001025545,87.0727810502445,52.7190561973776
48.9085603310825,68.4832692324434,61.8692808658507,84.2675093276036,69.2605615438777,48.4081541251978,76.8144610677734,54.0182843240111
52.0752024299857,68.7001261989709,61.6992093611718,86.5312364830764,79.1866917883801,46.9450156316455,87.9021700530595,52.7043611631072
49.1293038620103,64.820929633035,60.8594346213716,80.5485812509498,73.8795796773353,47.0770159952387,85.0362652027419,52.9752528177829
47.2201405852161,70.0959284265111,69.1166561323327,83.0771128657706,65.2882542805398,51.5647151629339,74.4107390877049,58.6894135990009
51.5601644449,72.2849670014736,65.6546077910081,89.2771611224282,74.9310568869686,49.2908877777783,83.3581119315811,54.5075392797173
52.1243102290746,67.9956255513856,66.4665343633599,82.7043667870466,74.2879115710592,49.4521041160192,84.3800684390493,58.7204256686787
44.5797920870581,66.3976372907257,58.3144648180968,80.1427577345156,55.2845114152611,46.9177516876325,61.5412050443159,50.8897419163818
52.3337784613898,67.9245841030248,63.6179225473672,83.787552039529,74.8593210648179,48.595502939217,82.7207941081116,54.3690734178414
50.7685052106306,70.0563539274829,59.559275923744,87.2485587423171,65.7326240892093,48.2602520751284,77.8927549408639,49.0502063890884
49.7926008271779,69.1162553678319,64.9996395838173,84.8928446870022,72.6946271095071,51.951225585277,82.9522763832848,54.030508181094
52.5838579525629,68.3314569658396,67.8081464424573,83.7500338063465,78.8206379404712,50.0625524160084,90.7805346483401,59.686400382842
48.88662163222,68.5214080939086,61.3174457664444,85.136876935304,69.7163372974288,46.3758550623297,80.7529393974757,50.5974626641424
50.9309987539713,64.1713527235949,55.1910497979595,82.4692265855561,75.3797738720867,45.3705895663014,89.3833037814605,48.1219072635271
50.1795684670553,69.4522607437196,60.4317792779459,85.8620682387431,66.8108695248023,48.8134551845693,74.1269419585154,50.1352557111412
51.2770368728166,69.0408953227487,66.8399820889944,83.7628947233684,72.8132313461278,49.1327321112581,82.7369242174061,56.6893875235602
49.4836068080385,64.8820286161413,57.0021897895551,81.7414880736181,72.4095173500396,45.7687787172032,81.6733262656571,50.4745125579803
51.417051372469,69.1616703126504,67.081453885949,84.0310268106132,75.2070291755217,52.1598876801684,83.0288715116676,57.7771107475591
51.1461352143367,71.1210895016048,73.5816986673042,84.3595073982222,73.7895936003247,53.5705981374221,83.5055287113959,62.8070917674446
49.6797723687414,66.2659483726657,59.2033315226018,83.1143170129608,73.5291642072175,48.8705237966627,83.0769762464898,51.0865004891655
51.6157719574082,68.0031132017259,63.0047331197702,84.2054454918212,76.8005061468244,47.277132137353,84.5622539551111,53.0793676190134
52.0154489817599,69.9447179168877,63.4146794982598,87.2662067552813,76.972064703977,47.1913870694651,87.1167284759689,54.5310384873085
50.0387417505177,70.7522380850104,64.4203572055142,87.209477654733,72.2313273224665,49.4804161966532,83.2145268321626,54.7759244582731
53.5258792514714,69.2372210713805,61.8776522696033,86.2014253832485,71.6001339191733,47.1484222547655,81.7993316376045,54.6714821838208
46.1801516283711,64.8190670160307,55.0393949408502,80.9097565058966,64.990799308181,44.1326691417579,72.0178243173765,48.9490191629293
49.9202190110447,65.7305048965449,64.7524961127509,80.2806194507652,73.8708416965,49.5615574856674,84.60993288072,56.9646964929503
48.4856866445761,66.5300832118066,62.523486025033,81.0661237482224,68.6156962752408,46.3159908320993,75.8715313634325,56.413947470197
49.9554724014925,67.6581735628548,61.5446720979416,83.5734302200938,70.6499912391437,47.0274316595421,79.7959976867074,52.8846809610564
52.9621923859009,68.6217394152039,64.1507112730682,86.0535200360136,80.7197090804352,48.863086102458,93.4732572204645,55.2487466476935
51.8578994706771,67.0275149190041,60.1798947912649,85.2162916483988,79.239752100609,47.6725353353356,90.6891703357567,50.8992282370793
46.254255512604,68.1461250414268,64.7900751164423,81.6034279307348,64.5980487369607,48.5175051725071,72.3211542418833,56.0863420657606
45.326395071594,67.3933497295144,65.3145449339818,80.5512332619285,64.7809799176313,50.56937402428,73.9512285492607,56.34318777304
47.3208221293408,68.0859985193266,59.8239656619399,84.2869568108968,68.5040751660413,46.705516509183,75.8539227121985,50.6098231715077
50.5115415676327,69.7835509967473,66.8384089030141,84.9597017776784,73.3751524567872,48.9482089833062,81.865036963402,55.4066004569958
50.3712422897681,69.3640930873904,62.7056651298545,85.2716256757204,70.0284327129919,49.0173698159592,78.9095170112973,53.299609696617
45.226374005422,66.7516259802564,61.2297986608399,80.738327125327,63.218041004036,49.6916500554647,68.3800244394516,52.2347979209354
54.1297416786233,67.7619617070436,63.2025044029562,85.0855621566771,80.8793992428857,48.6138160689097,92.4877102852877,54.5096469135621
49.8018944749357,68.6246836665486,59.4868011253964,86.2487276682237,71.2384284225441,46.3594430465315,81.4725197929812,50.4600925121523
48.9754700928521,65.9559962972509,62.0019024612331,81.0231042060535,70.8135522822152,46.0742524193323,81.5772202803956,55.1083787053645
51.5915566691084,67.9884113295449,60.2981202862256,85.2658929093301,74.3489839347922,45.1611697874588,81.9672492612858,51.3726225308995
50.2314080487942,66.4371360318855,62.7495371119,82.4896494753763,76.7699225497164,48.875988045417,85.7410785024318,54.4965159044986
50.9946790199245,67.6511300194185,58.605840935914,84.8129835576648,70.7643597276133,45.4324171779139,79.7225424691133,51.3946289900507
48.4158577249967,65.9768531918565,59.6050036523812,81.4496823597353,67.3663523103666,47.6141226081793,75.9390683984066,51.2564926673653
51.6149073318149,71.3791652828643,64.0426123809564,87.955405052014,70.3912323057588,50.1317744749828,79.8724001730483,53.4851221679339
47.418359348288,69.8979168939729,65.1349297145659,84.2674694677974,66.532406031497,49.0888065567881,73.8025790304669,55.7086179807018
50.8731645718207,67.7979304712768,63.0558854087875,83.3353498510117,71.1519966771722,48.0229305227562,81.5353341789829,53.9108490247001
47.9850541680197,68.2318432313278,65.6842503261612,82.7448318346153,69.8098554609481,48.4557957366784,79.0665628893662,55.7384503610017
51.9122024408158,69.967478719007,65.2716909893634,86.8317641500874,77.3247520203028,48.9326505318566,88.365083619007,56.3533153709475
53.0934177802013,69.6935104708279,64.341772415272,87.1741098715953,80.6656963893067,51.0479252644676,90.6521605625241,54.6319120682477
51.0388900206725,68.4112005321486,64.1196318581367,84.6296276580884,75.244780945329,50.2639730108927,84.8977718397664,55.5304750852794
46.9394612508125,68.1912621184262,63.3991841208861,82.5659599540531,65.3455117403586,49.866393620407,72.6695567957881,55.2721158777616
50.7142758936905,69.2318187275868,64.0875390201925,85.6247715522487,74.5336280721144,48.3091550898316,84.379266040754,54.9833949339616
50.9507575400197,67.4569470446468,58.9844081614919,84.783316460228,73.3606079176935,44.9392045346002,82.2889738161261,49.069034219897
51.0054992197032,68.0407040077876,63.2223502919308,83.5345599277931,71.668228731502,47.5720415093904,80.4036594433053,52.7444455365587
49.0609667204764,67.2034578376606,57.7111858542076,84.1085300524444,66.4252098993623,45.5396042852453,77.1086442856503,49.7735419486212
50.9799949008489,70.5052177273936,63.5859963503801,86.604762828539,68.2194620665873,49.3660563902313,80.2001796997154,54.0737756218826
48.2486647553527,70.513592542054,65.9774357611069,85.5781441094853,68.7041036661827,49.9669483512756,77.0957653363174,56.0646529644494
46.3752462276477,64.4033337485999,58.6561118563721,79.3008759781792,64.5779067189452,46.6585011625467,75.807687020788,52.1893558955504
48.2879532332914,68.6793670285638,65.9056823977068,82.5021761950982,67.6755301475908,50.049858757929,74.2674026990921,56.0564672937706
50.3333632376931,69.0952808543336,62.124319080289,85.115468440558,68.7316535121567,48.9974469968697,77.6866409912963,53.151890238768
47.5982597554977,68.7734918952308,67.1742694612256,82.4321950515667,69.7666842726875,51.7162653691229,77.932701206019,58.4072960822724
49.5156298557413,68.056545243494,63.3525139223819,83.558752217696,70.156447319983,49.00945967575,80.216716222383,55.0891054016511
49.4139891604126,65.1390491315799,51.9194943700586,83.4536913509665,69.219857007143,44.2095507858056,77.87513514152,44.8335457166892
51.9528179085363,69.3416276501726,66.1995465137635,84.7691097282493,74.777383692289,49.2289434202172,85.30066851878,57.2959001175135
51.1502470404689,70.0103464242533,72.1757104076106,83.7099576525517,77.6367416818896,52.4056256964955,87.0166589359474,61.9067577636613
48.1600437632571,66.5588573709112,60.8245945359155,82.0508815943404,69.3383273442119,47.5976755706801,77.6869107380459,50.5014949792259
49.8552279704872,69.0207658789759,65.331185517005,84.3208569230098,73.2661418344544,48.7603825445986,81.9589771178683,56.5809839994731
51.6728814570794,68.608857253885,64.4772907208933,85.4049437280401,79.4689263226784,48.8433413220537,88.9670313025222,53.3741234583037
47.4873626357069,70.2938784111713,61.8025609403053,85.696818616863,60.2984186667524,49.8090941495783,72.0073077347648,50.9171392744937
47.7448240355857,67.7816225606745,68.4532936512447,81.1008466078196,73.608672895824,49.7520009695247,80.339502046106,61.0569360408729
50.9100929372876,65.8277676248176,62.3328347462334,81.5685534431103,76.0233594278901,45.190183052556,85.8169578149975,55.3869843832793
50.8728191862206,63.9458753537953,63.2729475132142,78.0155655989043,71.696507447245,46.9814977100978,84.7021559154407,55.384638125021
47.495750828201,67.8728577562351,62.0158442047016,82.9337514493429,67.5957097575545,45.9850736595542,74.1412618686799,52.875106016891
50.7510701396395,68.9367671411481,70.518388946012,82.1443327588816,73.0810583869517,50.8493092220159,82.1950460331296,61.4342645550053
45.034382695374,66.7930339946434,62.1320935723844,80.2714186245796,60.7273925278139,47.5383769322544,69.98843074751,54.4349778174798
51.7604710959157,65.1863836250496,55.005903230714,84.0427886216878,78.3158329242564,46.2400795784525,87.9748230380156,49.2314862397797
50.8952078166294,69.1183366075454,60.6264940568173,86.4259001091437,71.0856889100159,47.3950170675535,81.561620927571,52.544535464404
50.6037022072301,65.3149670396517,58.2207438730622,82.2680675526273,74.392118625254,45.3519498093357,83.5064498555803,51.4066488042759
48.3647119200906,71.7438142091917,61.8725657335844,88.3078389318389,65.5563192596253,48.0730261940708,74.272847307045,48.813573705381
47.8857406103973,72.547121957856,67.1049476647708,86.9067952365379,63.1345627599085,50.8071827113154,71.7888871432519,55.788305421183
47.7905241371235,67.172256359051,65.4808630942366,80.9264438133007,68.7344116754395,50.7871730933746,78.6386970517851,57.7225085906367
50.7732231745744,69.9945881071389,66.4739774199499,85.290364519063,72.2922330828881,50.8020396865161,80.0275384808365,55.2117499843064
46.679577194631,66.4464757336897,59.9892329447623,82.4446226193024,71.4017103386194,47.0157225277266,78.6460373438373,53.9079150249098
49.4753597679908,65.5429234127428,61.7789609656841,80.1859792971456,70.2044019761967,47.9045668573841,78.9360143881229,55.0245335045293
47.6925758131033,69.1687531781656,63.4486521095782,83.3967458873381,62.928754823343,48.9246473209784,72.2589819138973,54.2257987438968
54.8201674809391,70.8469883482957,60.0013259734562,90.0480418452293,77.122472005531,48.4206929986684,85.8133803913559,49.8434793989444
50.9592634990441,67.9048244616976,63.4965298034784,84.289337532825,78.1333040653768,46.959042981984,85.1819580502685,54.7157796565049
52.3276424530979,68.6962103132046,59.3763745673096,87.7116158413422,78.8579820424476,45.0953730638493,90.0699356503847,51.1438977642479
52.6835598505538,67.1580497305442,61.8814962571706,83.9199919396973,75.8076162449378,44.6012893862865,85.7520498451209,53.0760734115831
49.646922052189,69.1698166115342,63.0956735288134,85.2060769287607,71.0441213977231,48.2041118334871,80.4779314914033,54.714558742548
49.6444579605901,69.3135770220206,69.6518152298022,83.3033300243082,73.7281877161532,50.6680473122935,82.5112615203095,59.7535498012229
50.9831207927025,69.7808217837612,62.0912073109861,86.3823959866708,70.9150099480636,47.7264351673795,81.3431336950751,53.260652745151
51.2532788031937,69.8982732984361,63.9522747153934,86.0062767145668,72.7941049317823,49.0087994529834,83.5000481809888,55.2730087828866
51.6060914183484,70.6730218617633,64.3225192520293,87.277436534727,72.7753620293798,49.7415880982578,82.8384958316519,54.2297504038655
53.5625918071812,71.5308861979859,72.1286490977,86.735065527336,81.3576016775323,51.9210112919456,90.7463062338494,61.0902295420259
47.384385582847,67.5736005282684,59.0782981588965,83.5319412655674,65.529422459816,46.4767488161371,73.3441934145892,51.4530107467197
51.9469374011381,64.1703375645915,58.0679352957884,81.3153230393723,76.8696344727535,44.0427758793968,86.7566714673796,51.2074448120494
47.9649350675712,68.7124937636066,63.824974663258,83.5890263207048,67.3888026739706,50.4491055882372,78.0163935797196,55.646511964494
47.8826672417874,67.5153978367995,59.3920727857295,82.8518787309428,62.9984342378273,46.094635876679,73.1871241327173,51.0684816541713
49.9355226288462,65.0503019271784,59.4241228720716,80.8269444790176,71.7480077425256,46.9615085061372,82.2687714950319,52.3431654313982
50.7857401700256,67.443658194252,60.9272433165864,84.5599136444229,76.6391625924935,48.6912565438454,85.7010899339531,51.2924532115098
53.9388516226232,63.649607713197,55.7931296061656,82.5470314515171,83.2804724595744,44.9145235634731,94.0702913584362,49.4704822810116
48.3041439739503,68.9082807990479,63.328478218931,83.7292485778858,65.2289661178364,50.3834845060825,74.6381635033396,53.6146890004677
47.493024321248,66.7265284054,59.7269428131532,82.0854461187486,65.2095340448322,46.2101748372782,75.8010044081751,51.5182824246523
52.940597782595,65.9451592741399,58.135885522074,84.2053742758151,79.7807000994399,46.4178250194699,89.7052955531314,50.0161050822228
50.5850114287156,64.9687524361356,63.5720987355023,80.0468182485798,76.6097529168708,47.3833257204686,89.163390820943,57.0084070242875
49.7738155326062,70.6014531375869,68.4844605869293,84.5547030389042,70.519379242104,51.3863995712751,75.2197165407914,59.5010897065162
48.9718553133518,68.4806980428942,64.399915725215,83.1590449663044,67.7701918196914,47.725924139623,76.7881720349058,54.6277251599585
49.9690154274133,69.135930634713,68.1191299663087,83.4968991751292,72.3507694838378,49.9568430245284,80.7322906870466,59.240226544196
52.2653691435785,71.0644491810217,66.0091733121374,87.7097897171715,76.0249127463521,49.9092622502148,86.1577864032359,55.7107519468508
49.180938571486,66.5789116227731,60.8127412397456,81.7510830466617,67.2465800773907,47.3592918056381,77.5281996688348,51.2375634342796
51.1431414634881,69.3015979442984,65.9166577366614,84.3363987584119,70.7535912725944,50.5853541923353,81.3952135669257,55.3991449047679
47.6708694867802,69.0706150549498,66.3361012227969,82.6186559636643,65.0865261349257,47.6635264883483,76.8159485237647,56.4536987678634
50.4188544126748,68.6401774631708,62.3829048190927,84.9927014710697,72.3335349733159,48.7264101863572,81.792952771695,53.2137712772361
50.4041357807802,69.3166315872891,63.0311169420347,85.1043743058602,68.2651125230797,47.7469918944719,76.50373273822,51.86414765002
51.4464966480944,69.9453094132775,66.973314343815,85.6058377710582,75.5188490925254,51.0332735170097,86.4498209264044,58.6971411038457
48.4992784781227,69.9515863623487,62.4026103026394,84.9278173107139,61.737639871603,49.0269807260316,69.4781033579019,51.6839426866154
50.1789270706547,66.8418327401327,63.8852269460233,81.5589936405547,71.6800869446546,49.1231984985563,81.3583319711141,54.692620485825
52.0172049637305,72.7848087068586,69.512245381081,88.685982895046,76.056223741347,51.0183903577482,84.6061377689342,58.3148934342996
48.7438092438961,67.165547070287,60.4684174977326,83.2226630909053,70.7930413118409,47.3981602763556,78.3353898600559,51.0712166588761
47.75714643195,67.2922080322297,59.8850929329947,83.511034809256,68.0656336861287,47.6513369286337,79.3968989124623,52.6805091963817
46.256887742276,66.7478198527734,63.5220378696883,80.1515838832002,64.5612691789001,48.9879647168099,71.7627712548674,55.2819276639684
43.4574331890181,64.0426017162033,58.678812286721,78.1257800024134,64.2960186250644,45.8647203910816,70.1335885482681,52.5657367577928
48.9018978182729,67.483548974653,63.1416832009286,83.0544655547629,71.9092878743291,49.0950111887322,81.5829887545532,53.0367850134607
47.2660264713336,68.7781557723584,60.2032722884546,86.0967684528731,70.9994550737857,49.6341860255792,84.1467763551377,51.7678701137372
50.5558971373154,66.824605078279,58.2452839078911,84.3487477194579,74.6098410695725,46.1137212235635,84.3284854146752,50.1158928483299
52.1143789360248,69.1527659981738,62.2593251317444,86.0596992244423,71.8658796179882,48.7213964584809,83.1996332930595,50.1766696172468
49.1281484088097,64.7227697934041,59.8593368745013,80.16176143067,70.0958909996243,45.8627280820476,79.2169830857324,50.905335000812
44.2319268736945,66.8018748516532,63.7504598334362,78.8024609289279,55.633232477736,47.265615512257,62.7694437825901,55.3596098467303
48.2223641396122,69.7167677660788,64.4107647681886,84.3538591738797,64.5208926249746,48.6832879536558,72.0182677334124,53.7357741697578
47.2718777287759,69.4947650926926,67.1244604328799,83.0694055717372,65.8579400313195,50.5781333728332,73.8633835481628,56.7614884740649
49.0666608821505,69.0148012329972,67.3921237581846,83.4063817802712,71.7994823152478,49.1540987794396,78.8392199815865,57.0072135157073
52.9146365729615,68.3229156380448,61.2397163040043,86.6240407518818,79.7948095649631,47.0056711884971,92.1664917591483,51.7415223478906
47.1976383623039,69.8349828269404,65.3418718013854,84.5986682115464,67.0141051417046,49.6275995968723,76.9276086087875,54.1268248596727
52.8413728757195,67.0965240150115,59.5803248065073,85.0407968599218,77.2356020164704,46.7306341710454,88.6519517855151,48.5081997292072
52.0446810516684,71.4719220034327,68.0281908845097,87.7677957869599,75.8438444159533,49.7014542534841,86.1667386275729,57.2947459979577
50.4090783847802,68.4517035213472,60.8541574819527,85.5135562749816,72.4255977558775,47.8886238672026,83.7364154984343,52.2359594370008
46.9592146138166,72.0952365744471,70.8154596543419,85.5560937146339,66.3089440744922,51.8066488128748,75.3421881168922,60.0163373341821
49.7031967749002,68.9339942294511,64.9423188708493,84.1036154542964,71.0751841170695,51.1267638967628,81.1277065528313,55.6238980372124
48.3202358571478,65.1467399814349,58.909887212829,81.3286994561891,72.0623125510574,47.4454887455583,81.9555090963465,49.8409628269273
45.1883372280824,63.234654869568,55.6606390062278,78.6986451204722,65.5035612881636,44.0218986668513,74.2268370007769,49.7665552319802
45.8487103253351,64.3552394486175,65.4760651899987,76.3740363607844,64.8776749118757,49.7972242780881,74.5183305435645,58.6029780882677
50.9059799181874,68.4130911818171,65.1942546164452,83.153744687645,72.1076504167614,49.0520213017478,79.8450794848622,57.8532988584071
48.6955893682581,67.4784733567431,61.4667169887072,83.2763835351318,70.3518383076474,47.2903400320398,78.9125161225027,53.2884709171285
48.7033302400108,66.2554054796277,59.4971226996423,82.4992251906197,70.4995843443955,46.792833076415,79.4599778133383,53.6042511838306
47.5417672803189,68.2487352003098,67.7883264832733,81.8238713368663,70.4043236802021,50.4493169193484,79.2664553460066,59.5392037368629
49.206904019147,69.9971469780136,62.3667756504634,86.1557025405057,69.1396500489029,48.0768920718941,77.8329705657203,51.8654918049463
44.550370799302,67.3714863185082,66.9836268716736,79.634778860308,62.9310201675508,49.5646787874561,72.2418369904339,58.4511542407048
46.4958979515407,70.0329446281107,66.4735909165725,83.3461108528074,61.1339632984705,50.874118594841,72.0876290167789,55.6558668397122
51.7818804644219,69.4808361470734,64.619117657477,86.2920321923828,76.9784151754085,48.9360021660439,88.6899725482732,55.2654071288808
48.9752505225083,67.3506099766935,61.765406824812,83.5459157170859,72.3786700799702,47.0134243061656,82.8088133187453,53.3951008670132
48.8043535423055,69.3933405538653,70.1249807109825,82.8465663375965,71.7349443755515,51.5377268660958,81.0898594294329,60.2970057128235
48.9477532917356,67.4112287094722,58.7712952149583,84.749247937302,71.6207822536506,47.1747022500236,81.6441871013925,50.7125165448666
46.3724326303236,69.020575859029,68.756462402049,81.1453349583652,64.7580696960989,50.3274015552168,72.0242340281902,59.0274979194134
47.7438385186193,69.6649299203793,64.628387060277,84.1945187905492,64.0892551938083,49.2480388800153,73.3106335598331,53.0411148666019
54.404258051094,66.6332275463497,60.9345745625209,83.995923537392,79.1324442295276,47.1058522683971,88.8137625595695,54.0862705187159
46.7767026683107,65.5063574088189,63.954943634267,79.2043293914285,69.9896391774445,48.4802942970012,77.3637112633727,54.1839676801822
48.7692590194336,65.7476966104314,57.9406208522201,82.050421863344,69.5035815032896,45.0639964778287,78.189322919889,50.9445995407462
50.8554928928605,69.2403184910885,65.1971873047979,84.7771809445228,72.8437327953984,48.7914769717172,82.3286345557335,54.0859232535751
49.3041877613247,65.5932765964353,64.8089228935018,79.9306759768519,74.8331100085324,50.3831912375073,86.3688033772933,56.4306762491594
47.3664043667012,69.0251468451058,66.4176379515914,83.0075656945964,67.5971748485537,48.5517795994049,76.791357486035,57.0386055266686
46.6509284805843,68.4661582244102,63.7827238092396,82.7796473870553,65.3804869452575,49.322038667307,73.6111842428003,53.6671086669575
46.1433424752386,66.121472114525,61.8188829790759,79.7412323108093,62.9189437395079,47.3656591304846,73.2437467747041,55.4390212890056
50.6977026219779,70.6642034565836,64.0524412991224,87.288826853336,71.4146300047881,48.7036856114172,81.308591384539,54.3633640647032
49.8931428949701,67.7718351895047,63.6573716998883,83.0185111768813,71.8518629790403,49.4189632996475,78.8899511853344,54.2108417221748
50.0759804732004,69.2895729545812,61.2067865984313,86.0327396191,68.8809481901857,46.6998234769918,79.1760787394608,51.4318875672737
49.9434895513889,68.2251792380266,60.8297761397127,85.0095350199063,70.7223337726384,47.1906959329297,79.8867051977468,51.6221992846253
44.1690196096733,67.0207883061224,60.6860503199491,82.1797489050813,66.9070802111206,46.905688712045,74.7991195553991,53.0017519224124
51.8075017034691,68.9449489986677,69.0628502001471,83.2849031336209,77.3796147492958,49.8869579970768,85.5932574731742,58.4884978442115
47.1616749687161,65.4311323539886,58.781000726184,80.5967161487068,65.8775588003824,47.7785040737275,74.9787661966238,50.0629789766667
47.9284910166814,65.796589933698,60.4663476329241,81.7206156354662,71.6428187043735,47.1659116197011,81.7157210932864,51.536777744876
52.5956097106049,70.5930885459836,63.2018653471515,88.7738281640582,78.0790385346402,49.4014832537923,89.1085513897923,52.1901818843086
52.4611542532919,69.6416802680786,67.0187965724055,84.8648076921419,73.2317248508895,49.3666633412182,82.5703621004686,58.9833376713541
50.3646942495407,67.7516551165244,63.8031475299934,83.6178426021353,75.1718868650686,49.0979364015315,84.3418971127545,55.492074735833
48.8818570688824,66.8951030384372,59.3733494287069,84.0906433309126,74.0986298793799,47.3311620081608,83.8506106289895,52.6502007480311
49.4771469068562,65.8393485141845,65.3688749389886,79.0132043500289,68.9741205558273,48.3555670480889,76.6021043333672,58.6929816990827
54.4828803911848,66.7562551834936,60.4476880302936,85.2063811126046,83.0902713826866,47.379514661987,94.6057343047268,52.2188087812563
45.0714552420675,67.573736452176,61.7836044453075,81.6720092980457,61.389492789432,48.5848563756305,69.1842713803147,51.7716259600359
51.9575567870272,71.0405015990082,69.5379259593219,86.3292544931478,76.5195827692612,50.4933264217526,86.8834198113004,58.1260036812649
49.3969909716097,68.336746187489,63.8395264860828,84.9090078977011,77.6870896944622,48.8122789500379,88.0304600199861,54.49968083679
50.779808739514,68.9644635223627,58.8040858915506,86.9870508981551,72.9378654781379,47.2964088612963,80.9113413774175,49.8435731297162
49.2583695544708,70.1110757442117,65.6018663016415,85.2164306157143,69.0272348248265,48.7082420117728,77.7155902027243,57.1548426776879
52.9278710585767,67.889554602353,60.550534664075,85.8076879093431,80.2705616365019,47.5955714374916,89.3128287146675,51.676740089578
53.8917653291493,65.7517438780537,58.1921047956918,83.7971899522784,79.1022462287222,46.6041626944605,89.4621324342037,50.5915431317892
45.1290952810161,68.0051934580689,60.7469259569542,83.2314798148675,63.2009813414027,45.6726460694973,72.6347716383744,52.4792081284807
47.0222849292136,68.6352434494096,61.5056081543766,84.0276688741871,64.203768200964,48.2875113486213,74.2326770443311,54.3606927635001
49.7767969552193,69.915293061864,60.4367554299207,87.9661086153848,76.8093739327862,47.189468584154,85.1016813608142,50.6816097284218
54.0199496896327,71.8609302885383,67.2108262730293,89.0954410065074,79.1788761511032,48.9307831338345,90.938581480874,57.5262667711383
53.5189804656013,69.4620950154003,61.1174024550119,87.9027122978142,78.1441113279445,48.5203814844618,89.1636797195717,52.5635359785239
47.9947142455663,69.3189706501802,59.0308578475258,86.4951728933982,68.9551431622921,48.2490891028789,75.7664675266317,48.9987777318322
49.8820188690736,67.5659410529879,59.5330806215907,84.6140755034693,73.5035364921882,46.5722706370395,83.5603494109655,49.0493931155784
50.5770281969997,67.5582809076698,62.1433141114453,83.6262767210775,72.8193598704045,46.4640150091148,82.1384947539243,52.1270401247007
50.3953080254793,69.9814435805718,69.8155095731652,84.1320994897974,73.7624592856214,51.4867572273364,82.4488907609825,59.7879321877808
51.2682113914014,67.3389877145551,61.4986506449042,84.2697451734614,74.2563616945821,46.6267407968013,85.014959768043,53.70042161694
52.3375301776554,65.8568977886427,64.1237216001113,82.9971724405925,86.2910941802115,46.9982684009553,96.6463839987588,57.1703671050967
48.7323395114244,65.6942717325798,62.0716945516691,80.7517267151188,70.7662633820927,47.4083234823265,80.0893986165998,55.038206035034
49.9076669101491,71.7868248919067,67.9197560383879,87.328900057655,72.6719848450517,49.2215811176558,82.7476123319961,57.9420209263529
50.2561013023712,66.2210990951256,64.9606528100963,81.1935888443154,76.5317394525744,48.5108502873557,86.6961050377373,58.0527760806366
51.3224225454033,71.9780525022347,68.353022344421,87.5802370022983,74.8856112546145,49.9271016728657,82.3642296153844,58.7411099802543
47.6077649822184,67.0170962913596,61.0064486826522,81.8288187848161,64.6431790586241,46.771584089409,74.9023937407301,52.7964339039953
52.8618735744008,67.0427137271205,59.2548134636316,85.3839912772861,79.5479516698006,46.9415704552305,90.2559918849936,52.5670410336744
52.87604886749,66.6077453240725,63.3823422781054,83.230450706823,81.8398778403515,47.6143599874077,92.5427032811338,53.4476397435434
49.4989685038143,66.7941169082602,62.658449196267,82.6044929047037,74.6118664045993,48.3246135537924,83.4497100680807,54.4441292848301
49.5162726610065,67.7558386670914,63.4342188344938,83.385278901168,73.1780108151483,48.4046568552388,82.8450813578611,53.2050092483316
50.5603900216641,68.4828106618984,59.9206510740952,85.681179628238,72.8142876413167,46.0405528429887,80.8812313158805,52.9866497473206
49.5980651263984,74.2191407951127,67.1136258068208,89.5189179535136,63.9863130177763,49.102304488679,73.1869601248347,54.271062335831
48.6440025158446,71.029404405441,66.7133016268304,86.3622140714349,70.2311886489775,50.0296698535475,80.2525707857269,54.3296336221012
47.9390853876098,67.1699255245728,60.0098777665513,82.5031151386835,66.1906066799044,46.855777490083,73.7550421337813,52.2229160891351
51.0106020411247,68.8511828357305,62.0891062014558,85.8487141505206,72.7742339747836,47.2835947500322,84.7547105000978,51.817462711094
51.3668529287313,66.1065387726287,54.9891206604991,83.8496022028922,68.6109130898447,45.8631378105495,78.6441316505591,47.4892051918415
49.849419392208,69.5282436159974,67.9909072451504,84.307110835943,74.5709785986321,49.8007244090945,83.1314526958092,58.9280118589788
48.1753960468495,71.9304129121441,67.1194697840246,86.0862817484689,63.3040606676281,50.6294988210097,72.3647542170132,54.6552518235271
49.7175551003942,65.3887418632109,62.6833019889877,80.9911163980696,76.5694987247239,47.9917508379689,87.696640169641,55.9822402659555
54.466338165916,70.2517589369006,68.4617957133798,86.1745280753456,79.8352991093691,50.1721731991799,88.7134632290889,58.7400260988181
49.1289078088769,65.8442062890964,64.6953069137864,79.7174614503788,70.7995158227848,49.7301082445109,78.5588638677193,57.8669714377178
51.3391386033127,68.0475229388025,67.2220057222256,83.1211402326474,76.3479550907645,49.0641767397587,88.3910730809525,58.6901774440124
51.48921750825,64.2563737474628,60.513286628354,80.3631614550025,75.8704276366224,47.3980459068509,87.4320418750739,54.3354072300409
51.2733227482024,66.4287660818105,62.4247581117763,82.3907610352025,74.6078188386536,48.4047043912007,84.3171763643224,55.5283861869091
48.1814626201781,70.1008332299003,66.6091367324171,84.400891952486,66.6651536994173,51.0735627773183,75.8046062740191,56.8243310353988
51.3101397597615,69.6697737795262,61.2120639385709,87.3219105892802,75.1076488882588,48.1377615727414,84.0459476680098,52.7749772314975
49.3489957408431,69.5529738990321,65.6919149785293,85.0288403588294,72.7300872794535,50.5624592406883,80.5268120502209,56.1468435368772
50.0674803966326,67.1682609595078,60.0853830713352,82.9888004957857,66.7544790628802,48.3006431711261,78.8540320763728,50.9457523648549
52.8540053183477,69.1375639325619,60.5214564488997,87.9532020444616,79.4744415286163,49.5752955781197,92.1169618690977,51.4741257537861
52.1991776557073,66.5169950933814,60.6069935858395,84.1714399533761,79.3584432246711,47.0166433830973,91.0314143274449,52.5561912662918
49.9843047656891,68.3031288376398,60.8381845306474,84.9580637547811,70.9983480272816,49.3794659112027,80.0958715423706,50.5402747848934
48.402828330046,68.5239432109353,60.6611399143347,84.8403993562484,68.509085089666,46.2686919198391,77.3082267723796,52.9387379674445
45.2236079314697,69.2333049535564,60.3774289222748,84.2231080033423,58.678990340936,45.9301292432808,68.9291405346753,51.5020363800124
57.8093446518369,71.7607836063306,67.8600815625481,90.4631356994589,89.0928098547818,50.7498498756436,100.399594890727,57.860341236304
50.9861762183179,70.002133067773,67.0705219972171,85.5578451254767,74.7306355762689,50.8499069829685,84.8689552930277,56.1909731093926
49.9381072121164,63.8408968815668,55.6738062507638,81.3412868329746,73.5969372596804,44.711969644153,83.7400767257381,48.8126064027068
46.953353711001,62.6993974894261,57.4026597157016,77.0781193166434,65.743057049933,45.8273270243737,73.802401108035,50.9196065198893
42.7698474221566,68.3453896847665,64.8816954367445,80.6907456222263,57.9304148722839,50.5496985373384,65.1924662263355,54.6140220544616
49.5809482067122,69.5432700037437,64.2090033240614,85.5946975735924,72.3687108567112,49.8387930861367,81.0315820467513,53.6606556016431
52.310643085976,67.5125553106084,59.2296370422463,85.5676297066573,77.5611097278793,46.9875382487052,85.8531006017331,51.3673968201322
52.8036516126309,68.4065045152615,61.8554203879473,85.2240834150964,75.6684004016869,49.8724592215479,84.182806870757,54.3383012510875
52.2360929325002,69.6187575531534,62.8522226243368,86.744901574659,74.7529206024795,49.3684060859306,86.6776656363923,53.3459703724071
51.4880563470622,73.4001886831421,70.3254786724711,87.980877566104,70.1145886315416,52.515361156289,78.479979491103,58.7940722263242
51.3090891433957,68.8353077222579,57.4488097731199,87.8733622509779,77.7951854397283,47.3320520450694,85.6855199685984,48.3805936749834
46.5518597366173,67.2097414466294,61.5908411245829,82.7699130324555,69.7553837274357,46.5057545528336,77.8212238870014,53.2154177014205
48.7353894097691,66.3034696111317,58.6292618120309,82.9185021484253,71.827656460682,47.8036670764306,80.983176771759,50.1221083404695
50.1727269115712,67.1650486947509,59.8717035123044,83.724022514216,72.3313933372129,47.8497126407495,81.3488378346724,53.2668503445116
44.7300958333899,68.1431923593818,68.3634514775771,80.3023767539911,64.4779894800457,51.6586921940652,72.8683236546258,61.5065764202375
48.2678945085631,68.290723692438,62.5575651415945,83.5116237378979,68.817736965765,48.2393239108994,77.6714855977861,54.6999591147346
48.8358913928842,65.2508584973965,61.618305887058,80.7963183928229,76.151773655077,48.1686597442897,84.5726156605589,51.8497116783561
49.6113418908577,66.7524295546925,60.1957658896663,82.6186190669862,70.230331898664,46.6294255445503,77.9543569548637,52.2957621083462
48.5644591552636,69.2077586841337,66.0343679489858,83.4614003385682,67.2574766937026,51.971596790255,75.085804037519,56.3821476404769
48.8222429244479,71.9800686084536,66.2876842843052,87.3470132225111,67.1773844610212,49.4423182398319,75.1965764096864,57.1380362195548
48.2154868949382,68.9774750325756,64.4106606169817,83.6318836041691,67.3353322484818,49.89748282562,76.9942834990505,53.6833870358637
51.8151572356519,70.2701840586887,67.5522177015135,85.6856071774367,75.4034496549609,50.9471921588713,83.6432102886695,57.9550943458794
52.2978833330576,64.9051172700179,61.5548839454804,81.0598065717823,78.9375166462673,47.8210962052825,88.4607534181593,53.6253869888443
50.8130191990712,69.372320223269,61.4119490569704,85.8129533656031,68.5698321137588,48.8003309950402,77.0986642761586,51.0403019814066
50.5415099751016,66.8270453155965,64.7935670614084,81.722531593533,73.6075950604107,49.4671276964467,83.0181441482094,55.3514532232102
49.3352102576973,69.9063070320946,65.1163390262973,84.1396784232535,65.6524056363033,50.1962830622582,72.1708744936354,56.1029392265603
48.4841098678941,67.4046617882657,59.0803041877646,84.0931758115838,68.6626553443741,47.8453583277379,80.3561751295359,50.8370346468242
49.5647065861365,68.0574671613905,66.7810600417069,82.2485857843015,72.169390551331,48.7839851202543,82.1824057308677,59.9489976268839
49.0752445923959,65.7813056280207,62.6936323201336,80.3241490386906,70.3913667420844,46.6350522708031,77.7967441600163,57.1091433097709
49.4225772647369,69.4464637244499,64.2622193942695,84.9109788088386,69.160548774668,48.1080415961878,79.1299861241388,53.602485961962
53.9720215394372,71.0650548638855,66.2896164919889,88.3967271234957,80.5259249294135,49.8422297805365,91.6988990887688,53.9593198550951
49.9547040438692,66.792830655875,60.5766509689683,81.6369237684378,64.0867875257483,47.1145965310831,73.8368800492043,51.9956155806019
49.3570402750504,68.3401174243789,64.0611678870566,83.8257813111758,72.2978830730498,47.631055408494,80.9362166167073,55.5366800280121
49.2419371213846,66.8162230989012,62.0581967799997,82.9044214934522,74.3152798276255,47.7633036795484,85.4772820879652,51.3229277641231
51.1750010199444,65.4951002774315,60.670428454163,82.2781438651733,76.7504098424327,46.9636445939652,87.2658488263591,53.7991976000994
53.9562093337378,66.1696400020621,61.0263299207768,83.8758874463342,81.7242850351947,47.5624150766741,94.8023882520367,52.6745379066988
49.42420637187,67.0495436251026,58.9530117786449,83.9493038216413,69.7344117971265,46.335911913542,81.2889243818858,52.0007454503499
46.6369438540925,64.4251112016269,56.6322808959583,80.6461769293851,69.3181303996073,44.1803844213384,76.6575649959673,50.1198044477342
50.3088268934176,68.7698855108216,63.5974275412878,84.7324964574661,72.6208739499358,49.5433742474134,81.7956746960138,53.5407065915362
49.7787414710199,64.6180394180351,54.7879334233343,82.438783755209,72.9755455276204,43.9470093126144,80.9852361429408,49.2125603160632
50.1332482199854,73.0022720610114,64.3524935357021,89.8684817724998,67.5323835012316,49.5458999963828,79.8222292628293,54.5877059139339
51.2080322280119,65.9927777724755,61.5321835227924,83.2452041168492,81.9995779969956,47.9315967006182,90.3864936357233,54.3719248548042
50.786704723806,71.6610605061937,67.8170029650806,86.8967832615929,69.6549306497906,50.0557458755156,80.3955839026185,55.9503695809685
50.7129598406162,68.4835666373165,60.0135474280082,85.9778372415147,73.0744848688937,46.4086899451642,83.1704982559552,50.3525255126858
50.3688586418488,70.1898211987949,66.0461807161114,86.1086412308294,75.5352684546717,49.4664796064811,83.1025199742741,54.1186899835349
42.8546077669258,62.5564963612442,61.0789841186575,74.945774314531,63.6490536841242,46.7857097077804,70.3278862995853,55.0154293793149
46.7287605891204,65.5552343456201,60.5340809281922,79.3918589846032,61.3608609732697,47.3564981932828,70.2351002239418,52.6139964324461
50.7547660582056,67.6000982334028,59.4650444672489,84.7634550911513,71.7286073906997,47.4836612025038,84.0325596413606,51.3442220433012
47.9551190163032,66.5836637727495,63.3341518216142,81.6097043348992,72.8631402929791,48.2603457178644,82.5698214016325,54.8338838188485
43.6874257325166,66.8380743144864,60.8842748349911,80.4032022449958,58.6563226960947,48.2297003613454,64.5020311102441,51.8532406384955
49.8506966432813,67.5815536123708,61.5274687193379,83.6360883258346,71.493259564507,47.7470761464582,81.0540652413457,53.1120030544604
48.0681563700229,69.2929198527425,63.3731572965313,84.5968102249154,64.5693299884976,49.1906933691712,77.7242592976799,54.516050112962
52.7928190384163,68.6245985325401,66.9182958627955,83.9431302662924,75.8675887265473,48.8836937407255,86.46392925035,57.9043111480789
53.3232207541036,68.6605863036791,65.5743032801841,85.7942920501729,83.8389358360098,49.2566608963676,93.8848566581538,57.5960679027733
49.0450708465865,69.2020547277774,64.9443032499119,83.9022411587013,67.2609649965815,49.3695015008098,77.5150799298819,54.2422479707056
47.7038445159098,71.3430923687096,66.9498519623089,86.9281663347218,71.805547005638,50.4899315152504,81.8781979873633,57.059909450455
52.32578596641,67.8195766015458,61.4862175432183,85.7775365583234,79.6691525366883,48.9046739486973,90.708249468236,53.4029001630618
46.2058523185866,70.0287440016853,66.2303230048979,83.9653412725991,65.2613251361401,49.0908845235197,74.341364187062,57.1475737260979
48.3143050927833,64.301062742848,58.9795140148159,79.0329672413381,67.5307969055108,48.6833669162896,73.2812663097365,52.9062709123562
44.7182275414937,64.744477529583,65.0396978892972,77.0776505530275,66.221840893721,49.4779565438795,75.5714952811478,57.6617112000353
54.3530489608094,70.1662435799962,63.9037100772649,88.0168343792024,79.5022476732599,49.9429965383822,89.6611366582823,55.3670385300338
53.3645824540013,71.392539410392,65.0552836952949,89.5388672657055,80.6723768442327,48.1208512159007,93.139515017893,53.8299942658089
51.6384964012151,69.7552257158326,64.092674791643,86.0796107271937,71.8929936754845,46.7936717389548,81.4110539312979,54.1684842040288
48.1373716449045,67.8344326493146,58.1806709169752,84.1425711938171,64.2011204808846,46.8686959342382,75.8377906498502,48.3495828645165
49.5908844578672,63.085984185118,57.335128506622,80.7097799958776,81.2887732952294,45.434851406555,91.3322122500577,51.0318002632456
48.4172622970194,69.3533726619198,63.7313821665279,84.4181193872164,66.7547044672186,48.503283219446,76.5149732902647,52.1282509897918
49.8087638345669,67.8988015721471,61.5744008351613,84.1835208384112,73.2398261239167,46.8411590119429,81.126909296011,52.6755147892821
52.4917011445128,66.7981852013555,59.6823457264663,84.7632536696205,78.7074709717723,46.9876090784913,88.0577340375992,51.3084584593638
50.3841391026559,67.3433740153876,56.6382092757667,85.0349573325286,70.0589605159204,43.2457007191181,79.7852196287727,47.5452341981621
51.2591882837442,68.9449967876822,65.4049543605582,84.4643870332516,73.027654027708,49.6452789759141,83.1628506197503,56.0058317570246
52.0491606315673,67.1309169578536,60.0630823578651,83.9272430474516,72.3450290301443,47.5450050484085,83.3475000314845,51.7562448339206
47.6474899676213,66.7528484539975,60.2471898885912,82.0049153631122,65.3778035434172,49.5496401874235,75.0745244765373,51.2255340425771
49.6336345442338,68.8019332994847,62.057996830402,85.45117731928,73.2608005363311,49.9726161856774,81.3272775918139,52.5711290913333
43.9611195876332,64.3233238593067,56.3381921674699,79.3300970561636,60.6751997879521,47.2591025254812,70.4186807673522,49.7108641547725
53.8063782170242,67.0333196749614,59.3538448503373,84.9686562139569,79.2005153676484,45.4149941688305,87.3532981921915,51.6710722399825
49.6905419039549,67.6535129306237,56.6235850439855,86.0653245021989,73.5330385091395,46.6272350029176,80.9933366233571,46.7393249325731
49.3879030018267,69.2868491067979,69.2433266608165,82.8463540715792,71.100212731324,49.8816375054752,81.7576017742917,59.0148439627934
48.8299807396305,68.780217152723,61.0742117017236,85.2199891638343,68.0479263828415,47.0588085828072,79.2331050762783,51.7587743600649
52.542592174895,72.4867667650821,63.2235912159937,90.4970855809799,74.9687751311631,49.5650537852876,82.4146840204568,53.2893324761061
48.6761282612849,70.5079610647214,66.1741877444899,86.4424569824915,72.9098608354136,49.5540700140867,84.6927631644558,56.4516724567081
51.3687444273972,65.8323855841067,60.6831658274061,82.3292259539648,75.5618770539354,46.6638448231274,85.5990411048277,52.7063606049283
48.4675811631496,69.0386569619999,57.2096259992955,86.2901458975865,66.1357119765459,45.9857924868699,75.4149497368444,47.874782747765
52.2532773985247,67.1284911855467,57.8773128975599,86.0874937473869,80.7229991691726,46.269682224331,90.3362949246878,48.0733968400443
48.6519209883018,66.5535431267824,61.1275448882383,81.5725782854864,66.8324403204041,47.4686202909208,76.7852688631499,52.9193481671515
45.6090733810856,64.8517613187619,57.478212945594,80.306158843667,64.1549884150722,45.9549463176098,73.9920416814232,48.3401811725326
47.0747858734828,69.9333819084049,65.3594315630048,83.7396115843587,63.1114807170786,48.2108755600987,71.0122043797776,55.2118330193195
50.7998727989072,68.9937423789972,65.5218466925098,84.2868329539631,71.7190544844084,47.8130424190461,82.1971888937469,55.2788941085863
54.5023124560836,72.5356240228173,66.907653064627,89.4573241707542,74.277380297373,49.9574475550465,84.4370639268647,56.7269509066406
49.2015879243867,67.4695318324495,59.183551675917,84.6986694604047,72.4424362644961,47.375840565667,82.1211607782851,51.3344573602957
46.9279876597139,67.2299189066801,62.3826882672544,82.554969604474,70.0692004620841,46.4854695121865,80.2370833944142,52.4155553815164
46.2718424869498,67.2687853131758,57.0440314624906,83.102407898506,59.8741067957916,46.814483916915,71.0341566411941,45.5251075796127
48.145709541648,67.7157693287185,60.1770131629133,82.8492910011517,61.8537662070289,48.3845346512253,69.6723783607712,51.7415201085387
52.5087487319491,70.0602173165832,61.3645093590745,88.266991558777,74.7970702379394,47.9581794572233,85.0412775082186,51.7471630753461
51.8300170549642,70.0047547502688,63.9162824098718,86.6009417377832,74.2994173060119,49.613470091319,83.4989767181121,54.0561095921471
48.2622771107149,68.2536423786744,60.8027798014515,84.1278901023978,67.1446719100735,48.2739726406219,76.5816312926491,51.7722132032393
49.5197159574038,65.3165707833716,59.9756503949651,80.8600838289702,70.5038931121394,45.8847445651225,80.0866633242603,51.5848054052314
50.1664738973579,70.7023748797579,59.6658182735451,89.1842893848029,72.506793539022,47.4864441320647,81.9441269142562,50.3628136760548
49.5389390732192,70.6528317204906,68.6671679121817,84.7373145854697,69.1466275079441,52.811299270319,78.1488483671544,58.521139784599
52.0886451796539,66.3853080792969,60.7061272691028,84.0376197303517,81.1759915946914,47.6129708122112,91.9926361464732,52.152848154982
50.5255826038851,67.8103730542171,61.8870233567314,84.5519424695568,75.3651516035407,47.4605005841094,85.3675672449061,53.7125634064899
52.6430295456722,67.4450201520844,59.8230864162135,84.6605207749847,75.1325802056783,48.0696165758328,83.494651524286,49.8423695835628
53.2034368018154,66.6031853137554,61.3944580686715,83.5699297236034,75.7456693996246,48.4418848951873,89.66876207539,53.6415841964996
51.332100957247,70.9883067803913,63.4703854065798,87.434233964902,68.8016363740395,50.1468621532322,80.2855721317391,50.3224428027882
46.6753403263539,69.4603498948564,64.107808923334,83.7258889854233,61.8333331207581,48.3508897364188,70.6525541263235,54.3762600773855
52.1306060862209,73.5340561409029,68.5757038170277,89.0912714422277,70.0602983179416,51.4864624851463,80.4322389055892,56.5140402037076
51.215277470192,68.4537387537181,61.2955255518307,85.7025784307396,76.0180052574022,46.9899382072134,84.6863633447515,51.1803266893817
46.3868417679434,71.1392059649842,67.475257151161,84.5930062690481,62.3374943284547,51.0963872288966,71.0251927831452,55.5981152335829
50.8266000465792,65.1951070502211,57.0913759510047,82.7984627803523,74.193386350316,46.182400392248,84.972116188505,50.5515606528888
47.4105101060174,68.6921694768751,61.14912338963,84.1572499661775,64.2156023270786,47.5383454247405,73.1546929769136,51.093098960969
47.6385747514605,66.0699221568546,58.2173944879392,82.7981730689201,70.9907191085799,47.0636149434297,79.7626854188883,49.4663472792325
47.9070828592572,68.3202133598941,64.8378808184465,82.3080298298257,66.3183852214199,48.9814178141046,75.1461155548814,57.0325490281102
48.4218781390375,72.7556737817579,69.8692933989193,87.0112423383508,68.9596547641095,50.6894263476062,76.6730040815318,59.4571564214278
53.8014122134825,68.9230104760048,63.0211617269285,85.5442231697488,74.7911756634536,47.243745557855,84.1468093063957,53.2591309587124
50.503815213873,71.7781473685052,68.5202761816613,85.9355684597319,67.5686682512543,50.6983373663021,75.0526171126531,57.5106516835845
52.5219038156094,68.1913756602729,60.4552482023046,87.2712462747977,84.3292598056399,47.4114799465117,94.0035473340965,51.1627841353257
52.3749224497423,66.0344556563683,60.9791413893277,83.4507042579151,81.1083579956164,48.3820569341193,92.2346421690245,52.6124538995176
46.9568638865449,68.9712120577004,64.801945238908,83.6006225631501,68.0208342469833,48.873130781449,77.9501661340881,56.5455930334626
48.9172083931914,64.4112715589653,56.8657522423568,80.7591963923949,70.8378199337511,45.0552228496575,77.6756787717337,49.6522719902799
48.7524871194175,69.1333294365606,64.114550333531,84.6025930115522,69.3811459362028,48.8055478416557,79.371960037651,53.1308145299004
49.7355461375126,71.2085526340702,68.1080920070628,85.4595100768837,67.3019910838591,53.0816969907795,75.7948009095004,58.2281250088743
48.904644982548,70.016820649003,68.3466936204435,83.5577091372608,66.3873334046178,51.7524877945624,75.7655989069541,59.7148355044944
51.9591558060818,69.6704440032244,65.3527456405633,86.3931829827407,77.4101196961569,51.3215232005761,89.2001750268148,56.6898740027044
53.3062046039698,68.7290426572495,64.2866688695742,85.7000195091719,78.7080977988777,49.4308339686381,90.3705503872222,54.5946411286778
49.462768213388,67.1847258140503,59.6441763072451,83.5410429555134,71.7307393722874,46.7236301641019,77.648075268813,50.9930338266623
49.926991155818,67.043401532292,60.0969184335962,83.1580460146629,70.8189694154609,47.436275954604,78.7170213854003,50.488940760476
53.0738796222749,66.8458858847863,59.1020785515955,85.1944763535084,78.489401942377,45.8161772454286,91.3880008210531,50.4030059137255
49.0773049888565,70.1831266306499,63.4733755263771,86.5837818418546,72.7082150594997,48.8233074760523,81.2659433557102,53.3529820096161
51.4204593715687,68.5040707178897,65.0908798684326,84.1861011236665,75.0507728340871,50.2137558460304,83.756628682933,55.5910308627791
51.7449595253893,69.2773284662714,66.5513063310115,85.3948428584294,80.5043196404631,49.4742939439258,89.4277224602232,56.4958282730989
51.6542446682988,71.2824915745584,67.5497236232909,87.6970481295435,75.743954132812,49.369918497983,86.6731447718818,58.1487704131051
46.9197038139383,67.5551913425295,65.5096840106015,81.051956212635,66.204948011219,50.5268288796674,74.2135263552633,58.0316188382571
46.3518110209552,65.1975971040381,57.3296064205713,81.4295172751569,69.7758766493364,45.6648455624061,78.8901018815015,49.6211021229217
47.5705894639182,71.7967924826257,69.2140325897542,85.8443349301972,65.5024723260518,49.8886411991853,74.8755551406892,59.231215015331
45.9807545363026,65.8817230744618,58.8219598810347,80.9406852055133,63.1311120986945,46.4086068366494,72.6316033517899,49.780853676076
48.073434975547,68.349036756171,63.668581596356,82.1769022936428,62.5887872426018,49.7750849441204,68.6202293344559,55.3692564502848
50.8993504941986,66.124855438362,58.2266143848871,83.6199132369001,74.7881935303952,46.5318297112513,83.4614768821961,50.4982380459976
49.0791477303764,74.2102799352297,73.7650476457389,87.7933087719511,68.44974820445,55.2698213539358,76.2446942006089,62.6887399622274
55.5889659773779,69.2565107418045,60.3548682667826,88.597764426371,81.5892511369322,49.2346398058426,93.5850618207256,50.3054281406218
50.4474586990383,67.2779259289646,63.856859064913,82.9633597218668,75.2709531831099,48.3206201335631,84.9691782750032,55.3836658819021
47.7230034201868,65.7983589137285,62.4051800120774,80.4988376173597,69.909274529097,48.0684568712406,80.199772538551,55.6317113895297
48.8802737109524,66.6057590152346,59.3251374343809,82.6494415370687,67.5523753387368,47.8767961853423,78.2121877244106,53.2600921024141
51.1070988055364,66.3360116583243,61.282464431487,82.6380988179334,74.3662636436962,46.2727192281838,84.5453770586658,55.3080321042145
50.5896514040558,65.3570580306351,60.5270741929091,81.773961994458,78.1897950376916,49.0670173339935,87.1455114945481,53.6371138308164
48.2775859875485,69.1319480194576,61.7992743618222,84.7678502521118,68.2911167610827,48.6617713520346,75.02908539739,53.2734110817701
47.770760181721,69.1273655049829,66.9021355501258,83.0197526141139,67.1242719155993,48.1991033759029,76.2631211054126,57.9378757025942
51.0209122098638,69.8751147450774,65.7377209467775,86.132182323204,77.6118592678685,48.6533569940819,86.9098682739774,57.3549316558296
48.6020464922349,65.822172466005,63.3686883230438,79.8162017042948,67.823499013013,47.9544685877798,77.2816465833912,54.5145578931603
50.7258633356318,64.1197940654992,58.2772776218372,80.5563874956851,75.0135318518317,45.1457570668107,84.6487175130242,51.6223917861427
50.4296508997644,70.9706053767564,61.474486117928,88.0373812732556,68.1863602758696,48.8017190507508,77.8515838377881,51.3931981972939
53.9958491741492,66.5021994067637,62.0928251547312,83.1454390153534,77.2530766209096,46.9636520048592,89.9651099491447,54.4630910500501
50.5606998775568,69.1806512072502,63.9333285169185,85.9450948692542,78.1453905288905,48.234842610722,86.2248204016919,55.0017404200981
52.0850133310242,68.8249165474232,64.7098691578073,85.0773489947627,76.9500901009805,47.7173160792286,84.1869196242662,54.982859687246
49.3977073004459,67.7427287768834,65.4796603375317,81.7191347006953,68.5080035546721,49.767310803489,76.8313966240329,56.8067946578754
53.8251600102543,68.1978567423098,61.5106233772263,86.1731662614556,80.3604518977391,47.5768895313595,91.7930113662958,54.1690804582694
49.0457811577003,67.650901548681,64.6300101135522,82.633913647441,69.3241188150733,47.7039175123698,81.24356003222,55.7894840669811
50.3588270834721,67.5197335597864,65.3421985237701,82.5685739660009,73.8459457593929,50.5912145492236,84.4114299362158,56.2775240864672
49.3317974354528,66.3221137178279,58.5008284023765,83.4530661485887,73.4369130247317,46.5431288690556,82.7053190601789,48.8221129638634
53.2671511950061,67.5468118547871,61.7345790655776,84.972576206514,80.2855455863813,48.3824825301108,88.5720738062395,52.3750657552729
48.1028077177475,67.4121474136642,58.0063474725815,83.4088630411051,63.9744384834589,47.4669023367858,70.1964965780472,50.4866090941534
52.7952343410262,67.6637212331316,61.8118580419592,84.9155527317501,77.4343704751927,46.8027881014266,89.2419507177557,53.570043441862
47.0140236328877,67.6440506812948,61.2113134749193,83.5825010956269,70.862440777847,48.352536534878,78.8192193208895,53.1104931811568
48.820622089326,69.3069382670951,64.9284402201104,84.7433498396784,68.8577542976287,47.565182349748,81.3829836777498,55.9059728988227
50.1136311019516,71.9223331301309,64.8548835091619,88.6781998578637,72.9943883784648,48.9846819662653,80.9441794011763,52.1847113981141
50.5898162710943,71.0708200590954,62.8364715903509,87.2306222963269,67.7028028829856,49.0312416472627,74.5006632486897,51.1992374986905
49.0833917707963,70.1566468296953,61.653376101664,87.5241213580919,72.1769024660236,48.4894365595605,81.6837240765089,51.6527209427065
53.1413919341781,73.2469107987153,69.3831140056741,89.0256462032564,72.4755684423575,51.1672133588016,83.4812527232562,56.6015664952596
51.3894338932305,74.0162377421976,74.4716381852099,87.8411911527021,71.9163548539244,53.2686424296491,82.6633594533281,64.4280189246119
47.3241139746912,68.5256701859045,60.7388390538555,83.7336464803642,63.1406903847247,45.7888326912317,72.6467336596985,51.8851777087245
51.7313921981498,67.5473456378393,61.7789723167108,84.0529838748393,74.6064276111528,49.2124848569706,84.876226651822,52.535997064258
47.1221672224356,67.3736295202671,64.9814341355422,81.4515746745293,70.7470726453497,51.7651960594829,78.3846859462379,58.1382594864272
50.2979931587209,66.4530600655876,59.7780998903611,81.9690670563446,67.9825453181939,48.3434876743555,76.0434788300608,50.6140279713771
49.7081818986142,66.8229570957778,64.0814516359364,81.2992701532359,69.708747103018,47.389539352594,80.0983536906446,54.8675502437212
51.7021130456356,66.8015509863293,59.1692999721082,84.3127299537553,76.3779796499132,46.3656946604214,86.4311392220025,51.8178669687509
49.9743797396787,69.8933874451476,66.383166609542,85.6790296024862,75.0390699893227,50.4378030793196,85.3627746519916,56.4539236830517
48.7590223562625,68.9593933488367,65.4723168167348,83.6429877623954,68.2471222196769,50.5250634183234,78.7263747822288,56.3665376473465
50.8832730862512,66.6363520548773,60.6717861267502,82.7689158725346,72.4532917442002,48.3333041075343,81.1763819345254,52.8528075698595
49.8711604209622,70.6130504187978,60.4095794930372,87.2952576485592,65.7693387166182,47.8198240944693,72.3500386223946,49.5164672400079
52.9892975839903,69.6959038374637,59.5056272234205,88.0715754090694,72.6619251249126,47.008039175482,84.6204878087507,48.9896467091244
49.5636335612032,70.1581792697695,65.0885771549957,86.4875868638652,74.6418026148,51.0485317125722,83.9208392694412,56.4851481026527
48.6487910794716,69.9949680592494,61.8971146988181,86.2482550369234,68.92881694526,47.7580739412112,74.8104510685234,51.9733015697402
52.3562833614199,72.2149066246929,65.2036611783371,89.1718223938582,74.0001817376153,48.3550268224669,83.4843811543422,51.1118828858526
49.3405154604772,66.0162870037602,57.6387601228932,83.175520319034,72.2428668150057,46.9903321883073,80.8267218327792,49.4099574967286
53.1378155720564,73.5501287944568,71.1720678394416,88.5522127718934,71.4825244889972,51.7162099565097,82.1608281342677,59.9173010314687
48.7814763246935,67.8123723147644,64.9811294147144,82.4410366143153,72.441771979509,48.2345189972854,79.6286658514182,56.4559489621422
47.4717696962156,70.0758729976509,66.0559651638934,84.943997145447,69.4356996625334,49.7822916365862,77.6765523055134,56.3184472901599
50.5085863255385,73.1287684080359,69.6592637411604,88.3435364790551,71.3149400354804,51.1616082717466,79.9996590808024,58.2631949604067
52.6501756342531,71.5488264429799,72.6530499050054,86.5666719508666,79.3058402672803,53.4468700462237,90.9962540715771,63.3575759202297
49.8623167567283,69.4430993825581,64.1664580527255,85.2574193446842,69.8528963971698,49.9056861054775,80.3257603011272,56.1555798048739
50.2691374237784,72.3549648100167,67.9572394166455,87.7596022077045,70.1697049934343,50.6930640414826,79.8402911268399,58.8138862972035
51.3656662413093,70.2657964757745,66.9388237783702,85.6895720460688,72.6966014615023,48.4214405433966,80.3930735412744,54.9166496883592
50.5345501726667,71.0836042312946,63.9426939277851,87.5227987678829,69.6787269680444,48.6826714107542,81.0155668316777,52.2028716501485
49.8057563961079,71.2754227312119,66.2933736893865,85.9593321553188,65.2286630025299,49.7695124471132,73.2980304539442,54.4462179277932
48.8008142407842,71.9685980041335,61.6164913981712,87.975378719856,59.7719788985252,47.5421206084816,69.8114899045344,49.655198229345
48.9786857770484,67.5103093926949,62.4283523580924,83.0782420451111,70.6764320759798,46.262183415273,79.7327567633458,51.4215145423706
50.5660520101478,68.7662189301802,57.6371107837456,86.6098234606683,71.1630845231153,46.9963697177522,79.4907615327511,47.2326585449688
51.6797141734144,64.9109560162155,57.0710575278247,82.7186443793777,76.7453534970516,44.4091696422478,85.5227799609724,49.2076224488546
55.1037400494669,69.8343511375043,66.192937521448,87.5446935087625,86.2651208518856,49.9634609296271,94.7992703318695,55.8168255424904
49.1247573935029,69.6858144103823,62.2096277717158,85.0583045797312,64.3899598970313,50.109347515865,73.0170718398439,51.8584346711582
51.9348370366124,67.0501830934371,62.5861061723649,83.4451908875855,74.0707743967006,48.4706611802173,85.7775723571023,53.8243175263193
48.4311794897786,67.8472400527423,65.0906037608883,81.9505673211886,69.0131977144797,49.0135164276301,78.150113550214,55.6084711287276
51.1490429635804,69.1578589901105,63.9145487662781,85.7058118841162,75.7879910560357,49.379689475552,84.4354990912341,53.7924174257038
50.0618167722307,70.5728323242924,67.3736553069298,84.6243156274856,66.7416967330011,49.7479812477267,74.1986854804139,58.0120646281301
48.48691360121,66.4623463783463,60.9902296264829,81.7613991078262,69.7198806529272,45.8735366756535,75.8342544543739,52.064466170929
47.7053952340748,72.0400434681416,69.4148479606023,85.0478223590893,61.7994443702371,53.0389502423277,70.2694037760197,59.2368954468367
49.8005715671077,68.7338160409015,61.5562556018371,84.9242535712846,69.9586127234178,46.7124410554607,80.4825396684186,52.5246805377098
50.8367437577536,68.0485161615791,61.8937786064896,84.0980220542571,70.4539655769181,47.9977978924931,80.7295686866931,52.8604176999414
47.5855588807552,64.4546721226034,61.9163563136108,78.83302614333,69.6138722555234,47.3369212227384,78.9397353219599,56.2849713594056
51.0974083620906,67.5516035206521,61.3675074514035,84.160238948244,74.0062415779716,46.073259754394,84.3481404985542,52.5574267963457
49.6531349221815,69.4743185025122,66.3466652625319,84.6075521522958,73.6373281556178,50.585815692733,83.7281600977251,55.2328725335728
48.6906401269846,72.9754609020363,67.8514654366369,87.2659615103589,61.8694407209924,51.7454771242843,71.3357245363395,58.2841787400695
47.3859310928962,65.4575291607966,63.0620890440012,78.9411323430916,64.7109200858123,47.7599940474938,75.060871302575,56.7757653114602
48.5819665474436,67.5808387204427,59.8550120497621,84.0084662182266,70.3893430626013,44.9659764285356,76.871162033263,49.5638780347283
49.4968241218392,70.8857449238152,64.2207631591118,86.6452306866284,67.212993488732,48.2019361515809,78.1796963839905,53.1913445535364
46.9015166500034,66.7991367602219,58.8538036763086,82.9478687301485,67.6299253441473,48.6529274806353,76.8600978570765,50.7346473692228
51.3061403989662,70.6560845492514,65.7987215294349,86.5586447373716,72.1056524863407,50.9359476232586,82.2787546895752,56.4280766327145
52.4527499054887,67.8407017190957,62.6299581999096,84.3731110989318,74.7944192771961,47.2217485221004,86.7575103875645,52.9332695809899
50.409416192651,67.0873476674796,60.6585826358308,83.5359860011794,72.5279923688963,46.8826152232716,81.3774170304142,52.827130429207
46.053811307793,68.700609813477,65.6489347368243,82.5967028158155,66.1628904905673,49.2191276020191,73.97933085064,56.7748047031694
50.4920366472399,69.5792401895237,64.1525578017245,85.525325657441,72.5192622350206,50.2235262109835,82.5127618523982,55.0377341059885
49.5826394733423,65.0879849384607,56.5249262588833,82.153254097746,72.7397060813822,46.5478573715376,79.6269452880582,49.9456292876623
50.2327647500679,69.6349001051757,63.4228733798216,86.3217949142532,73.6809279794943,49.1554552372672,82.448416585637,52.4144920056729
47.6621144680924,66.1860429239329,58.9603724541711,81.9858302562251,67.1446362087659,47.8153979178166,75.296284875121,51.0975127645036
47.3264557523448,64.0967395233016,57.391704698178,80.3374752583816,70.8892645472553,46.4733660868038,79.750774605129,49.3719837659937
51.6425476830788,64.9915200453595,58.8891225046663,82.1155559946438,76.6850686529793,44.9282088129495,87.0400100907309,50.9384644219116
51.3310440267073,70.576397727628,65.2224542133783,86.3737569349793,71.0554564621738,48.2501792972005,81.0853395270896,56.9758869425602
48.141028698248,67.3701499815519,64.2409093293705,80.9687068561543,65.4363128583367,48.4677416325396,72.6722390393223,55.5219961653613
49.7091535447167,69.67431953514,60.2115601837345,86.3790977312241,66.8357735578705,46.74000784001,76.1250047834226,50.2880820136419
51.1155976626526,70.1584121126929,60.6645833810833,88.4913237799664,76.3641307189916,47.5683866769283,85.455994278654,51.5487397706178
52.9108187096249,69.7191696708939,70.9467127201129,84.6660339370037,81.529810692061,52.8215352415476,90.2750472917034,61.1744611305499
51.2288118812433,73.3531051320895,65.7380571196106,89.9006613962336,69.4197229976108,50.4425799758238,77.9493212291925,53.8956510989792
52.6156713568476,70.8279486674143,66.0552800084023,87.1640733658639,74.1504407982262,50.6599880351703,85.7093572241428,55.4461653688056
51.483723922961,67.0182584022719,58.0706288694292,84.3606561016116,71.7558384046928,45.9667102920954,79.6953640292969,49.9669076069255
51.4660069605253,66.861712288557,61.1242029351142,83.8444185122385,76.6393723878816,46.6478707921105,87.5827255429575,53.5536302269802
50.0663896508503,66.9049845808023,62.3820914637164,82.7907847921812,74.0289172181016,45.7562500105496,83.4388127419054,54.0942017446165
48.15160473644,70.9316786652253,65.6593273865089,86.298156397728,67.4517087747386,50.4619427100917,77.3249895413297,56.2177925133195
50.7472309585513,66.6654153665429,59.1197118578232,84.0427760899111,75.7264005289554,48.1894811301287,85.2924116281869,51.2802693030863
49.6571089930374,65.2170707520421,60.1552478975589,81.5374703484771,74.0368508624423,49.4330010427508,85.4298782608916,54.2404352908498
48.172388537061,68.4829455004104,62.7570359843309,83.1171783323101,64.5200358131155,48.9415922069312,72.7208123903777,54.2572699364306
47.5021203586543,69.2963666889688,63.1952819029188,83.8944890070127,64.4979576356226,49.356782501398,71.092985961332,53.6747488667256
46.7955431360172,68.9070149951686,66.66251724683,82.5072782953168,68.3018377111265,49.6318470497199,73.8579790819602,59.2605986760649
47.0663610348326,70.450475255515,66.2382015088014,84.3328885757207,63.7998863357376,50.2748737111841,70.8966046300315,56.2141169257243
50.4712109314405,68.1272642145452,61.0219967444902,85.2323100936101,74.4217716646851,47.6506999245145,82.846516671581,52.7538121802777
45.1315745042736,65.7040360286942,59.0517438548269,80.4667049277094,63.9779070110294,46.2807606819103,71.1924159674803,49.9643934586218
51.321135271943,70.2481377845712,66.3206050701247,85.8331647634254,73.7359557855246,50.153751475437,81.2025268307113,55.3389515778773
50.9644368488299,68.4151254699988,72.3945010080998,81.6252955475341,78.0359339900601,51.0356023335496,89.292212999288,62.78185564768
51.2566779345925,65.6155345223246,64.0142034893937,80.5212147024149,75.1762686213348,47.4103410415894,84.3113772414402,56.7774811839476
54.064803599566,70.4757778810766,61.4137536313217,89.6307828019778,79.9246721752493,46.5502486690311,90.8058668820477,50.3970003434381
50.7311984184597,67.9122978980809,61.8018705458769,84.8969485159435,76.064793711862,46.8447103224267,84.3874090901863,53.2168087506009
51.1358654926307,71.477151205182,70.4802796358809,85.7415772791537,73.3994273723892,51.5120610715848,81.6597905062494,60.8854812625353
47.6691179550102,66.4533118403915,56.0713374265444,83.3190506243675,66.6780267608159,44.2492111061189,74.9865468107302,47.9302838789688
50.1953564414442,66.340369312229,57.9327979996212,83.7513003402005,74.4084909211326,46.7714714518817,82.5208336664046,51.8587638701858
49.6177526309685,69.7535617442262,58.0215232269212,87.5373838864688,69.0883121965904,46.7193151784877,77.2347271093011,48.1458322112605
50.0188007570042,65.8389960146321,58.8334579967358,81.9034483229386,71.1463636894271,46.3944083542342,78.6634498284846,52.5441530119161
51.0415259176973,68.6077050013615,62.0409722785617,85.6450638808004,75.0314113712343,48.3180494230171,86.0760287295067,51.8420634693736
48.1193907959781,61.7039844369345,56.1513745669451,76.9816428841984,69.3613095517592,45.2261629569599,80.6688372473219,50.0504975495871
48.3292038399925,69.230962050708,65.112727651247,83.4603753316704,64.6567261036778,49.4288606662041,74.6907420034292,55.7617484277155
46.6606477528827,66.5098896168493,63.5317671088473,79.9524070478864,63.768201691838,48.6527457457497,73.7684127777784,56.9239622820952
46.8187191525536,66.0687596710013,60.4423024608306,81.5260093441965,69.9111813600882,45.5375988834599,79.5255614391643,52.9371066118093
51.5867257150425,71.3246650222322,67.0056394575191,87.0545181851818,71.4371427550914,49.505408147818,81.8434489362261,56.6769864207011
47.9048637752526,68.9899043574657,69.6026032788755,82.3426063316888,70.6883284684655,49.640361550107,82.1148417038365,60.8002560684449
48.7361713582865,67.0092555040399,60.8867863096116,82.5138676334206,67.0767426683238,47.4034066907809,77.1803085342751,54.4358029208858
48.7655793573239,70.234971365989,67.1366297975557,84.5070140975613,67.5092683259176,49.2158214987302,77.1985894890434,56.8561685799817
51.3530807708539,66.1780233924225,60.6576435906223,83.3688650158254,78.6934441631653,48.1124994359183,88.7068318130756,52.8435842318601
45.8427526864602,64.6180274551062,57.2818610327931,80.6003475061595,67.4164287708646,44.9064924163491,79.6595125704361,49.1482477183856
47.7745865266995,69.7371858042671,62.4125746785827,85.7905361920285,68.2996305310848,48.0471529484276,78.7703505987802,53.7796791681421
51.3243110903646,70.3673202734786,67.1436924492606,85.5691601512296,72.4352640839157,49.0983776356733,82.3192617328323,58.9527404724637
50.2354029849946,67.9195634676501,60.2198738865701,85.0608279803555,75.4515037531159,47.8417922504441,82.7846598987167,52.230999721155
48.8857255233402,63.3738119067236,54.8412483114351,80.1101520539417,70.0393693993882,45.0429432568122,78.4366575404372,46.8569753845223
51.2607375689992,65.996634302455,57.842341862804,84.2670872582054,78.888941920753,44.9511864011964,90.0707258621324,50.6140780438979
55.8897024045448,69.6305179950176,62.7661712624467,88.4960885180745,84.7170024634195,49.2817029098725,94.629826770691,51.2864120184534
52.3058857364452,70.3690350039291,65.9317901605905,85.9044612830929,70.8397432017996,48.9068600328372,81.8471582771416,54.9326186159051
49.2691042009653,69.425418265224,67.059640745761,83.5083921504375,68.5601829278633,48.3551922060774,77.6573814885613,57.454452842211
49.6515913436762,66.9666730682365,60.5381178752543,82.8206362017172,69.0898675027015,48.258798428379,79.2342504735486,53.2124438827876
52.8742458651469,68.9128269982002,62.403502154386,86.3829400838253,77.6187532149813,48.0490348275054,87.7889736255551,50.46357907665
49.9334782343014,66.5847611433968,58.4961373922001,83.197619096668,70.0569633274772,48.0053614057735,80.0978773566254,50.9663840780814
50.0981570130953,68.1293611918375,63.0841275149469,84.5476203208342,75.0910286670675,47.8240650854383,85.4795759503566,53.2616563406287
48.5870618713545,66.6878181082168,62.4525003100871,82.3393869482797,73.0890754624249,49.6914242337061,80.7534470952872,53.7474392024073
49.7946071212461,67.2096999546898,63.7165349594262,82.5154563780656,72.4951682449804,48.2472331773753,82.7809388576447,55.562773497341
51.0256200624847,70.6322317690827,68.3702135519516,86.5443519398635,77.4560864035809,50.0821421454506,87.5006772072938,58.8153474304156
49.3821312942336,66.791392373939,58.8738784634094,84.0212930075213,73.614077685741,46.4641273065721,81.2269718209662,49.7540787922796
47.560371831289,70.7094763445074,71.718506428677,83.8844323488727,70.3792872126788,50.7111287506005,80.6159974973595,62.9125279213325
50.3038933931092,70.8895632461627,66.6050142084709,86.8150398787106,74.0087107796714,49.2256572561305,85.5985422717352,57.4644467437548
48.9449300262912,65.7772307660973,63.4384054653731,79.9425443354595,69.5790161881964,48.5095838282911,77.2388025292885,56.142994886106
53.1478253197927,64.3669148473726,57.0036916749707,83.2605643129683,84.6182191406086,47.8052585403315,94.4153356075176,49.5433651057191
47.6228512549121,67.1836721206407,61.3694586283142,82.1845686457068,66.5552278171729,47.5497644869211,73.605521131444,53.2919266688614
50.8870814227307,70.3570249554755,58.3423622965325,89.1031518516973,70.7207593817444,48.0511289666105,80.8826010707981,48.2817553294701
47.0471530822082,67.8753965880965,63.6763647137695,82.7932277255897,68.8136059532132,48.9677826370578,79.9320301182526,54.0652136622531
51.6076590938497,64.6564398342821,60.097823732267,81.5970557050772,79.7082403053487,47.6209615723015,89.3177707031121,53.8284578991573
55.336091957183,68.202549454309,57.7375160287608,88.5749850239835,84.4552641703467,47.2196360405261,96.0652289349031,48.2588696706702
51.7900507633611,66.4135738271185,56.2290591223181,84.1893447714019,71.3091056612578,44.6328547355591,81.1066519938037,48.6863735068887
49.1251277007111,69.4551770365802,68.4965668656114,83.2326114106157,69.9763779395795,49.7017341577883,78.884249830599,59.8803141231317
50.2055686579791,66.8744581373122,61.9474750665433,83.2510770148494,74.1237041935053,47.5874869382013,86.5300999857562,53.7353006611719
46.7138018053075,65.5237575417125,59.1094186747022,80.6982466276267,66.3573653790636,46.7915463733491,74.9731043653177,50.4524789147926
49.1568435428308,68.2301240269264,61.3948909130539,83.7214215789841,67.3875006934758,46.7021679714111,74.9671507058621,52.0494853785738
51.5144715870203,68.954791899713,64.3025601305589,85.2381594828781,74.1226237549277,47.2197675765427,86.1413689005672,56.7025710219562
46.3472428337268,69.0185699963174,65.2919808514269,82.7055292470138,63.8429654185342,48.0934591832356,73.0610348781762,54.7866285106823
51.3612690010383,67.5368781555444,65.6916222307745,82.2907364351021,73.7548698191621,48.6752566334856,83.6516737827466,56.675954627322
48.2439289888484,67.933700674154,63.5956969575444,82.811461989724,68.6943063288744,50.2742455419207,77.5596453941101,56.3273511670342
50.2179203504407,66.990170437154,63.5116197804916,82.0854170837524,72.6024855725096,47.8702176878448,81.104911697669,56.0397784263608
48.9984209435852,69.1039236699676,61.5740596289335,84.6505266492724,65.3473384250025,46.5887460459507,74.3924575049548,52.8581393020327
53.1697683215967,72.0515790051102,69.7800275057804,87.1614246370789,73.1895986466705,50.5160795067762,83.7205579369605,58.69415621018
51.8715931577565,73.9299965199265,69.4029605567746,89.6382547756164,71.6262010442186,51.2611784638665,81.0649329426931,56.282637724342
47.9133799917811,67.7189510067294,60.3437114617242,83.3049099790142,66.0410158159998,47.8269031665499,75.245572220517,52.3805387628153
50.5967431230043,66.752072849399,59.5054250201515,83.9045576135438,74.3749037424912,46.232813306956,83.9547616219411,51.311195205066
51.9750492730621,70.8315722266718,62.0824585170147,87.7730416015391,68.9196337740114,47.9180623385191,80.1921147622833,51.2962789302461
46.7288327463261,68.6239586826285,61.6857277698947,83.4654043812167,64.3126101191915,49.1073815213706,70.9060470864752,53.4421114614523
52.4971902733995,69.0224207778538,64.3977071788572,85.7184952461119,75.8775076865368,48.2882839606905,87.4916069837595,54.7672670899891
50.3223006752012,67.1395698114489,64.6223947479457,82.6284672576078,75.6875232356154,48.9636747026734,86.3872689759802,55.7899300879266
46.4639842572748,63.8526513347756,55.4153281300782,80.4459272821626,68.68749049788,45.6634092350407,80.4485313694671,47.7620303946836
54.1014390997924,71.2719759119926,65.1196848931995,89.1572454423658,80.1423020393521,49.519587753612,89.6521838445889,54.3004253741837
48.5740938023048,70.2138317142544,62.6406169828225,85.473468635504,63.3032309338287,48.2129499586487,72.3403234082544,52.9133161478549
45.5441389607688,68.7956758679075,63.210157147158,82.3248151092081,59.9669635515998,49.7684046942779,65.9231338761804,54.6229670072716
55.5567444353781,71.2201248633706,68.7487810237447,87.8583377499342,81.7601198191896,50.4509758330332,90.6689230134617,56.8450851149047
49.554012084433,67.8371286449057,61.096247660129,83.8820192149284,69.003031866827,46.8693650721212,77.7862882322436,52.4796409556015
48.3406992253376,69.7901320234476,63.7060205043938,85.5513286266705,68.1405403789833,47.7451034942886,78.7231923520835,55.3759442459917
45.9061517649456,67.0983436017977,66.8775187233256,79.4068539513095,63.9670263259267,49.3863257529504,72.4277616294115,58.648777133918
47.7092065612136,65.7167304079218,59.574166862903,80.7485167039688,64.5435950132202,46.3609037435444,76.8420192860233,51.4234806570407
48.3604905967353,65.2274282361081,58.7455751620662,81.0361298824869,69.7337364258761,46.6428489203718,79.7616408413958,51.0014235885136
47.608029394097,68.3239582361982,64.1944745335555,83.1578446216391,69.3164118171425,48.0138666034764,78.5832419721575,54.4222561521264
52.3505288289264,65.2786832518278,60.7104368603823,81.5673174902767,76.8347365226295,47.1449547267619,86.2822950815043,53.5910953902993
48.5077978580917,68.6445024408981,58.9129889238301,85.4572867770004,67.355646197536,46.7093444194263,76.2939292013957,48.1137251559741
47.3604251041338,65.0197993870418,56.4977704393651,81.0231857325951,66.1339434730694,46.0141036542457,74.6602562321186,51.4479499578642
43.3641711635195,65.6863903615533,62.0473020198789,78.2888900909839,57.2067275114871,48.4662241550017,65.0691565717631,55.2904774958723
52.2563515036531,68.6806901671087,63.2044449440558,85.5590057854672,76.0818136018358,49.0475157444915,88.4012389402627,53.546965839781
50.7723629994595,68.6669253511806,66.2384627499641,84.2726876693953,76.565311211958,48.5642451111444,85.0800590004702,57.0443619188067
50.7760065431231,68.9318910850385,63.1758999058399,85.791039913443,77.5476315082786,49.3417344073196,86.0199669206301,54.0431298423123
48.1299533073563,68.7046017245031,63.6318876230612,83.6972450965738,66.4236287519878,49.3525974915497,76.9554334957967,55.6904455591039
50.3401153916161,64.8538748389899,56.9039766925543,81.2404807327629,70.4743377340452,45.2535027681784,78.7011227827085,49.2153616581312
54.3272322791119,72.5560046610993,67.8963068808915,88.8270580148179,74.5602155726345,51.523021650679,84.8699618517885,56.9731904126043
47.554768565898,64.7630781654311,61.7262991384842,79.3820967726247,71.0154696429738,49.1258593639676,78.6601471114958,54.0246945674748
43.4114348383459,63.2618299846612,58.1527784505545,75.9595330228424,56.509373768324,45.9797542818166,65.555750520028,51.159584860012
49.5467341107173,72.0491257632363,63.5594555096702,88.2299191605114,65.5780811975973,47.2316309858138,73.7120948003849,53.0329040825415
54.3783040607974,69.831600167872,61.4672208021948,87.7346516912433,74.4611894992546,48.0119107357156,85.3828314368005,50.7113827876837
47.8096222150066,68.3600532370136,66.2876131440475,82.0926795886873,66.5101170872068,49.8892167037688,75.8037826080165,56.8306843403385
45.6939517210378,62.5714171902229,56.1968410043149,77.4503046313193,64.8537985285061,44.1388400319382,75.5147418385635,49.3353235651842
47.6307269998489,65.0565383941225,56.663906817094,81.8168667178464,70.1329184232102,45.7264184813428,79.7112026252714,48.4647486916202
52.8444261869516,68.0990589930398,65.4281153182743,83.8095114435042,77.1324125061439,49.0246312320178,87.6666657760272,58.3888758724985
47.8021392297143,66.0135888576084,58.9595422125947,81.5734276428954,66.9679364548529,46.0526467115965,74.656615117218,49.2365529054953
49.9538822613172,68.4954069242615,64.9040150440534,82.4719397687956,66.1939107959872,51.1528603311923,73.4299760112974,55.780278125044
49.749012967351,70.251018761088,64.4646255128719,85.7633161395893,69.6031549893508,50.2151900458695,76.6061677464312,54.501300214137
46.0531426089167,63.5909657829678,59.8174892031204,76.875762746749,62.2264463895047,46.1655270104749,69.5804580400235,53.0465632338997
49.5572207569822,69.6286005193836,65.770227107886,85.3538341196939,75.0489359702607,49.7827337345162,83.2973130219585,57.9124141606957
52.4593362718637,67.3704724545083,62.9223715029802,83.7694782074035,75.5744512832864,47.2835783700055,85.0225657827769,53.2964575923619
50.5971734054573,69.8560947248,67.5662498755243,85.7975892363473,78.7514621434084,49.5468729650874,89.046430924561,59.0786649006621
52.7284538200521,68.6229369223093,59.8991502028843,86.4445609128575,75.4275930095178,48.1396634239957,83.8249312098932,50.6463685205201
49.1248228885551,67.4708448609448,62.8476244491459,82.3234126186755,69.1831128001178,47.4361482504086,78.7655719547348,54.5226851849336
50.4770784432418,66.6403581834604,57.1550270247362,84.3692454304178,72.4416560851656,45.8997548756159,82.6228446964392,50.6759441211674
51.2280158129967,65.3149851211456,64.0142266542672,79.9034487677863,74.9291821695995,48.9712936254647,83.4756531372693,56.4525455450361
48.1530153380431,67.2988820899382,62.1173385165281,82.6133477534765,69.288150692589,49.1619892390629,78.2524370155076,55.7700189947909
51.5870911204667,66.8721152489395,54.9433160115248,85.5091632895786,71.6454183617009,44.6248766860767,81.8744197575334,45.5920688371372
49.2294066383822,72.7491910516981,67.8578913873767,87.0796446596569,63.1321939283932,49.576906560476,72.5033707858779,56.1179019092067
47.3403768667876,68.3657267566062,65.5692389369581,81.8124267037098,62.2847894446212,48.1351560965431,72.6299127039925,55.0630060846579
53.1232107776433,70.6213717952942,67.6635290603327,86.5187401049602,76.5390347740832,50.6932799181404,87.7930457789006,56.6332816941512
51.8117880168864,71.3852885830982,61.6748301795116,88.9893115281299,70.6851759320028,47.546118284723,80.6323360733153,51.3309927008581
49.7474317242396,70.0861608322661,70.2348860623375,83.9439661485284,72.8219996898054,52.7779474435499,84.3278207203558,62.0511500710235
51.695060353104,71.6626114953914,70.1539190161275,87.3641769050385,78.5033513693278,52.0305549822617,87.7733606788886,59.7358744289813
53.2192144374076,70.4742460973107,62.2362455742873,88.7425966137892,78.8444133946371,46.2607995696798,87.8291148877245,52.7411023930051
47.54129488391,68.6850617061398,61.9030528388842,83.3489905563739,61.8786115743171,47.3269695620813,69.9394129879204,53.0518871789869
48.9833645740764,68.3816013933403,61.1091146504029,85.6570764860208,72.9153938811931,47.1357366220181,84.9001191605461,50.7281495692708
50.7338956024221,67.0940467474638,58.9203898541541,84.7939397777219,75.3471059318188,45.3160362288787,85.7865959848335,50.4909584566723
51.704806214012,69.1790487659075,61.3696030332159,86.7675950948247,74.974871722823,48.6571780897183,85.852857078702,51.5378785546732
50.5686161223041,67.5474662404252,61.5208357771835,84.9308658656192,78.8621591658628,46.3015086077094,86.964996508833,52.7265103394334
50.8375625954208,68.9131426810164,63.3337197099473,84.9481072930584,71.4066135904114,46.6595508790031,82.0060896901649,53.1178555402107
47.6316370591552,69.9514183000702,67.418071430402,82.5975532771672,61.4346736452728,50.7901760915379,70.1246407983772,56.808761114946
47.5737811460851,66.1558930271931,60.5592500747248,80.6636656210692,62.7807085059696,46.8452765621684,73.0683701897874,53.2843420422033
48.8652876546808,64.657552676527,57.558745984161,80.8932212091395,69.5332795614182,46.15452979632,81.2698483860758,50.0573858333007
52.3783955406981,70.2321079628035,62.8548829496769,87.7758049600481,74.4600699253014,48.3944731209406,85.3880421182226,52.9295268274313
55.4326430977623,71.7013217413875,62.9850569614461,90.5563318811902,79.2866343038674,48.9894815995999,90.3379712168695,52.4601797142894
49.3929129894072,66.904640823029,64.1566917079329,82.2515125214098,75.3820927374615,48.6287946374935,83.5036437705102,55.6076396991564
46.8154684543128,67.1980437202222,62.3092332856087,82.1166524743023,67.2165876591559,48.8126724181407,77.5077526392536,52.6491613150515
53.7464639435717,67.378354969025,64.965406207299,83.9077278488031,79.2412914957967,48.4161294614618,92.7485720220004,55.1287687608267
52.7701517510184,70.7225390010166,61.522206054522,88.5904238669241,72.4237835773668,47.5095052653288,82.7846970699722,50.5158463317071
46.626916387666,66.0033789317474,54.4483551997799,83.6158878191537,66.9481564219474,43.5854783097641,77.7372258339257,47.2660061626279
47.0507174905297,66.5781927659704,61.9349786910486,81.5468927669819,69.1650477335007,49.4922046736617,77.7485730183327,54.0648096541999
51.269599141095,67.6460662386117,62.5467027127367,83.7744564642458,73.1981204579543,49.6245012721746,83.2159106057001,54.5876964411475
51.2501435076772,68.6468970106331,62.8332996037497,85.2161124777616,74.4917799481122,48.7671530023919,85.1438918805757,53.0470871668865
54.4357049674669,66.5227975075706,53.1787908727928,86.566618610938,77.654779323532,43.3039087811411,86.94639644826,44.7429817102675
49.0038351849897,68.198964306445,65.3981518246158,83.1003349874319,71.7550165238807,50.5447414893982,83.1356840241876,55.5906384181345
52.2488041029711,67.1416704368423,62.0034656814635,83.9633479238033,77.9179390208193,46.9933159877057,87.564285726825,52.7439838175006
47.5493459509706,65.5912879640532,58.9543478464667,81.1366526542241,67.5399132327551,45.9956227787143,78.1663501217372,51.9915906015599
50.8283110225814,69.3199882567477,58.6267428636532,87.0897260558046,70.0081753124517,46.156904469097,77.1877412066176,48.4098798590172
53.0946704929533,68.1954713430837,68.2185059953321,82.9486379383089,77.3765989107178,50.0053031167063,88.300867967289,58.6496150826932
45.6650309934207,68.1422925886187,65.7116017029013,80.5013941018555,60.4937408383744,49.5225183859154,68.4726448373619,55.6226669593341
49.3496991115025,67.5120551911261,63.1285876364241,82.4740846818547,69.2054115921131,48.943140519059,79.4821752964519,55.0481682559378
52.3676432587921,69.822697420438,64.7011152909659,86.6992018071082,77.721138805197,50.3687079184437,87.1540866139466,56.496255186051
53.0435892727749,68.9439881849278,63.0446181587042,86.2828718064163,77.9816334404803,46.1929029301324,89.3796257732234,54.6355770910934
50.7806119723483,65.6969077567458,63.7891272160204,79.9330477121911,70.6231709848594,47.3986411121814,78.9073469518761,56.9407778951013
50.1045380136965,68.0613604692188,61.6918602665348,83.9725193331146,68.7387920591766,47.6605687193644,77.9854314994287,53.3756267874351
46.2010936735859,66.9203757874618,61.3297473618058,81.3278291893031,61.8807830360618,47.1178494598421,72.264690650657,51.1795771846905
50.2519890897916,65.6546671040425,60.0664021463753,81.4865912329052,72.4199190483248,47.3811358197964,80.6033186950992,53.1053087075915
52.7191257215304,67.874774749464,59.5411364269263,85.8184091935753,77.6777963011509,46.6290707941141,88.1463592502257,51.6303483458467
49.9177124845533,67.3543676552915,64.0142537077925,82.4302807016823,72.452562010733,47.9246953733638,81.2683183785562,55.0910712596499
47.6618299623057,69.137274243711,63.0813230894502,84.0451920807081,65.513918912758,49.1132030403645,75.4626200317049,53.4817145953991
54.0054378819868,66.9807288828972,59.8996381960114,85.1539657410391,79.3053164534183,45.7100299060755,90.7275432913583,51.4365772942547
51.4431686716289,69.2147648858504,62.8323049218825,86.2021495708136,75.9543566238864,47.4574410986392,86.8731279502876,55.355854887604
48.9805713955656,71.0640682820615,66.6107419647962,86.665065452623,71.2295963301124,49.7711525683276,81.1216804605043,55.1275544469816
48.4494359664611,64.7029870394532,61.5686002198063,79.9001878234387,73.2385180296625,45.6030346702572,84.4051315628271,54.4032531706079
49.5837757032009,71.3519024525091,67.7051130592404,85.8256937962919,68.3888283304435,51.1652670893882,77.3514904313176,58.0923738698117
48.0754946628371,62.7849392904475,52.2116414064819,80.2985184066936,68.5435683415601,44.7313663709823,78.9044871090335,45.567152046799
53.3004520472802,64.2831569604263,54.6672739218992,83.413243766808,82.1352727157094,45.5188380091085,91.5827150576672,48.9506916766368
51.0542627574101,67.3352818221174,59.4920098872176,84.6893114040325,74.3420487367487,47.465096877358,84.1233868439597,50.0171466294824
49.0216056611673,69.2552779530147,63.4455286943002,84.7873441220483,69.1476771009474,48.0578401715639,77.1461985784553,52.791514269135
50.7405765359832,69.3166347185305,63.3032977340728,85.6183882745334,69.9065275890946,47.7176295770722,81.2905817960589,54.2925398923959
49.9294688002583,68.5273233031066,58.846805281919,87.0077867440238,75.2359220461331,47.5194390773526,86.7754486945229,47.801037566379
48.6468892383857,67.0593710848388,67.0169788371932,80.7984404289097,71.7393315781868,49.2039048975632,83.5394880622849,60.1975043502379
50.6346294371425,67.0695423022066,60.7385253321889,83.1275718571645,71.1872546073822,48.0194822287785,80.0055503603066,53.501141625497
46.310889028224,69.4214141376173,65.1069940446993,84.018179018675,68.1914093169398,49.8327072684766,76.2527868508992,57.3269440003149
49.3933988498831,66.7258634197254,63.8944357514325,81.3380362261952,70.7872698949553,48.9128677288099,80.9083407221825,55.0631648353248
47.5779049141335,66.6421992105711,57.2901073448396,83.2517436776451,68.0124468755516,47.186982868911,76.7320468167576,49.8705887010208
50.6764344646923,68.9113690376549,62.8685057755337,84.8505071991517,70.6125578692243,47.6248320722903,80.306136977019,53.3025226697546
46.6932089307497,64.6602217371482,58.8072545176592,79.8368813778788,66.929465041724,46.0604578496083,76.8296650542655,50.0783841563909
51.1500375768366,68.1406891598451,64.2817187158984,84.0012872304679,74.6391923031374,47.864263556092,85.8740056160223,54.2473576493338
56.4981450842246,70.0199361005057,66.0991520868145,88.2417362306255,87.0700259392752,47.8360779453987,98.0315022112152,57.5597867689101
49.75260895482,71.674445522845,69.3412848001645,85.6300485480436,67.978798076033,52.24223771624,76.7506606899665,59.0079055138592
47.7006680570481,69.22811656412,61.1077667210291,84.8846687395963,63.7937521646774,50.0944619791634,73.7536422118144,50.7358837622115
47.389978529368,68.50434308806,65.0195923560141,83.1667080639529,70.7205677018017,48.9808011752114,78.3894365411258,54.4190991069095
50.3103515135339,69.0270204819145,65.8176291816416,83.8967851320341,71.9448812920344,48.1749189022914,82.1942134323005,55.7866831667555
47.2977973562156,64.2668748441081,54.9444439540889,79.7240715161867,62.9241509480813,43.782632396513,70.3851154968829,49.0695517402511
51.3213300219864,66.5462894893919,64.3887627647385,82.3873479694759,79.1673368214937,49.1749207077944,89.6757172944278,55.858485732148
49.9538465452712,64.963001938177,59.2475994064721,82.2279087671431,77.6144182491568,49.1179341475806,88.2548420151981,51.9519150726222
51.7464111612728,69.1378836683743,61.4860986607455,86.1509000015139,71.8132427660234,47.2044668225187,82.7335759126506,52.6398132917653
50.4069571795342,70.4690031090442,63.4581259544355,87.0310214646927,71.9930460232693,50.3077340992276,79.6674694506272,52.4712739255164
47.1271209969313,65.1815784799263,59.3896779418147,80.9480051542787,71.6795167145006,44.9062985637636,80.2485020530185,51.8959241498571
53.4813046846472,71.3167032539722,67.8605949149378,87.6362353135979,76.3114027582086,50.5847588133121,87.7714430117675,56.2631638853297
48.8047807801225,72.0470677660416,67.5402276750187,86.234288249892,63.6732385142882,49.5356020097521,73.3051061718871,55.3195862788662
51.4334896076399,69.7750408317968,65.9976519098194,85.6632793771685,73.702542574598,49.7064097024251,84.1079547851529,56.5257502711979
52.4237502124096,69.4367697961398,65.9311393088291,84.6827794092698,72.6682401133114,51.3135741383519,81.8258768534326,57.3154881366395
48.9603695835863,66.44839764792,64.7362450685746,80.7016582892064,69.5119528308648,46.5542891924368,82.4887217503457,57.0384105985117
51.7399153724208,66.4755664489203,59.2262727802003,83.4477028258616,73.8462819296543,46.1271109510708,82.9267277501191,51.5533710603068
51.4385617468243,64.3312316667935,56.1917854206637,81.9731564380868,75.6430671022432,47.5756065776062,85.5501000285098,48.1500794939451
51.1842289091261,66.2917968629051,65.4396532943812,81.0165120123727,76.0699181758606,46.9213347556772,84.9623968611093,57.252036637352
48.5573120783547,66.9978431573951,61.4423452269643,82.5241980463221,67.7179331666392,48.0087024559557,79.9013140860326,51.8747604930489
50.8992323458366,67.4759499261881,65.2585594887837,83.6049749826358,80.7932104525495,48.8193030626018,90.5993636897605,58.1049575021964
47.0788311209535,68.3385480460706,67.2482921384531,81.4366206450216,67.0275049904522,49.1766392501492,76.8867405896025,58.4153013007384
49.1889340552467,67.6773095249986,61.9987218826349,83.9015335712879,72.3713458185949,48.8634949973985,81.8295669901816,52.3817560090138
49.9425414776154,68.870347460055,64.6309682640023,84.0221472862796,70.9611100548143,48.2816921643449,78.3383548457866,53.9329197491117
48.1731793493129,67.7411425596811,61.1750141355752,83.0386799807977,65.2028918192879,49.2229638591876,74.0533719901151,51.5434211320822
45.3703453485036,64.7986454785136,58.6456386780366,78.8854147569657,59.2386364522787,46.4180736199062,70.0458479091543,51.9554187065276
49.1191393302672,69.1222490835973,62.2776990726114,85.1515780964346,70.0453437156823,48.9712830080811,78.4858315144788,53.9970956780508
50.6207968793296,67.8145354613362,60.3886058847171,85.2160601627601,75.261571243861,46.6368087934467,85.7571438611606,53.1961463136007
47.7583744507093,70.0549281874585,64.8905883773725,84.7446052165383,65.5062785683259,47.268481758339,73.8672331538359,56.7096890558519
48.207701618476,68.1425772918842,61.9838209191816,83.6749721814007,69.2775748717718,48.9482435030523,78.9566183245656,53.5477570253903
53.6640242106587,67.7630419756634,59.4094909941796,85.9065461609732,77.4364309964325,47.4929923172796,86.1619297419752,49.7543221479906
46.3567898145776,66.1353688348114,63.3355208459306,79.215341821793,63.5267634488875,50.2369528595219,70.7246522425436,56.363263530869
49.9078291270196,67.8117548704541,64.6766644050929,82.9711610831215,73.9850304358007,48.8358552311988,82.1111223285042,57.451205997079
49.5366916968634,67.976640191264,62.0323782669312,83.5768485155076,70.0473175824396,48.4483571216922,78.4065758872731,52.3436698218879
48.4803789311781,68.3446419199622,61.6259028921282,84.9833699105485,73.7086422317816,46.4075020260533,80.3689577783631,52.934484821585
52.0563240639377,69.5764093149169,65.7481684331706,86.2444128916326,77.616233060911,50.1838146398812,89.5819447352302,55.3063699614201
53.4184454958774,67.4221778568594,60.3614111469817,85.7411161003014,82.2303384244029,47.9080469699491,90.9253246041392,52.0449454858648
47.3729790456819,70.9136398023094,67.2387300990635,84.8113069689589,64.7959311482793,50.3210010260071,73.3824564171431,56.9994236303123
48.4891220078928,70.449265817957,67.7851880842697,85.0145532719916,72.3717107471625,50.7973411663652,79.1982920643908,58.2044922268657
47.6444357725605,69.1552852171672,66.5897601201082,82.9786847080937,66.2249143892665,50.268804001036,75.884445025545,56.873694179276
53.4640609644752,70.088299559773,63.6222577641754,87.9577161448189,80.3087324513774,50.1249330503993,89.7208962141839,53.9875412514197
48.9155837286907,72.2964134645698,72.112407748057,85.3669823961554,68.0571153302619,53.5992780219158,78.3448644527944,61.96462766563
45.5973043135182,69.4829285429102,63.6824089235842,83.294871000904,58.9581196178413,49.4919938921197,67.3207743477511,54.3502762922379
46.3439959431997,67.2093996118751,64.394054973265,81.3045066059583,66.1254993452241,50.4630989230674,76.2390183441941,56.5455980478059
47.8978687817951,69.0036837025112,64.55631961556,84.0648442456244,70.1918411862464,49.480113677811,78.7855125828603,55.8328812333192
49.0473363070558,68.1992506574562,67.034372884312,82.2760384264958,72.7491385246878,51.1478740304621,79.3321427914704,57.768795236411
48.1086161763007,68.8537402266786,69.1965887987067,81.8870658699967,69.0699088112071,51.3127736978594,78.290895302069,60.7807296599039
49.3975722463381,71.1372519522147,68.1952386672532,85.6731867251838,70.2260005739764,51.3143203350703,78.6295354408573,57.7256327881089
51.8513284379827,67.202758799059,58.5314779795096,85.441604550003,76.0662506434433,48.7772035829427,87.0446796976065,52.3282243037719
49.9582271457752,69.2189115726238,59.7031559906749,86.5916410493895,69.6144675727935,46.4301168246677,80.2269281932845,52.3143495647111
52.4667905232954,66.8241945623503,56.9885192187895,85.0188096122381,72.6514038978588,46.7959984759836,83.6416433411112,48.0222033401787
51.3416993361721,66.3195370180965,61.3679917106284,83.5064017243891,79.8694737406145,45.9797065614693,92.2979545288788,51.9769216048089
43.861229985047,68.6786317536262,68.1605705698241,79.6594996814702,55.5663177471682,49.7794418881001,64.8276036603051,57.1848544836898
52.0068375974001,69.4493062685604,65.0853198556785,85.7893582753205,75.251447975222,48.814496130652,86.0713210428982,55.0955324071982
48.4643025842413,68.741511644703,56.4313225416773,86.1324667048263,63.8857885066129,45.3710853439764,73.5420667858305,46.6973651975075
51.8190937601848,69.0572192673832,60.8718096085726,86.6869354684134,75.4423877012832,47.0048000339907,85.2998722110907,51.7925349429968
51.4768472912416,70.6744090328886,68.0233709221215,86.4226427004068,76.2311423093164,51.455368992677,85.6200538288865,58.871843943601
42.207648356296,65.5761957791995,60.1501751623674,78.207250288954,54.2910898987892,46.5986967556987,60.9099471332335,52.3594967212798
47.4771837618817,71.2018332761129,66.3180837544369,86.0040427759893,67.8551459730523,48.9487085609577,73.7993789469226,55.7048214709872
52.024797886851,72.2077127089194,67.5430032590864,88.0515672284821,71.3953976583516,52.6467835751429,81.9256660679334,56.0777100868774
48.4223000409065,68.7019092976303,63.1140517351934,84.661842008324,71.4220253459448,48.2750636338484,80.5425982960011,55.6621150007926
47.5309303728255,69.7629934295722,70.0144123560564,82.4679969766842,67.1293295087731,50.2227771782504,75.9037700855871,59.0634763709152
45.8226560817904,69.9391872276188,64.8775837568241,84.0664350961152,61.8608800448404,49.6564243547092,71.9540575465652,55.6507425242197
48.2096578562406,69.5348383495171,70.5342457513638,82.6569753861494,70.5746926868618,50.2818355200093,80.291478799546,59.1118012483594
49.9882843251986,64.5348381074282,58.3045559937099,81.2824176687031,76.6013945093117,44.697527968964,83.2695915120407,51.2765298411269
51.410216116775,69.1936605762427,65.8470918009723,84.4389174428924,73.2411703113186,48.1119610386365,81.5960404987592,57.2006941633731
46.9573785777181,64.6951700740201,63.7136209932711,77.6591630494613,64.7790086134713,47.2160231026887,75.9631896793631,57.3827419559945
49.9948723724387,67.7126696333061,63.4139773027163,83.5356328146826,73.6738794123851,50.3695452219186,85.4569840143571,54.1333225038163
52.4665076397377,71.6684153989557,68.9008904022278,87.7638982231054,78.2315494101785,49.8875135885821,87.3141369960718,56.8440130440396
49.9699794475773,68.2999882256029,65.3039513068456,84.1478410525552,78.273058969396,49.3070314124998,86.6283944348679,56.2283476768574
50.721579925946,67.2437784694338,63.1936230902999,82.9384427682783,73.0517647228019,47.0032852318721,84.3316630705876,56.858513630995
51.5775139620086,70.8288322276554,63.1928334250113,88.0759732980508,74.5572536378031,50.244579152672,81.6612491882846,52.8261801658605
54.7032504479587,67.6118347464369,61.9258312093555,85.6220064029881,82.6551433617723,47.3267344569942,92.8941947383743,53.5745459759298
50.2168748623345,64.7422262312052,57.5684360273986,81.1077835448255,71.0258812012332,45.0095133884241,81.2283349149833,49.1562716779936
49.9857417911867,68.9028354551909,66.5498673875931,83.6779813459893,71.6168368473809,48.7726290370688,81.9045589595097,55.0607199480749
46.2259356695822,67.3380651185663,63.1173875487552,81.9567355379028,70.1814647848984,47.7380062345595,77.1974946343814,55.8920886826065
48.9467631861441,66.5556201464356,58.7406259041532,84.1381715062096,76.4835151511994,47.4808828128799,86.5926271284556,49.9822302392688
52.5671590804258,68.4070452416441,64.4130905506798,83.9737354669201,74.1215908207766,47.900068490983,82.3727971964375,54.2194270678702
52.6783808385496,68.5749204853393,64.6790984931017,85.7409224042875,81.5440255290799,48.5261193558947,94.4472567806617,56.0382684669611
53.0829149840867,71.7649540671969,64.0334968312537,89.2147907370375,74.7400873119708,50.9372295987004,84.2628288258718,55.0255910736405
50.105428349873,69.2511358698342,66.5626490839249,83.4958718265076,69.7793942862372,48.751151019464,77.2482168145694,56.2305326334207
46.9796305372246,68.7571957943021,67.6503606265306,81.6689202243008,64.3577058540737,48.2611510901367,74.1437100227882,57.7362766558884
45.1905102877716,65.8065822121298,59.582638539988,80.3715137264497,63.9620199500405,46.6897162896612,71.9097916101619,51.8272544167382
49.1717995999179,65.5501634392004,57.6684274504351,82.1595405518041,67.7746387351827,46.3830774128555,80.667498305112,49.3579992427754
49.2487659014384,70.5454767466148,69.4837628872179,84.1174841181189,67.9879557765166,48.0671021713104,78.1891397250837,58.2037912087234
45.593801371092,67.9047727120963,65.9604790448195,80.8702897386007,65.4632321019168,49.6868319769868,73.0982714806563,55.6986311160077
46.4453526382904,67.2369629781288,62.3984577000632,82.1986198147575,66.4155444344791,47.0639928567618,79.392908535695,54.2702242714641
51.4798315725325,65.8885856605124,61.1929106128597,82.3057063937855,78.0916502075778,47.0169465195622,85.65380559134,53.1675213998178
53.0036015667337,69.3786575174183,58.3782419592752,88.1697458934251,75.3919372624804,47.5459047950375,85.8019100146644,48.4324857125479
51.262278140373,70.4541521378428,70.2769384739306,85.5290884279796,78.5907849891861,50.7459887031389,87.4941364000051,60.5059696825537
50.1043673061586,68.9793021545441,64.2818177141316,85.0438754134963,73.8013807423075,49.1241327138148,84.8592918720768,54.747312397707
49.8963089228585,67.7773264348411,65.2728539546844,82.0923015775366,71.9921998179397,49.0466102872712,78.8081539856566,59.0169863938706
47.577750855531,69.7842799012327,70.9419727077773,82.1936781109185,66.7834403813637,50.3756598074847,75.7339812699628,60.4720814909444
53.8981139944665,65.9839027874272,63.2840221987972,82.6703205850608,81.6691262459632,46.837544577371,93.5261307592749,55.0699501554857
46.9857717917741,66.8322143124284,57.9038850218484,82.863996760693,66.3332168059867,47.0266946218404,74.8783238826852,49.5499742434533
49.6296040441965,70.5125158442341,67.3362279046466,85.4799989833654,71.3956310362861,50.0321715236395,80.2056090405462,58.2272167512721
50.0122883721346,66.2857635791943,64.7219517226877,81.6819108243564,79.2059463079873,48.4363934922632,88.0495722905803,56.8105113628281
52.371558623509,72.7964072210998,64.2776112709,89.7706905725887,68.5878684209473,50.1596937369795,81.3376769697937,53.5177996869763
47.4217927494545,65.7537117230876,63.6044468228777,78.254023010208,60.5558597573623,49.4132364679047,69.9950722703331,55.4079310192131
53.8669034498837,70.0168552329686,60.2535786729959,88.1295544101982,75.4382531691104,48.1274761487038,83.0661200357208,52.1275038139102
52.024253037528,68.2209049008329,66.4874693124637,83.8829831719618,77.2146880445699,50.1613029893547,88.1339259893127,59.5958794091639
48.0398211626668,68.8463189298932,63.6599989290768,83.7038785795483,67.0521380982453,48.582363405603,74.3975673447928,55.4345271830717
52.1697934120919,71.3081892819217,65.4273720982946,88.145530309567,75.5552406113202,49.2108394427042,85.7807662229056,53.0654461002483
51.9518927788844,68.9603741402536,60.5208752576598,86.6552274516682,74.6261422163916,47.3613603354926,85.6737659051995,51.156171663289
49.4238538786935,65.6786583191155,60.1402123014202,81.4529324960049,72.3297622244457,46.7386958984563,79.6600158810318,53.2611081156393
52.6162324009266,65.9062345660261,61.9794470728003,83.0459314946589,81.2527051405436,45.9617660185657,93.1083392695006,53.2808344725721
47.9752346386273,65.6151093857455,59.659553597995,80.6796086922296,68.3184468712069,45.2949128136971,76.7649527525473,54.4947729676584
47.6933746133912,72.2128678178222,69.2689196189118,85.1601211636334,61.072766183462,50.3982026259325,69.0002891259011,58.788430479336
48.9052646148429,71.1289837535364,63.4795167709587,87.3802217423662,66.986827354467,50.1625450403096,79.0444757874223,52.7344357022382
51.2932483880546,68.8801476211322,64.0963622529083,85.4941465869924,75.8654444801614,48.4427601487319,86.5444672650286,54.4892258211416
53.7207198860883,69.9202512031479,67.0435959929671,86.5892500435169,80.2665475234516,49.5002729728643,90.9011065798198,56.6224690240624
47.2854036490585,66.1361554163732,57.089483247539,82.5722688904412,66.9318339123669,46.7773758076407,75.6820843651194,49.9723834267672
52.6656499150324,67.4767642809755,61.9993288728485,84.9495990369698,80.9151922583667,48.4175687173497,89.7130746576925,52.024788601606
47.7864784987751,72.9966011294432,68.0529766573756,86.8980331832783,60.1037945751424,50.305623968605,67.7567542283187,56.4114537477987
48.766281870383,66.8168321267703,56.6273668591299,83.9229547779633,68.4626308385474,45.0766325531894,77.0756721014127,48.1265397452197
44.6772353103162,66.9311661912097,58.6571226959435,81.4445798363792,57.8612341640518,47.6209435085426,65.8489149569191,50.0304866801199
52.9785745640564,67.0305402837927,60.7349269468968,85.1466530211092,81.4551381299836,47.498483474386,92.3543547281196,54.7448825431536
51.4010069252885,70.0939516065984,62.3867637594014,87.2548433055626,72.502841598111,50.0398721056006,83.4011067095498,52.9083451429669
50.7227268323798,66.743024663855,60.1560413852838,83.2084707295712,73.2567952406044,46.7019859503833,80.2794240351556,51.7302013319693
52.1830934415312,65.6112171625844,59.1060168732472,82.6424125491197,76.1020799190022,47.345134252749,85.3586566605481,51.1185446581329
48.100086645261,67.9305452460588,60.3887003208887,83.6651519775958,66.2865973054228,47.9621623117635,74.8232659810551,51.3255357351095
51.7642815793388,67.6554583213799,65.729560164735,82.5429319683815,74.7485112622627,47.5134343008216,86.141517492091,57.2502335117298
45.9680693194671,66.4951288909742,62.4073819116088,81.4047031152208,69.9854784181457,49.6493535481246,78.7338996117313,54.6041685210425
49.318373736941,71.3723712037198,65.4458231344302,86.6219333753811,65.9091405859946,51.2174317895121,73.5675225301638,53.9337525675036
50.7183734367481,66.3144854403033,61.5007664331823,82.3568214058707,73.9077340001333,50.9908646754234,83.7626457240006,53.9822628992007
50.1036090571326,68.2110471372869,61.7627739000196,84.1669640456832,70.3032091122627,48.5990338295211,78.8740430666909,53.0454539060813
45.9927900266138,64.4896031699041,59.5728486649976,78.8338985850824,66.8504967600738,44.8424026178644,73.6684847905031,53.4652540347639
48.8889624627908,67.3186896491294,66.9617056505723,81.57585461564,75.2699859795338,48.763374940051,82.2772466266699,60.3625670495101
51.4843773882951,67.0239954712517,59.3740066354855,84.4439937037987,75.0426084621611,46.9973533759067,85.3285964415541,49.1297963813977
51.3176968050281,67.8000953060286,56.8610562731121,87.0449773710151,76.5438780944112,45.5066760792231,86.5744023994832,48.173565376135
54.1801474874637,69.5112541447814,60.6847924050665,88.4556426578729,81.814080308355,46.9519632973006,90.8259813709,51.7330971618915
52.6270219471255,65.2789770207275,58.0523487015183,83.5441810889915,81.8591474990292,44.3411379432013,92.0481102732821,50.9602112806387
47.3808033369041,69.2798901884825,62.719717362877,84.2908362702981,64.1382090422147,48.9291418135415,73.4529267641008,53.7803293493224
50.4312708403112,66.941638080455,62.0665830484829,82.861298441728,72.9197476966136,49.2831465019304,83.2969522083519,52.594187438296
52.2873138933222,69.1292750825296,61.9687142512816,86.2669024611124,74.9892830058284,48.2591937230958,83.6893295496263,53.3364779006715
48.8185486559723,72.0137736223061,65.142946112921,87.1326193980058,63.5305691581018,49.6820706238833,73.1260531663377,52.6850753053297
50.2208834320822,68.1149447328164,62.4244118056075,84.1022293118504,68.7780754725273,48.0702711610399,82.4836959650447,53.4147917935666
50.2237607671083,70.7579443438291,65.6253961278543,86.0885187176189,70.1808360011245,51.0581779627665,78.5666796817566,55.4519110976351
49.661774368377,70.6145035063633,69.8567568409288,84.2135130955276,71.0943498318585,49.9784787231651,78.7394630265453,58.9277782471099
49.5254973252298,68.4572357367245,65.9001206081455,83.4839033959321,73.4027378598125,49.1898694232005,81.1591098147772,55.3765090544843
53.8190669505454,72.152368152856,66.7843930156582,88.776834967565,74.8617049202937,50.1455258450728,86.4392089071113,55.7856402267078
52.6404304753917,71.8472973467301,67.7218821161941,88.1458193658937,76.5317525232457,50.7241882037673,87.014175659821,58.3956233278401
48.8653385468867,69.4606164091001,67.1065875641722,83.7880730648715,70.9896541973941,49.716237239564,79.433513783723,56.691080014589
53.4028285916995,68.5390503649774,66.2033144834633,85.4534650124093,83.9060698704991,51.510209792826,93.735427023823,56.6442405014742
54.3452087850178,69.269812205202,66.1114804376288,85.7020862537271,79.2250422503353,49.3081413505421,89.435734071112,56.7723893866877
50.0979849747078,70.8302070681341,67.5187129247678,85.1367284230389,65.7372456531022,50.3260041774391,77.7421262293936,55.1278396344206
53.1226054077132,68.15350264711,59.7219871206881,86.5150778995938,78.0798490251407,47.2556150768039,87.7749036039016,50.0669775984789
51.2226582838178,65.4359475079407,53.4245316566802,84.426091209063,73.6711714846412,42.6922291256131,83.4422944552498,45.5474906316641
51.3630917932942,68.0171062722397,61.7450440412817,85.3239442644368,76.2587942624925,47.6436147322621,85.5153972015911,53.0077345097326
50.3847086720587,67.1653180750758,62.6277025235235,82.4178569511631,70.3597496753022,47.1417798169253,80.7261947007434,54.8334512534085
50.3944925923132,69.4063749212377,64.504052299371,84.6481344219049,68.2377655129917,47.7134930118201,77.4455048004121,54.6955091014077
54.4131934939669,62.987095964117,60.3833305602861,80.3927934032178,86.0860535400576,46.2507447121512,97.2935202870296,51.8611549533557
49.6042599895359,68.4835200677083,63.575565658202,83.9264453976987,68.5120976948285,49.0415921630931,79.906616568418,53.5238715981531
50.6967747524882,69.0994654040528,62.2147213454722,86.0326947759244,73.2986133776117,48.1048006730077,82.0794276929271,53.8602147972878
51.6478113678804,68.2671970625483,66.9820026467456,83.4068657124432,76.3374246333511,48.8619968639591,86.2346712696104,59.4466930775999
49.507636534372,68.4406373760198,66.0700813376372,83.1726448845573,71.9588222266193,49.8903509752786,80.8951465464762,56.2701073222639
46.5539745290917,64.9302923150002,56.7551033481941,80.6692588510309,63.7739466530001,46.2738159861988,73.5288110071152,51.1013691408762
51.0837572763817,69.0703456492801,62.5253497076052,85.7234337167439,71.5311059847492,50.9058682363907,83.5395595621114,53.0245463176971
51.4426574643184,68.9025378087601,60.353266540891,86.6823461581687,74.6216550391278,47.5952752116907,85.1897993146459,50.6510397920497
49.6918985696325,69.7419130866409,67.0407426665841,84.6782935056412,73.0045646304911,49.6625673871369,81.096292145735,55.7231205814133
47.1945985235036,70.5448729467597,62.365836860258,85.9405885719765,62.8935302583874,48.7536151685318,71.0885894538067,52.9850638159296
48.0836248955587,67.6384038679165,62.2357018589789,82.0256290300713,62.7496768630845,47.1174122856824,71.3214357434958,53.4142408914737
54.0019188315918,71.9870332483493,69.4498415699736,87.4673190810537,75.0163238109019,51.7795033217273,84.8423200343983,58.9008800356282
54.5363684168521,71.7139477265243,65.7668542326538,89.3615284697354,81.0691926009616,50.828672689187,90.650461443285,54.323946475071
52.4519693333366,69.3735016605553,60.4745513272732,87.1697693836366,75.0945587493458,47.7122527476025,82.507012076134,51.6752162832616
48.1978442269329,68.6217535887739,61.1472949075221,84.6359575830147,65.8191908676218,49.0224096974298,77.1454082413143,50.0002282004943
50.8199949039315,68.5685003255866,57.6243023889197,87.2707859443074,73.1688091237791,47.5278269173168,84.5065598670685,48.4476372299358
50.9103241416801,71.0908489159159,61.6025892305291,89.0698632904582,71.5634747263787,49.0572539623996,82.9299430522416,50.8682319756185
49.0229594518068,66.5419942207241,64.7220611285779,80.755447217129,71.0500767404889,49.084318959127,81.0363734902322,56.6118123270021
51.3570259244015,68.5801420398544,59.3596784650547,86.0785365144505,72.323274142451,48.590472005503,81.5248557788444,49.9826220569053
49.5313260430793,67.689429536519,66.8653991821628,82.6731241093883,75.6497524377727,49.0766724340181,85.598087727297,57.4842166845873
49.1362324775511,70.9589386311637,66.7923834687414,85.3422487820042,66.8510869303505,49.0051434525399,72.6083525839982,56.5691649778636
51.5719501610031,74.2742750475974,69.5321368297006,90.5961541508485,73.6331531860443,51.5648123942417,84.1440462657223,56.8438251907385
51.0072649803156,69.7969454546609,64.8234240583707,84.8775614273451,67.830484777105,51.1738260232433,77.2171606785941,54.5713773798524
51.1725433654388,69.0453590211359,64.1731063583697,84.3261663274518,68.9248398096971,49.3383408948061,79.3188544483258,53.0936244301747
50.1040529205199,69.1248226164228,70.25723958303,81.969380248961,69.0823283227622,52.3687619629733,78.6627435012238,60.5312098606693
47.8198942435815,65.7656324616026,60.2814397794251,81.1829273477931,71.0190411540429,47.8856715931728,78.0266311490979,52.4507787747821
53.7605635922419,67.6789592046176,59.0578695534299,86.7914269547706,81.2150578013492,47.5786539887831,92.255701904365,49.6946879207222
52.0339950616324,71.3865309544177,68.262373222119,87.2517485564718,75.3617112709567,50.3365864599604,84.181275281325,55.8507058222044
51.1723989681981,71.5937415153182,66.4945152312769,87.1157975299452,70.7577926762224,52.2256237771619,80.6193396573299,56.6336363981427
52.2410863833446,65.6903662658935,59.1230526075089,83.6440547755474,78.1974236554513,45.4782296836771,92.7111097550158,52.6347917653035
50.8075373353651,67.4763147288546,58.6278065207624,85.1945597582867,73.3442460210412,45.8376150470343,85.1266835893821,51.2008164332156
52.5092221629398,70.8831932687242,64.4253375816965,89.152264150614,81.8003585129683,50.7241963553858,92.9755530003884,53.9231138442487
47.4160759152519,70.4713895202712,62.2868775387066,85.7056150780132,62.2912455420999,49.213781515359,70.2985744554165,52.8633346691488
50.5925187035005,69.1086269674718,64.0058293145012,85.1899085008253,73.509170534884,49.1795152515974,82.8458677285303,55.4939301942695
48.9764673482407,69.6947391737476,58.4696389302115,88.2941355600636,73.6590959797091,47.5402967965553,82.9556911080689,49.2620127067466
52.877130020717,68.0865659315249,62.9712175180441,83.435413428096,67.6029724007703,48.543918951306,78.7510442746876,53.7610026117544
53.3862762328977,69.8174886797121,63.6361121741646,87.5820870214506,79.1017816863893,47.5362430357408,88.7446025032671,53.6174076485635
50.9052267346163,67.7454431779254,62.2798902965516,85.0992839243634,79.3201399455668,47.4445332746609,90.7634043400343,54.1408620880474
45.8713718496626,65.5305058229954,60.991919510372,79.6380582623054,63.9988354518595,47.6463676915512,72.3873039189627,53.4138156139099
49.095594401414,69.2505108869147,63.9720288540862,83.7093312153412,64.0256510528603,50.6721607716033,72.2850564590835,54.6362783053917
51.8967125443633,65.8749780434669,64.6219065854192,81.234101710976,79.4823160027104,49.803774881388,88.0350871796597,56.9976332073355
46.3928289015311,69.0605145582615,65.005394583579,83.0877707746291,64.1488051827184,49.7106327012876,71.4967091151188,56.4400004016542
51.9298558955752,68.5746853328414,61.208514440177,85.3496929201568,72.1123924737758,45.7853616853496,81.4782820529535,52.4580562260783
51.4426089793817,66.9926737927178,59.7922666825144,84.5139529715378,77.3991733260013,46.6165391263258,86.8602977791491,52.0825666034282
44.3325245037921,67.9052531656138,60.2496078509825,82.6647574242132,60.8392679725093,46.3409553241952,69.0815568214797,51.6571655191206
48.9763786930289,68.2022287004079,70.9750476076897,80.9975884756591,72.3898134248145,51.3924721475999,84.1483075442356,60.4241280983265
55.1939059210037,71.2727018155887,67.5756967397664,87.979932104959,79.3876097679893,50.1739816017982,89.4444485565173,57.2584324522438
49.8507554686933,66.5065734446669,66.6278820689162,80.1496219023433,72.6900906065016,49.2138826819595,82.9114319346733,59.3396622639356
50.5115491923264,64.0829777003615,56.4106868550483,81.0859724369249,73.6073974940748,43.469966496888,82.2831641092452,50.9991746671806
50.5089573336021,66.240183447925,62.7048762816918,82.0336157522247,75.4339131484296,49.2102633834866,86.9235640951196,53.2314136634952
48.2642126653807,65.3150775647154,60.0802293597949,80.6476564238762,70.5945485595067,47.5051809674061,78.8381031556912,51.5567234410412
51.0413926728545,66.4369435211239,60.5980652942146,82.8819860015627,74.231861182336,47.2685023293088,83.3952903012638,52.2535531532694
50.7890075962792,68.7994143088956,65.4069014340818,84.5399210814955,75.692191221978,50.1006244264759,83.7254995534569,56.9743351549297
47.8267045256906,64.9938914661626,52.499272941565,83.0853850656177,69.0793182561987,43.4662991228937,77.5366210961468,45.1787166585329
50.1319241692338,64.2226440424378,62.6715932631825,78.4889118792041,72.5464869830905,50.1313767614717,80.317913090753,56.8544734587509
50.0729136989535,66.8311107403197,58.8753100209728,83.2388991541941,68.9531839753224,47.9411131563029,79.2556018426107,47.7199436884538
49.2098355216183,71.8072413960585,65.7816258408688,87.4901714389169,68.4349321131083,49.6041026350572,77.7471150445944,57.1159258049906
53.2954878971576,68.2610774598687,63.6353373575197,84.7009489957548,75.8476374239027,49.1269477287327,86.7395948800654,54.3845937740288
48.7013385726761,70.8901046139528,63.7036751330072,86.2746754378619,64.2086863635121,49.7346180032893,73.3235613155405,53.6145613375181
50.7971225937272,69.2252222731887,63.8502261246642,85.0815947690722,72.5365061935171,50.3560756957014,78.292653374682,54.1810449796462
54.6219831109668,67.3971019804321,63.4874611690235,84.7191415386508,81.5782039546403,48.7769470434289,93.2647784353734,56.3130641553806
48.0614660273719,68.2199787797799,60.7336004469707,83.1822103097705,60.8127663594849,48.6276223979646,70.074485951341,51.0978468281852
47.0398783832493,66.1528885713783,63.6608332574258,80.574224977156,71.4583510008153,46.7453911737973,81.8963444097885,55.0080537662156
51.1824813740278,70.8810775133698,67.762190650371,85.7907031664688,70.9676072699915,49.8056848806114,81.7726531099854,59.2163282603009
44.1231760362353,68.4274219704698,65.6996946503582,80.3649635974997,57.112997698698,50.4114119786801,65.2631246085215,56.6822813258426
49.6597748381932,71.5848017832227,65.0504520743929,87.2359497010071,67.0774401482317,49.8565412834886,76.293886342325,53.5562553069418
50.4932226515447,66.0841283241908,66.7496324201413,80.2585642981791,77.4710976625727,50.5158445184732,83.8404665465455,58.2693408163668
46.9528241558797,66.3951701480564,62.1740327814639,79.766195778449,60.5951972616363,46.9840642166301,68.9414609557109,54.75713242301
49.0504233804345,71.1059680902773,65.3771966070417,85.9258591628323,65.4197889848497,50.0512732324013,73.4320422911726,54.7011618550224
50.8670919123534,68.7010418144704,63.3644400707573,84.6001843493552,72.635873334237,48.4783126307101,81.7722561065585,54.0082421413859
47.4000333478679,66.349949914345,63.8895635228439,80.3538532516595,67.283619654961,47.3266999479182,77.8523122086507,55.1152760486349
51.0123794679135,71.9297594794778,66.4300109239275,88.1329715084131,70.643588461301,51.3162756091783,83.5785070727877,56.7512676703292
49.2737402108313,68.3943643522888,65.5324640331282,82.9988426649745,71.5161802763716,50.4499402477065,78.8463115087638,58.0642649026954
47.3130751184402,70.0960243261869,64.822336342518,84.3626877841646,63.0952261631204,47.6420649089156,72.7638188866784,54.3675259739864
52.8392308274251,66.901693272137,65.8370067601358,82.1905446355809,77.7109118491304,47.5504647755252,88.3093862007627,57.6529569983361
52.2849533297328,69.1070114699104,61.4667225278283,86.2260644498708,75.1119719617814,46.9727075675764,82.6393336185419,53.2030850148304
50.018621963254,69.5165086234505,63.0575202180725,85.5158204245336,68.831712533057,48.3938099280894,78.5149611752847,54.6597191250815
50.4787927540218,71.6243873893676,72.6894551163038,84.9857932622969,71.2656810059764,52.7217291490536,81.0730664298599,62.4868159657073
49.6673527154803,65.5973168694916,61.1742615317489,80.9929444061755,71.9078035669707,48.6728882212328,79.886878230503,54.33272380902
48.5068802029032,66.2081579843129,65.5215676354714,79.4016295385154,66.7470227193141,46.528561047545,77.0169214763437,56.7222349310999
52.3302159584453,69.4268404265265,66.2735508170162,85.7187613376756,80.0749308726458,50.1151396774409,89.2128591840317,56.3857554403602
50.5252789372387,67.3026254745499,62.8418896179063,82.7848845638797,71.942159471148,48.0405624048066,81.1999168462907,52.865671328758
48.9384887176455,72.9845616326073,63.8584463654542,89.1135486715299,64.0676099120572,48.7256006670091,72.0694767788016,51.6460864433341
47.7041106161024,68.4543317683906,59.9430422903986,84.1754141520904,63.2901515188162,47.7022286536774,72.3179074124772,49.6203604531719
51.9184251937165,66.6253998812021,60.4946564259373,82.2938909428381,70.0783615993295,48.6949716956938,77.0127795697901,53.0510203272277
46.6557943470291,67.0667785547199,64.7693455259615,80.5349365827935,66.0540219720359,48.913974948406,74.9515470169709,54.170027589465
48.3696859370565,67.1278544473747,61.7551214016464,82.4131578327819,69.4641338751413,47.2259160276865,76.6169399574753,52.199000131736
52.5339871532386,67.3535293445881,60.2534363110406,85.4040093850058,78.1855704936198,48.5174664708035,90.4457775309391,51.5137590041193
51.4046928554626,70.4703753475432,62.7288489530347,86.9480818141852,69.540618955766,49.4003879760829,78.5466271560901,52.6619795517341
49.7108625457958,66.4840551149022,58.8944336492147,83.4170880499753,71.7638928782577,48.3517689074527,83.9182431038868,50.7806084059877
50.8895911716256,67.1270794408226,64.5344943298913,81.9724068209922,72.5959714016795,49.1971127199537,82.871265908763,56.2936815500499
49.5426522553169,68.5702216107325,60.2381625671688,86.209078542218,74.9201154266284,47.8664895653338,83.9888291069354,49.9413774036349
52.4922733163813,73.3615620479779,64.9625709532844,90.885191756673,73.9228056822073,50.5610457503504,83.5670101878054,52.4696207180659
49.7471316008413,66.4996805264131,61.9571781427001,81.5581232748709,67.5453173757477,48.3126182911809,79.0829986573772,54.1260205668807
52.7142230953421,70.7287369299452,60.8818857247468,88.5678804033826,71.4573583105326,48.9568013567248,82.0210961301585,49.5006409319757
45.9962023985205,62.3008468800125,60.2027005682472,75.3369624923402,64.2825177194919,46.3055273596797,72.3605366281239,54.570760995004
52.5340801250843,67.544028850883,60.5171488468323,84.4771574306761,72.5460757659661,47.5739254463793,83.8351552235765,52.825674565015
53.6991570377372,71.6056088996265,64.4108431342469,89.4343947040879,77.1168392480735,50.4141663660028,86.8825247596728,51.6473212965047
51.4618673013143,64.7937992192564,56.1923991476989,82.5367716685455,74.6696780336004,45.2385250731039,84.4446529138464,49.4102322667764
48.1751587216411,70.1680980116497,64.3896477620228,84.8171064201685,62.155463398231,51.043697276518,73.744274141263,54.4715341323259
46.1193866827527,67.1980397816241,59.918082557902,82.4896557836374,63.396389590567,47.2769707330407,71.8151793939665,51.7546342110611
46.6652391973501,68.6418604716833,62.958125930686,83.9701946145734,68.4000903079989,49.1158224239186,76.9726893284287,54.73673792214
49.186981685786,69.2757192320719,66.3629578359355,84.1026692200568,71.5780922695559,50.4664705949553,79.6942051725334,56.8701917782475
51.5167277826074,67.8486859813278,56.3490305430335,87.368842890494,77.2649077123463,45.7535953834564,88.6983121916847,47.9419752607543
50.8064246950355,62.4900732388553,54.1198881488375,80.600596674121,78.595156862553,44.1351031227864,89.875554100592,48.2630663433666
48.2213846462732,72.4184468498984,69.338111628891,86.8871570740423,67.2189749071873,51.2410959753423,77.0639183446867,58.1811464650348
48.784428058363,67.1786967189891,60.9981081782081,83.3784340807917,73.1273082626838,49.3900398916191,81.4512749461045,54.0699129257832
49.6384126971538,68.9358760928534,63.2965994083213,84.5615688786238,70.499649095265,47.3160777810987,78.3929465952549,54.5317823886451
50.2380683661547,73.9769052761351,64.1497719341464,90.9550617874103,69.2433571471563,50.3724481353317,75.700484775196,52.8711440799475
49.6819634740129,68.4326710789931,67.323473484678,83.5694637846803,77.6690659994207,50.6995168214956,87.3486550683578,58.5052538805239
47.9733774106491,64.8245453796478,61.8448107205827,80.0125993699953,73.9836267808108,46.5926185215916,84.3260575040786,53.4753428471546
47.9906974213491,65.8739607196873,60.484268234894,81.6620043797842,71.0729724857062,46.6897072216743,80.7771304516709,54.5479475924992
51.0420905272864,70.0250954044031,65.22923052689,85.8330734273764,73.172225795203,50.4909897492332,81.8677276568287,55.3070342971544
46.384541683661,73.0587692297063,67.151320179883,86.6442945642422,57.3346722672895,48.6195116102378,65.7776778646348,54.9722479775197
50.1485588893308,69.6772854553775,63.810446858082,85.9100371624529,72.7351005118121,48.7099324314382,80.6243096332409,53.4965252932334
53.4164397133138,66.6476954824841,59.7587366103947,84.362638057893,78.9451201037066,46.1423005590755,87.0826122304183,51.1920339203094
48.5963997195992,68.6018266212067,63.0780724442304,83.6439441229043,66.5655001935962,47.9672485808394,77.1520385651783,53.3734781892478
45.6937736066316,68.3871737344241,59.3894966582038,83.3132739596113,59.9159944977189,46.5991998352938,67.8052745723958,50.036430336689
48.2439445464516,68.6347536185799,59.9977171944942,84.6942104829147,65.4453335694575,47.8003687189881,75.4387069069769,49.8419287178257
45.9725515234669,67.0964856906395,61.5667322893593,80.9752861776319,59.678354594301,49.0224645799026,69.6841100421838,54.3064889891093
53.3442404807274,64.6389373068737,57.494046426404,82.7589876117513,81.5077457974589,44.4281990047771,90.4461679679202,51.36632309122
49.0538518051669,70.6338340774039,65.4310988539135,85.1530035938955,65.8930548511233,49.7085945551292,72.9726189352384,56.6799199996645
48.5420683352125,67.9124619413633,60.9911665951818,84.4598074236962,71.4406736594366,46.5752306802842,81.3443363602607,53.1006596348303
49.1626310185143,67.3466018235319,58.9141440430333,84.3016482750729,70.5806993225704,45.8282367104301,79.8914208900505,49.6216519827696
48.1309698981541,68.6566100259192,60.8175928018898,85.2961854119823,70.0483722149457,46.115604004595,80.9240506981534,52.9760769463165
49.5535002141955,67.2963297621114,60.0359297342415,83.5124521779081,68.8400500162892,49.3712133202787,79.754790519239,52.2502047084191
49.0210249899462,70.2999220911289,66.3930668247878,85.2992421704239,70.6832427090894,49.6992417424072,80.7234377599063,55.1456895391559
53.5945599053862,68.7831381365712,65.3620398466905,85.6194228958035,80.7309976005998,49.4096859618232,91.523515443203,56.9832883464403
51.8945095080404,66.9686183774096,62.0347691535775,82.7774394041251,71.9546619333422,47.6740974648725,81.9056514507336,54.5975791335045
50.2549648917605,67.874276497205,65.8123204304075,83.1392742315671,72.8322450194542,50.252418841747,86.2530663185857,56.9651957910775
49.2500357706468,65.8474906401469,64.2954453095014,80.5932767648433,73.1274699242532,47.872637239716,82.407128912252,56.2191828655008
47.5529518815414,62.4892286401728,56.8491388921869,78.3209135198874,70.7916040542488,42.0912546413173,80.5149047422712,50.5248407287795
51.7698688919063,69.4784312022419,64.1224824754042,85.9314369683032,73.233714061556,47.6423144009447,83.0771848006991,54.1105900897496
54.5809956908669,69.2366424956817,68.6824699533837,86.0716628407065,86.2892363162619,49.2609622367583,98.7401051290076,60.1186704310265
48.5455227252315,66.2690227710247,60.7723280762568,81.1142205027927,66.1494923828956,46.4231609448334,75.499869163761,52.138198677496
49.1045228416206,68.7712233563159,63.9184370844266,84.4843796455008,73.8509760084607,49.1973613029071,80.7554245520558,54.8992877565495
49.6141803544453,66.0414127503381,55.4938386028347,83.8210241840606,69.0119333696719,46.3979216727571,80.6325935263709,46.3108236802679
