"V8","V7","V2","V5","V4","V1","V6","V3"
75.9701083952244,62.1502423691781,81.2021227351508,45.8835395661147,64.9253007393548,71.8926686599294,52.6717145798703,69.4263781477695
72.370996673196,55.656338362438,83.6245248196244,48.1043728578496,65.9282012063822,64.3227192228392,48.4308007655842,69.1631815372664
81.8612460670937,53.3121225356805,84.8227171218629,51.3268227829212,73.2748931372699,62.1161261270886,47.3149817377677,68.2690447038183
85.5486750925625,49.7863208277304,79.9709328221623,48.9754584815117,75.3302081389292,55.6075889854892,44.6684882413253,62.7552860395688
79.6669681072111,57.0729579882997,76.5111617681465,48.8289929331591,68.1879047068837,62.2381325214739,47.9919644851667,63.1116707668446
70.0985736301583,51.400932950499,82.5335235744343,45.4147946283381,63.4484562002217,59.9284828131371,47.0925730484834,67.6498564666358
71.0290324903249,56.6677378278287,84.6474781278581,47.5112153053314,61.6458077267189,67.0334991973037,49.8523357166845,71.0439682637086
73.9255262375268,57.0785560788698,83.3617656052301,47.3177689802172,67.0481556769417,67.1623762204318,50.2170980490025,69.7276784197684
83.5671143858719,53.6673490933401,87.6596540560241,51.0039152805807,72.5407075395895,64.4166601684735,48.6160711275597,70.7280636796184
88.1736994309825,59.0360850075432,84.8276040847382,52.6559010016974,77.7366593524865,68.9233049578206,52.1957688897199,69.63955299531
78.292022531774,54.2308417924181,83.4771761213155,49.1570709879561,69.7178221158235,62.0384109883465,48.6519408764376,67.9240884859111
77.3972648720474,49.3920723420259,85.2058405493918,50.0329037175417,66.4834528654006,58.8502029356722,45.5397274456963,68.3528151145433
82.4022194203847,47.6530472375039,84.9753677185353,48.9260359204277,73.1411950919288,56.3742810530699,45.481053669276,66.7342585023712
80.5399036534234,56.1495745564274,82.103471081232,49.9105276799471,70.3280604632787,65.4000055376391,50.1794383169249,67.6161818001717
85.1595752418392,57.4787674869647,83.1425745706707,50.5554365471553,77.0830538179209,67.0991159455803,50.3294566020669,68.1981656621909
79.6445710457369,58.6574694311144,83.5386779371017,48.6030211745599,71.5542357368109,68.5672450550262,49.5497016193458,69.5725613873783
84.3449949712664,55.4421532699997,83.0755508143203,50.658368290614,73.3557030561158,64.1405830818485,49.7060225689264,67.5544234066953
93.9380369135255,58.0329513996774,86.2284916247881,54.3438653576206,83.4708962495678,65.6761772478761,50.4306999096101,68.8939946285257
75.1311451815519,55.7599871878575,86.0310350792632,49.4327049535464,65.2334553652657,65.2863493289725,48.5789454086083,70.9585081924504
81.2709243035597,51.6709022456667,78.985180758158,47.1339393880284,70.8276588388136,57.3189118870093,46.4361888293364,63.1192590848786
72.7912745327792,55.1480494613458,81.5569188773087,46.4121414192308,62.1048849937411,64.5847174531007,48.7417527924218,68.1230673988474
74.6056695844411,57.4566887521955,83.7544267763268,48.157496406826,65.8748532155065,66.8626210476201,51.830886730742,69.9376411944235
72.0162429496356,54.3522169710469,83.284192457721,46.8290078766338,60.9653105468041,64.2129586181272,48.8648473001286,69.3468082224058
76.8717798993885,56.1750593429784,84.2471279188113,48.6958026829715,70.3438589293442,65.0525972862155,49.1405418689534,69.2580232058181
84.2418411391166,53.1910861759163,88.1807439875337,51.1301348386963,73.3249318839329,64.1860527201916,49.9163818563999,71.2022205633572
78.0238582707238,53.1994466582292,87.5164203751157,49.5731084515641,69.70934182325,64.8070375024411,50.3484381629109,71.359964616548
89.8264191775277,54.7733066761543,80.5592183632012,50.7532409306465,79.1222970111451,62.0313357693866,47.8380962490792,64.5161876342578
81.6656236043227,59.2973505176857,82.6495039266363,48.8699048834176,72.7462317642285,67.3260212441792,50.5561420560996,68.4579673142438
76.4968215320868,54.0238555258027,79.4671673203517,46.6587229410923,66.1155530298827,60.1340353309447,47.3699329345772,64.9011034764249
85.8361586685125,56.4196784429483,82.0047754364613,50.2739342246448,75.1947077595316,63.8654014398587,45.5139368155259,66.5471770279611
77.006783826856,49.0772237406775,76.657441982018,47.1719018203432,67.9209822303577,54.5416030352476,44.5477562727306,61.2557195847272
83.0315850275819,52.1753349670925,85.9832142416393,50.5721832881865,74.2072494232815,64.0353643229112,49.6199940297943,69.6553587607333
80.7822531503514,59.9207287273518,84.7325484761793,50.1140243630227,74.0678337308975,70.8976278825426,51.8908267667046,70.8081962873001
84.1236927945369,52.4866371910934,86.936290394083,52.6327101132146,74.21262702768,61.6168800555517,46.5418307433105,69.5153278287657
88.0075286169925,53.2984547265012,85.4633783382819,52.0028055802497,78.7158990814145,59.856002302592,47.2844627607049,67.5029589936005
79.4539320312682,51.635012743025,81.8495715411294,48.2968643362413,70.2065353893258,61.1637915304935,46.2661546860491,66.399723341228
80.9874190553229,51.7954458438313,87.6220345281764,50.1248795905905,73.0297973149776,62.2231091137142,48.2266786969888,70.5048162767694
73.7508535661634,55.2847939398668,83.2954931559958,48.3059648983436,64.3066826520067,66.0017762559876,48.4817689468476,69.3836525178482
72.0167731612697,56.9110634304238,78.7763272681142,47.322622822711,62.7420203310192,65.1596608289662,47.7517164551706,66.3797667529974
84.9632123788966,63.2209651246324,87.266550542333,52.5317217749483,74.5433382358435,75.4816154239027,53.0258732453284,73.6607938167183
76.5905019896399,56.6630031311217,80.2826764101369,47.5099144988423,66.7500468541245,64.1257863236999,48.3276463918393,66.645769162043
77.2826232373903,56.6350664608957,82.094285349937,48.3740611884433,68.9557710043406,63.7528494639874,48.2985206681833,67.5411348351279
88.782986463503,51.9783516273189,85.4736041900385,52.4841029968958,81.4137860334628,62.1282862753449,47.2139858057638,68.0146652503865
78.152522509726,50.8537231466203,81.4691365405343,48.6485860399628,70.6954933853176,59.2670456661869,46.2097786502401,65.5769977236731
80.9592653916312,55.3882478670992,81.2598081183307,47.6910596034131,70.0178079482872,62.511287214775,50.3749240421441,66.2589690256812
88.9624161324757,50.1835931119636,83.5569501930189,53.0168583963448,80.7363585440617,57.3345135382827,44.2785567588697,65.1832175195293
89.8967013769457,53.0154612681205,85.4102865438836,51.4460101064723,77.0380734564712,63.2941346861,46.943221696712,68.3793774479375
76.2921005267368,53.4953530033836,79.6742271715002,47.1231964804445,68.5979439454406,60.8062791201997,45.7006635620778,65.1221446762563
73.8241957266357,56.9543636094438,79.6609587713003,48.3466318769647,63.9801306133248,65.7257599382538,49.1529715440141,66.8213869675012
78.098671439666,56.0005927108396,82.3333426109492,49.5247950293908,67.6163820243565,66.9698092606615,50.0710947942059,68.5153961325382
84.3329373898169,61.2049334771505,86.4027725425024,52.8630188293484,76.7709402104441,73.374675903792,52.7814363740601,72.3084764217464
86.4793730441563,56.4292237477688,85.4962152005688,49.6610006904402,75.5043071561364,66.6514935536339,48.000796555254,69.8874762539897
77.3919042960704,55.1362001341806,82.5145733062283,49.6208482835106,70.500905209321,65.957609046205,50.929361977985,68.403299620688
74.0833541058483,51.2423856030765,84.2490558454605,46.5548517764363,66.3964730103576,61.0413833174581,48.4155611435473,68.6760863146776
84.5932331598368,50.9028002688158,86.3181878125691,51.5661417657016,73.2453971998142,61.5103078640679,45.471899097602,68.9800953874677
79.5594859851745,55.188201988662,84.7643706104788,48.8571925765912,71.9829279263088,63.9760556106021,48.4890207817701,69.0560160388326
87.1478335621214,57.3118095605382,86.0490448351141,52.7104920616849,76.2780270248246,64.9141155438737,49.2638670936703,69.6155739633563
84.3216931992946,52.5344213630745,86.2497620219899,52.4973157623993,75.4255077736547,62.1051322005619,48.4730673909685,69.1149038618399
83.4504196033165,54.4102615947523,86.0756964317976,51.8046741343485,72.5569103428623,62.4018190064105,47.8790268908232,69.1248007705263
75.3379669342904,50.582956772113,82.1450627207036,49.3087429595579,66.3512794778791,58.4403924686649,46.1487413622988,66.210087102067
76.5932597990258,51.5513618517432,86.785544967678,47.8186211721711,66.4767618801597,60.9614424520662,48.372381345209,70.2373406897857
89.009616634532,53.2827234927379,85.3125491376713,50.5081140974809,79.8637099107637,61.2780424719657,47.0291866268965,67.6437621751815
76.8336525970295,57.8968740903655,82.2046225665444,48.8331837791055,69.5176712362292,65.2538202164888,49.3067283228342,68.0998718888454
76.2911396293579,53.3674075851851,84.030899895808,48.8286428007605,66.5543746682696,60.6192909117072,45.7967120079398,68.0645779467467
86.3172076403871,49.8169923385685,83.9750456846211,50.5003672302116,75.5333587760814,56.6695163864921,44.6844600820866,65.7716735065445
83.5887355723232,51.9580671940024,86.0776936488678,51.5665327491254,73.5689536772308,59.6322898288895,47.4644201938233,68.420616350212
73.5446273800957,56.4503455421045,83.5243090122034,46.079694872211,63.2751262963249,66.8613965353322,49.6604293242575,70.0521909927726
78.2384045374381,52.0730680907832,84.0994210318172,51.6366338249833,69.7749246510416,59.8231938046337,47.6963512580514,67.6469902176616
87.1519201262091,52.8465578354299,87.9672437055824,53.6938210524447,75.9272707510394,63.1934092577008,50.2061916596119,70.277426515448
81.2081281960023,54.3258773363167,82.542847644619,47.8035405328795,71.822290936317,62.5579984415681,46.5438493602609,66.9931863358681
74.4152570940176,55.8945937184364,86.5396887823247,49.7411688756485,65.1513100259278,69.0197913662834,53.1312365502183,72.4818448956145
81.991181196226,54.6877499947255,85.3904316318907,52.2645899282,73.4746889026504,63.5129089239565,45.6332984252409,69.2153281579801
84.6422411514497,58.8382212745868,84.0320289645906,50.9633163405674,73.8369506083241,67.8246102337698,51.5832314148421,69.2151865859912
79.5784300194606,50.8152707320967,80.3819227800108,50.000802398652,72.2478182034178,57.519694399822,45.6344104234166,64.228581192653
82.034220411805,54.730606005303,84.968827989225,51.5095173293988,76.2686182885023,63.9456202449798,48.1737353930006,68.9467053457121
76.1110994271355,56.5759085034235,86.7858591475738,49.6114043437136,68.0676943366744,66.3122178691717,50.4057870083411,71.5134162118765
88.914842410028,57.6434567208339,83.4144169546121,51.8711853749408,79.361305200155,70.5725845354082,51.1600300531483,69.11612551185
69.9935946319053,57.1893785001035,83.4902804265423,45.7477422089607,61.6776689751843,67.4650546692258,51.8856136171225,70.326010496486
83.4849062462151,54.4272842864853,81.9708242636673,49.0543250679658,75.1340961822602,62.7464094967079,47.1458186064188,66.4789364363994
79.8434985711464,53.9315500071047,86.8006738580353,49.8807936336148,71.2041306557928,64.6650182508105,48.5753256535643,70.6813730964275
83.1947689153407,54.9561935705169,82.2835795839921,48.9846624388421,75.0012317946923,63.9778149484903,48.4846089142438,67.1138707745821
86.3375172914489,54.4739565269632,90.8203299150044,53.5983276286783,77.4227247798257,64.8087627282818,48.0691353478966,72.7099394008751
71.8512116833669,52.7776200570414,78.4788768822838,48.6813417075933,64.7533738481166,59.2499402561858,45.1042895635441,64.2295857366302
77.3747557152405,51.6885642892682,79.2722005173743,46.9434116340556,68.5646314071987,58.6348937532828,44.8649659898764,64.2378443501426
80.9285888722648,56.1104884767531,85.8980668617595,51.0923932285728,72.4226319269342,65.9094840118678,49.5091993034888,70.3353564295495
83.8895304588405,50.1142398129647,89.1887245819273,50.9423346546721,75.2837877071137,59.5480607756454,48.193364998014,70.425917288416
83.0285340311803,48.6788178138817,85.1753513439897,50.9971760423262,73.0873781200294,57.8236760889255,47.1763890524846,67.1776091805094
83.7723126514984,51.0381548941249,87.4643741088193,52.446790132839,74.2750913051126,59.4725592111973,46.0909499437438,69.47634885932
84.548223232781,56.0777684918877,83.8422406544108,50.807148568552,74.9839721298959,65.3829158325545,47.8670084409292,68.410168194478
89.1417189528458,50.6496773955442,85.4650145460287,50.5649877689863,79.0584688107871,61.5322798800201,49.3233680115124,67.8580862517221
73.9019120590825,49.4474393696789,84.5440081831312,48.6021233134591,65.6185234156086,58.8041864037393,46.0384478498268,68.293139265522
87.3005806143652,52.3458772900191,86.9523376048618,53.034718352466,76.5457928259472,62.8368602977545,47.7680905545226,69.5470738121624
68.188832724604,53.0937585717648,82.3709054785948,46.1547054061414,59.4380026177888,64.7975215762943,50.6313847522223,69.0992660187376
81.0732498682526,52.0071425124999,89.0425778193883,51.4588843892326,72.0008428429591,62.1985124580698,47.7754307739381,71.4778754732858
74.6226731306243,58.845288761001,78.6128221602882,45.472346766383,65.8011117749706,65.5566417507858,48.8944733713559,65.8306784540344
80.864321518476,56.0165053662475,85.6951208744555,49.6428156820561,71.1701066630067,66.0881019019704,49.1062239267787,70.334460665941
76.416932569259,57.2803604985677,84.2059206469489,50.3441821794359,69.4166413384488,68.1652579141984,51.1163512797061,70.3843147173335
85.1737047871399,56.417689716458,83.8620637604477,52.6708323761376,74.0283882937671,65.950089791713,48.3093886323848,68.4619447443562
78.3487441774125,55.4524315221426,81.8196815169572,48.7552540063065,66.7697661033852,60.6836430149231,47.8480421146625,66.5410123584137
80.4518281641126,54.2732979263827,84.0395355628994,51.2997022845461,70.6110644016777,63.2497180079109,50.6389086385016,68.3555583169011
83.6524163817745,54.3472158189845,85.5836577726684,50.7088045966238,70.8898629067252,64.5885768532528,49.0111807062896,69.7321546376959
74.3853381580885,58.0528526152689,85.7792316455813,49.8031523110492,66.610554547758,68.7740164886708,50.6845957167375,71.6499238034529
74.7800789417109,56.0967904823412,82.7955620717395,46.8323126358725,64.6843818341307,64.0197862990184,47.4091326876401,68.2846193420237
80.2286164968321,54.4960854731087,82.9225958050378,48.9509909046872,70.8156936096516,63.6773400874303,49.1029015997689,67.7935792519799
84.2489280502276,55.0073736780195,85.6371974967485,50.9267700534878,75.5913480021908,64.6996806257729,48.7527020825711,69.3102929940045
75.265000099716,50.3396391737373,77.6047151762127,45.8471318837695,65.6661986968008,56.4691685903279,45.8086730071483,62.571767623271
72.6881205358465,49.0181223967039,82.7596783542853,48.4806942078739,62.682296211349,58.9885907538553,46.6771406701511,67.2537863326031
89.3881943672783,54.4961684429521,81.3336367629725,52.197263814918,79.3246125813241,61.7325250215711,47.8220649573493,64.9995828675554
76.3217946506871,58.3880992785178,83.8311145115067,47.995914777756,64.5491716968177,69.2556027850099,50.9333063137515,70.5012239476933
81.9873407764927,53.8005587077361,81.479386071259,51.7674718260487,70.5939239521913,61.4000721199288,47.3263604322359,65.9590467667767
79.927624343539,52.2348000259124,83.0544961250131,50.8691150156217,69.5994091063835,59.7312725959293,46.5440930096117,66.8278025656325
79.8231411456223,55.4990804707231,82.6709413135191,49.3204629483205,70.1383837072798,62.9210552288872,49.906253809604,67.5264178833451
76.2407338122188,55.4626132243692,80.1360868633948,47.3343593673689,67.7393365655384,61.95509780457,47.3366846331729,65.836661713829
80.1150010854363,54.9097949064965,85.8965715433764,50.783521962046,72.7636858656136,63.0558314342245,48.0582404094595,69.6304824625813
88.8712014006937,55.3563604008279,82.9888379667787,52.1889988242991,77.2592430082,63.8121078555038,48.7550758621741,67.0501321379823
83.3966747939679,52.2601326342838,86.0699783622417,48.5444176461614,74.668410582531,60.1140426252414,47.8504577141743,68.5540197259796
78.1840796096755,55.8987630123541,81.0051198699361,48.6141272967014,67.6009830919559,65.7679810276708,47.9265076876829,67.4004607398092
71.6668414566503,56.9401724973843,83.0745742076839,46.4528895074197,63.7882418570478,66.8560121952139,49.5100737614873,69.8339532348342
79.7173800746992,56.4204616166828,80.8800997669988,48.3372214664468,71.4220529057345,62.6814951658763,49.5801226234414,66.294368429054
76.732908338308,48.8506182399229,82.3336515429935,45.4576376411271,65.2964177418841,55.9054888098562,45.7924824299464,65.4759478279711
75.8379029553387,54.511030704285,80.5681095523841,49.2105050834517,69.5308447170597,62.2408981387189,47.7138238291574,66.1951854087308
85.9691535335114,52.4094252279892,87.3876722166375,48.9705016787673,76.0607540050596,61.6361993454396,49.4888526737739,69.7017463653842
81.9101214024757,51.7890093586862,87.9911312975389,52.361942378897,73.1716792302936,61.9170568940704,47.1482184443837,70.4974245287479
77.4133322375783,58.4180453223748,81.8006071409606,46.9146214480746,67.7152338325554,65.7390053668071,49.8712651162903,68.0602980586048
78.143179209711,51.6918677260984,83.1715155659377,50.0752784377832,66.9986860262888,61.9965213614304,47.7493854939123,67.7482197186477
65.9745279499193,51.2357558860251,80.9421705471273,45.1892971891943,57.0943077503491,58.8015174211063,46.6888384245668,66.7142287193276
76.3881693432741,52.6537745315468,81.5120003878638,48.3874748614271,66.1788956746442,61.3984543914725,48.0006745093711,66.6958225371478
84.4367335931954,49.9180879317244,87.9743945199947,53.4899633626809,74.4323517558523,58.881433926746,47.2881380075936,69.368006473439
89.9268785294065,57.2589152706234,83.6483891630208,51.4361999557971,76.9713463246535,65.4766851733846,48.9084521691377,67.7756993959043
85.7596542692801,57.8937331722409,88.1187784317917,51.5361930397818,78.5753387731348,68.8584324241238,51.1489805607666,71.8855463226178
95.2715920179091,52.3229972962001,87.0315811373365,53.7786584826551,84.3441249007346,60.6646237169634,46.5717120976747,67.8624487028486
74.1019536190831,51.0387998710249,81.5117484845597,47.2539274858151,62.6716797742843,59.2140783816094,46.1513472204695,66.2299178131092
92.0504514120583,50.5070913510103,84.8235912593629,52.525297083597,82.0569273963523,60.4212027827852,47.7384112377663,66.8023401043732
81.9320095803501,44.2376755343061,85.0900565731158,50.3132402345997,72.8984313049198,52.9351701769473,44.1771294848905,65.9058773705211
80.8053854043588,54.7127777656723,84.4327223323992,50.0159442466132,72.6240342850756,64.5769791490624,50.4778938689724,69.0713409727967
74.998901067508,58.8664905234619,84.2761218143597,47.6653690044876,66.0527441428384,67.0469325714862,50.0248253185162,70.0991863500396
80.5494963648005,49.4685614884898,81.6210771410052,49.2593700074435,71.2036042037722,56.7058971113374,46.0907799674368,64.6501857623326
87.1346729144156,56.5572904524231,82.7717445161887,52.2935502366536,77.2610542829968,64.5040262824704,50.193571160971,67.146278724933
85.6895410983451,52.1154786866465,81.8558420153431,49.1507358790988,74.8699655906779,59.7064416792911,46.916312646463,65.1741964757374
77.9124142454008,51.1946838682535,83.2321399244678,48.736133560827,68.5112229115126,59.0046985679421,46.2978716499433,66.9931110239892
73.9684744329299,59.9083867969122,81.7932862407624,47.6751720833484,65.9002039497738,68.8093885861168,49.2629984415491,68.9938734877577
85.7305328784904,56.855170149483,86.0890164382596,51.9427091600689,75.9827328450259,64.7520616080249,49.2813002862044,69.5187065952748
74.6891546568937,47.2714535225919,80.7684738275875,46.5258242463601,65.4825769261602,55.6122229740624,43.8621557952761,64.5540322190123
80.7662171730082,49.4561973031684,83.5707857893326,48.3369817750432,73.0661669688758,57.0033853093905,44.4656582246138,66.2573355148543
77.3523316636545,53.8396637754902,88.5760978432621,51.041983985813,70.4040289569418,65.7652703221109,48.8191433427718,72.5008468800408
73.7645208593129,54.8762867503297,77.303468383042,45.3055448916397,63.8104903463223,61.0333344308937,45.9545329704188,63.8982399857596
87.168896877102,57.0082030747109,83.5762340922982,51.3763267657756,77.0829831616309,64.0418151642444,48.8330721940946,67.5113083169463
87.5284807839723,55.6223955727151,84.0893502271284,52.6917270038732,76.1458998706636,64.0864691407145,48.9349332059523,67.8386777804989
83.65689863369,51.5004601833352,85.5436394944459,51.0793153314175,74.1412766784931,60.9636817547296,48.3094913142927,68.3471827488464
85.2942598987365,53.4720814334568,81.8158682084682,48.1071662710426,72.0796661770867,62.777455763286,49.1052581619765,66.4286059581545
74.7369039481081,51.7848391931454,81.2785686550399,48.6060092218,66.8148234170124,60.5859823694127,46.8451518997304,66.3994664907856
78.3289728585094,50.1570631564513,82.5723606533488,48.1214940530739,68.7192672601015,59.5889540893556,45.3256882361021,66.5214389318876
75.9580322625443,62.350742386325,87.3734084194003,48.0477074126986,67.4376621860371,73.5174892191277,52.0829690288173,74.2102514981886
84.1474049573576,47.8421694978717,86.0216470014059,50.7476269440433,74.2821616201954,56.6307465168903,46.786109427927,67.4483528061191
84.4668683150187,53.6365035940963,82.0265999933006,49.4702735946956,73.7668009782156,60.0658319671283,48.4836127804787,65.8232588243334
94.0781086099696,52.7356532414982,85.1543284945817,54.0007388658735,85.2914577814859,60.6715292614394,46.6683859468234,66.7530369164586
94.9748191076709,54.288771620251,85.2618385622839,52.9051024531822,81.3313537691043,62.787504164894,48.9348387569188,67.5226893125128
84.8344410466427,55.6583115694915,85.0848630123138,51.0620909554046,74.4510984321859,64.1876520600765,48.2166758832763,68.8931950638223
80.2332885146515,53.7606227419426,84.5610474691291,47.8668071680607,67.0480996720671,64.4510875260023,48.6272248707312,69.3883690234713
85.0470667455403,55.9895374387185,81.8762908141077,49.747536006415,74.0604489009495,64.0055584992218,49.1762355042044,66.6790217849591
76.4729252425462,53.1959133097268,86.4373194493147,49.8427781740962,67.0227052565787,63.6988932782235,49.045370635466,70.6526374083572
80.8282472872974,54.7181472003422,83.9367952929953,50.2461812385333,69.1799903303226,61.3686210246816,48.161590614986,67.8037768875783
75.0147652805272,59.9756219099561,83.317769631343,46.0179004105771,67.6489457483066,69.5660790593568,50.5043049555924,70.2099666950139
81.6571794656415,57.9044520529447,83.1785051893488,49.3956914587788,73.9540022507583,66.0991704402725,49.6330285166364,68.3190399950566
87.6831512002094,46.5616552597093,87.0833576509142,52.6683075573028,74.146106246662,55.3024693894125,46.5124386647867,67.6458193774376
82.3553638021979,55.1755089890888,88.0434162102093,51.7691191047255,72.9171014331592,65.5422276119405,48.2197721565596,71.6643226287539
73.8121738103728,53.3179897131978,80.7174126243941,47.4616578218118,63.7974556056664,59.8507515261085,46.2835000670512,65.8996307530583
85.0445857078291,56.2994569114864,83.9281090533501,48.8325109304783,76.4966243529989,64.0384697105202,49.4031147741219,67.9533841608268
80.3616433021828,56.1345870094868,85.6667929067569,49.1689392584552,71.2529276914339,63.8547036264722,48.9818272286924,69.7336350225087
69.0683878893651,56.2089291337602,82.7647138509202,46.9047209717652,59.1472228086816,64.6198158000387,48.1508251890881,69.2486858241965
85.39583100059,49.9620418156055,85.6240528991282,51.03279077995,75.7142358543839,58.9313747666751,47.2796202032368,67.6779138964891
89.1550003706109,53.3779651145847,86.3780548322297,51.5513966227559,77.9180343860076,60.2844919289065,47.7830566846131,68.1891117994576
87.7445640505288,57.7034256493938,89.8014166662225,52.4708684465,77.6612215643453,70.2632108730739,52.1853942104555,73.5064499411146
76.6129736753897,54.1187293219624,89.2883733059785,49.9361315073698,68.6565380465015,66.9098844124705,50.5666315773694,73.5160919317666
92.3138249459844,59.8320964787406,88.300952043755,54.8972849965937,80.6233173633641,68.6013624998133,50.9135197835713,71.5787201523784
86.3782924927129,52.2262787373985,88.3108015420675,52.9976286494194,77.0816731763989,63.488325077537,50.2203154162296,70.6433721676574
73.1304972287618,52.6742815949159,82.5589473065389,46.7677685423508,64.6577507220049,61.6607317220926,46.7029699996951,67.6717429419786
74.7591296419579,56.6229324912463,85.5933022933205,48.372307691875,65.7739278611267,67.2019620467568,50.2383647845271,71.2522237640322
84.6400795781352,57.2656798329584,85.5140447400007,52.7431988780482,76.2870589311883,66.9008548940979,50.0501962026982,69.8495725410727
77.9020534435005,52.77742713772,82.5027091742491,48.7084681639798,67.0396107337471,60.7241016682235,48.6735722570746,67.0382974561178
77.9815775483671,49.7107240865396,82.8246723311574,47.5078535372714,67.5461605362561,60.3429494926173,46.1343328699447,67.1258355550193
82.5914578147533,55.4291863604946,80.2605980435318,49.7147495121968,75.0447125008791,64.8873103832211,48.740286081828,65.8736860121978
78.5133911835631,56.3607869780803,84.0630407150476,49.6246760182737,67.5118782448465,65.9635913539135,49.3063786409169,69.4215055315788
78.3353859561552,54.9275885861119,83.9557347903583,49.1493925458614,68.6711538000722,63.2854954523408,49.7640132263884,68.3993490002799
90.8606775361271,52.59088686348,87.6642643370981,53.9292561849146,80.9996509763435,62.4672701132324,48.806639619622,69.3385166688362
84.1626154635881,51.2626209890561,79.8773939830692,50.7914685199855,73.3348774110696,60.6565704056955,46.4056594438829,64.3431755305186
78.4371331579723,55.1349975477157,82.6081068284497,48.1656518195768,71.0419385782766,64.6701401541961,48.8491007715329,67.972273145882
79.932397600937,52.5262301168955,83.6037072273854,49.1035338811933,69.4787159837083,58.8073790167016,44.6903182553218,66.8972044509866
84.7090300813036,59.9611721782055,87.1594359730395,51.9661959991238,77.6973547479206,68.0593211448252,50.5934502589226,71.3123271264689
84.0896420512377,50.0473505147665,83.9078208228575,51.6259952793202,73.548931685839,59.0760287258519,45.9712864731322,66.6402642489124
71.1939179591008,55.1699863358037,85.1631509324876,46.4796446835513,62.186042776691,65.3794593105025,49.8395611036924,70.7867051241217
96.6051367238141,50.9025994441743,85.2902591495228,53.4466059679228,82.9461784836836,59.7241518652552,45.4968170164509,66.6592847191848
79.3750857126423,51.8380020650389,82.7142313660272,51.0451973543452,70.7281564889597,60.5933861076294,46.7428190772484,66.6585077817609
76.815062829562,56.2708066938654,79.8908545613481,47.7997958337548,68.3500995611561,63.6010560086487,48.3339732822887,66.0024916822402
76.6309729941651,58.2390912979109,81.5682543564713,48.1957611500378,67.860995538419,66.3594386324661,48.8217827509007,67.9804393338567
85.2170247896798,55.9856891061125,86.1463278739083,51.9575152258639,73.6015359977639,65.0788676298744,50.6232146114857,69.8481632531165
88.3460172226768,50.1349580935501,85.4196753198722,51.9301913318929,76.2284534098979,58.5163946368126,47.3700012879413,67.3704945237345
78.2269636139676,54.5047934919984,83.1980539590973,50.7377290531834,69.6159008058157,63.7254758097936,47.705992256155,68.2839050357473
84.0520643728364,54.9218131333078,84.7444142345224,51.7108242450142,73.2317095815112,65.7807975063732,49.9795525329186,69.1931171232701
82.4350411620182,50.1712370800598,83.5648550657981,51.1154882308132,71.9035893057033,58.7743377843911,46.6168195543515,66.6085921371567
85.9777321857504,57.6900986876923,79.8747401543647,49.2793663033344,74.7806573941487,65.7907782489228,49.7621211227834,65.5258830720425
75.0721379139249,52.1032969095162,86.4191085490938,48.9832037299001,67.1786396621603,61.1257281702384,47.3748580878722,69.9877461902443
75.9842636957591,56.3080899378842,85.590363877213,48.7211364835092,66.3162187692334,66.6193280431446,50.3156195034919,71.0745746306407
78.5732266518869,58.0710756227465,86.1624359132699,51.7746583731751,68.8751357141592,68.5556452282657,49.983964722863,71.5759530770831
67.3748837086732,56.4978123836743,83.9504068076469,45.2779116114242,61.3319566238452,66.5178147738475,48.2906826160276,70.5822711751974
91.4877975623003,54.8513048746234,81.866165485241,51.1822981324154,80.7811384069447,63.7520034164947,48.6900939468606,65.7664937044254
70.4639928627843,57.9805236702849,85.6083435237764,48.1398101528223,63.5762015369366,69.8402154587705,50.9895226321408,72.3514611103472
82.2001994131224,51.5650003746951,85.7217947053906,50.7145550965391,72.0860366590235,60.3321711848954,48.3143271989728,68.4900378961645
76.2854539754628,53.6083591132695,83.4431618869218,47.487595456143,66.0625832086856,63.4688495940204,48.2726378483936,68.5506351751811
76.4146303112554,55.6611461364344,79.1116383670183,46.6769319825445,68.185402274235,62.8366720166832,47.7711963865349,65.2385197540684
78.148638225285,56.9226724337079,79.9417684909316,47.18304182806,66.9880488961505,64.5551150114232,49.6602894653833,66.2344413917467
75.8338275935656,56.0859633768658,81.4110935032005,46.2494887549232,67.4380819373587,65.9630516925317,49.0198470995888,67.9194640511615
70.9269916149536,55.2823768571457,80.6881375591928,48.6598016857556,63.3306188945654,65.9715149713973,49.0000145182027,67.7454903610316
84.169298578675,52.1264363669059,84.3331821416449,51.553054502159,71.7914627165271,63.7403270167242,49.0389044434909,68.5476961869421
77.550882224724,54.9390600485095,85.8703559811385,48.1330460569448,70.9220149774894,65.8371278254168,50.0666501401157,70.6129742959435
84.0944200457483,51.0663839962003,84.2440291726773,52.0747768568495,75.1471211289954,59.556220003663,47.2582080420753,66.9755766047683
93.067094198019,54.9358760141023,80.5982385857292,54.0199853435472,82.1856348918845,61.7615233454365,47.996081244753,64.1767408463015
85.572657841779,55.1599316965206,85.1900065086774,51.3535133019709,76.7092236451381,63.2813787454336,51.1634444483591,68.5316094866823
78.871101610397,52.4540686042476,82.9750924199342,48.7019071365123,69.4537631636683,59.1959871005955,48.2667986232995,66.6549035955338
73.8961000620363,57.0865987326563,84.8748754112768,48.9923812569742,64.9517287725683,66.6241956574271,48.9120141473955,70.6702455029612
88.1747912094405,51.4078030484557,88.5304738014248,51.9713968640821,77.840196228779,61.4071747717854,49.54279213545,70.1350196002501
73.9420170635501,49.6895778365653,82.5367138185024,46.4383839170504,65.4370677649903,58.6845210633654,43.7989675576565,66.6938478870681
95.5554135265106,55.4079926221815,83.783047796966,52.694098574291,85.7236780344448,63.7330642108024,50.1650504614461,66.6213331547538
73.7583263359786,54.178747951637,78.9208196799376,46.2252550213578,64.904459494704,62.3565785507691,51.4052174164919,65.4111072796075
78.5564214574047,49.808294797575,82.3537512818913,46.7918059934639,69.6391008385207,57.222582996302,46.891057282396,65.5136104001131
87.6043729842324,52.9963022831581,85.3732638394691,52.1906396778296,77.5207646909721,62.7464917264882,47.5646430715841,68.2613447389247
80.749450212196,54.7726738652825,86.3257157345468,51.2493707352896,68.2729447701219,64.9075371010094,49.8101893329504,70.5227080395731
75.0002077302834,58.0412469278389,88.4223794758361,49.7364510916728,67.2374890919283,68.7762064210771,50.0251242260819,73.5775246367465
75.9496577856556,51.468105117021,84.0317549059841,50.4501894509877,68.0561422930366,59.5778578322671,46.263382765985,67.7269515273333
82.4714070908666,49.5829209262288,85.83537747463,50.1152239895677,73.7984066589083,58.4454614728404,45.1661466622024,67.9970807735506
88.2103053769417,56.5386910079603,89.5992335432769,53.0275455274806,78.2682202936393,67.4126007695638,52.0033986084609,72.5078384033434
89.6276103055452,49.8331811785325,84.789242243929,55.320272250906,80.4427469119275,59.2191846975462,46.4485137930604,66.5060485167742
76.735907632196,58.6477659566047,80.976665865863,48.4010612095337,68.9740772234368,67.7164532826464,49.4295870427951,67.8242874539989
81.8947174531012,57.728668067829,84.8784658016681,50.1082009585501,71.7100503508149,67.5533020815364,51.6131537048772,70.1758495087221
80.3739673766182,57.1097008784429,82.07471705946,47.1037890065606,70.807575474459,64.8778801405313,47.5013992785106,67.6196057791049
77.7326049527264,59.8640254742375,80.9707835745902,47.579458059812,68.9691184439781,69.4923284502582,50.1030704928563,68.3348915241295
83.9446437181539,53.0438109647221,83.7679736876099,51.9859693905487,73.2279709124057,62.2444235749468,49.4734182639341,67.5268839526414
80.7708523863289,51.8410831025473,85.3628467765749,49.9896573438545,72.2336831694098,58.9370798653232,46.5561277087544,68.0320330670959
80.4530064840747,52.8068426316036,82.8884935643373,49.5855820800336,71.3665973207865,61.1022349892571,48.933796510348,67.1351099090152
82.4572669968884,54.4886751798367,84.7362154643159,51.0665993662403,71.5316410110358,64.0805902424907,49.3533929626938,68.8242288193198
72.8014943255209,52.7140674476801,88.2642551935801,49.9584157854782,66.3370997928352,63.2788883473546,49.1043556121895,72.0219915456729
78.30371663815,54.4341541513517,82.6557954450288,48.2251014383313,68.6467426549695,61.8343271625366,48.622361255736,67.369315116412
72.2613718630777,55.4473312328106,82.8044128648164,45.1279059735462,64.0397521075248,64.6954762474414,49.4172406711401,68.8526452498973
81.0245977688698,53.8139195532052,86.8127045485321,50.213469239291,73.6186884963423,62.7986880311429,47.9888649845553,70.1632110079532
79.5791024755688,52.7986963051655,82.432389553606,48.2623270336859,67.1402241435886,60.6132968329021,46.6557637902142,66.7461112874174
78.6860708154055,52.6645363118637,85.9731248820533,48.7317550808089,70.5947380520723,61.2293190565102,47.4147248427039,69.2202234162646
78.5614551797632,54.5333296197985,85.4642318499119,52.1124528420046,69.0185856283807,65.8217058178002,48.6324422483573,70.3669727006404
91.6820704861223,51.0641629418686,83.5329754636479,52.8818834650698,82.1878137452714,57.2171947553188,44.5115015169526,64.8784099866809
85.4310977682219,54.4619316409171,84.4781739113894,50.9748586493232,76.6833532057191,64.6368299145147,48.4488427350255,68.3888546956179
82.6891026887456,51.2531844723357,85.2473668799599,50.3399968670926,71.2854589173942,59.3351182175786,47.8878912473096,67.9250654007614
84.088196792363,59.2446044571031,83.1104979244405,51.0978766209476,75.2510133932979,66.7296547356517,50.2535218602043,68.2927538400383
85.672748704661,57.4672317881663,81.6429340282708,50.1679777416325,78.3967729798281,65.1607846832093,48.1650948063221,66.6034163465858
79.0200849895534,52.3000558094415,94.6009096833713,54.3698246428398,69.9690356694632,66.2816089084596,50.946333388829,76.799326850592
90.3502925174409,57.1320028703947,87.4418268127321,52.7094997206611,77.3728435131537,67.3967296963243,49.5670789262966,70.8598185843011
89.5878619969326,52.5433485032535,85.1315858287964,52.9274963103527,78.244342594436,60.0522421979949,46.0903713191161,67.2077181838711
81.5134480169206,53.8049970157739,89.7253475489994,49.5942524666909,69.2802567213912,65.0549140517116,49.7428634769236,72.8239843101673
84.797742705768,58.0281534162496,86.1117785784277,51.4838697888942,71.5860124360713,68.6457215538675,51.7137986856661,70.9935260350912
79.586962822328,52.1840161773169,82.2356248270366,50.7497034986949,69.841919099142,60.4452532566427,46.6938461012132,66.3555551666613
76.0330530874798,53.8816463780916,81.9851696305687,50.0359096312493,69.6824143787843,63.058247475337,47.3209693753258,67.3293066980932
78.2895713749216,55.490065545138,87.8335907080829,48.5714951107654,69.189984935317,65.8687123528286,49.1052610240759,72.0389922752096
76.3924309475986,52.5149078910794,85.0382211852573,48.960953848839,69.5227977161967,62.4841936177631,50.0323912313618,69.0908624823848
70.195279470901,50.4484720493436,85.5785023760978,48.1804777557602,63.328181776542,62.3918452948828,48.9871433714614,70.3167529552114
83.8794651618001,49.7460518517321,84.1581155622314,50.6304251337411,74.2080772021587,57.2872851107138,44.3975925348035,66.2952749967844
80.3758888145465,53.5712997418522,83.9458719249623,52.3899947501641,72.6421216546617,60.0473192812207,46.9384912346491,67.2477778739641
78.981679517484,56.2010933146829,81.2093086691966,50.0940887026777,70.2193926578684,61.8919819339592,46.7707292013861,66.1869174050382
73.8752351315639,54.5222008439688,84.0800839995099,47.4852936852369,66.1816432830784,65.4788804816779,51.3009844016067,69.7506294246389
86.3780917458822,56.8629602193232,87.7388593165706,52.2184274692327,74.4818728888135,67.4599318645978,50.8661464049488,71.6399105425546
85.1884128620576,54.6772169970069,89.9144939430503,53.1155930948024,75.5660166981963,64.9735975910581,51.2998912013837,72.4249973398401
81.0621761810042,50.8671353034325,84.2425874567375,50.5748968521088,73.3650639245957,61.1157874797368,48.8225154967984,67.7525055024606
83.5599956710576,52.0245845767472,83.5841879431199,51.111929416887,72.7563898289528,62.0482917147911,48.5672608977547,67.5368647160098
84.3799815315978,53.6704498760989,82.5761832666314,50.7949900144765,74.7216174532023,62.7108207182933,48.1217305480154,66.7347486255353
74.0343645616481,55.9451187886079,82.4095596006177,49.2369677537351,66.7633069440348,63.9184222906493,47.1731227861686,68.1909291152343
79.9553817970765,57.0239898706872,82.6694353335205,47.9346393360385,68.69861718262,67.1790768892053,50.261293030495,68.8680517659815
86.5546895919285,55.0630009240316,84.1783537270742,50.6626959858535,74.1117788534394,62.7770388352878,49.003559415983,67.731247935811
79.7492083506168,53.1858834094957,89.4055189690551,50.9202623354759,69.145480122622,64.8126684425774,49.8268621811539,72.68107172149
80.6533879413268,57.4887665591822,83.0627834110372,51.2716880444222,71.7549898364781,65.7585927005031,49.4536734198189,68.3296684300302
83.1121587695667,58.0650070667593,83.2335279832204,51.3024581943447,74.4856413657106,68.4408338443039,51.2743814727839,68.8507774395718
76.4940928526768,53.6512600258137,84.3687796365905,48.2664996737261,66.8066943675262,64.734353661893,50.037579232289,69.6205620661012
70.3796475749033,50.6010638298073,85.4004515867081,46.9236527485485,64.1981018614605,59.3291678978175,47.1413016614082,69.1255941054225
82.3658242947327,52.2172854261931,84.6035342386622,51.6329865306001,70.0407614416662,60.9985506768759,48.3915708179994,68.0454296374165
92.9227057827179,55.7861331459583,87.9446839232365,54.7587296438262,81.0032256147662,66.2387524244013,51.5507374281361,70.4901830689914
77.879855513512,56.5408853257612,84.3188532506648,50.0135104643456,70.3005191899816,65.4260550757802,50.0177233550716,69.4612706838343
79.5264157294109,51.4184246497334,86.8169006202445,52.5985694425681,71.9574325070579,62.2407280695944,47.2467197554248,69.9006264735821
93.0229180382061,56.9319973545398,81.8413974980037,51.475592506914,81.4553341207489,64.5041720800512,48.0284907113326,65.9331239056027
78.0482317381368,59.231980750838,84.7161009693909,49.2220815401802,65.6987975361118,70.1765284718903,51.2486400534587,71.345326065122
83.1285891262036,53.7616074524248,86.2829402633716,51.3330064687305,73.0985318514018,61.8415986701122,49.961590650479,69.2764287681993
75.0675671363825,57.7230744106769,82.2404696689147,46.9837051719285,67.8347002024258,65.2621516682932,48.9334253370596,68.3725068857655
77.9742247266181,52.2445465894557,81.1222255735164,47.920173723691,66.5380494206131,60.5908477537219,47.7188814480875,66.0165156052747
77.5559877554271,49.0867633078754,84.4890785223684,49.7655256881257,68.5989422533054,56.7848982152621,47.6620384595374,67.247191470378
85.0494045944088,53.0431617904294,89.0205793431009,51.637086718938,74.727025897271,63.7271133607276,50.5624505106984,71.4753149362911
83.7874714011376,51.8984392377282,88.6065219796758,52.3360638581893,73.2466674410829,63.2753085942372,48.7520743311197,71.1361931995823
86.6953910747765,56.4276207072925,83.3080460967497,50.250695310181,75.4329593365299,65.451378714408,49.5742217218187,67.8893464207256
82.7773836409287,54.9918386084108,85.9115086026072,51.6241681445321,73.6902663086008,63.5865796610311,46.8697051696968,69.5084335144254
79.5774701310316,54.9078237542495,85.8847484516734,49.9693511705104,69.6152737992612,64.7009094314382,49.6937659189906,70.2235655291951
79.0433621586947,51.7770901539245,82.6105700373872,49.1965297842292,68.0558693638301,61.5609890856387,46.4186677783444,67.1314001074168
76.6785100286687,56.56591458756,81.2592936773824,48.7665580451161,68.8382286094559,63.677413514639,46.7605328815699,66.9012631752906
84.5846901921841,56.0998063324282,82.2940089945025,50.5853787514753,74.8297902235489,62.429656486158,47.7643843038251,66.4183839338951
85.9074322238307,55.4899877200299,86.1617438424489,52.2876915255959,77.6543675489414,65.8001917602507,51.0022856192699,69.7606637958149
81.7609387279103,55.1782314660717,82.3771629956971,48.4330977534631,72.5903482324229,63.523754909156,48.7110057608865,67.2769041461046
81.3272469671393,56.229092404217,82.9405739181179,47.8074603165522,72.8496268523611,64.2884973867176,49.8133583243517,67.8194747974761
78.417956894749,55.1813942612693,80.7306449629838,47.9519937215838,68.9759846461987,65.1794765867422,48.2815927669279,66.9419068741171
81.8487845875915,54.3822648943001,84.9066241445312,50.0174034445571,71.7465667908042,61.985089322856,48.8148788348955,68.4220721868804
76.1221419425141,54.3498703077734,83.6202635068324,50.8149225787922,70.6793524442108,64.8540613097352,48.1105859638658,68.8895349602558
76.5634111710454,49.0436072545387,85.203939775446,49.0614518241319,69.8937384112911,58.7021067313725,47.5549087795393,68.2650366319279
87.1184989671023,53.2349913340448,82.7412656396935,50.4844663382748,75.6834958894185,61.6091695116055,46.8023551637768,66.2458711104979
77.766725805518,56.8998185094959,81.7535808521016,49.8402937214459,69.3482885433287,65.7671337955766,49.3806727540236,67.6349322699103
93.3325430439905,53.4783707870867,86.1023308866869,52.7056264089181,82.0863516893042,61.3478603507101,48.8195150254818,67.8602157989622
79.220562171847,53.4054247403508,86.287461837681,49.0070647020943,68.7610005373295,64.2460023226978,48.0144819837395,70.4729389188016
85.6142957073965,47.9126218669499,86.1590640495057,50.4371185126672,77.1179544779824,56.8835548885004,45.8410184009584,67.332320676088
94.2354822582908,55.629066155884,85.5289437710041,52.5836423260716,83.1487746557073,65.4208753974799,50.4223498737403,68.4265777094629
78.9785606610995,54.3598676959565,87.1458802604932,52.3955263263193,72.2124714413366,64.6101913411522,48.3976146903488,70.9360492223653
74.5508515441395,51.3334772493782,79.3765068433371,46.8028201784843,65.3894068153807,57.2036864898122,45.6221811508415,64.0661383095276
78.0621294933292,53.2336186313025,87.6207446950672,51.591551285304,71.7918136868372,65.4204679034143,49.8332615703615,71.6625295456057
81.3705859020248,49.431299719699,89.4845870382581,50.71180697205,71.3970124645294,60.5574825393086,49.11440189081,71.3897835670436
71.7097605376597,56.1425480377142,82.0713121176018,44.6240762504345,63.8375479576008,63.6145889991878,48.8476984692354,67.9834877938028
69.8487993656931,57.5868763295317,83.1950856690066,46.6018034346574,60.7351279998102,67.9595992116247,49.0684603504981,70.4201791953843
93.5616011558753,50.968982140014,83.96767606812,53.4348901201212,82.7198706134151,57.87296256918,45.513689743644,65.1613815375752
86.6650834132038,51.7502346561713,81.7154498523389,48.7707918266948,74.8338089276656,59.192384352743,45.331560840962,65.0637064835988
93.936041497561,57.4208381755924,84.1878352618264,53.6805516574314,82.9851633615281,66.1632621100462,50.0724231813044,67.6730346688291
63.7199789920699,55.3099656903299,82.7278849068664,45.1230927753842,55.5908026268888,62.7840008590187,48.8151228912144,69.32961178366
83.0227784275802,50.3657880705501,84.2458178740429,49.1930007002057,72.2939209391242,58.6211011559757,46.0989840218541,66.981992885741
88.0374518661078,53.7812492051265,84.0450343127068,50.8207167450706,75.2510296406612,62.8806406785243,50.2805445638195,67.5160726532935
70.2332644592108,50.4059298580939,84.1359641200168,46.8757525988377,60.402364235864,59.4779985634995,46.1154426370023,68.5556741815552
76.9673628629372,55.06249351422,83.7988621870117,49.0591583621607,67.9698027856892,63.9504442127131,49.1963700004632,68.8657200610324
80.6539896197076,55.9441548331258,83.4354663276971,49.1966895368892,71.4189196836295,66.5350041181416,48.8472689105366,68.9479090539324
88.4029278449493,53.4307956333835,83.9524956232487,51.1376226541517,75.7998365353927,59.9770094406734,48.0700355913001,66.7826705947923
83.3566693106315,58.413720364947,82.699212320389,51.6500418382739,73.7371319067926,68.1760162964566,48.539399145747,68.4408978462956
84.4104934200309,57.5051504279253,88.2356781303108,52.342572452755,74.6475412268176,66.5103264045004,48.1448654077119,71.8514314759406
90.1650500519173,52.0487499611133,85.0040945493229,51.6498696064554,78.8251635179327,59.9512051560369,47.6185493234862,67.0990279042112
79.7327176675537,51.7991674281326,79.5087247272542,48.89211165893,71.8191567859888,57.6569443732134,46.3222091975454,63.5836020135721
81.2685780154884,52.1548418359582,80.5757482899913,50.7701291637091,73.1122340801076,58.7626278110835,47.1317814311033,64.5302143358715
73.7558057384855,60.1004683693905,85.4432627059039,47.6524493656722,64.299516764876,68.499449344819,51.8657693870566,71.670913688765
85.5758451286501,52.2000641969994,84.3207178939153,52.3445325401158,77.8264499912384,61.9402068823428,49.3380122535057,67.4927136669505
81.3883166918693,50.40450221036,84.2871396533673,51.318285488678,70.4027877868937,59.7877726864096,47.4704146423156,67.4979119299478
77.2490385032841,51.8892468870068,87.3533836532676,49.7398166740036,69.349991302908,61.4604793552263,48.1206744616296,70.4304888058247
78.3134244671174,47.5612619382553,83.3113671131639,48.1859136742014,68.6435339169228,58.1340330204031,46.9909698204148,66.7808166140288
81.868184124114,50.2781464660374,85.4803583976962,49.169232510909,73.9018504181471,59.2606172624304,46.5511292498349,68.1030749631662
72.2074794786334,49.994643810441,83.9144213902667,47.3376422345906,62.7523646756904,59.4080330964525,48.5071870692643,68.2053029625711
84.7205586124041,52.1571092667351,89.0992084683121,53.0769794818144,76.4475784379592,61.4590808508333,47.8613857633158,70.7568753932105
83.2116854524519,59.1703772496888,85.8001174840817,51.2909715987642,73.5915012831363,67.0879244479884,51.0236784716716,70.3377476236841
76.9967932499618,56.4584204708213,84.7303019767792,48.9478066392589,66.3177858112866,66.253661303882,48.9780843937141,70.1655148969816
85.2644716976685,52.8507158160748,85.0254071490476,51.3617269976193,76.1626540226626,61.2976349901629,47.3200145663307,67.8366943489917
82.2799914622721,52.038470932365,84.5952284130664,51.6208558248745,73.1092345507109,60.9008400167646,48.0842317933007,67.9163642537277
80.114273870807,59.4989082685346,84.600873494895,49.6747666483207,71.2584303950208,71.4023864081481,54.3945577186883,71.1534007848089
77.3108464491532,51.4985501375048,80.8742877966136,48.7943904216309,67.0163283029726,58.6574312890012,46.7277586635047,65.2000618119088
83.5338055607953,53.3995050234655,86.9683579191677,48.9161504505049,73.7614373953123,65.8670240682287,49.9770589540255,70.6398862283221
77.4231872539754,54.9567346981707,84.4421823599211,47.886480303325,68.4880887394576,65.0919844275925,50.3429865541154,69.5750211374152
78.937052100027,51.2528378414757,85.1450388862889,51.1421033327286,70.5660489743008,61.2760158034936,47.8907118640435,68.6809107653248
86.084944146769,53.2220677674938,80.1648183126893,50.5506385070558,76.5112628413657,61.059193242896,48.4261997446838,64.5163569045415
78.638215021008,56.4478573950852,76.7933390271335,47.9678626651734,70.0326252468788,63.0275573990549,45.6043949766862,63.5367695860214
78.1865225909251,52.6418000814381,84.1595536490808,50.739748450143,68.6559168516439,61.5621164011179,48.7498728355616,68.2833579792363
83.8018851742221,50.225977631238,83.0380218509253,49.3832876968505,73.4601210054789,59.6479194782428,47.3643390541006,66.1283258886104
88.7727182007378,49.4590705844973,86.202138167031,52.0613838725162,78.8561274277169,59.9551474636939,47.7856344587202,67.9106752535718
90.3262592691414,52.9896328802878,83.3218727677273,52.8580851688865,77.596471600258,61.8952744615902,49.9473264795489,66.5664521605589
88.668120088853,54.0240023010819,83.3586196994216,50.9133659236589,78.0603493586488,60.9333259738203,46.8221589416733,66.3947358270115
80.2409014613923,51.3459425160194,85.3384738015994,48.4315419756049,70.991505110096,59.5902661125914,48.8172248848896,68.2157137871653
80.9971930234039,51.1814422161003,78.9273169650241,47.731938219133,71.7315959051954,58.2588019687248,46.2821852226066,63.4527353580982
78.5161384095025,58.3641882331346,84.6462745330929,49.3641481439955,68.210167486503,68.7521494363659,48.1980183782298,70.6745217177451
76.1027073906388,55.5025177890091,87.8452312285552,50.9839210344518,69.2578614446987,64.6530141115534,49.5201277792144,71.7395679735657
82.8015814147019,54.3379688545088,88.0999004049593,51.9093137041003,72.5594618882832,64.0580427711653,49.6094948428943,71.0654149699841
84.0575910305075,50.5597275358826,84.5128472716357,50.833836085038,73.3628237833726,62.8141231897311,49.7124787567925,68.1110920566337
73.5067512959969,49.2755697066443,79.5453917933605,45.7252916117404,66.6748583777023,56.9591968218957,46.0528229477049,64.2478442575362
76.6045910152218,49.4792098201402,83.9836652253308,49.8642930940157,67.5782210710148,57.603367824421,46.8244227296935,67.1100036957552
81.6985544442199,58.1780517972132,86.0635531449734,51.5994640209307,72.9965649291111,67.2007805625468,49.6564231998768,70.7295863314736
77.5688191945865,55.3547647563263,81.8849953861997,47.9141460102093,65.2553858220299,64.1565220863994,48.2901255498473,67.7962423210363
75.8503012764799,50.1865907031641,84.0066079976731,50.2283099210518,66.9881239523919,59.7940484420583,48.4285952867207,67.9826295070946
79.197369648688,59.386638910657,83.2852169793162,49.6656699730667,69.3131028727084,69.7509514356848,50.5434735496427,69.8285612674866
84.265576048381,51.3469247518077,81.9582316563786,48.9231809332772,73.8222362608281,60.6861975640736,45.8785892559348,65.8847248869226
74.2852272195759,48.6253290289068,84.9854199763839,49.2020378521226,66.3339359020434,57.5168590277414,46.6855160349394,68.0448880347559
84.2818960451802,50.0942657203358,80.845073171729,50.2438488726812,74.9865673215041,55.9143375339752,46.800483973332,63.7394006701667
89.3610000392865,52.5406864252969,82.7707334936151,51.179621599377,77.8723008910817,60.0577897085069,47.1383988034559,65.7085025196877
80.7041714422851,52.2057528857136,84.4799810823572,48.3531494830859,68.8853559925048,62.329051175309,48.1319504969062,68.7157952933358
75.0373202770959,57.0279602937578,86.0438153079134,49.7480275087566,64.5473387339273,67.7670338096246,48.9241947578421,71.649734713742
78.2549419790845,49.6353424987716,81.9104247507316,50.0389226997242,68.8455657852562,60.4076711576479,47.0134098099917,66.3487582417683
86.5788381005518,46.5423666724332,84.8191844247554,49.7849141294891,75.369797125763,55.8325705378099,44.6133248372428,66.1796985082401
83.0418764198858,53.6747669135397,83.9362062511301,50.4206610475249,70.8440913089723,61.3427568202103,45.4909545533064,67.5709626784535
72.6833276124623,51.0643246947169,81.1428178822321,46.7150568591705,63.661895318167,61.2171271337293,46.7930633441456,66.8626337535926
82.6841306152593,52.5038071104624,81.4780118054257,49.3622232529913,72.6257903468313,59.9538510540416,46.1707186037281,65.4221635483193
75.8780643263077,61.4980095312088,81.6203816341452,48.4379876719585,68.4972721038242,69.195508081687,51.7600324480746,68.7259659121169
86.2762630160375,57.7409534166943,82.2344290183381,51.0062426911853,75.2925879127047,63.7525792213848,47.9425550476098,66.5847091439368
75.492272983941,56.7064414446608,81.4336024159615,46.8394936881455,68.9106737619669,65.1351445332982,50.7892995563076,67.5508700081937
71.9429759361893,60.6027435460675,81.2741161026045,47.2347621827537,63.2866193709345,67.3634086565324,51.8480670566007,68.6807732825981
80.5395764902043,54.3358928588716,87.866750987566,50.4933785158998,71.9816039486059,63.342375204816,49.3315637928246,71.1654516723559
81.4794379709635,57.0788799281072,82.7247497554157,49.9747381770682,71.9808492316755,67.2038234156835,49.5900942573516,68.5608660062081
83.5166504117833,51.459085751642,85.4108302132014,49.8215201748836,74.9319638230004,60.2098283488784,47.8583828092494,68.1105508562448
86.9980021250701,56.7985426681995,85.712846295938,52.5250935074894,73.8120058503907,66.2073024296055,50.0427248558147,69.6809578545607
87.3870619971581,58.2563170445215,84.7041022683987,52.0811834938546,77.8165615204805,67.9177578606045,51.0046675448,69.3437238533663
84.7078204132623,56.6138010863492,81.9100802084917,49.7097701691224,74.0378953338407,64.4606318170733,50.2803998547892,66.9089109947875
85.9914228992954,54.7833024596862,80.8154395594525,50.3693811662004,75.2780025458452,61.5461990746646,47.0222932760252,65.1502423683354
81.9515718861432,47.2686525674402,86.939244346069,49.5827067147487,73.7136702911109,56.8458438059192,44.5791609201007,68.3719014962347
72.968885453573,54.4112716122912,77.5163928208438,45.2505775337309,63.903271751062,62.3548580753235,46.5762301898239,64.4662898114602
70.6339397768518,50.0390351483433,82.8025480730818,45.8396583908396,60.9424870847206,58.4701312155683,45.9282260740119,67.4865586401062
75.5567260444856,52.3124771709585,83.3049573096404,47.5210271182201,64.7281622775921,62.7619819169654,47.7969052067087,68.3561246136512
71.0921625145833,57.5178410955673,78.4536105710376,46.0030416001864,62.7352291954302,65.2467144115641,51.088824155136,66.1893524691452
90.4066660158838,53.4104809280669,87.5947305486762,51.510142977853,80.2843759076066,63.854116216016,49.7428643938177,70.0397858914095
78.0854832395931,53.3704009086732,84.0099053644734,46.2008149230939,67.9131898911391,62.4361635724371,47.2767932304888,68.5161346976567
81.8556960738692,55.5273548932685,79.191213468331,50.407381148609,70.3423680791042,63.2005984956263,48.5847360153961,64.9046493881907
79.822904123923,53.7980405299558,87.5167941628515,50.9315529463111,70.791085106911,64.3907847665033,48.5454644071114,71.1253886202792
83.0615026289266,45.550386379045,85.4945007453899,50.5884416261415,73.8854712229456,55.1948511464033,43.465052591019,66.6878978460087
79.89161031416,58.5686798550334,87.8133602446196,51.1787578395255,70.6780002226373,67.6790553422868,49.8213972980256,72.3444713894204
78.8021795333321,56.5943176662273,85.8830173519783,49.4016778555952,70.5187936818147,67.1542132032656,52.3761946108912,70.9583580033808
81.1674563942096,56.4721270376369,88.307337966044,50.7958891033316,70.7993577736549,65.8492618005495,48.87683038983,72.1419313503268
77.0482780298084,52.4621400512644,79.3520369071582,46.5789180574419,67.1855335827902,58.7803099919327,46.0515151249932,64.3505256952196
86.1791613531461,50.3557841717223,81.2377663495792,52.2185091698612,77.1284678809862,57.811837985456,45.4662411690796,64.1056357615441
79.4527448091038,52.589109047749,80.5635892539461,50.562967079524,67.4581829504122,59.4326639940584,46.8342585399559,65.1386671538397
83.7216235069201,56.0459664919046,81.8011889941366,50.0512650472384,72.2535100310115,64.4911792402558,48.7972582741847,67.0265441197255
77.1090212117061,52.9026227029167,89.5392907899366,50.5927424677974,70.3553384667646,64.2675572710402,50.7564731811747,72.7393014704792
73.7035358960391,49.7804209420004,81.1931709321042,46.2484138949623,64.3319501138669,59.1413069341037,45.8958253677763,66.0717287383032
62.9329200511341,54.1751985079204,79.3923915706917,42.476288773823,56.1977477905257,61.3370040595749,47.2952816909942,66.4987592860018
88.2095948087795,55.8843195477453,85.3123622174606,51.3610390269252,76.9909808501923,64.7998661352137,50.6875458800108,68.8832959719691
80.1685646890037,53.4133793241455,81.2646264894673,48.1708553160155,69.1918550600397,61.2396159071908,46.4991068417228,66.0676216906377
81.5948159235146,56.2279552461305,85.2349907367262,51.8715098375399,74.042729640008,66.3752993228218,49.0636467865124,69.8646509747658
85.8381955199314,51.8243185959415,78.7592337533647,47.9606236412209,73.3486384788736,58.5846517480197,45.6128052242603,63.1228667888053
77.9808556903882,56.4945639103203,81.7732550958431,48.7813785775098,70.2726119914248,63.7702833267176,49.0770568510893,67.1531263839139
71.5704311779326,53.9445885322267,80.9074121872475,45.7632564609607,63.7227144684075,62.5356636589041,47.2995476356898,67.050905622863
86.8514766694638,53.0458809186226,83.5901213838629,50.9109519721276,75.183883294286,60.5551158876527,46.5618448939361,66.7100436934266
86.3551515243677,51.7586092809444,86.344721135659,51.4632454130553,75.7958167696751,60.2911295286778,46.1328160928557,68.3857155176304
82.9455817375325,53.1762228224183,81.5506769190408,48.5576105657834,71.0483591830389,61.108899992978,48.1064919748566,65.8809259658294
87.1201265282864,58.3687669097257,81.9982420696401,51.3614668400159,77.8693247292174,67.496515537479,48.0991360034597,67.3172339909076
84.0352632009008,52.7590956444987,89.0673705462136,50.6184546172572,73.9966453010258,64.9764065092731,50.0993606277781,71.7556182009924
80.7204124577982,58.9815295352701,82.0565086587103,48.3868739557797,68.3089075871364,66.9320761537774,49.6868943006548,68.2588087767322
83.8616502054727,58.4291019415048,82.6378550097799,49.6498736612121,75.8377107449217,66.1135843215882,49.6361243731144,67.6250352028587
93.7283686858692,54.4700717490449,81.5610178798175,52.6357739160184,80.8828643752498,61.3032864047909,46.8470484658837,64.6440996293995
81.8624919985648,56.0781425980678,86.3613929810715,50.8034854278538,70.67998236129,68.7079373270683,50.7302540702666,71.5319696758063
87.4225578932428,58.302780865298,82.1339933366361,52.0287501388548,76.8654944435517,67.1839076987932,49.0402976690743,67.3727767269697
87.7018423932583,61.2006988306391,82.8023480886422,50.56288401899,80.1357983784703,68.4583344700129,48.6262290107052,68.0515904001419
84.5658561795756,54.8614879636998,85.0390931865677,52.172181642866,75.4589508858152,66.275868327231,50.7417926468942,69.3299399743169
83.250189313157,54.1097348874405,86.6783211529537,50.1322294312382,71.5126662817838,63.2153335247105,46.8202422121209,69.995650024113
83.7761845095673,57.4376425938269,86.8786893740027,50.7987897683365,74.5070105515293,67.5271773032652,50.7829181674324,71.1170949235086
85.8925168585638,57.4142865077351,83.593100739358,48.7669208550599,74.7928031899482,65.8670256262065,51.0022053388993,68.260070800407
82.7229197735781,49.3389566418322,87.6478469802874,51.5559525340413,72.9625088302565,59.8591373310405,47.3668568670949,69.6838718461403
80.8087797562021,54.1587433833358,81.7652713630236,49.210129028137,70.8065704372747,61.4544050996158,46.5610762826197,66.2288741909322
82.7709444438717,57.677863794105,85.3073252661019,52.1697618452652,74.5569145949918,68.3665590859424,50.6338039088191,70.3397853107172
75.0031854091229,52.1609090354647,89.1491873201299,47.6855499120859,64.1019442228234,62.19452238037,48.4000772421138,72.4012631684315
81.3446402806679,54.0401149393887,82.8563875250569,47.8210607495563,71.6462575458112,61.1417480878064,48.5026296074289,66.9747631114374
81.628866275396,54.2965736161801,88.0877054427539,50.9039051723126,74.0924673498342,64.7297340958256,47.2442264403843,71.3719765538638
77.3551188719336,51.0327815703213,84.3287563061145,48.9920586953688,68.4808465521974,61.0361534778747,46.4497723393806,68.2812695547515
76.5736733880898,53.5504604446094,82.0804916074115,49.3594364520772,67.9137216073715,61.5714672744647,47.5612473338276,66.9382151543882
69.7432177361434,48.5101659157244,82.5617504382486,47.0753728613695,61.3697906616217,57.5944441209749,46.4665463094223,67.0048655502208
93.9207488483111,50.4522826163186,85.5830942639852,54.2774458052452,84.0269172612518,59.2367964036155,44.4575558415237,66.6459724763811
85.5303729860452,49.5558516154467,82.7000507722445,53.2234599894208,75.4798431010054,61.1284529736994,48.531018965414,66.2907553408757
80.5698436604169,55.6439364377072,84.2931805388532,50.0806723445748,70.2084191624143,66.9511982578478,50.3299018178847,69.6315035308961
87.650583592499,55.4912166804768,87.5893947024448,53.9425045836548,79.7471048643651,65.0456748798145,49.0503775549098,70.4235884346277
81.569324704417,59.7479781902755,84.0375695250786,48.6805529234454,72.390802504455,70.3780780582333,52.3968335512387,70.2777799584922
84.9691350458109,59.1707682636263,83.9943782021769,51.1031541619877,74.4362866474757,68.5307680387768,49.4372266925953,69.4356191177613
79.784249274436,49.7254955529712,82.5961963714859,51.0993984329057,70.3981267961262,58.3058278432093,45.9556274229681,66.0717372791728
80.5055110843936,49.5256319512018,84.8015892426927,51.2096521702232,73.0273857300001,58.0958195221597,46.7466734429994,67.4730668475574
71.3748292188784,53.2697177911276,85.420229911889,47.0015238452243,60.9957726567846,62.9782554814156,47.3130673254915,70.3263180748084
81.295266518561,55.2335866337006,83.3170057651494,49.5527199608748,71.2379404753576,63.7805224769006,50.8650965238096,68.1011136649415
80.5788507707351,55.020510636244,85.6419152496161,49.8648159076805,71.129893300827,65.067160657677,50.5042767981942,69.8006865778379
75.2398232861604,54.9759467443071,85.5889060727637,48.5869400104654,67.7120068339336,64.0998007589435,48.1670694552948,70.1511768634864
85.6033386420569,56.7784444596566,85.5705049266638,52.1310272047321,73.8651374035356,64.859600371168,49.1139131774442,69.5333230829003
79.1020974590165,55.1953279690057,90.0763813455365,52.4253943833443,70.0771156482391,66.5594362292785,51.7231775361303,73.6200515641909
76.12936917927,48.9783453226077,87.9003674837555,50.2363371483496,66.7295341491556,61.9427199060794,46.7917990308548,71.1265767025569
84.8723019810767,56.5440027846932,83.9326641642021,48.760546462582,74.0179007789526,66.2254955811105,48.1434659825602,68.6730149846783
80.5577131781798,53.645794991103,81.6136782341679,48.5772558848827,73.5271488681958,59.9772944215377,46.5462379942485,65.5879821934614
77.0504359591808,47.8746925600486,81.394531577872,47.4304655235406,67.9680056369236,55.7384760827782,45.7087003405655,64.7937343211479
89.3851174080475,57.4350591310952,78.7051699393452,47.5224104937762,80.0643153072272,62.0307555777777,45.7858595849664,63.2802447364764
73.2143382013098,53.4425721433402,77.8494470231862,47.5187456243429,64.3047589746731,58.2952163402306,46.843754116951,63.6277243971009
82.854779918803,55.5862563902117,86.5336122842828,50.070771531608,71.6882099872312,64.595374150805,48.7957788654541,70.3581249674256
80.9029976379663,57.5896613382825,78.9837654440021,50.0133857016472,71.7785541222011,66.4085572543692,48.8987048202635,65.5975031848146
81.0792642876591,54.0933957085167,83.7754884481887,51.8162066546649,72.1941811534058,61.9572766579641,48.7726954104924,67.5254817331213
79.9715968326459,50.1572814939039,83.5403625173302,51.0276313126749,69.7040963410878,58.3076884097582,46.1976135774012,66.7028422416077
82.6710190432549,55.8014879150571,89.0753385157833,50.4141427327736,75.7057557677431,66.5237945396296,50.0768144009147,72.5586346446366
75.5243231149737,57.7613720850061,86.202808400962,48.9837265406887,65.4686381855772,67.4096405964999,50.2698558271218,71.5646963722386
78.966252293796,57.0126042672792,85.9168682647318,49.594810309529,71.4094980192145,66.5595059600694,49.6482710067262,70.6331292971034
71.526011298082,54.8381094441296,81.0936929450198,46.7603418138228,62.2264718625385,64.0970054387692,48.7414506816888,67.7445090379021
86.2597168921924,50.0947370570582,85.3470723476851,51.0215027386483,75.634834091143,58.7879727162816,46.4999675130738,67.449306202108
75.2049004482027,53.7468062174835,82.4940703313058,48.616865070805,64.3030414217652,61.9161430410487,49.1334566775281,67.5132413218449
82.1435486120966,57.7794957199313,85.0862854982935,51.0659391615463,72.7632871284721,68.0550356157388,49.5403387936774,70.1312029390988
84.5424888153661,59.219256849026,83.010537593471,51.1749358319258,75.0903462535092,68.100993472225,49.2152028553083,68.4936065377405
74.4636730768853,54.5350444034739,85.9675078516749,48.6502335161184,65.0516766296383,63.9831689367059,48.6464885081,70.6686104368913
83.930259776725,48.0159485837773,85.845205641078,50.8732126319169,72.4709283037449,58.7823050553034,46.3287029802245,68.0800319149629
78.0132444791608,54.5161164229687,83.660195741425,48.2679542775133,66.8169790754117,64.3566307418688,48.6421176020576,68.6699980232511
82.5982744987498,52.6068223028033,87.721635782749,51.6333703165589,74.1878723552575,63.1534800939004,49.0686459295151,70.6119529374317
77.3018347323581,60.5707209590053,85.6421280923481,49.9005428998777,67.4008798973969,69.5673455265117,51.5798208661388,71.558238161977
81.4810182879172,53.7025366252608,80.6306509576706,49.4482342984762,71.1836616939532,60.5662242155071,47.2856127011749,65.1728477928036
83.251543459322,48.3559789740395,85.8697691623954,50.5759684599428,73.6487877659639,57.8738236589369,47.4831407962589,67.8504758334821
81.069873497372,50.248890642869,87.5012677381976,52.1946028843907,70.5047975237143,59.3367603600662,48.8631143401105,69.6386433694554
76.0431800372408,52.4002790903,84.1575092983853,48.0787403076121,67.7007162451079,61.2497409721451,47.772519909116,68.3907351747292
81.9538509707888,55.5474534907811,81.5853101991958,49.910344174046,68.7403316399979,63.7837944901091,48.2243291162208,66.8158927372702
81.9495375693945,49.3540247286158,89.4442985524508,50.9454752774899,70.5400417073597,61.6899421603997,48.731349527938,71.5301240139626
83.1764141541255,52.9265887252351,84.4831429527072,48.4473419212144,71.1973078299032,61.2101412522674,48.1440630296904,67.8757360451957
75.9328737092422,50.5243082810575,86.2430147965214,48.9926339767692,65.4470292247227,59.5634772934069,46.6949777385908,69.3134150665113
80.5454464759647,52.7783268543306,86.3069589361803,50.6051743140834,71.9815222576111,63.2906422622248,48.8883907470195,69.9952534949321
78.5864911077895,54.2354768727943,83.0826078928997,48.8831210343318,70.4500267872156,62.5560143858192,46.4192421492213,67.5723484375167
87.2752391634333,54.466421959155,84.4357850811137,53.2191252022313,75.8255443914425,64.5021542080157,49.6766613727086,68.2394255457181
83.4660653389952,54.7296424106813,86.5514295396703,50.6081154355536,72.736140232859,64.2081215532223,49.5754329282148,70.1041336533568
88.5884405441426,56.4649654361647,85.6838704544472,51.0471356876933,76.0888238634367,67.1456817230746,49.2098590625157,69.8013656746096
83.4194514353921,57.1314268445308,78.8430524511923,49.2043156628668,72.2108633349902,62.8908518874305,48.7829399195761,64.4341692196458
79.6076029155239,54.6573170766372,85.2661381806412,49.2335683516029,69.7454881658937,65.9863795181487,49.6099327168099,70.1450993742079
82.4314197015933,54.4101915171731,85.0469786696954,49.6199019174795,71.8457056666649,64.4376747362275,48.3973519845854,69.2660319286091
77.0694987064322,54.3851096477412,84.0556291559363,48.2995317303274,67.3994420285083,62.4550184076008,49.7045597376206,68.4605298065806
79.1866390251947,56.6901070131861,81.0454178491881,48.1973227226988,71.4695778696034,64.4975809197851,47.960453320096,66.8038028175577
75.8966755032171,54.4250076821771,83.2559716342256,48.3259250587622,66.6179956023647,63.0710783475071,48.410786633686,68.2560638389497
74.1787412581668,52.5734189067812,80.3153652528194,45.5052899355038,65.0887506546129,61.161293441439,47.7741228235239,65.8872606176898
79.5417437751275,54.180759385348,86.777476933137,50.4951989190123,72.8005262021991,65.0513358811728,50.0243686001515,70.6896016266196
66.9760283922554,50.21775531758,85.8417719914353,47.7711601755238,60.2922020783277,61.99400389629,48.6054543356867,70.6713762845558
74.4121786330576,55.8919937341687,85.7546643917406,49.4739164930875,66.7977422109655,66.1854978456519,47.2366747349348,71.0114753466382
72.6690448083208,50.4191231621327,82.7245894781918,45.705635770003,62.4899396270062,59.9941194150199,47.530251067407,67.4768042764859
73.9574735866945,53.2377053232911,77.8302820491321,46.5206585029058,64.7865806227425,57.7570799647158,46.5668925542808,63.2655730987213
75.2780761465136,51.8744713585339,82.6347436032543,49.2464665910707,69.03629129797,61.5298765915113,48.0796790370673,67.2576772110963
84.6086102847868,54.5308079812208,90.22474902738,53.4035373576916,73.5247886123946,66.0510806924216,49.1713418986016,72.9687666825527
89.080510491715,52.472055231328,83.9104091702528,50.9871180155024,80.2961130583337,63.7622278021069,48.7712919890041,67.3168463902995
81.3902340515798,55.1960934414553,86.3240524886952,51.2232480649673,74.2659794161581,64.8994641592383,49.7105514402566,70.095322045414
84.7215688188088,50.5272522042524,83.6081816867704,50.0255823490322,72.2952443896705,60.5501691484297,47.9634263442627,66.9284151600809
85.4328136031632,52.8770171636778,83.531285241038,49.8419782874593,75.7674429887889,61.38233970051,46.7806701160585,66.7915509418904
85.7730532006829,55.8098140095502,83.9861641273415,51.6510744498455,76.1241454378474,64.0115118685932,50.0412823948443,67.8840804586006
85.7647277331166,59.5887209143311,85.8842524061459,51.403155117695,76.5109760868698,67.9483813779612,49.0901742873229,70.3311330207439
83.1236844770303,55.4438022079019,85.7396910705929,51.7135486866539,71.2134201371783,64.1002581246256,47.4199986720071,69.6870220075349
80.0142771445532,53.6157097877227,83.7001268622463,50.3639317245649,69.8243253060877,62.4358014185108,48.5503095178047,68.0037231001697
81.7369985111149,53.5374401017096,83.1118175171494,49.8287642854277,72.2503797299916,61.7402635603174,47.7999314243171,67.2889890365737
84.9772416608068,55.8364567492493,86.8556491966149,53.0597355785253,73.33794585281,67.6093615269796,51.8670779415746,71.1308002471535
89.2411323888758,54.5343614243316,88.9886984540218,53.5666516408619,77.9543642988689,64.9396442609902,50.1877266378982,71.2323099353201
88.3620832812143,49.0487361797815,86.5792704935125,52.2411531482633,78.8288567523602,59.761905858734,47.8632888284415,68.2104674875133
89.6493090085485,53.3278567317338,87.6031719685691,54.3609507188172,78.9082886503178,62.193236657769,47.9064795371823,69.5335127516364
84.526129415594,52.301309161225,84.9831346404387,53.3030394395028,73.4666885535847,62.4476275878273,47.7975316442392,68.4111076963438
79.4195299581655,53.2297677840164,79.6394742045053,46.9414931947115,70.1074221699518,58.3868308835557,46.8290112431447,64.0007754662834
81.1974713309112,56.210132583899,82.7392280154065,48.5376775915537,71.6181030817459,63.649953476229,49.2265132639052,67.6202311556633
84.4842896610239,50.2762035629076,87.5512778173471,50.7698259801891,73.569784388478,59.5827876806649,46.9140576899521,69.2511391521371
77.0226987002714,51.6438805519832,85.2159720650841,49.2053373537272,67.8789222156458,60.9955705535291,48.2092859370909,68.8079786769185
75.0124497414608,58.5333810228622,82.2818853062491,47.825454575915,64.8182484624658,66.2337256655937,50.8089223656413,68.6574109798361
77.237030150926,55.0495828004113,83.4447401736643,47.3388170979236,67.285501340652,63.6368628246666,48.4639233954231,68.4392054103205
73.8251625542476,55.9934276660675,80.2935521478388,44.8172506134272,64.9442911239733,63.6006338473193,47.9110903614846,66.6708203249042
89.0050295462687,52.5399706856396,84.3380085165832,51.6712431033084,79.7781200244872,60.423471132214,47.735527909003,66.7400309890853
78.0518480572823,51.8399559472715,79.4895450341503,48.4029656420125,69.5211313943614,60.0681855296823,45.7893470036955,64.4866813499776
76.190678537464,50.0990954012185,84.3244169482145,48.9320019757071,67.2785925118936,57.3831088876629,44.8072275637602,67.5135673057374
82.7368718877026,52.5100677181388,84.8641953951234,50.141918662923,72.0234183003649,61.8397423361354,48.4554385225556,68.4295956975486
85.2161650280977,58.3477245120065,84.3828212308933,52.0761936770283,74.2222710298314,66.6032079145196,51.1303480007449,69.1830547539427
79.8284703580802,50.2787901186473,89.5481454457965,53.1484148529313,70.8744530165323,61.6515384236624,48.9887273951387,71.8282449605696
71.6127546313211,51.9678728811647,82.2859540788572,47.4225624565151,63.1292528257461,60.8626849150922,46.3319224029868,67.4838375643651
70.9875751707709,56.5787964847736,80.3704696249063,47.7235680263528,62.0871759021828,64.7306639237297,47.8631481291254,67.3894467471059
77.5152069404489,58.3888186222743,86.0247058802023,50.1772500003776,69.9663933942544,69.2798606327701,50.1380751958094,71.6873127797501
84.4097765368699,52.792354748332,86.2799478370316,49.8365637192611,74.4904784459562,62.2269074550049,48.6383933805642,69.2719698684297
74.9882374762318,46.4220598284728,83.0171302410673,48.5624270424483,68.1506568900304,54.452993056267,45.47690831868,65.6940943514049
90.9083409706359,55.584957236138,88.5958178171518,52.1907753284655,79.6660882923215,65.5328441869581,50.6086429034304,70.9960457562995
79.574687084186,56.3942722102836,86.9538108691208,50.4215013520885,71.1128007683619,65.2111171769992,49.3899059251271,70.8589582686237
77.5340235214523,56.4690936168869,83.7547881213684,47.6194185191863,68.1232656868183,63.9457589666702,47.134208231205,68.838952351341
83.5764330973218,51.6893294622815,78.5577002352277,48.1257946221322,74.9008174255783,58.0317268428501,46.0423583852018,62.8251329028883
79.5179735873132,55.3318904311073,79.1166572954082,46.2350995611407,72.5138594635345,61.0134846421355,47.92275555041,64.3457228819934
80.7465897784029,54.9843289095546,83.1688729666284,49.7229283283183,69.8371373055019,62.5550396237081,47.7473961241182,67.7304796555286
76.9059835964009,55.3269045868729,81.8512378261573,48.8400935316769,71.1183993111416,62.7917826760776,47.6810212038181,66.8834729593021
72.8879176601494,56.2445113968157,86.3073238802153,48.7319751403819,65.2154739460997,67.3178783212046,50.0516869556744,72.0389904861905
83.1414342640971,56.2743390821125,86.3555959689507,50.1167794344214,75.2110373200013,65.8555860546791,51.232004363302,70.3053876104963
80.7351913970347,50.1588711436058,82.3132271572293,49.7179017409874,70.4938765180153,59.3056665270053,46.1498623049283,66.1022778507945
79.1355240797843,50.1646666916578,80.854787027067,47.1300241529966,69.3407615752096,58.6740311847698,46.9921437955288,65.0723248826682
88.4039642461126,53.7429375763076,86.4535397704073,52.9767933941974,79.8771177750649,63.7482269496016,48.6823931111437,69.0979668244247
88.8000422951361,50.885137313847,84.75802994881,51.8158812706493,77.4467082373647,58.5865395481517,48.1379883241633,66.667060595106
77.6327003715049,58.838660050868,79.6414121942047,49.4013652584699,69.0707876891832,68.0370554191526,50.6863197704625,67.0622702747301
85.9861061965944,52.3297030820617,83.9822457804327,51.0565947601252,75.6165511239858,58.8825995672481,47.7830595828524,66.4389812825152
77.3052472752556,54.2682495598091,83.4279741904959,50.0529442711376,68.8201937653878,64.2713086670857,48.1957715319635,68.6492868989961
85.6247409377708,56.33552989202,86.9206329412401,52.1747808413837,78.5237538829842,66.311252447978,47.6488106530101,70.3371262142444
71.211241991401,56.6176973306558,79.3708706035726,45.0503245547191,63.7726342070498,64.8092525552895,48.9559998183184,66.6085308149436
95.454964050799,57.918288161655,92.9839523776569,52.4328523807657,83.4998035744512,69.0961749844307,50.5756977120659,74.6896031822369
85.2007673514539,49.7080904060461,81.2090261089122,51.6519631602587,76.3008813706787,56.5331808453449,44.9175649444781,63.9339512927268
74.3861940245164,51.146620930091,86.8845980035931,49.1989727357892,66.9704327820083,58.7247196161476,48.5570709214826,69.6507636091346
88.9657032849553,51.4727003302985,89.6600962108476,52.1380759841617,77.8714288629933,61.9027881540289,47.8434473859647,70.9416816151634
79.6018091990749,51.9310111789413,84.3127610685997,48.8894713659606,69.0603362137923,61.7544004967491,48.6394294652683,68.3756116349643
84.8887629957784,52.6895175646705,84.4717515340623,51.6332379834315,75.9942001719972,62.3486402935997,46.0933511055302,67.7959799101633
74.369090205126,53.222151463579,80.918007745928,46.7586176609905,65.8418574401493,60.0203540155494,47.7917655914094,66.0252746629465
79.9774248863229,55.76986084283,84.1624354105584,50.6045755770618,71.7469632633233,62.814800602013,48.7352525504044,68.191357189524
83.9380772733147,54.2231431948825,84.9209453967845,51.3816663863915,74.7496561573868,63.749915837821,48.0942992732501,68.8463175483207
84.494501240103,51.4454076536618,83.5049998618011,52.1823048255752,74.6052960440406,58.2717703043245,45.3049611756268,66.1486646685477
81.3512228742723,55.1776044611844,80.2122244081614,49.2847861838916,71.327202716294,61.8768207039333,46.9758495891377,65.2946890434398
84.9293947838705,53.9350851434675,84.0980695964047,50.1969882970013,74.7327356619172,63.5163414993837,50.546561247151,67.9481917872727
87.7924034873187,56.1391591595933,84.4114380352141,51.6194169138612,77.0297940554976,64.6649038940496,49.2271885096303,68.1849239053939
73.1945613297807,53.1391296551636,81.407379839369,47.417638185381,64.0254591747537,62.1288595921951,48.6224505337412,66.9894021081046
83.8344454838558,59.5411733127418,83.5750135048821,50.9334116011473,73.6723916371933,69.5236372831871,50.3265163321297,69.4382367093622
82.3872877851437,49.8260303048701,85.3770151707655,50.9620919958499,71.3708434515064,59.4480706714016,47.1389188598338,68.0139289099603
77.9845271013362,53.142255252327,84.8415754172872,48.5837583645382,69.4503254540574,61.5174175321681,47.4054725187,68.74613221034
76.9155615777535,56.1535118364051,85.3944156905939,49.2171914497847,70.1202638438261,66.0310798203593,50.6619792880892,70.406161849778
86.5896030775732,51.3039058439532,89.4498417927258,51.1411132131612,77.5475394210691,63.4275587022097,49.9256175506728,71.5070287418468
78.9857570801951,56.0384061815803,80.676103111497,49.3419418666672,70.6437957852516,66.1988317262231,49.1438186006245,67.0741756357741
74.1068941897102,55.0291335347694,81.9575501987892,47.4697419281712,64.869051680232,62.5546550705031,48.0456429283418,67.441872264839
83.3316470127105,53.4745325514145,85.2386043155302,51.1408230393765,74.2935168637434,62.6081184731853,47.8859772724788,68.6819175869889
68.4820222216545,57.1548306917889,81.8917734553908,46.0810616723081,60.7952516821161,66.773395760541,48.9108742603591,69.2226421971115
72.2952306450238,57.6930044995777,80.6760203146667,46.2596402106825,63.9107516670961,66.9687607211763,50.1236138433679,68.0948788648857
84.0814560987137,51.7269851048019,84.2124406756422,52.0543317055101,76.8718794850356,58.8058484143925,47.359108214033,66.6852696993703
83.657756147161,58.1763370071212,86.8052993159669,51.4670296631108,75.583719463151,68.8206260634497,51.3184479470373,71.4215483636482
80.2118878098666,58.6784240320082,77.8618135323733,48.3383521666387,70.2909392747878,66.996404482186,48.210879560273,65.3703907368348
78.912385859856,53.7347924435915,80.6593108978969,47.6278861230197,67.559081591262,61.5940616066119,49.030454102794,65.8935068786257
80.5799791171194,47.792599012244,84.4903551504736,48.1407178312455,71.1810858955963,59.3080278163228,47.211951390619,67.676817119873
80.2219681528558,58.381935406249,81.0719580241461,49.9766748175263,70.5594285595172,64.8519662311322,49.1302853021752,66.8234004735812
81.1667127983806,53.639699482007,90.2319054632954,52.8257819221277,71.5830497607553,63.3571268046772,49.2427400259134,72.6045154146633
80.6190339992675,52.4335980421662,87.838612532978,50.2858867501917,72.7539708479192,61.2699214542893,46.8522717211773,70.3443207004819
81.7703579416168,54.0009686359859,78.9088352799221,49.7472364286736,73.6438027180381,60.159253974113,47.6879284192682,63.7996013656758
88.2101998595982,51.7022775231943,81.7935552643425,48.1229132069008,76.1872906871497,59.5884502172868,47.286250702382,65.0207284358399
80.1420565801562,53.0446843962257,83.37896674671,50.5514460380523,73.4310249237772,61.9180578033606,48.4611938209097,67.4554235634066
78.9095357122165,55.6229406961706,86.5974836224002,50.2149396038345,69.5744395453388,65.3724386774442,50.8456453423375,70.7131205136839
85.8633715263521,55.0958935376792,83.6998285764088,49.848649967045,76.6719646552432,63.2022633156855,47.2728806445692,67.3998185596895
81.7513900069423,55.1957827898815,82.662833719185,50.9005728557514,70.0156665546209,64.2724359873279,48.0038750108411,67.7032666908433
72.7423950410725,54.2577192921335,81.2398474097304,47.0221883480487,63.019625983032,63.1335716053566,48.688060796788,67.3486698433795
90.2681194027362,51.828167225614,88.314860903862,54.1064068654058,82.6060849662985,59.5942742801276,46.9527555848014,68.9870460867559
83.164213931014,57.0723725537235,88.1906992512958,53.3475306427942,74.20571375107,66.7918187658162,50.7117738190307,71.7689709915349
77.1805746340721,52.2472984912861,81.5723823927768,45.4851595197268,69.3878102662284,59.8872582048948,46.2972341305949,65.8795409553605
83.0483976281003,49.1231486613109,82.1250395005653,49.7369427606761,73.3286546287813,56.8340962554666,46.1775442612365,65.001300363289
77.6301802244128,52.8970992612594,83.5402972960832,50.029154954164,66.8140940319852,62.1965461781274,48.4473868343694,67.9766346072094
80.3302919842813,53.9840732235458,82.9191399743502,51.0058076266835,70.8009094663424,61.4157174067398,48.8319068721662,67.0379986090587
79.4167343697893,49.9445562092977,84.5544945955903,49.1572477792491,68.1047139834976,57.0228956278785,46.062040429123,67.2342397558235
85.5762559803593,55.0122274409304,83.8388627227324,50.8174307811998,75.4292642812494,62.3216887841465,48.6965935075411,67.4915309092136
86.8179064711969,51.380271124424,83.9947088191651,49.7591476201017,77.9791096873755,60.7698992279498,47.0232284743391,66.8858939567761
82.4471361214902,51.8566570720541,85.4926164715229,49.7919250922845,73.330149586224,62.7849604024778,47.9155640531531,69.1503554206814
74.3936131430896,54.4459043231927,84.1989155868051,48.8656235956853,64.6735055339899,64.0411669798347,48.799916682934,69.3950369277568
84.5869377732671,45.6173903828218,86.3007601951256,52.8260890743863,73.7486816310439,55.2573478458633,45.2816322609448,67.1304543022224
70.5323354175523,55.6441107491455,84.324741500578,47.8969541456695,64.2832534644382,65.0092473950245,49.9231357475658,70.1163870504123
92.6297480136125,54.8928254511535,83.0828739272635,53.6360456364678,82.7736708743413,63.6226336512738,48.9174075090288,66.4408296534255
72.8690141897719,56.3710211311257,79.4055042059699,48.2705570761767,65.7450797569174,63.3444884968223,46.5364748626043,65.8841187313844
82.6978496983661,55.1548826401547,81.5034667091513,50.3939913410655,73.7834342146272,61.9966088464208,46.1196750682957,66.0811534840551
82.0790947529334,54.1797811248375,85.2788613691295,50.7450484805964,74.3126326998012,66.6359256178914,50.3448458294366,70.0594851669512
76.0685077503687,52.6519237564566,79.5835776132853,47.2332875614501,66.8229584858237,59.4604361550376,46.3526698477969,64.7905773022725
78.2328092959309,59.7399656388104,85.6579809019185,48.53605886689,68.9555013745828,68.9346458755643,50.3432195817607,71.3307431288657
76.0530055859261,46.3759085592541,84.7986315330839,48.456274055658,67.9169760023275,55.2331570309356,46.1960137647954,67.1498667843197
82.1586256448119,49.62382581838,81.0043890641933,49.7733964235426,75.0672995354711,57.4727019142543,47.0361232419069,64.2402750300637
87.5052905404214,56.527028652124,85.2059716921719,50.4414827711124,76.4494259419402,64.8635766675832,49.6166037812553,68.8039505172888
91.8466270648121,57.3309706948471,87.2752903202745,53.6498729112839,82.3308445601563,65.2150696819356,50.0529724668403,69.9293987224854
86.624848382993,54.9016676419635,85.4476934326849,51.012673665987,76.4834864389232,62.5559658530774,45.9729290227868,68.3584525701235
82.5918553843738,50.650156601802,84.1757408749347,49.8672981969556,75.356743467639,59.1687704484146,46.395490598741,66.9402244194955
71.007127536604,52.6145705060411,81.2066297701832,45.8571191566127,65.4620039319956,58.6472617889731,45.5507641637094,66.0902209806361
72.5333898047503,55.3741486904419,82.3771563269174,46.4799440733127,65.8104010185471,66.5461923943133,49.5806700539465,68.8812896837841
94.7297690529719,56.800762954878,86.1939738790799,54.5948692565629,83.325070366412,67.8213444372405,50.743550482679,69.5499271019605
86.7423596004073,51.1411164125531,84.5122238585422,52.77701090168,74.389250375107,59.3449453908429,47.7168054925289,66.9490158399882
66.6997565008999,47.7378200828381,83.1768091562479,46.2948811816733,60.8065406570794,59.4146818109877,46.3674745792429,67.9940595265814
73.4922761815605,56.6937558946149,86.5242868012701,49.307576349382,65.0309278931736,66.4189342157027,50.4065546754285,71.8275701123751
74.1036978587383,53.7067010831297,88.3480948621807,50.2612068562155,66.0650979137701,63.251887845456,49.7766045196432,72.0656262463693
92.5001382622803,54.7814074416179,83.5044777247842,50.9612954136073,79.7152021365363,62.1290128699758,48.793871028495,66.3764247836725
76.5181660936593,49.1760952624142,85.6252607235295,48.0034233554935,67.3797957184027,59.6709994592103,47.2427606141916,68.8317467902987
82.6828476474233,50.4984271288274,86.1462800158841,50.3099492968564,71.4073962786059,59.7244341078333,45.5946951859546,68.6359752112159
70.5601195127506,49.9371501936521,82.8792188953454,46.4815559801015,64.1253341671153,57.6977464412729,45.4451804615845,67.0668176783528
80.1905641113677,54.7038104452612,83.3680405954414,49.1774392916256,71.6344311561811,64.8548679403893,49.5728383962359,68.4717324297078
80.7371424060175,51.552078778639,82.9071966064608,49.0700820430212,73.9554102260058,61.468318570898,47.5962946150732,66.823693288313
76.8881630879133,51.9138013385626,83.5443399262028,47.5178648065549,67.2557812275217,62.2680477251908,47.8034716752845,68.2349065439915
71.1363570413818,60.7437514197572,82.5802321312008,45.8996299127826,65.140068680969,70.2113333388743,51.4495647272848,70.2986083289431
82.3285989938458,61.0755617169056,81.9936153051366,50.1085841273006,69.9271889874697,69.6964434863725,48.5798490836833,68.7347521076556
83.6174707277281,53.8662079024548,86.751478487622,51.781491118194,74.0133111112748,64.7291483078441,49.3122865588662,70.2622057687026
93.0654997531739,52.9234025085287,84.3458475201794,53.1060225249383,80.803059557761,62.9083008558707,47.2774588580512,67.0774790965481
82.5190555077406,52.2650207058475,83.4434814579307,50.0581726795647,71.0964768272857,60.832281077333,47.6491447844414,67.2065101293382
80.247916038365,56.4102005150364,83.910464209443,48.7816312140313,70.7248283832388,64.4482722680739,48.4832229315751,68.7223097238853
87.263117339573,58.0640297825573,81.1583538557695,51.204381306866,79.5797651284905,65.3983217880378,47.6350115685005,66.090559589275
90.7965784074193,55.1015240782869,81.1708178498615,51.6105041823852,81.4380100828274,60.9077075574153,45.0388499055692,64.5976986191854
87.1884857426922,60.5889069585041,81.2644144555925,50.0097531334262,77.1494319621984,67.1724018311507,49.969856209236,66.8219834003378
74.9050124446549,53.2015278241662,81.0316851983836,47.5413055599332,66.3094994114543,64.0033840559971,48.1911787593858,67.1364383935957
81.9228549212342,55.9890914751419,88.2862571284736,51.6694498991566,72.5746868398776,65.4062268050247,51.9364119552728,71.9163278736201
71.7718900342669,57.3004229549555,85.4760936534777,46.5720987496671,62.4296571505175,67.1824273293198,50.8738316789094,71.488613886296
74.951519642771,54.9188395344061,85.5735000497649,49.0783657024744,67.1112108515159,65.3284333594173,49.3813994757907,70.5863697618323
75.5233350492895,54.474469318012,80.0873999626897,46.8654751259913,68.840828898489,62.6475991452584,47.7130501874867,65.9704077471095
69.7076647733928,54.8984974468616,86.730587158108,47.5371642536,58.6433914322035,66.4199117455497,51.6745425290852,72.567580070264
83.3424313832153,48.2677535172275,84.7363838401956,50.3395973086142,74.2329002569047,57.4894824028825,46.0666272972045,66.8307636754902
72.2340675652627,54.0425318274876,81.6335798147525,47.3752065816609,65.13514626942,63.5077546108389,47.1370913849434,67.5635618339847
85.2256441899428,59.3788646155561,82.5970712968697,53.0007963744802,76.3739901953413,66.9162248992864,49.6772111884522,67.7689764556215
78.834837371474,56.7791316519462,81.0783267051109,48.9633607621637,70.7271413796764,63.9060591992271,49.0692350716448,66.6719037112897
80.0529743653246,53.8482426290407,83.7850414039621,48.0889506378815,71.4895981642286,61.8618800030079,48.1263551828522,67.7902373919225
83.5166218862768,54.7318368780843,86.2192520912464,50.0422767521765,72.0947220693504,66.295841329931,50.2738868550833,70.509923690862
81.6796172863659,51.9126619982243,88.0927342093184,51.5209535499903,72.3284684246244,62.3495036404253,48.29785150696,70.7732718583816
87.6028822829681,54.5304445779883,86.9531875545566,51.4611110044342,78.2841021164699,63.6690849519925,48.5074986977999,69.6129635399411
82.4050566665694,54.5556831707459,83.2662709246595,49.3186708184102,73.427174542082,62.5563853596643,47.429673591229,67.3704127037516
77.7200624531006,57.1005845263534,80.2222658039808,47.9262180604179,68.4487149991016,62.2057024928312,48.7326326243277,65.750277943614
86.7207446799196,52.073682074843,80.2721979566432,50.2326370642913,77.429354608398,57.7888444341622,45.8595750542083,63.5086537454318
77.3760622709795,53.627180094584,81.6247068565784,47.2818266042739,67.1438345718621,61.3661181351319,46.2028382353114,66.6219209792448
82.9335479638946,51.5490132515549,83.4035332487015,49.305648157381,74.3848894136751,61.5420867772095,47.0860030593099,67.2173422670836
87.991575044803,53.6135885557933,82.7496533721602,51.9098539595501,78.2289618817624,63.6779896814393,48.1655762109379,66.6414626620376
76.908763780054,52.2203773381732,81.6054180817989,48.3500289179656,66.8955157454159,60.5970800288019,46.6138306041514,66.2906351723945
79.0197044602676,53.439678699775,83.5347593125893,50.4210327625325,69.3383837288568,62.8979018069706,49.1191492347497,68.1882131855856
83.1682354941115,56.3739865390611,83.6064953421624,49.3960264813192,73.7975252713902,65.3879256612483,48.6918133063357,68.3855951869371
70.4299571806327,55.4670756166734,81.4427119461288,47.7244565690704,63.3926752945967,63.6890639367052,47.5372323809678,67.6530050972672
73.8071645052473,57.45865200942,89.2281049468511,48.6868014241174,62.7975938369248,69.3572022304215,51.3647315643797,74.6752566099178
82.4738062114317,58.7637991437465,82.8584597529113,49.6318901377403,74.7567300780208,65.4656849206687,49.8621393288612,67.8023962045091
68.5962166960277,54.905079571139,77.5680078730938,44.3534637063973,58.7419299872896,62.3415701409652,49.0699956146342,65.0058559563021
73.2384423800098,54.0659862221691,85.3407818718302,48.7641332297552,65.065824740265,64.5399473447833,48.4688985003094,70.4378379619605
85.1779695478441,59.9962023915892,86.2590928775984,50.5735049103621,75.5854643504071,71.5366125587026,51.1328192966905,71.8752784275199
76.1612983343834,46.0454760832671,80.5149949493449,46.9320447985163,67.2983748927268,52.1412744192601,45.2962794484763,63.2991249466337
84.9510196076701,49.5595586392678,79.4770996539294,49.3145037616177,74.2338035472628,54.7856605216999,45.1620337399019,62.3454332062
83.5478503198363,53.5402496449243,82.4567784105553,50.228665844874,73.8403933714547,61.9362541266431,47.9639255705431,66.4868970786575
86.0755699336338,49.1270534436403,86.5562994318029,53.8356914615016,76.2295172127296,57.6771514198365,45.63088471009,67.8099195644382
72.3388870428691,53.1047287637987,83.8783819671091,49.0213584664348,63.2142056899605,63.8638444857763,49.6299193399491,69.5100865155018
88.1677006869229,52.2644995845626,86.4431051223228,53.8234869911317,76.8293140827353,61.1590815003847,46.4354731039563,68.4941958965277
74.4733783851015,54.4502529789556,86.2485257504372,49.3672354950248,66.1032927964536,65.1856253153756,49.6614166523452,71.2268397209498
90.0129063551894,50.0433741902172,84.892348725852,52.7613281008036,78.87845738392,58.1343253622236,47.4874077756579,66.5328115428948
81.5335712738851,47.1265792662842,81.5607701549813,48.2422539265523,71.9250078408113,53.966340282175,44.5438414057815,63.9249182778811
84.4937112269907,54.3157852532957,81.7822472802875,48.9196292470245,73.562484632262,63.654777465479,47.4610839013791,66.3890471222058
84.5311261911401,52.9228275271958,88.3552549012298,51.3972399257881,74.0346925667366,63.8115053562866,49.5184070657555,71.168206868574
78.0779130480071,51.5244664767132,79.8476774733924,47.3535082643874,68.6263136237295,60.0977078240141,46.1525690939818,64.9784754364284
88.1512260457626,46.4312076590816,86.4645751205114,52.0838010757088,77.8175130142707,56.5003692615187,45.5556310194217,67.1668601184988
77.8091271002776,49.2891874121499,84.0346044153464,49.1686403667632,69.5031340171844,57.2902731060776,45.2986181859247,67.0685111230563
76.0096480448675,55.9236435881432,86.4288845581746,49.4308005190409,67.1958441038367,66.3009341367178,48.8347723679616,71.4421488855542
72.5842644407566,60.4389371044015,80.5278249890861,47.4495419544569,65.6583335584941,68.780392605455,50.2415563560288,68.2305196158436
87.6858414281349,59.0770123489023,80.9806226730686,50.4208431891737,77.2793155300013,67.2513501172565,50.5591249354798,66.7286623016977
85.0097444658813,53.0840301496475,85.9048720876979,52.244243424056,77.619025184908,60.0362205309414,46.0300805367273,68.0535024391259
86.210755115303,49.3372015184952,84.5332406950441,52.575046734402,76.3402301876917,57.1633810538993,47.1090750462449,66.1937025522753
82.3368272696812,55.9634920852729,85.3898563412437,52.1039508656449,73.3638077697664,65.2908366088079,48.473403984504,69.5510040106365
88.1938180556885,51.9945946526151,83.465123718926,52.3640316560043,78.5114823404697,60.3619951125352,46.3846628811974,66.2600656366929
88.4081323242589,57.2314024467685,82.1535236107954,50.5277008113518,77.4517326043367,64.9931366905401,48.3407431628415,66.6535712771515
78.6213075449517,52.3302081227678,81.0797653789137,48.7727936324582,68.5729085050633,61.4750485411071,47.2730303216259,66.1534254358691
72.0401264157655,51.4701834731385,86.2936296525249,47.5534113128155,63.1873132569316,59.3622479607168,48.5583877396926,69.9933633768892
84.1324116216805,52.0611320611469,84.3354196227773,50.260475049255,74.1478723848378,59.5291426049694,47.2488608973738,67.0743494704507
77.2462546171877,57.0235096722812,83.4183955358489,47.7254932425058,68.2781231368711,66.591380952886,50.3616534166801,69.3324686363206
73.8517685210986,54.2122601032919,81.4375920379736,47.9905937072425,64.8599144733005,62.2531772983545,47.2328855422372,66.9139300318216
77.982747563305,51.6474380092008,84.419544297145,50.9139600392863,68.8669804178351,62.5066520251575,46.1926668825305,68.6770812686569
72.7596800638156,54.5941875523924,78.5676970010073,45.4223833984092,65.2344339932371,62.4887856697932,48.2397769325424,65.2948069609019
84.7482092506456,55.8696095353556,87.9130957536462,52.7485797507944,75.1959658231204,65.9569449978743,50.8054934782444,71.4076480183005
88.3386149198929,50.0778348134678,85.7367127259604,52.4677532810971,77.3766880736578,59.3736013933972,47.2445401008536,67.6586011686699
84.4616503889022,55.9480139866048,83.4532830573966,49.9536536385034,72.3689266399794,65.8952345054088,48.2085127529009,68.4528223268588
73.427592312808,57.2213561850436,81.4867143314327,47.7089322909383,65.065796222649,66.8162991112772,50.9258521447425,68.2893739429371
79.5180102082864,52.0483212978278,82.7559133777598,48.1848636731141,71.3755502679242,61.4282476810276,46.4867343894293,67.0045122932206
82.0986875823848,59.143613691967,83.8410815413147,49.6671231700972,72.9061909431405,67.2647510964608,49.7639300419762,69.1717867686693
83.2773926813381,55.7564749936395,83.2989588680194,50.8144349346181,75.3611090164851,64.9187347472702,49.3600270972079,67.9195195539452
82.9511786232382,55.5188260209934,82.6099948919599,47.995208414611,72.1809808715957,63.2331721310917,48.2319131544508,67.2285327517043
83.9280071467664,52.8266397882189,82.6955460988914,51.3666063421188,76.2102572911711,62.8046827113321,49.4821824500201,66.7404862759977
92.4896055203578,56.5719379312679,87.4546856564696,55.1985790282938,80.9129008846843,67.1104998882048,50.6181797085183,70.5605794763711
89.142256949687,56.6578091011244,86.6165155210479,52.4971141503294,77.9225412239535,65.9217432569647,50.6837736622793,70.0439548171596
77.1122481554808,53.2257611421702,83.1708515435792,47.3000710986302,65.94811297807,61.8788029604542,46.8135785092883,67.7229765760841
83.6627203888359,56.5079391402771,82.3510979809081,49.7200832253004,71.0410037140859,65.9704500702851,47.9744524852833,67.802274103735
88.3636712912544,53.7894237326812,83.9911813505723,51.6184490953153,78.0321382433816,60.8879520503263,49.3750221935626,66.775912328357
81.0601410167668,52.44013425881,84.6106811315155,48.5404678265008,70.3209236991746,62.9862760895414,48.4998248166891,68.8298870941428
83.244871765697,53.1411123449125,83.4111348973028,49.4038546923299,75.1601247733363,61.9372289311664,48.1487155051644,67.2323018797311
84.0503059146567,53.5070573247496,85.6740728022228,50.8313210545179,76.5471146986016,64.013551088334,47.8231798135333,69.0973852229625
91.7316929364611,54.310711511338,90.4542932000165,54.1406785374669,80.3127568217588,64.3760491870966,50.5091241672345,71.9130394826427
71.4147779134151,57.4372037470813,80.5533603463336,45.4491237757738,63.2532735350301,63.73313976393,46.719891327118,67.2736825623564
71.9676722836022,52.1780974350484,79.3271515857549,44.8102889943186,63.5829043860404,60.6464878675107,47.3221179404174,65.3398302357695
77.2351897434508,56.0576313720819,80.3088862511891,48.9047944866007,68.2070218396438,66.0423828181363,49.8700474423542,66.9513069891501
76.8045768728963,51.6028645850407,83.0820789898608,50.4402481269965,67.064169919655,60.5797455653083,47.8690616520995,67.400627340141
80.7344085203985,57.340351340086,80.6264323846933,48.8794037736999,71.0478691641893,64.3358379019515,49.4269851896071,66.2791087515733
81.3737261077354,57.408805930193,82.8692997151191,51.6420417338916,72.082715555492,65.2424043525344,49.0093525936494,68.0595601559805
79.5708109255878,54.3031244178582,83.2257278311319,47.9032383645691,69.6649737198334,64.7438390499296,48.0814977024564,68.4010263287309
83.1994185836164,56.9505974707736,87.3080009550659,49.8616207007326,75.0745386548683,66.8590883185599,50.3007410663614,71.2757807037716
76.4994418923437,53.3487884355989,88.4460137553796,50.303455008968,67.9524597673701,66.5036260841429,49.2574076787589,72.8022783791184
75.401036209151,52.4792299752556,82.4254306260899,46.4120354572328,63.5332013386484,59.4099551731679,45.7935527609326,66.9460112167138
78.0115128867295,54.5773614119793,84.9849948448449,48.9703042932801,67.0511800117806,62.2046689820414,47.0196199719903,69.2163063300125
90.9296392787852,55.9361320986464,80.137489060874,50.5708046791565,80.1101590065797,62.1290560984846,47.3677653857092,64.2455836831583
75.0180342605006,55.0985427208668,83.3209591173246,49.684449152323,65.9341947765846,62.8924371263016,47.9777491169289,68.320389058257
92.613556888638,49.5744565114065,88.9373482676308,55.2968445219128,82.2763188488269,61.5375122310149,46.9648754640643,69.8083415547091
92.0895036680536,53.2314321135504,86.790008982303,53.845691879175,82.1235398178281,61.6543135503836,46.3557629730421,68.3983089620851
82.0070761353801,54.943684012723,86.5077894319267,50.6126387847405,70.5842983547481,65.38659892403,48.1675651891461,70.5573991721881
83.0184057622829,56.9379843028248,85.1389698500986,48.7390402374289,73.9719375662367,66.9318544060057,50.8095551660675,69.8895800754654
71.8804205747386,48.5971686400617,82.2338960555753,47.5466695150868,62.9810486074678,57.67237157627,45.9269717924697,66.6399053619685
75.6982024943322,53.3874349018125,80.9004577302082,46.3571977448123,67.239840577966,60.6881177053285,47.8077684146003,65.9543120140265
77.2022264461126,50.376002991436,84.8784325298936,49.1380468611258,65.8839267462015,59.3950332058341,47.2246130626323,68.4179846666104
79.4509460143808,54.2003170597374,88.0934986854227,50.3539971369757,71.1919577216577,64.1436487193777,49.6422915907901,71.4720337233302
78.3429548371875,52.4486470781222,79.9150893162177,47.9725418113716,68.7131108524967,59.9138285828054,46.8523849571535,64.7663934582519
87.2490737892387,56.9030940424861,84.0588534738796,51.7599452054635,75.75340561957,64.3791233411189,48.7584095006498,68.016506002665
85.3861355016301,52.8199514814356,88.035771649184,51.4852202690022,75.1252428963234,62.5309873966556,46.9197156025519,70.3966142934366
80.4834446142204,50.5673080382957,84.7119246508763,49.7004031038291,69.0598929972279,59.6265964465986,48.9711038076391,67.7474953546403
80.8704576184507,47.2647584967735,79.4080109355456,49.0908390780033,71.5720142617456,56.6629938288327,44.3426674966312,63.1692013067594
72.5914926893366,55.7237457808544,74.8767785451856,43.8667250553542,62.8342461754917,61.4602262577753,46.2704055344021,62.3985704307956
84.1028593546895,49.4266992149579,81.6378673801376,51.6940284794063,72.5733670945955,57.6376945050442,46.7583854477164,64.7947184385642
88.5704480148352,58.2180585916232,87.1622171081173,53.2463276968838,78.6712029816206,67.5744640195729,51.2627177462713,70.8531245143098
87.7063626523024,55.2470632068946,89.3352255743717,53.1409402407347,80.8666723973507,64.0950429865148,50.6664241858181,71.3207513179715
64.294751610277,59.5020075930992,80.5331379853812,43.8741943957939,57.7494029643856,66.3800786543727,49.6722891833826,68.6707453629172
86.7362513945679,51.7114074382741,86.4673237968492,50.6654070836651,78.1337721444783,59.5574501735342,48.5690144517352,68.1719105165221
87.21823817281,48.5834919057951,86.1511426864049,51.6075374625239,77.8751358006001,58.5613210696769,48.022460500619,67.712095847592
71.4707762549078,53.6580172642014,84.0760211809072,47.0293640553073,63.3551806747766,62.7755940191984,48.5472136451312,69.3850790765633
78.0809204567803,57.609880870616,80.1608088237555,47.356222245796,69.6216905809625,66.7815664262259,47.8490389591723,66.9154307753745
89.2397498290259,57.5899276380973,86.6609828834737,51.3110976557162,77.9613574298327,66.1595019984975,50.9039535248653,70.0941578292657
80.251528902545,54.2781756705693,83.7925065051205,49.9674823041,73.2470001629915,63.659352393465,48.4974963405378,68.2686033210665
68.2373916921201,61.4031896771716,84.6685329185511,46.2194886604485,62.3536509115845,71.8549679875038,52.8282231210484,72.6680855148025
78.6952801910249,59.5807358359792,83.0119836731682,48.3080651940342,69.7275070505442,70.6796689538608,50.3877022703601,70.0232603526423
81.1405991070198,58.5859153522087,84.9831814264508,47.7860889243529,70.5277726742795,68.9630741563334,50.6870270864432,70.5583460731518
76.3451478642004,55.2373561882452,84.6497621140241,47.7886494100363,67.1851207336663,62.7822129629797,50.9781331503269,69.1427858006565
76.930405904403,52.8483551330812,83.4270878817751,47.0726043596214,66.8287562178019,61.0744276644814,48.0548835606424,68.0110811828364
91.3923036890414,55.5809433956472,82.4511955315437,51.8262848707826,79.5487689408913,62.0373629699934,47.2335834736464,65.6699366731714
84.61321354181,54.8878935364904,81.3187267674626,51.2008676678243,73.5369290905482,63.819841810429,49.5199620798548,66.1210074929344
78.9480069873373,48.5279497010344,85.5082579966611,50.6484157253952,70.4356218853238,58.0178465996485,46.9104313540878,68.1022815996679
88.8413781653067,48.2226930428087,86.9164080449717,53.3300337158974,78.5445542687146,57.1870888870765,46.2745502111113,67.7235206985151
89.3836052585164,51.4756072258961,86.5446883484248,53.9719717159706,76.4586860274533,61.1354334305485,46.2679872188499,68.703331512715
86.7243401512601,54.0273931133525,86.6067432901721,52.3224584246316,75.0833816787409,64.1644540593134,50.0151163787397,69.7275858979518
78.2637762809129,54.6722960759283,81.4574816776285,47.2132113094822,67.5593044286291,62.6852107910927,48.3926892907096,66.71131449226
83.9315556626034,52.6326624412404,82.8220294143745,49.6907706589255,74.6969958391271,61.2929206708517,45.7786926276987,66.4304277568283
83.5906240140255,49.7128937687043,88.0112113886046,50.6063731845714,72.5947769480573,60.0599238396781,47.1757087846824,69.9682021381494
79.2805817544781,55.8831542092241,81.8068368312153,49.2455819107195,71.211750340045,66.357477687884,48.0580410808454,67.8137084288737
68.8660925617112,53.9029554445445,84.6386724823475,45.6226093788266,62.0652191286337,62.9366907490374,47.6413034366582,69.8751596132439
87.5630494053476,52.3443149233564,86.0445079644153,51.8324389621608,75.1580163073941,61.4073000249383,48.2801182453166,68.5920652291403
89.988565226759,50.6936414146262,90.8844768689487,55.2639076543511,80.3834432487461,60.9838808354614,47.8357877299712,71.5303119865883
68.4059343333389,54.3334955626076,86.9843401522247,44.7029646175262,58.6647404491664,65.6838916607085,51.5630946493367,72.6422090225115
75.4731109507927,55.7174647339566,79.0992836114756,47.6080366711969,66.9961606614574,63.511958790368,46.8627404007159,65.6629142051153
78.0057790232595,54.0712842485675,83.5798275862775,50.2358925931232,69.5470252397098,61.5510395249856,47.705033916289,67.9200074321413
75.6475469785389,58.9702508250353,83.6812034823076,47.9344778789771,66.4447486342325,66.4125373950198,47.4231067953864,69.7017435349231
71.5934863219405,52.9613358896289,79.7996246299186,45.3433475120386,62.9343858147116,62.7691775828453,46.467138120222,66.426858535549
72.6434197113344,53.2936855145738,83.3271043173294,47.6710007939632,66.2536108465396,63.3476245369859,49.0846581437146,68.7145122059815
84.1665910865863,52.547309799356,85.5965753468993,51.5897055983648,75.0367101850236,62.0319453347308,46.5220570981685,68.61037076343
78.5610066903837,55.2807845555424,84.0799871635513,50.052475698253,69.8377016026342,64.0405198041135,48.9527497917445,68.8085530781893
80.7953983937941,55.422942958665,86.0594685390376,48.8986155000723,74.5645745579711,66.807997429662,48.8383028278677,70.5856549174012
82.164464165951,51.7492218597797,78.9545753349046,48.6931918514034,71.74515828618,57.4596565097475,45.9833347344685,62.9389164597168
77.4559712501974,58.1717781278843,78.2035263434792,46.4696504977753,67.0712324651119,67.6167919692004,49.4444960311085,66.020581513537
72.558935318747,56.7784488799342,81.1241836795701,46.6670885290939,64.0659185561061,64.2817236601599,46.9321231680516,67.4708978300033
67.0285693444422,51.6764259135453,83.7418306006066,44.8739340083127,59.2516177073359,60.142626284816,46.9628098666832,68.8279505971611
71.6433501978123,49.9049532356759,83.9050822254409,47.6159095808477,63.0816128215221,59.5356527020142,46.9892812948053,68.2044303556522
86.7036728399633,55.5715596906287,85.8602823358789,51.2905686126553,76.2126389727786,63.5782668619411,48.2450655320558,69.2561156793271
75.7178486710286,54.748727481024,81.9341595773992,48.5733325331498,66.0157224407901,64.1591804820567,48.3717987323633,67.8654190510971
80.191671800784,56.2710869980544,79.4685194897579,48.5687824655725,69.7345162470769,63.5887589703685,46.3579409346862,65.448558988678
88.087339594727,52.6401851147606,86.7577589881469,53.9864471485852,77.6902526717316,62.3606058108857,48.0529716835052,69.1536720435073
81.301783102882,58.5286563741836,85.7700821742503,51.2209491263888,69.7004981255095,68.6664395275903,49.9369863319211,71.1262435938461
88.7384212805726,59.7342843621464,83.9681228503382,50.8883223515754,78.1327890254562,66.9941853376186,49.2640991869672,68.404811793931
83.0938304713613,52.8565397365039,84.9550637969786,49.1165662740578,71.8257970174135,62.121546947364,48.5963848981813,68.4034814265116
68.9885637850591,54.2495231293363,81.2143965249914,45.2433388421515,60.8602442731979,62.6563463105922,47.3285887183166,67.4338198244085
75.57519971335,53.1098129118062,82.2030419504035,47.7257799604715,69.0332106185822,62.2049080612116,48.0607692937853,67.3536931797929
81.2749225353441,57.7347029624731,84.9621708036127,51.5522637031667,72.4528257448231,66.8533296633687,50.553023234753,69.8369019444017
77.3055377583898,52.2965886560044,81.9431237088426,48.0333932577997,67.4564529374116,59.6448424963134,46.2299279430749,66.4800923889167
82.6412993507264,55.6312709920342,84.9019300811557,48.5197390716069,72.5790495518517,65.0995413221389,49.0032887197359,69.2306247971612
80.4201157820401,50.7978362080947,82.2971024018451,50.0274656695217,71.7776434807794,58.4625356711757,46.4060139075998,65.6876499445199
79.9212010085016,54.1054148372065,83.8677766713295,51.0582928001548,71.7318222100072,63.111819014378,48.1880319262788,68.1469837141215
93.8818474044313,56.258482137367,89.0455122287966,55.7663165315906,82.8483280644122,67.5870130705667,50.0376445773466,71.6759929351223
83.8879689163442,56.5948015736691,86.4161380416604,49.3975481676539,71.5265137401243,68.9634036483109,52.3006832511237,71.4509411218851
84.3618712512192,54.2334612685843,81.6958581830697,49.7727623663022,71.8664047077422,63.8058463512945,49.0584364868,66.5171892539073
74.4833460006647,53.2762748498379,82.4861769943293,47.1490368121376,64.5234640952167,62.51990039594,47.2423657684862,67.8708626642077
83.5885830246892,51.8398345922092,83.3197166885297,51.558952994209,75.536123442238,61.5953174907131,48.2290508586687,66.9951197665312
80.7075453245808,54.0523333709692,85.0338533252219,49.5565933622906,70.4748385911647,65.4199143316144,48.8813746560299,70.0231975550559
80.8896765151093,55.1855357953723,86.8390094940459,49.8731640667143,74.2093106900921,66.2811486608378,48.2916636660208,70.9778043393177
80.8241967896634,53.841308444463,84.9273538267803,50.3300367044488,69.4283470158543,62.8853855577631,48.8619530684236,69.0802712731225
77.9218997304041,57.1358667924808,84.8304594449396,49.3220161829725,70.3342016350832,64.9895692237322,48.2381341342233,69.7064867843043
71.2827376100055,52.8965000158895,83.8840604699684,46.9111562349458,64.2083063659949,62.4278241745007,47.9587460548425,69.1018764673575
79.7137241316705,49.7162734814204,84.0720576397575,49.591354592183,71.6620666634726,60.0978038022023,45.3513116392914,67.480771766163
83.3706503714703,53.3628366884047,85.4882099239728,49.3097471117447,73.1233516574,63.8487172887992,49.0449369382372,69.2233437233897
78.0467527170034,55.5677244189011,79.4472829035183,47.9671749886187,68.622682179578,62.7101664267293,46.7164238234423,65.4015793052392
69.4648656694875,56.3870320835134,81.7794160406608,46.5297927347745,61.2458705613402,63.5346681197951,49.505111750111,68.228777969764
81.7317243197742,54.669392345488,80.9302413795335,48.9828938742415,69.2286608452665,63.6545283884256,46.4651645500696,66.3203862425128
86.5766346101005,53.2173289270102,86.5307482016036,52.9852087573321,76.1769340547736,62.0054782961941,47.5766122925463,69.0850797882826
90.0776391137273,58.7860376699768,84.7585317325281,54.1268404134348,80.8576681854284,68.2592635444892,50.2246064040352,69.1893539913807
82.0828721105602,51.8257552759056,83.6902306544855,48.5997580698742,71.3999696495025,61.2990750434074,47.613922572854,67.4509361228479
86.1025008815937,54.3369767578552,82.9843956843488,49.3112273881262,75.2354148738266,64.2831794053348,49.2378136203435,67.3751343099586
87.6442257782775,49.7407939237221,84.9549648390255,52.2389557075343,76.9457184940756,59.5625728662339,45.0052817482237,67.0208084099303
81.0393403151434,50.1942330588213,82.8107704916507,50.8949436981123,70.8021276412469,58.1065477560446,44.9336868771844,65.991871281345
84.7078853372001,48.7767551469253,86.8508976243741,50.2687677243278,75.8325165219151,58.4178871469659,46.8203764145154,68.4244287437186
79.9370947365318,54.0528035571711,83.9867912853176,48.6459994775348,71.1696397280993,61.2708036331062,49.3256194040965,67.7697437835879
83.4062334026486,56.2126378978886,87.7947669126548,50.73098010947,74.3874051656718,67.6594636983056,50.223563212554,71.9206206808313
69.304532383555,50.0582299599964,81.1797396567192,44.9111836296109,60.6029582639015,60.5075605046031,46.5238366237981,66.8454239954763
88.7308901751756,50.7367391450018,84.4929790389014,53.1718075683016,80.6987119223437,59.1441252807689,46.8409767447231,66.3829070002452
75.6653823278531,50.4376475055901,82.5618082506429,45.3681585807918,68.4037966146752,59.4670864104042,46.1287540880418,66.8488723374756
84.3759683042647,52.3745880033045,80.5988573429455,49.5262367177312,75.7847828988211,58.9792831275158,45.939642069923,64.2363029808112
78.3166700870658,54.7566707263871,82.3701083007556,49.1447929819481,70.183855546955,64.2255901119459,50.8324221263077,67.7745891786592
70.8198925932554,53.4052869727819,79.7766651012314,47.2991515631706,61.8262473462845,60.068055612499,47.5862582323348,65.6531948930692
85.4893091401761,51.8699038979837,85.7698378157163,50.5267808576006,75.9884158173625,59.3838868727124,46.9072466922256,67.8103211495522
73.5173094566542,56.8375564851458,79.5342578150209,47.7541625559688,63.8693951673585,65.8873748350517,49.4944954178428,66.8189919016574
92.7142365447164,53.9047641301876,86.5503306198896,53.3216839322261,81.1022355669339,62.3567435537875,48.3938676066816,68.3880104292841
87.4719740512786,49.1992899559683,85.1581669922878,50.3382985704614,77.0299282441927,57.1385679778466,45.7973482882094,66.5868242200579
83.1122181436575,51.0513207408372,83.4479730485204,50.2441641341808,72.1889658045715,58.7506190679149,45.7387578895264,66.5315408802359
82.9020169752155,48.9196942970553,84.3171786229728,49.453229666126,71.7998424703386,56.6887637984705,46.2698160877219,66.4793453999475
69.0327469008132,50.6306451396855,83.4223997454009,47.0302860996982,58.039771120781,60.7751951099787,45.6680275980877,68.7309279430807
82.6213907894208,55.8488351590216,84.9995888828866,49.6754308366738,74.8270024689681,65.4484086224395,49.3997169342957,69.2604213817081
81.7685580802192,53.432533083289,87.9268135213267,48.9957558720196,69.5544820951001,65.719499776192,49.6278079133415,71.8219972468497
79.506366809713,57.636186758615,81.0939223342062,47.70896722708,70.3140792912044,64.236735242162,46.7061885120112,66.6995843907591
83.6771851394477,54.4979436404367,83.694470960182,52.120925562699,74.8641372799025,61.8015377352708,47.2151372573844,67.249369623239
76.9803567265216,54.8109234701996,81.0408159325097,47.4432287304357,66.8217569191159,62.5212386695126,49.8327258971904,66.5725040544261
79.0960614336781,57.0927260833995,80.9585391290744,48.0231702432885,67.7349981359396,65.05793944796,49.6759499928696,67.0032224370264
80.3837484185166,54.0389431544772,80.5919530513107,50.855442006288,70.0185537831732,64.5138845782828,49.517263640259,66.4479743612775
77.0680038025929,52.4333332821807,83.288794841311,48.7204956458109,68.8896672042179,60.4796643356582,46.5786220721603,67.3974106575378
82.8040439101687,56.6402826415654,87.4307060991396,51.8329913637944,72.3850992079736,69.0490790600586,51.3879023770691,72.2086178523889
80.2400714169736,48.2612675462692,87.4466396331795,49.3577428081992,72.3428036699842,57.9264511465217,47.1651994829299,69.0434296547984
92.3821161601512,54.0930388440653,84.7785586310471,54.0424945680306,81.677204489453,64.10470000158,49.6884971561156,67.8997772424907
79.2778775140992,51.3748821451157,83.1762312051474,49.2176009976568,70.5481717201042,59.7203218386067,46.0947333499929,66.9260688346246
76.3073842280831,54.5294852345357,83.5466774896471,47.4910656486556,68.34554328056,63.5237675236832,48.4077935786025,68.405063250242
86.6508398270824,54.0110205563507,86.8180487774442,53.2910785266705,79.3206601069087,63.6840841877337,49.5924455088114,69.5293442096238
79.0013146430963,53.7656721227324,82.8544169455314,49.6444396197188,70.2456790635644,62.8540774999166,47.1928965850598,67.5420030720912
91.981095139632,57.0755473134102,86.5713857334704,55.1840793036025,81.1418471124802,67.8333792076315,53.4625900757409,70.0648496146444
86.7997757260248,49.608248433856,80.4070179865458,50.8067421820265,77.6078658349347,56.1998809200527,45.8784059522503,63.0819688008066
79.4583886690193,54.8554185843187,82.1767875208428,49.4329198426687,70.2133774808838,62.2633659194215,46.5940478522827,66.8946818778554
78.9580203039649,53.0716988078214,82.5014884373111,48.5084636702276,67.3574755136238,60.9699780488887,46.2614972559627,67.0363181189166
82.270551275628,56.9140668368645,84.8098325761864,49.4444383257471,76.7116992855607,64.2866078421513,50.2886424207623,68.7768632434299
74.0094707565622,52.6339160571433,82.8711523806474,48.4194690474221,66.5344311537437,61.2043312967356,47.1109706042759,67.4822569944672
78.2464503844618,55.5582001721917,79.5292445838518,48.3361725160999,69.0019784325853,62.1578314833899,46.6977037899973,65.1057432522869
82.1021839048094,51.4283500465141,83.0258917295169,50.7348347846974,74.1832408617522,59.2686623410211,45.0594598813331,66.0718181845123
84.7734266750437,50.2432695774516,85.218415330189,50.3068214306068,75.5077986999327,58.121346105917,46.7293163065265,67.3571537953772
85.597665561719,51.1840360754811,83.0919327130056,51.5481806512773,76.3365151795256,57.4983374040511,44.9438862096362,65.4292434849475
73.3804384839843,54.4495544458746,84.31060056469,47.7230805575873,63.9748078067235,65.1530479500851,50.1856084082212,69.9340243460848
77.3401453024624,55.8913835429976,80.5194362692469,48.7776909411673,67.1000638467948,61.0873696749786,47.9183234195828,65.6566494321994
93.4268672370931,53.9577961954895,87.1957569495728,53.4943084693706,82.4487231658831,62.3693639828639,47.9114413901242,68.9051321515372
81.6533426276058,49.0746274844534,82.5569256837798,48.9449332625837,72.7258501409133,56.9862439421555,46.0770239940071,65.3205552320656
82.0514217556829,50.8728113763826,83.9670693497325,50.8493584869852,70.8486450434876,58.7150740985523,45.6656177401862,66.8840924039152
74.7577184112832,49.7591694553394,82.2227542620962,47.3495065479249,66.8572010129888,57.2930119240981,46.73751364445,66.0132235023043
74.64828489298,51.9921342976122,79.7517020591687,47.5290871152433,65.3483470726351,58.6429012900393,47.4258155684612,64.8966527821258
82.4642039106095,59.3678157560877,84.3820281970477,49.3750557245974,73.9024744972965,69.2703444066147,50.9622063732556,70.1486545556391
78.3355690609768,48.4409241460299,83.5928182684316,50.8460805403766,69.27943540242,58.6983016232857,47.3050621488953,66.9348374037208
83.0009796732952,52.8088504097127,82.3625902710225,49.1189555254891,75.0051678724032,60.5774279432032,48.4294956547148,66.3202641865294
72.0204443395353,55.7255345402018,82.7179273892731,46.5511741660114,66.0164443112955,67.3829449284055,50.7785259687283,69.4833086299696
74.5173934180877,53.9522214685302,82.3326661017941,47.0886430585367,63.9519521245538,62.7676375767081,46.9838698119722,67.7688559353698
85.7187913541331,52.5942050758788,85.0583474051385,51.262861594176,74.1808407586739,61.6144483368697,46.660080994757,68.0956761328851
78.6121470487472,51.070771560524,83.0838153806692,50.4273707266226,71.5471486977672,58.1959811748102,45.7513149938032,66.3458738706566
89.5210376346207,52.2532477875673,87.1265514419227,53.0271256232728,78.8441760500123,61.0375908056548,48.6912931880887,68.835929809333
86.7407380082669,52.6023230973185,87.3673477620767,51.8834488045561,75.720747624125,63.4781948103673,49.7418176440187,70.0484252577704
85.6590606614898,53.6448659023083,85.4428995809126,51.3554778657147,75.6701134457687,62.7134186730236,48.0176666838991,68.624474568695
84.0764712044014,53.7463336535163,85.3405622676857,51.2688182260958,74.0794898879034,62.8936910564731,47.764048520072,68.7822877774112
69.8107695006653,53.250484132994,80.060019109224,45.7815254111974,63.4476857273498,61.4923184013811,47.6147669206163,66.3902040056255
81.0100520412233,49.3204948474912,79.4480556916873,50.2898594682221,70.9333438861352,56.2182140211603,45.1292658437539,63.1497290297728
82.190617768038,54.0374270311042,86.4923484404527,50.5621604532756,71.5396635917076,64.7608284360476,48.8255971423587,70.23722399716
82.5598064249854,51.687347111509,82.9521886416501,49.3841055404554,75.0715005108825,58.7661197101722,46.6995961051091,65.9034593516334
86.3950725399626,50.2219479736856,87.9557095242459,51.8960043269073,75.8314307234288,60.0878347099275,47.3349910016875,69.4230189245546
73.4771021869835,55.6286652238451,84.0596448108121,47.0801256210851,65.0020212764074,64.5730581453051,47.6925571439652,69.5304704610803
71.6275575167296,52.0584517497718,86.3288819307709,47.4630756223395,65.2809668192071,64.2732702757492,50.2228493603424,71.3022230272667
90.7605003802274,53.7901064931391,86.6095477410995,53.022186397514,80.1878590115359,63.722645297423,48.5741907871317,68.993386929192
85.0832891596738,53.6622955527047,83.9094317915876,52.4192794172185,75.9194843665623,62.909476200153,50.5911448507051,67.6241210631158
82.9097200942678,50.0905422466546,87.3357376558691,51.1519417867635,71.4608186739475,61.1246448100459,47.2306634831088,69.7777370911292
84.5181824885801,50.5678758189261,86.9016097361589,49.8568432352492,73.5396019141636,59.5846709066773,46.9691513097442,68.9064999243411
98.4942848315005,61.5743017531891,88.7327298254723,56.2163230604633,86.5730492851006,72.8508539826617,52.5569823456426,72.1960079212755
74.2170724644675,53.0819169780325,84.7494448007369,48.5238114843654,66.8185735570462,63.182420227722,46.1613676094315,69.5501276069931
69.1549009666822,51.600506880581,78.4513137227098,46.750328026672,59.8009338767608,59.5159998655481,47.0718739735399,64.9330272449982
73.1534755084888,54.7492049987529,86.1248574689288,47.8897779215333,64.3915763994814,64.7156158885391,49.0854147502571,71.0353842736484
86.6814557673764,63.093865221848,84.7387218971433,51.5505992629714,75.8105251487832,72.5960869466518,52.8936368054307,70.9194608959492
73.4499030320922,59.3118674945973,78.5180364974679,44.7480107274103,66.2959009150415,68.0093833131577,51.5585982473881,66.71429698554
88.2559729296093,53.6812678237549,84.5360911644265,51.4187340709197,75.861169161536,61.68481723144,48.2595354668408,67.4710012502643
76.222397446365,53.1491701311734,81.7922183038485,47.4084003928849,68.7952019130479,59.5373221773466,46.0560850369945,66.0785897437712
90.3919742452993,52.2334123393915,84.5504101127515,50.8119470219496,80.2357701328188,61.7234835630572,47.6460964153452,67.2822910858243
81.9091708882372,60.2633105571515,85.9320714572303,51.2223021284587,71.9774158299947,69.4687683700721,51.1339606547435,71.3185819780482
78.8766201012974,56.2392851934253,80.2305563736266,48.2437076518015,69.6129673332823,65.1816834154812,47.884978780264,66.5492755064748
71.6527775252549,56.8602948828291,82.0660776308009,47.3239852565869,63.4181366892489,65.0865954039382,49.7158784991726,68.6097031409952
84.2387571095411,50.7132439693175,89.7353980544264,51.6521452464419,75.3887305920224,61.010217264331,47.7992258877597,71.2199078655372
78.4359147836313,59.7150668883747,82.7055843325765,48.5057459899666,70.2117060215534,68.6184357112879,50.7328688858554,69.1472020500676
88.4282626071679,52.5321719759798,84.6177329406065,52.4882210082753,79.8503673271356,58.8927268812995,46.765461069953,66.6093251104878
87.1716719647568,50.6881132353537,84.8031565256124,52.6854893438255,79.1915341690555,58.2481439470362,48.070151343104,66.5552982286501
94.7574454658423,54.5590484377417,84.8271783820792,52.6993221395649,82.9067882895626,63.3568223044071,46.9969379521866,67.3704519315264
72.3352150912067,57.0018163736789,81.2648420542061,48.0605527836657,66.5948058413862,65.4570271356827,50.2318551985925,67.966590927231
77.0172562792036,58.6448570547861,83.7802708176292,48.9091409291746,67.0908541141692,69.7638710816735,52.2906802403168,70.490341904116
76.9398059253357,57.3963121955488,80.6332840153767,48.7841094546304,67.4574802368037,65.5720879273731,49.56286789602,67.1327052011836
85.971221446465,58.2138532380581,88.1101363201456,53.6515751727649,77.3285091124434,68.434467025053,52.2910371232198,71.9551485897941
72.1707929846561,56.0022554223565,81.996285250617,45.3424841067426,63.3232158665394,66.2755357467112,48.8800005713617,68.6782097365665
88.9059278030283,64.009475655724,89.3728485804128,54.6270071719832,79.0308307125587,76.9638898965859,53.4464847677967,74.9858026899254
88.2611541784569,48.3298680580228,91.8359287069091,54.3931512412077,76.6981812036449,58.6906527927129,47.0764004147586,71.6242520329159
89.7382612708299,59.4265042820691,84.4949580690042,52.1424530682432,77.9618045658456,69.2525384100871,50.988346945182,69.3368962529555
75.7969600875668,55.9564021020995,82.2633334851851,47.2823509134249,66.5086970321169,63.8896909769104,47.4256521854871,67.8426141086331
72.8537305761183,56.1328310976267,87.2581132392211,48.0828862507708,64.1598839946564,66.9169258850455,49.7342932907418,72.6175401555134
88.8676913871243,51.9132298843769,85.0868395754196,52.710711990599,77.5955284662222,61.6264846831222,48.1519558508508,67.6432993043031
84.9979098895494,56.4985733826291,84.2207350068407,49.6541971013412,73.8386690085371,64.3317996851952,48.4345419022445,68.4241080490237
80.2021683415379,51.151617823234,86.8519276353605,50.53600307156,71.2885165529256,61.1667406560854,47.590076028048,69.8381316510425
82.924743243215,53.1100997730728,86.4656906261833,50.0017254186776,73.7873044839353,61.3397530417458,47.8174981648756,69.3910316292279
93.138593767524,53.8335769245886,82.7074026612979,51.7872863265813,81.9790253342226,61.0425701670988,48.4909863377814,65.3263936583956
89.4075689910304,59.023351253433,88.2335690124925,53.920562287102,79.4963534066138,70.3197273897181,51.9688882871043,72.3176144496004
82.6115069307689,53.3138400427658,83.3854679163443,49.4781470908015,73.8262920640376,61.3370423428711,48.6319864723297,67.1343198414577
74.9974604255129,49.7028098454805,83.8140358676771,47.9688894869718,67.6954780151197,59.2353625965232,48.6456047066063,67.6173377229857
83.0667923969516,57.5329767512416,83.6006956520894,49.6495035143637,73.9490980291256,67.3695225032044,50.5176936443422,69.0381102417373
82.4093205780403,53.6193604299659,83.44276317304,51.4167032706101,74.2281854073274,62.1694671580171,46.0620679445825,67.3376634222087
81.4548302545497,54.9104497504891,83.4268691187296,47.7886150420536,71.2247740425509,63.8019302988156,49.4578018686248,68.0105014874566
77.6871674859705,52.620354712825,84.8963027084096,48.386937509357,69.1181729180034,61.4316098936215,48.2828455011507,68.6238972557782
85.608100521617,52.6927884163281,84.7359253819838,51.6645171348822,74.7032731403956,64.1081069654002,48.1191310882387,68.6339875966925
89.9899906911805,55.5492327176032,87.8617840353732,55.1445095365254,80.0169192043748,63.9956810216609,50.5205705937702,70.0875639988013
82.6663922371808,54.995994166813,80.5343777384113,50.0520425687035,72.246140655502,61.3517393080682,48.6665422558679,65.1254441271109
85.9930397681624,52.9861002070227,86.2273697232411,53.9940567573027,75.3165189402562,62.638200246139,47.828914999491,69.2258981956738
87.7769883015454,54.7602971524173,82.4932812603719,51.8740518538353,77.450905315165,61.3695673327246,46.6973614293227,65.921066105597
81.9954593141314,55.31284043896,81.9550409125429,50.0300783638706,74.6775409241403,64.5621665373547,47.7149552479667,67.163279841086
87.2638069629846,55.7916614845619,88.5331194272923,53.0486451513994,76.1069615433883,67.2035962585515,52.370337022703,71.8526339179142
86.7329157785791,53.2846107503417,86.3932680808115,51.6528992194485,77.4593138008594,63.5218376935222,48.6435038975615,69.3277536927592
85.6920638798413,52.5015966112729,79.1881636903213,49.3785344612125,76.3690658444995,59.0521920242381,45.3410029593632,63.200799409131
72.4289097063151,53.8792611166661,80.8048517601397,45.9684136689431,64.1766685171093,60.0646891680601,46.3183993868524,66.2023762734415
83.344044232486,55.2116313572688,83.3703935050992,52.1141895503552,72.3066244256231,62.7549644501749,48.6555299365869,67.3920698051865
91.3089424440905,55.6063270768917,84.3347403151286,52.3934441261078,78.1829008891194,65.4891663019645,50.5515885927834,68.2824970548183
79.0386435421549,56.6159084969806,84.9484794760368,49.2148131902782,70.8585847161593,66.0718225078547,48.7478546838605,70.0041923586503
87.3563894410091,57.2330462966842,85.004684296494,54.6568898508045,77.8646447595198,65.1180340439895,49.5422454894128,68.7600291411008
82.2705223085566,53.7969402714252,82.767219798903,49.9099495509718,74.7799520692816,61.9060850007567,48.3742894613287,66.7977436125242
72.8991743544819,54.6954468367274,81.1052099877782,46.9116911595625,64.94964388814,64.4721388355459,49.5547199914747,67.566312202522
79.3394043229814,57.304110058868,88.2812877880371,51.0707859902005,70.6323157026834,69.6438750242869,51.6670408167968,73.1378399638279
86.0694264394182,52.4931532034665,84.1917990859242,52.4759646682645,76.9252943655841,61.6542937490424,47.3956195819151,67.2227110654743
83.0113937077254,54.5926331049159,87.0287476966399,51.1874549348844,74.6280536923566,64.7404303700257,50.3548863897553,70.3606970326247
89.6703627318073,48.47274952233,83.2509087501237,51.8515855448272,79.5146683245521,55.1103788250646,46.0835680001899,64.5461215786387
70.8787935644709,47.8402915666587,83.9230582065134,47.3916709204958,61.8264480934664,56.3191761309991,45.2324898970679,67.3181370352611
70.9340961888603,57.2432759778667,86.2812613583455,49.2099329172539,66.6536253077257,67.1778660425227,50.5648188896944,71.8680033519888
72.2800737148815,48.6902819339399,82.7670142898036,47.9121214526616,64.0992622123458,56.8848255151494,45.0811770179882,66.6958605137164
78.1140683819321,51.6832001546901,81.3040488458416,48.9342017647474,69.2062473301823,58.7758372900247,47.0702799017647,65.5610010482016
79.3616009815697,56.2365137935021,85.5650664464842,48.9068788872444,69.5069592642431,66.1587311044686,48.4025789654004,70.3609831594746
81.7428491838756,53.0451560259283,82.4774483454178,50.2386472699874,69.4964481003548,62.8482105260114,48.3682777943933,67.1930946354923
83.1313626822344,52.8189857623425,83.526566626537,48.5639247560835,74.5843902970118,60.8854363744007,46.8116598856097,66.8563406671966
79.7977326955939,60.6937080539576,82.5582774158727,48.1077356349867,71.2951801652852,68.4688327532982,50.4447253746547,68.9145014579193
92.8497180724846,56.3501543216756,85.7697756066582,53.400154122004,80.5784277214986,65.0705031916207,49.4275565583393,68.6733117331459
74.3869820884454,53.7021233019107,80.8018038744451,46.7429511978566,65.7967381040593,63.1744785022039,48.9698354821548,66.8677486069176
89.9560866939515,57.9952269016152,81.3147975156758,52.1514800774238,81.6384276941708,65.6960046633481,50.3073190294468,65.9844280518552
64.732187372548,53.1704028801294,81.6640799671728,43.6830136683594,56.6822340567561,62.6687953571341,47.5662063765439,68.3271818512595
76.4231420430629,53.6063704119038,77.9942911621204,47.0176114843604,69.3958829873653,61.7045649622279,46.8876936562507,64.1726780148167
78.6699187020719,55.2785067210809,83.7237699037628,49.3420043745734,67.0912264747136,62.945796324977,47.7160242056509,68.3154559751472
80.054575881885,57.5106251013206,85.6877628094729,51.5202385566164,72.2572579294776,67.6880013756532,50.5000740724095,70.7055343812401
74.8256731148512,57.9116434952629,83.6979338004582,48.7351520160548,66.2942031892743,66.8732657086564,49.1182471454653,69.839413270802
72.4929237047468,53.7578199982343,84.3673885619182,49.5400295940997,63.5934193352652,63.9925457610854,48.6157159596489,69.6156258872714
78.1532367491095,57.0107115101698,85.3604756623289,50.9366930860765,70.5916360377069,67.7501369688498,51.0645726735142,70.7601969620779
83.1230987796602,56.7468084719053,85.5865758212813,50.8741055756793,72.2358325496131,63.0073144009473,49.8917484141442,68.9862468263352
64.9473990622583,57.3977585358574,83.7813643650324,44.1729312355536,60.2772625479953,68.0841893577979,50.0659632948827,71.2964450280063
81.5657673849161,55.7803952111815,83.1711748907646,49.2363739717817,70.8887447584068,65.3720522694708,48.904447510637,68.3527142971672
74.4832127713921,58.1333102282799,82.895214506701,46.5965893124469,66.9707285821157,68.49482778757,50.699760662159,69.6362358372252
80.295937696275,51.1256058730396,83.3700200093441,51.418473065135,71.4126028520094,60.5174504190911,46.9182933663486,67.0994982411531
79.590368303505,57.5132959839539,81.7444864982964,48.6976752415782,68.9618425520151,66.9061372250308,50.4617909210953,68.116621134398
88.8516327865508,52.3216759790422,83.2469487211302,52.0287228160624,78.8494754502082,60.3852393658118,47.1631141056709,66.049866751625
72.7803640435057,58.7385128814568,80.4410739116781,47.6492313280911,64.5471969665793,64.2084961125432,47.4058107770492,66.9534282073878
79.0337506638819,55.0547636599277,83.535277551081,47.9052562945829,70.1749196575242,65.793834516591,48.8024783303018,69.1342950626159
68.5885680081387,47.886594134541,80.428951704992,45.8849840937869,59.2253804974033,57.7102295080189,45.9860310426107,65.7509298440228
80.0939829888251,52.1376189849442,83.3146180844347,48.4219510886115,70.5454404605325,62.3384244523485,46.7217865134202,67.7669729198545
76.2398680334005,48.2813415423763,85.9295884018732,49.9378177772666,67.1682036945014,59.3860780941458,46.7790889584711,69.1494769690065
86.9011230257639,51.100289979393,87.9765616329884,52.79166676431,77.4320764487478,60.9985249766668,47.6843336790454,69.6732230611665
82.041530637653,53.0479347006184,81.7739981128948,48.8069439600565,73.5818162110756,61.3324903067908,46.1865370241445,66.1942994438828
85.9810990045224,54.8624069075171,85.3392535210278,51.239453371029,73.9132174688831,61.2392067700931,48.9879780355508,68.1397840902496
76.5449345362522,52.4471390058718,78.849240771676,47.0547974828597,68.2289243800784,56.8712518809388,47.3804100457946,63.4704664464116
81.3744886817003,55.6649042372968,87.1962604807065,52.2008630492291,71.1870278896114,64.8750528817301,48.7429480226391,70.8677300591482
80.8744548785582,51.4388611268824,83.9789903169263,49.2140503707137,68.8734533733833,61.4436881392688,47.2356002183775,67.9891851590584
90.9513973323908,51.510250419282,85.4806983371067,52.1243987608581,79.6100852224842,62.2889621563677,48.5323105302481,67.9301776831432
88.5794939097015,56.261179962483,83.6011420250317,52.6541882407016,80.0027938284473,66.5296458837871,49.8357921036985,67.9146014380516
79.7666413324188,54.7880426603378,88.1938231344453,52.3203604514512,72.6461508245454,64.9704448894884,49.2047205117272,71.664474080634
91.3101431753994,49.5553578835981,92.0457401498803,55.7605586581553,80.5615470942354,59.323342996536,47.6891198604782,71.4212098946604
66.340096539099,52.0465345864624,82.066074973463,45.6548332383177,56.7894823697826,61.5428459196484,46.1894553190841,68.2805951670494
84.8946911403808,51.370867512522,81.0852518777785,50.7349520771207,75.1577560540822,60.3839220447003,46.3067249795844,65.0135115586826
75.4496377954082,50.7766039399355,81.4163941731295,45.6724255465967,68.2437774614918,59.2002526281038,47.3435912763301,65.955343830285
89.6082431837816,46.608752798314,87.4355475330285,52.9231196135207,78.7111698288764,57.9725632936755,46.6360979177215,68.2369458739114
74.6725440271608,55.1734058704192,81.2453385702187,45.5049571910433,66.7704163221866,65.0351950923933,46.8098220497415,67.6228636908112
77.8567381502859,57.9283123562924,87.2817434787702,49.2159052305831,67.3509711075893,68.4004012106337,50.5332673795329,72.5467827787747
81.8186045546188,54.4050419789523,85.8997885685181,50.2489345097856,73.124923315699,65.371810498708,50.0567727774106,69.9795056837697
75.549373976104,52.0899977303552,83.6786083362628,50.1162027858125,68.2876415332774,61.2756391235168,46.9808099634133,68.0307326085977
86.6785570066415,53.9687626793772,78.705894878374,48.8382887160694,77.1583664457718,60.5840076429932,47.9593297320852,63.1383706859293
90.6676064447374,54.0140217094553,90.730740327054,53.4798902976525,78.834197883546,65.5050310817791,49.995746722084,72.5580699116359
81.0843183574916,52.6684563111884,81.1065760113344,49.2885981097351,71.9308184299822,60.9883601824052,46.4736670673825,65.6438094664753
78.7355148576362,54.3809777521752,82.7524534566513,47.8019173379248,72.9783462696025,62.1188172217371,48.1996329553645,67.1147579251666
88.8878664331846,55.5869604229432,84.9208490768522,50.4835381050637,79.9826798117546,63.5162405505609,47.722275604161,67.9809425128421
86.7855982639688,57.7980015415089,82.2288806502985,50.0336578633218,75.4473200692454,66.2502489389679,49.3769016013296,67.2678000307349
88.4099169143726,57.3024466199989,82.6632886172881,51.9773668392518,77.2128937815631,65.6581055933248,48.705638833811,67.3318219477125
84.3849211120923,53.5226157437139,86.6915493967786,50.3717267037622,75.2895822940455,63.5342481118358,48.9932181103964,69.8692197230145
72.3159889179348,50.0251093333565,82.3727648503177,48.257883478225,64.9501469096059,58.3483871370939,46.5019211740474,66.5604835549231
79.0184923759282,53.3265110178112,86.3176631479336,50.072323171737,70.264048684044,62.8405548370874,48.0620479899702,70.0210956856543
81.9702922427696,56.1072794500602,85.8747736925737,51.639051452598,71.1645233027997,64.6525630888911,48.1412562558305,69.9961374146352
70.3516183876042,52.7127571727499,82.0502390748412,47.3000783081448,65.3085664511788,61.9010923815712,49.1987877171225,67.5240021524347
84.4463074364367,57.2469548657808,86.0519605227726,51.8470892095736,75.9593567896495,66.8550810425652,50.8739336730074,70.291606663428
66.4793951780195,50.4084762802805,79.8910295093016,44.1684880208492,58.3517421860339,58.0130853572953,46.7305421212259,65.634347999553
80.3749185332969,56.9626583456882,84.0705276009724,51.7152001154724,73.3703094878142,65.8575372815968,48.7028248829501,68.952915783653
86.3171017647261,50.0455850080873,79.1277533919825,50.5106539736402,72.7313768248447,56.1143447055687,45.2843095996033,62.3527573343691
90.5566485322903,60.4388294493111,85.1918280901149,50.8608418820886,81.3504695217783,69.9220340072291,52.7413441083414,69.8452395673826
79.1736475512129,57.2033935854408,82.3300178253982,48.7840005772386,68.6216349907275,65.7292696298046,49.308024297177,68.1440989025365
84.6423526874053,54.5467803505572,84.3149686508661,50.879073996105,73.735730246165,65.2478939550293,48.4456337714091,68.6759527085573
81.6816155429717,55.3799207649753,84.2148261448485,51.1189023599532,71.9380446042516,64.7048528098989,50.2542594803064,68.6937299191134
82.2185542433033,57.6804679097024,85.4656287284199,50.6872106853569,72.8718541922371,66.9379185217326,50.3613558851937,70.0871394819667
77.4133328199521,56.2036865692766,84.9532939129256,48.5220620040963,67.1307572616671,66.3222860480437,48.8017818026802,70.3426174178423
79.3460786285264,52.913723596193,80.1356201667624,49.1857566135503,67.8920886523341,61.4553413497608,47.2142834124173,65.3873265328792
80.7550262647229,54.6812467772167,87.7494489799632,51.1843143634987,71.3943661328284,64.8067973511385,48.8337614643116,71.2784611549167
85.5989008803529,49.6087671163634,87.9761787789789,54.6987792835048,76.2567371958036,60.1670049512784,46.2788245993828,69.5153636991125
90.3805214395512,58.8730323407132,84.0022881370121,52.916746135883,80.111394803253,67.2874343038907,50.8603338501968,68.3554447909687
88.8434674122367,55.6632578108107,86.9111333950797,52.9246302052657,78.4406957489476,65.0815469052079,48.0295457258971,69.886058694501
80.9378232852335,51.0189613689447,85.586795736831,49.3748263982518,71.7793825065548,60.3803236783695,46.9646463140707,68.4403210054429
74.7433775528045,57.8144163639428,85.159173496726,48.3967371076019,67.5667786165144,67.541785336933,50.0981035344187,71.0043487907834
80.0670717282752,52.6237077754103,87.7331013200669,48.7420499723447,73.925321694656,63.9186843069809,49.0862016330007,71.0867660532779
75.9003941218431,57.865345771214,83.7440594213348,48.58814294811,64.910863625604,69.0742715649053,50.7173520653409,70.5221580611426
80.5548118981239,57.9241012967863,88.2761798077005,51.4930274515775,72.9573468855994,68.9908414162704,49.8826996857068,72.7737075939771
88.9370978081306,58.5342503622279,88.2847695867802,53.5349541166957,75.5714017373537,69.7145552560273,51.532080707391,72.3647766048498
86.7810807057868,55.8066178338158,87.0968557233447,52.812163241871,75.004015511663,65.1581177735838,50.0868008375719,70.355948891289
85.4745797775708,55.5465503263509,88.4253712095354,51.2996822247138,75.4662663235176,66.9671782417165,48.8022207726763,71.9137757226099
85.1978528687537,50.7205114927908,86.1122643089527,51.7811106288703,75.9672102841438,58.6411401502784,46.0035752967681,67.8220277905225
90.5441877147047,52.8969597906213,86.1630919394725,51.665884090832,78.2478986210046,60.5962417799445,49.4507205724943,68.0048070707869
84.8679910005392,57.8657240109641,88.3530654870415,50.5345583047143,74.9769985425886,66.8075740527953,50.6945916586758,71.8787132838946
92.7323511209328,47.74435356694,86.7235372273826,53.5292961743719,81.8140612287399,55.9833151938299,45.1632196445905,66.7211493121802
82.4117071296629,48.2033032714306,83.2105808381989,50.1860825259867,72.2537845139327,55.4779818358224,44.9753826588973,65.2574242541449
83.3582752901319,57.0670304381448,78.8870155758497,48.6305366896804,70.1743358585577,64.0444360751016,48.0906955707881,64.8323721734085
80.3340944463985,58.296220500957,88.4651689228636,52.4011157184375,72.911843166964,67.8929576951501,50.1463228797011,72.5012727537094
84.9526315861662,50.0716293528549,83.7727115158157,50.0852481674454,75.9848996803317,56.9107225607473,47.0082329891866,65.6725704788577
74.1509599969011,52.6414700325829,79.5825778311917,45.0465100004443,65.2869902722597,58.8067938712515,45.2912609775993,64.7115910343019
79.1884782633112,51.5778263989193,83.5528084027767,49.6990000945118,68.9142138561837,59.958655661604,46.7972233547339,67.2709006314038
83.7119674491175,58.120983851657,84.5593849537452,50.1372798975855,75.0921749302991,67.6340230749696,51.0070421239262,69.5522174092438
81.7174635589325,52.271085495071,83.133659258021,49.8235221739286,72.9271264673624,59.2754677811658,45.8047517257643,66.3852457076902
83.5814978904664,50.9916797217446,83.5762919427685,50.982287113238,75.9275402549419,59.6072606190733,47.9112068809926,66.505626749355
79.782533213348,51.7173111165583,82.7459888169588,49.2482870452516,71.3652027776208,61.5778715562432,48.6068485543635,66.9759428710529
92.2196865779761,56.7298896574552,85.1829593126373,52.3440178247041,83.0281743787113,66.8708316801626,49.9422659285699,68.8518486103249
79.1367094332497,52.2408224015436,84.4290758561609,49.6800266191149,69.7771549877291,60.1894614544542,47.4984596883912,67.855782828359
78.7240857288481,56.3269579769238,84.7364807683712,49.0097477296922,69.7913556719307,64.4529108992006,49.2210755778313,69.3424383772144
81.7259535736618,46.6707646009863,86.092072030733,51.0731278142046,72.7101131827302,55.3863847546869,47.0675240624431,67.4867696684514
86.4736560158656,50.6829588521612,84.9776459958219,51.9194139424565,75.6167694087351,59.4897205518585,45.4418792388056,67.3365244772784
82.5298835462329,53.6410796556909,80.2386699307545,49.1282080005039,73.9722853827417,60.5032670483941,46.3183130201953,64.6398262511403
76.4453348540649,57.1021443348238,79.82442373339,47.4617544238268,67.7858714598441,66.6964017581733,51.608048748633,66.8929353047669
82.6994710970885,53.2771317642661,84.73693210003,51.1335938639761,74.6071201274292,61.012564972452,46.8244390942175,67.8568586416353
82.9817791736108,51.0491902229708,82.7969537807854,49.0898878615113,73.5860069889851,60.8806760948825,46.9639658383944,66.6021273211798
64.276034202051,49.3897405903527,82.8225694780202,44.8707598153772,57.515607763297,57.4752568457524,45.2497333771805,67.5559506687136
83.0984999600023,49.4463183446863,87.3403199508956,52.4301153162737,72.2431403824792,59.9318049382599,47.5527955080327,69.5549142937568
77.3226807833998,52.577342252528,81.5385927915302,48.5307560749683,68.0103625242565,61.4900760024224,47.4650970736978,66.5588468648677
76.8517956028104,57.2056857302351,88.0909232079457,50.9721298741371,68.3148722034423,68.3430716297031,51.4559254968884,73.155367506232
74.7751809739479,55.1397301834558,85.3806416587215,48.4563298707465,67.3980546980433,64.3165355085592,49.875987198718,70.1967876344368
86.5385876770625,56.1085154990884,82.9817014256162,53.0526765516044,74.7661055286176,65.3412388271351,52.0045334225806,67.7047581604065
84.1138140313044,51.5441767993297,87.0336710074329,51.7146313600474,72.1314575594775,60.8769139105577,47.590805813893,69.3289381133743
69.7746770689315,55.3101119643077,80.3884491933155,45.7726828771408,61.3187403626018,63.1767905357492,48.8814468046043,67.0174171203371
75.3635179025159,58.6231990864402,82.406460571163,45.8283449136609,67.7046630566147,67.8141646009243,50.746085138118,69.1041383072484
74.0395304605913,58.5052461384847,80.8103075590196,46.2615290323714,66.6797435288585,67.7106079515419,50.5561105601576,68.0178491040954
75.2740707410135,57.2977702698903,84.5181903804861,49.9835939426761,67.5160503141553,69.7487593052031,51.0083934381952,71.0604914657909
83.1137258148206,51.3726187110011,83.279409393799,50.4199184133282,71.2267572002576,60.0288861871847,46.0843552573569,66.7732444017344
85.443803591291,55.0429307890524,86.1879510257635,49.9912527997987,75.8062045335877,63.9437337329654,47.568246271212,69.5566221860034
82.1697213791934,59.3507739857876,82.3593958780885,49.0912351098859,74.0314427234266,68.4260167989279,51.3688166055816,68.4083634018646
69.5794928771032,56.2198030351961,82.0260601112733,46.3484683146801,61.4798129663367,68.7097002927218,50.2168472697091,69.9962055786715
89.8230523204314,54.4806315351289,83.6900743205603,52.8093842446544,78.5877708194227,62.3000442942228,47.8266364158984,66.7517712992283
71.8807177575864,53.6796446202909,83.6189084180652,47.8355836124189,63.2958315016016,63.3448280697318,48.1917213177677,69.0862561531675
75.0806850478821,57.5196181767212,82.6088857202417,47.261301241358,64.7419241667924,67.3098794466542,47.0651981692558,69.3303703102776
83.2316964188708,56.5401948430607,84.9565709192679,48.5198982142658,73.1448895033216,64.9489805177274,48.8028342434635,69.1543728557629
90.6398285339772,60.718351968256,86.8232676580377,52.4302157103495,81.0553576980804,69.7498504863476,49.8103773784437,71.0302654664534
74.1324448386226,56.1850453771266,81.6153326122506,47.1616690908635,63.9401343291864,65.2891632875912,49.2941516201066,68.0509099827158
74.9799441538371,53.87559428908,87.2205127272904,46.3518570863341,65.7278278117669,63.7953643964682,49.4565370888493,71.4459690320115
71.8390464184677,51.4179541943586,77.5834370619541,45.6927645988644,64.4433283659326,56.9244167280679,46.2150829446756,62.9759943073269
85.8155131195467,56.916457030682,84.7514223760869,49.9162983154203,72.4193283115012,66.2892610558908,50.5231557161901,69.345206553286
75.7637467142188,56.2538680813768,86.387333908392,48.3810505681869,67.5394558044687,68.4062640744612,51.1081283153066,71.8686905887109
82.2538766649894,57.9269783740739,85.9662723491509,50.6985454904062,69.1688736810961,65.9525871876356,49.5090869033391,70.6940387820367
80.8662684401071,57.1500606334499,84.7221237956273,48.8504156371504,68.5861985726981,67.8364811656037,51.7275790728745,70.2833693965873
74.7613320699887,58.0702287469475,81.9470740632164,46.0920996428108,65.8080681071787,67.5259623358937,51.3830224430442,68.8736405897793
72.107055867282,58.1978509993137,80.2651933313916,46.6233190993198,62.3236893652654,67.0938271394912,48.5887361936062,67.6696100378122
86.2996487777989,55.5188048731159,82.1450028633867,51.8167201953546,75.0865307322582,62.7779483117092,48.1208573718892,66.1184480823133
84.1230990838675,52.1542249000682,87.3399740895022,52.2316498834945,72.5517879666777,61.937483907019,48.8629911558499,69.8953022569998
64.5581725720786,50.844902740433,84.7682784509702,44.9444186921318,55.4044190438841,61.0657058647479,46.2794490220923,70.1721788442319
86.6104716300714,58.2480306288531,85.9005631726843,53.0565731474124,76.1320066351511,66.5548033526107,49.1064672344607,69.8801320114888
87.7604256053383,51.6820008543586,83.8339880627158,52.1934871654222,77.5844991793637,57.3470521756037,47.4112718461066,65.7977359018167
86.209321900551,51.3242235259607,87.8715355196425,52.9932468259986,77.2036223861333,61.516476889828,46.4742937692863,69.703790536312
86.030963371903,50.140440034735,83.385722063856,53.2060786977136,77.3873279826037,57.9831628581096,46.4133033545003,65.7371808833571
72.0080216265975,49.4255416922804,81.6222790094109,47.5220755876219,64.8627105868315,57.7922944233462,46.7556259910973,66.0430663380109
90.4670364264091,53.6663144816108,82.4931932885591,50.9493440284211,81.8416904894192,61.3183742522891,49.057146666178,65.5002602319119
78.3102949551108,58.7954826498055,85.6025500697299,51.9895117182057,68.9081920870246,67.8841816260272,51.1750730151791,71.0432976465939
86.2133003889501,56.3414542928593,83.3804798464978,51.031848433522,75.8005754624776,64.1512359420385,47.7491940628347,67.5767680642363
89.5373893450417,53.4948835284741,85.633962515747,55.2114111698837,79.1465863035738,62.6240124843152,46.8486897788258,68.2633342379124
86.0966282180391,47.3327035546451,77.5541053738261,50.6892714373698,76.6874531772863,52.82971815135,41.8971225780309,60.2378279372408
75.4336445764929,55.6088881859712,83.2453438656376,47.5475940718928,67.347580357215,66.8355868657048,50.6920594961076,69.4257288008201
66.6666793153464,56.657346361449,82.404187621779,44.9636721242238,58.9448405400812,66.5428793575722,49.0977046653176,69.7816953788802
81.2073468047091,52.8833737856272,81.8888445885208,48.3989750187229,69.0288501192642,60.4863128323867,46.8933217006257,66.1387245496683
69.7091341675219,53.4707945560241,81.1128029168041,46.8544012900976,62.8628597888845,61.4770334082036,46.0371264427298,67.1233365515308
72.1602295685019,57.29265214967,83.297766549197,47.5338212198311,65.638409016492,66.4530974252875,49.1328064359841,69.8299577437265
83.5665370996353,56.1981447645489,78.9230887238832,49.7180228764331,74.862636277657,62.3255884448727,48.2258638731663,64.1383585931272
82.8301319553803,53.9162511317008,81.464769010995,49.6750984919383,71.2164974045095,61.503630589641,48.48272077192,65.9104962766703
84.3932219291114,52.8523041929924,82.5744293176719,50.0992935907435,72.5174433043789,59.8439681859729,46.2919551263048,66.0964567625047
81.0783834284389,53.600520634007,85.5164652935901,50.6923910714236,72.1411343895601,63.8279088476768,47.4999926436249,69.6538832292592
94.2494033556308,54.8827955660845,86.4691354046519,54.6503841682291,82.9548643699242,66.0126615762171,49.1747940737402,69.2729611329577
75.2455427247863,53.9122528462652,84.9312401062509,48.1364890243165,66.449139899918,64.0321966083093,47.8879647666535,69.734218456875
81.8262807141807,49.852432310701,82.5630392620489,49.5706225023048,70.9150879009116,56.7474203561102,46.1611458626105,65.3711566963566
76.6765507236747,50.3579172864752,82.8962661317514,47.7223929022719,66.7825379536766,56.6219063529716,44.9113442745918,66.1592744586459
92.5084277498062,51.1709351144136,83.6352066211797,52.1824282720816,81.1247481129322,58.2475394228776,46.0393155794821,65.3376934859221
87.6089777137885,50.3148643816959,90.2533948524963,52.9746635045776,77.773969178066,61.0601731856616,46.965348729858,71.2857330942323
71.4350415953593,46.2467406355976,79.8568486756165,45.2106325894316,62.5832186355854,54.1878886464434,45.1594115844359,64.0900252166647
74.9623296250069,51.9361274987099,86.425617081342,50.6594097852555,68.0602764595994,62.7359641417805,49.0299687400106,70.2554925932492
76.6080753829358,50.4265397735911,86.4595148612368,48.4718830096151,68.3820960347227,59.2832691795103,47.6716122364252,69.3086611590144
93.2074822092091,58.6192808966507,88.60637605802,54.1915168482141,81.7964557332402,68.4161958986019,49.2693093267478,71.7509172681345
83.1320710387177,50.5769904065643,82.8985132179636,49.6995159350965,73.7983959414131,60.9755363798315,47.8581051095765,66.655639780325
73.9505115862186,51.9837322159998,80.5683601962696,47.5915774123571,66.5023645757962,60.5953473593717,46.4002343650009,65.8182083733116
83.2901091865474,54.3256850057142,86.3189349899782,50.2526264332198,73.3711561581776,62.8181080037873,46.3226053694514,69.4448523017219
82.0682510826166,54.0422734868211,86.4772691471591,51.8782408591075,72.8335489606891,62.8092499268344,49.8353532445133,69.5928371582393
86.096903273354,55.3127602554366,78.6824424640202,49.6989740836882,75.9757700918896,62.2202427911578,49.1655762558221,63.6693686372061
68.8047808198286,47.5670250209291,84.6759917337625,47.3250399389332,60.2985970667781,58.0534326387713,47.6553260461009,68.4722152384267
80.9220329045415,56.74650311751,84.5274296057787,50.3072928808582,71.2511819159793,65.5901720793927,49.8487053078648,69.1787192765504
79.6341122896194,59.2344705803563,85.3461982799391,48.9821462193499,71.0089558288327,70.6278654644781,53.0049765095875,71.5301019434255
84.5723631806349,55.0675472800251,88.2850064423838,52.9813607979742,77.3836415301726,67.0832004047007,50.6932658498941,71.8064544380674
82.0952007228653,51.6377358932526,79.4587538218686,48.5637544524744,73.6490791478123,60.7190106685483,46.6833317855096,64.1872268927918
64.9552034379828,57.988418869113,83.069746752984,47.6765709155086,58.9477855250461,66.7247148123253,49.7847900082109,70.3057905150852
76.5940516257886,51.6124162326746,84.8436354034272,50.3202519209694,66.6532329528711,59.7151532229247,47.8665789152401,68.4208743315411
83.7749250206462,55.1053248834551,84.3492045521688,51.1537208207879,72.6479406491206,64.7498826718261,48.9505862656921,68.7669613047849
81.2415123707648,52.7383592392128,85.9588953448918,49.3530770493086,72.7753169590094,63.9734423663018,48.5022904947599,69.8469066192407
77.7271993579244,56.3003326977968,83.0806895363378,48.5636717880261,69.952905565424,66.0517724980978,49.4114357433043,68.7609612779934
81.3074944258862,53.9517613295639,80.9583270861351,48.7156956706086,72.5743323352894,60.7383250506219,46.2627780456766,65.5509215625175
78.4162881417257,52.2673801415468,82.1451532125007,47.1507126880207,67.7545672218651,61.8969226544737,48.171934098173,66.9803688909415
74.3582088986018,57.5378741056688,80.6593409574018,47.8939221352645,64.8560033759703,65.1855156378561,47.8398115206881,67.3759392420361
80.2303149632637,57.1271565075671,84.9986844064132,49.9786771879959,71.6333867878725,66.107890935516,51.220118907551,69.683895533466
77.9975359777796,62.1493470988697,81.5621821549835,47.9783704053921,67.7025911483183,70.9375589901454,50.6494296597308,69.3373964507639
81.6883496401963,53.0080455250824,84.197321354482,49.982322164376,72.1226143396813,61.3597692121802,49.1707757193803,67.8418443695054
75.9016855550604,56.5554001783171,84.4844711311368,48.7661172835682,66.5042435494026,66.964338702671,50.2540651187953,70.3169554993068
83.4823385466011,52.4910772874872,87.0615531645233,51.7037566063717,73.0223923922409,60.9547989357382,47.3246493688321,69.3454955278055
80.5222352570014,52.7926030533545,85.8055976341029,48.573032973854,71.3086514358396,60.8158164248241,47.577861515562,68.9239703248967
78.3464202414794,54.9648289697123,84.5048878887629,48.4311925717481,69.2685730319072,66.2316706223576,49.4881314507178,69.9080294919115
82.2237834525971,52.0843585928739,89.1674349577914,52.3586458202521,73.9714300789144,59.0727828345656,47.0910685884242,70.5408546751698
85.2479722503314,58.3096669935233,82.9707060951099,51.8074792066375,76.0620656915449,64.0283687879882,46.6880603888854,67.3152082233629
76.8742771579202,54.0581280305132,82.934183384978,48.9980164912351,69.5783579188579,61.8182832086809,46.738767561315,67.6420936608376
90.2665245185393,58.2696136137385,87.3765336472285,56.1154965127013,83.4127622579357,66.9882244868034,48.5755051097616,70.3432835499086
74.310583965544,57.7796910847677,83.719405431856,48.3618876732778,63.6420665082156,67.7072742050414,48.8956449698904,70.0828837794358
81.3285077606664,57.658169931817,83.5490562953055,51.2747783037189,70.3480451419732,67.2263727901131,49.9334517612252,69.085475115663
86.5490507053817,56.7396323751771,86.9760916838086,52.3098654096593,76.5640170030247,66.5965644674955,51.0234536306783,70.5133956438388
85.1388005759065,57.852892678107,89.646415850225,50.0064129261541,74.4161048425538,70.7264697594917,50.253288905469,74.0585219895147
73.3314194936565,53.8223202233382,83.7364167927186,47.5151237718659,64.9666885488193,61.1543784687125,47.4024297817722,68.3992186799825
82.5287283181995,52.982549771703,87.1414679823631,51.3209536139134,70.9992569984516,62.4953701594479,49.326287102324,70.2886791321486
89.514935862304,50.7652140254517,84.4473980407445,50.8300962564594,76.9459680730191,60.1023169531833,47.5945057129183,66.9102499496316
87.1804065522208,54.1066087059154,83.5277247788166,51.2579671703943,78.5296595842302,61.9658187316857,48.0786590493766,66.7450716480736
84.6041647165347,52.5200089734245,87.2293271068213,52.6086785997859,74.4268415644858,63.6826561549895,49.708192058043,70.2572395316662
86.5885174305113,54.1938074504865,88.1994798094395,52.3355844549018,77.8036031996658,63.5024554914792,49.4371425494313,70.5167804166746
78.716361803161,55.4206480068539,83.3835243767463,49.5166722950371,69.9405127768785,62.8413980176173,49.8824714367723,67.9899302463624
86.6638498880796,50.7417403241503,85.6448448306446,50.9273007715798,76.2792640932168,61.3165477522736,45.2448515091344,68.3208305467133
93.3214290406806,54.0093632332326,84.3124511745657,52.7065294089843,80.938005858587,62.4544907986244,46.6747487016286,67.0458022279995
85.2918558405901,52.7928271320005,92.0897442136677,52.872117808253,75.089885143598,65.9417972525043,49.6713781840697,74.210572868143
67.0660048952436,56.580406603375,79.0717140267448,45.2220045115961,60.7633345838985,64.185295917545,47.8439364998768,66.6975436776755
83.1426118910294,50.3718429969873,79.0585523144625,48.3002818936735,74.7101741556218,57.4343224142969,45.1300858449783,62.9252059433816
83.5974328324203,54.2832967484934,83.962395306915,50.474754439214,72.6633100910478,61.1266187056529,49.2979519014537,67.3943731150324
79.125931520042,56.3449036178304,81.3126986150328,49.4069045142082,71.2906752525978,63.365293474146,48.5237712114902,66.6277105015853
83.7482455050771,54.5757484287818,81.0354977838626,49.0960434157421,72.3517560723351,62.8293974065673,48.69346889178,65.8296456231454
79.7345291467168,48.8581149426796,82.887824594773,48.1165783196515,70.9132404290931,56.8891673129936,45.2285742506383,65.8127294215875
89.2111311403469,53.3260606067346,84.9176538851689,53.4649275852233,80.5783740732437,63.1936446918102,50.0505382044935,67.8400341641622
81.834038549101,56.1415615424389,89.568036503192,52.1006769080141,72.1498458562274,67.82525682274,51.3406037633928,73.4514531835023
77.3456811911971,50.9981625034213,84.7546686774312,47.6886434197543,69.8058425282634,62.4320618080256,47.2429442356628,68.8977155075431
89.780648891161,50.0022846405798,83.3501957255483,51.5463427119873,77.5850280994891,57.60916069804,45.6540640209318,65.1891249116985
81.904388300406,55.8031610491759,84.2983952533037,49.5812518009559,72.3309174873634,64.2282846830943,48.4475303248325,68.7557482460207
82.5016069078159,56.3613454945965,81.9595081082173,47.2418688170496,71.7538811585828,65.602206224388,49.8307772582276,67.3411936228578
79.3667648912116,54.157594055448,80.7958160230946,47.2661542488689,69.7098858034538,61.9018728284683,46.5720851414782,65.8922821677274
69.3360185405074,52.7769902650516,81.9124416387957,46.0539058466985,62.3697021422514,61.2462719455571,47.6328779583635,67.5751976791293
82.5987325604466,51.6417775838305,82.0455143578323,46.9505249537004,73.1487225334311,59.1202429902774,46.7307008452637,65.5303944823348
87.4432541915777,52.519850587724,85.405237691944,51.2045584053273,75.0782853873868,60.9877305795643,48.020333571422,67.8651786588037
86.7330264134761,53.6024721237934,87.2829450868823,51.972715621272,75.4467424940719,64.9132520907516,49.2985681220846,70.3188265114947
77.8625646362496,58.988802780599,83.3248334294431,48.8652681367832,69.337002937274,70.6149231506464,51.7843948638658,70.2409019517731
84.7304796622034,56.5617742805911,82.6423219720809,50.7085425146917,73.7575985641644,66.1462106593184,48.4392791247554,67.7951630306084
72.8979901208889,57.1116015317443,84.7433639799123,47.6545872819118,63.9256675929725,68.0762883292443,50.3312318743667,71.1007700020378
79.9891194097383,54.2770289359356,87.5539569713548,51.8448148824955,69.7535936068465,64.9780576221091,51.421948754861,71.2065331419715
79.7807836966474,51.0822705204688,82.3004269361601,50.6965749611207,71.2482898473207,58.7561298244034,47.3326401705773,65.8467154311273
71.0624228176967,54.3780123263685,81.4333426228426,46.3903609694177,60.8184834872636,63.4630591597507,47.2237998351861,67.9011958158961
78.565101172457,55.2472600289625,79.8978065847677,46.3727593308626,70.7135140188938,61.2839898885696,46.9898974778455,64.9394078861664
87.0840081890904,53.614592321231,83.4176667137007,51.6333777857534,78.8788305481002,61.8355956042727,48.2698367667515,66.6213555005865
75.3755032206613,55.9455106222379,84.2606615192845,49.913065744213,67.8960991111849,67.2673580264357,50.4608332135495,70.0722210213103
75.2153667882029,57.326167134726,86.6565540563926,48.5527018703588,66.4642682162049,67.9231074410606,50.4232531776806,72.1929531264995
82.2031617826383,54.4015827914193,86.903221433956,50.927965604081,72.5292016642629,65.1040787979721,49.206563323409,70.7785178049441
79.1774252326124,53.3011299768169,87.503504540022,48.6237629176147,69.3750200437048,64.6410388681745,48.7880431786351,71.3222277272745
76.3923595533331,54.2363434295984,83.3346398935624,49.0247335871026,67.7485379640228,61.4416813713675,48.2881668387778,67.9285533193942
92.4696371926358,55.9412439579428,85.7313853830712,53.2208840839345,81.7873967839562,65.3893241907888,48.2251674972005,68.8129709707099
80.4012469843017,58.1626285960368,86.2519374929229,49.7608585513255,69.2219693483398,68.0999208882803,50.3217344750226,71.3149508465223
88.2359915261597,54.4405959965241,85.0748981434018,52.1179296718523,76.39902439871,64.0843779626873,49.0822393437115,68.493519187492
78.4139782775745,49.3032116586486,83.3877144429165,48.4452566217095,68.579888047677,58.4359040331721,44.7664169923425,66.8986595160712
82.0709942204061,54.7890741564422,87.4247151835603,51.6825916714257,71.9058265220337,65.2222015315753,48.9717300313092,71.1814080420259
76.7591804362489,56.4636660326368,83.680207585993,49.1457147142156,69.9582111856763,65.7112044344004,50.2735493658167,69.1790784095723
83.263044017111,54.3926157239917,85.42897350182,50.1750143321913,75.7093887666229,63.0459702927295,50.9744104627968,68.9378404358168
72.8705445838038,55.8759551621558,82.9960280798042,46.5151563819332,62.3952800633719,66.5096098113058,48.2498783009783,69.5107225868071
86.9390064966336,56.0608500338908,90.6024983812092,53.1651831310361,73.8007130235834,67.6039540186702,52.2775790389936,73.6552585510442
78.0122399884645,53.4796137335624,84.761656004694,48.6986421603818,67.6961990459273,62.9118728332456,49.3107494251716,69.2150319231776
70.6361261369441,58.2506007330777,86.9078899090124,47.0605877233512,62.877022086014,70.2838349540273,52.2717348749563,73.5421167782932
