"V6","V3","V7","V8","V4","V1","V5","V2"
45.2820723266616,63.4489125247148,49.0543790739611,86.5312147312216,77.8510938889065,56.3368214493348,50.9014533405258,80.8570895711118
47.0126174804701,68.25061946141,51.7668906841833,82.9992878822011,70.4078433727274,61.9316463089275,49.3350329366975,84.4508988675934
50.8537206127065,75.1264217875697,56.8206430760151,83.3328534992473,73.4449663935504,70.442504528713,52.9762266884093,91.1528100422991
51.057362445715,69.2069211261046,56.4004773386307,96.3172315341019,84.9048643346743,65.6577451347008,54.1406326070613,86.8362510644026
48.0213993413455,66.9183836632753,54.6592543609597,75.7311987939435,65.655384764833,63.7505934309185,47.2633322815414,80.7876675079467
47.8562109659718,69.6366110329331,52.9714650072715,64.004876789562,58.505435196344,61.3109853690031,46.6009033401922,84.1735352095594
50.2036930449197,69.2080006363983,58.1960892220385,78.2136152850334,67.3720628289458,66.2857459631752,48.7019492735122,83.577047723624
46.3686232842824,67.8679792462872,50.9789755405759,77.9373251161009,67.8752738333508,60.3990059618377,48.4657081812889,84.0359820375577
48.8035736003504,66.9714436794341,49.5292720309574,75.20581782067,67.0510855434198,60.2969255770745,49.1547588690951,82.5287181358227
47.1370799252171,66.6118938501903,51.3574609394657,87.7131385866857,78.0779704684843,61.8058677073979,52.2868009469834,83.3970105079622
48.9157834357608,67.0682807191998,55.7681467741934,77.4528373918843,69.8057558103998,64.2748195430177,49.2527060548615,81.3712862656998
52.9097610939314,72.7705913403411,56.5290270878312,83.8956820948856,73.5565423037928,68.7814231252504,51.9159822497765,88.6564482519286
47.2739486714176,66.5502387410777,47.8593586849903,84.528727845108,73.6226870346982,57.7906766645794,51.0733599343859,84.2413577396503
45.9350446189588,67.2132544342327,46.7982197679294,80.4588919170457,72.6330105650477,55.7243052100986,51.3510435693627,85.5660807238267
49.8613601309485,71.493995121317,56.3016990106009,78.1102056571284,68.2620501019966,66.6683032932851,48.2823050546837,86.4766153704185
52.4330889358698,73.1746628275209,57.1788492492181,73.1114969954217,64.3250983128621,67.9806989544753,48.1969060871138,87.84491054781
45.9438419305042,65.1222944256513,54.0938070704738,88.1871093301352,78.2809778969524,62.1257610425226,52.3652371369205,81.1703606192749
44.7059636899335,67.2764487704629,51.4014970081255,85.7173480515356,75.4976497456994,58.2516755433494,51.6247147507565,85.6557670575401
48.3328298885692,69.8267921995302,54.6615413219555,86.6710717178362,76.1513528591721,64.5207681986133,53.0906516785534,86.5655881651009
46.7430991721592,64.7540728074254,52.8522655105407,80.5197317375164,72.2094048050815,61.108283575732,50.1640008886854,79.9493206374748
46.4582468477601,66.6582419049991,53.2613380298492,73.4161623295986,64.6037793840223,60.759355518372,47.7239076798073,81.4264197803654
47.4114006348569,65.0943840670699,52.3035177842999,77.9648030351778,66.5688114676151,59.8328901392051,47.9587138780145,79.857306845064
48.2232655232171,68.465183475528,55.1478127217419,76.1340126228427,66.4349228391088,65.0486618402793,45.8539266572353,82.6028460583251
44.6046333498122,65.2979264239789,51.001605335458,92.3617743036402,81.1048436427718,59.9129043705671,51.9652227654561,82.8805748347813
51.5369075145568,70.4249281132796,62.0758233513018,73.0150376959416,62.082766721128,71.322958687826,47.4005432552716,82.2916884068211
48.5023033282258,67.6422036330583,50.767433269438,83.2168119087447,73.836881711962,58.5402099955607,50.4468550399089,85.4855617509975
48.6984587452894,67.6996814624758,56.7674224351232,90.5522777521593,78.7540260201678,65.5700241422813,53.8567080425256,83.6873530515576
49.3049103926064,67.8317535069115,52.620915570499,80.5277754919399,69.0317848379115,60.9307903552006,50.4079396753446,84.0847850686119
45.9270280558401,69.7916046290948,53.0663119102045,72.3457657390675,62.2038022050554,62.2213827924314,47.9494390385596,85.3135734628444
48.7831181566968,68.4744077047362,55.0716506119821,79.3534555922595,70.6374907931022,62.3569881144443,50.181283776991,84.4114811915403
51.0680214539509,69.4898892518832,57.3742926146058,69.2150255526299,62.8816748744099,65.5937785531951,46.9994034806541,83.0067715241018
47.0042577683689,67.0829402357822,50.8299053161297,86.3120639572893,76.2199346965101,60.2145241233078,50.3978983840865,84.5172891881442
47.0013475039887,65.8358146917073,51.0357566583787,76.6069931368331,68.6270004010786,58.9830554901994,49.8725620673022,81.6390108249612
48.0927679391309,70.2118526449717,54.9798106380132,85.2776005777105,74.3337656073252,64.119170975561,52.5739250601374,87.2442021430055
47.9507613578136,68.8815130355393,53.7035585503578,81.6170411496938,71.7148139505074,62.9812488315226,51.0748004090135,84.9741053799566
49.8747537923238,71.264283336797,53.5611784407165,76.0776033243434,69.1693788802754,65.1119065766372,50.1728898986844,87.0817241365588
46.9729027524376,66.4840298583188,52.9487174420044,85.1179341926173,72.70711264992,61.2677689084353,50.8904847207218,82.861260848775
50.2890682243058,69.6286767408123,59.5104418231489,73.1321726014612,63.865745931556,68.7643290813687,46.6020533803917,82.3220844737044
46.8767057910966,67.1355866166141,56.3499577535596,84.7242593970401,74.4249538850842,65.5815338611599,50.7599162317686,81.9335296115847
47.4624641025644,67.3100497210483,47.9876780443228,96.8374544544141,83.0834066144669,57.1004931980827,54.9095686936193,87.8263685160294
50.1565676790285,70.3152187893784,56.77387071988,91.8963120781197,78.9435811531418,66.7234336634301,52.8887264738632,87.3537033036216
47.893972520221,67.5622619856127,54.3371342980551,75.8503887713389,67.7137711256299,62.1930355993967,47.2762141387864,82.5540066023352
51.9268401080526,72.1482254409465,59.7450951400031,73.1146471974396,63.923628536355,71.2045459540413,46.1407528776919,84.8118361463064
47.705302665281,69.6733957063223,55.1648386176666,77.335072864981,71.8882996439205,64.2749648268834,48.0232458519816,85.4163486463962
49.5325458560089,70.2137576969465,57.2288572779655,83.051181415421,75.7107136512295,67.7130039665663,51.3176228101273,85.4785667843052
51.4033010837181,70.1200938665432,55.8973310637402,81.6862924815044,70.8581456525457,67.754004068607,49.2360171267809,84.5675600058371
50.620070899085,72.6602683311513,57.786956010432,86.3789559217221,74.173547187814,70.0151103808545,53.798086648244,88.3301589487966
50.9750910377437,68.5295442854547,60.8114793729954,81.8132761383266,70.5744212225912,68.3659003257201,47.8908303245266,81.95948927061
47.1143636506024,67.3896943760553,54.707346357297,72.3155324905107,64.7841765755345,62.3284473638789,46.8152661893184,81.5857185963867
51.0449893396318,70.5185528123052,56.2241753824631,84.6020249814059,73.8011429898834,67.2177243885047,49.870661220591,86.062082046966
45.6221046658116,65.8974592667793,49.2190810916977,83.3327067728061,72.7346917570416,57.6475851701353,50.2696301706847,83.2612489717029
49.2064204077355,70.3406569589715,55.2132549005814,78.1886058398578,68.4306059531918,64.926385568459,49.8041888013194,85.6065673474474
48.1887305788304,66.5092614569623,53.9610954914775,76.7110993262134,68.5332016043948,61.981691784664,49.202543272059,81.4878312844658
47.0576428559254,67.5479497430404,50.4015715943811,81.3781467995768,74.3605388034628,59.8787694936983,50.7452745746742,84.4314816127106
49.3270157884489,67.7905651340478,57.1487252988494,77.1040751169151,67.4348488144666,65.2804951326699,48.4481507144895,81.777964170759
49.6830288998586,70.0646121111538,54.7468249077557,77.241614175663,67.2886170987796,63.3119295250653,48.4086002616854,86.1137706732477
48.7680740671744,70.7622622446668,50.6514692342251,67.9518551127204,59.6407211785655,60.5566837885236,46.1265203633428,86.6009108129061
51.1372208587041,72.7949161994339,53.7321146689971,83.8231470942933,73.1144561473632,65.6266418401401,52.0963336683518,89.95234675579
45.3974402629201,66.7832379035491,50.673331949408,84.0591440111586,73.6231650103322,58.8789018035283,51.6631418994851,84.0023807814456
46.114962008899,66.9443974487223,51.6434371404532,85.846225928418,75.4427254854988,58.6454144751598,51.3064596620504,84.8497075623061
47.2085371504667,67.6407084397246,48.6407834813791,87.6155899519955,77.1679065914684,59.0697930486204,52.1842101189984,86.1058596866494
52.5209450102467,68.5224154137335,59.8895302311491,87.5282251623625,79.2710019512722,69.7555967725637,52.4038766215762,82.9344949792802
49.3696786219892,67.5787393643834,57.1827653178885,80.8720728265343,71.7699026941729,66.2403288600293,48.1582669660894,81.7502643791936
48.9642772346217,69.4368195848591,51.5846629702104,85.7751118467598,76.8208893392963,60.3345091823647,52.4360798018376,87.7606878239107
48.3654053308529,63.875356424124,55.9783406190144,70.5261088203987,63.2140411755575,61.5497126116932,45.7082711421958,76.7242698889099
49.7388959970145,66.7040471601026,59.0954206387892,61.598201724566,52.8669978085468,67.8932822870988,41.2244426051312,76.3064750572629
47.2702148350054,66.9639134587344,53.0065419928178,78.6316369981294,69.713204451002,60.7883804592453,50.668608392284,82.7826634073583
47.2781369746201,69.4827670873602,48.6760120725078,87.7994490546232,79.9164639628042,58.9191715178633,49.9630103786205,88.3979137654434
50.2417687298159,72.3511745735002,50.7333006009599,84.7575446466772,74.692653247886,63.445998039846,51.7757946293245,90.4970650781286
47.896431466231,68.8820414704147,53.2899487065693,78.7180073934508,69.7850497097546,62.6453731267648,48.166566389922,84.6732939762325
46.2055870724315,66.7913278363336,50.5312820332668,74.8620860823101,68.3247558361017,58.7578330828568,47.071136136004,82.8628505800997
47.4567767248458,68.2782272219852,52.1518024354127,89.4391920662919,77.3107932214393,61.0215699404213,53.3821211731934,86.2256571759906
47.8053825104485,66.9278965241909,56.85440644097,77.3194924060305,67.3640547052161,64.7162741190262,47.0819588207493,80.8036739507238
47.9356343149557,64.4002823987921,54.315234314646,78.9032628456971,69.9109256696363,60.897168099076,47.1590810074436,79.0565236260028
45.2471395840705,65.092830899624,55.5592786220555,83.8762775413279,74.4875247745836,61.7006824445916,51.0659191000843,80.3919857312044
46.2160357632393,68.8218389705736,53.4563302342905,89.6987478982363,77.0940700821708,61.5530238470314,53.6357971597655,86.8216618882525
46.7221137667157,66.0697329957017,50.1345095705495,80.1121109410753,70.1157894484832,59.0119700153117,49.8636094321587,82.4676881824622
47.6251400693673,65.8482439128091,55.7797528110117,88.0466239334725,76.7739965081254,63.0985427497772,52.7211071666367,81.7614360256513
49.6866139568065,70.3072405252467,56.7844072738877,77.6574206900211,69.2724114965163,66.1690943321509,50.5461350431436,85.3991620056692
46.5098064097638,68.0307862962427,53.0159804783609,83.4133908344995,75.1866659937509,61.66685788889,49.2135582844755,84.8901542811161
45.6759923516163,66.9844087723739,45.4992441760205,77.1122236371872,65.132431539211,56.2023996625542,49.580121498707,84.3821187780197
50.7327992443863,67.8240478495885,56.5049062967215,84.8136665551239,74.9380076636187,64.6744360225684,50.4530134281684,83.1500399450707
45.3255444013123,67.2349664510478,47.4007253313415,75.8953130863843,66.6655610391132,56.1747236305234,49.4462094350261,84.4389679607426
49.0478542700185,68.3264338955818,56.5207961295892,87.2108040038967,77.4055668152496,63.2351716896952,52.737800985954,85.1243688430166
49.6741236121408,68.6577870899539,55.7873205018239,85.1401995053006,72.8252069187091,63.89349004703,49.8274842796072,84.7893383463799
47.5991355864154,65.9876086414203,54.8862796427069,90.4609082896426,81.4894069226361,61.6302942550017,54.4288472297099,82.9316637509953
45.7361795868698,66.496335588847,51.3766519318483,65.6510348373955,58.3482719516268,59.2221188811651,44.4917515236084,80.5194134996533
48.0550716132332,68.7498114959559,52.139736445505,83.01004147449,72.0086426358963,63.149568919015,50.7541027718107,84.9094930005341
48.8627169745009,68.0882340665414,53.3946502299584,76.3551791440198,70.3598181790763,61.9044481143883,48.132243789769,83.828538630392
49.8794178132931,67.6674746765025,50.5844968655785,90.0446526903525,78.6210223032345,60.2299750361333,54.3490216611108,85.7120980335756
46.7346588833388,67.8377632148232,53.2569822646219,79.2126225819435,71.1576385415517,62.5561884666022,50.1192360740296,83.2672007366704
43.9386211014512,64.5179682737753,46.4380128396201,82.7812931171677,73.5810217291619,55.3774545897152,50.7863273213003,82.2226828665538
50.8643434745298,69.4782582306352,51.6423210812248,81.3827648959003,70.545079692905,62.4970177862369,49.3544480069895,86.187524882288
49.350751202059,66.4330412506051,55.9498222183377,73.1346504760178,63.4247502636624,64.4696130132938,46.5861033281422,79.5683876134496
50.764537933896,69.0319678329064,55.1812856828025,78.7012948104426,70.2340194114023,64.7789370616902,49.9307081555588,84.3154466294598
46.8026260057572,69.5315634428248,52.525746507761,82.8347774040368,75.4290781621957,63.7852295879141,52.2725343111011,86.2288970884048
47.2629284509542,67.9751626182301,50.3314071292052,81.1257658299599,70.7155706051774,60.4771206116031,49.7520491321331,84.7314661402397
46.22314772035,66.9033171381377,47.9594096395938,82.4351057586863,73.0838270130069,57.3295225868817,50.2193712436127,84.858242336983
48.1545297580094,69.9106388239166,53.2251592935255,77.3531208099605,67.2279620022671,63.1534645610905,47.3638516496714,85.6492457211275
48.9206418307523,71.0144917442165,57.3958254814293,91.4259679963462,78.554156303313,67.0679723520861,53.9329795671609,88.0536122359459
49.4511154144268,67.8114853585071,54.9193915195111,83.6870276524538,76.1327182787426,64.3020760374377,50.5326981718736,83.4108696785227
49.5812147823918,70.4110303266295,58.5210681160961,72.1169085203865,62.4504809790557,69.3480597962519,48.4342521777973,82.9964942837956
44.9580388013417,65.8297147480273,51.7219212974641,90.1916866973631,80.9277633619447,59.6814209966996,52.6334708222356,83.6487225263682
47.3389465992217,67.1461940636128,52.4418127866149,77.2237635859309,69.7325813346639,59.5110655561333,49.6440532534929,83.4577386070086
49.2111257142957,68.3904627936719,58.262457504503,77.0179859621802,69.2578730393172,67.938366136191,50.2168791223031,81.6887444205231
48.7864892610668,67.8352772011089,56.4379818657148,85.8164564891614,77.1964277449062,64.3940197469298,49.7391976878955,83.6678529463893
48.321008752942,69.0312622766947,51.7381499883898,87.3608353371525,75.9647730492881,62.0822803275054,52.1941398434213,86.436836138586
46.9117177298151,66.1544788397925,52.3196212657351,81.7418954893627,73.4203466591703,60.0749838378341,49.0795987072506,82.4866519149071
48.9703847326335,70.5757931561329,57.3541908288371,87.3634440151291,76.496630053008,66.8917744415711,51.7530871988282,86.765425863561
47.1979245377513,65.7722503367619,51.7772272459252,75.283919814359,65.6664245703521,59.9901826221478,46.926792193547,80.6623565488055
46.4859751544399,65.8848159778317,51.6985276924136,72.3940431090766,62.2968533062986,58.937774509926,45.4985015372416,80.7352649238089
48.2155476922126,67.5655181786026,54.7031862586409,84.7318130718398,73.2548361322084,63.6688690082166,48.9582469967859,83.2011412406176
47.8887333113381,67.037588258715,53.7813368023035,88.2688106518128,77.0227365148909,63.5762195217715,50.9930878988725,83.1132421047371
46.6832156555411,67.2161439035183,54.5095656613305,71.0710961613086,63.4908724931668,62.8406785522297,45.8696785166749,81.0359451970399
48.1951257666084,69.2275083549804,52.7349179783539,84.591144886552,74.418544861592,62.0099146162615,53.2390895936933,86.3465849548424
48.5455482338657,67.7890560998819,54.93850964774,80.259544330439,70.8841218393062,62.9793780660877,49.770960339045,83.2599583570538
49.5102011740237,70.1629901927745,56.0011366152265,82.0030996355085,70.5573261483695,66.2219123382574,51.1325524089354,85.6634426218567
49.0363521075486,70.1908026523818,58.2110536606976,86.9502623251904,76.4682317118653,69.2362162032091,51.8815121685361,85.2224857854041
52.4806383819377,70.733244683312,61.1965020609586,86.2755813099464,76.953494701884,69.3617966162826,52.6800198597695,85.660930287921
49.0507013223918,70.0572075339802,55.4162004546229,85.9907234071365,76.9494669766905,67.135129398777,52.2808860486564,85.7038904060492
49.5535813966284,70.7970289460049,52.6362099830465,79.8619471931329,69.6339849723004,63.5253596248204,50.0219711782384,87.1723907736808
49.3831682388194,69.3909400296454,53.2975301925335,84.4523543327418,76.1514112970543,63.8649078799562,51.6214280921871,86.0336981543982
50.6760558493287,67.9920778736331,54.0213976855379,81.7643385499295,70.4049275900475,63.8566772971612,50.1595984236851,83.1498547441029
50.720987394504,70.2855182421605,58.973996430168,90.4326610130185,77.6545862964416,67.8368038903061,52.3899668510062,86.4094772304154
47.0597419115398,66.166950589539,60.480562115516,85.9520465097641,74.0431647605671,67.3151800635971,51.0625860485726,79.9902861096509
49.0643049957894,68.7241866000197,55.332213857328,77.6559851927265,70.0825126268727,65.0020740697452,49.9167379322124,83.3903565086622
47.7227520194925,70.7119179326681,56.0488499767026,98.4738135402928,86.2016013810398,64.7253209763594,53.6607953747619,89.706460470171
49.223165827325,69.840267543095,56.3793629789986,75.2012072952263,68.3090561905066,65.122324157494,48.5252333991141,84.5713630054261
47.3359452974226,65.7919684916877,54.4625682777547,91.4790547972285,82.4171767994442,61.0492831470047,53.5642290051862,83.0643030952784
49.3954654563611,69.3939800983583,51.4687788126547,82.8084577524293,71.8762315418003,64.0004396470943,50.7268016236875,85.3070137609825
45.7755925193391,67.8018526208784,55.6848350776156,81.9998154376149,73.2404149131891,62.9541327482122,50.0411500901431,83.7230568070092
48.6998174959347,66.3466848453241,54.5263187676652,77.7782598258199,68.0088469985033,63.8034496166847,47.2238706357346,80.5156187743661
48.0943853518926,68.1334188833696,54.1867988884448,88.8689221039558,76.9444600136058,63.905791141239,51.2949989479236,84.8138043687147
49.7342663062309,72.2844056641319,53.2299317542783,85.0013254941478,75.46312376202,64.6158707646943,52.8070044890763,89.7979449179519
47.2670301066376,68.2958854278786,55.9295106292644,80.1731380575649,74.0130014853478,65.1841166020917,50.0300513458362,83.4152297788564
48.1332819083563,67.3589947194091,56.2902674189147,78.1298815300775,68.8983152905726,65.1414757617769,48.6809845535163,81.3360463241507
48.6782820540605,66.6850767557362,53.9446060844508,85.2806125218475,74.0299436809774,60.8410725086539,48.0971640852988,83.3184395855568
47.7434998563006,66.3240301238193,54.2342061006165,83.71221644578,74.4473267141905,63.5602437683993,50.0477121643235,81.5546476246468
47.9505177855373,66.3362449494193,53.0672872030398,80.9461953509578,71.9126446897,60.5777507693775,50.3659723599871,82.2488693126827
49.5377948340263,67.550793238944,55.9173232805327,82.0270506715792,71.1165830261039,65.8260323331441,49.5960260591984,82.1317841150952
50.1111978737498,67.9160785221171,58.8905219767,79.5852504885609,69.3290798723278,65.7570202982189,48.0444603332387,82.252210771006
47.9141743522678,66.6029741171305,54.1237427730604,80.8674175036243,71.1505365534944,62.2966684800331,50.3792536981588,82.0487863688661
47.2955605600724,70.1507395052626,52.9490129817048,81.2053039922472,71.0186342662115,62.5549432008376,50.80347392149,87.0097797739593
47.6819266208371,67.3660185960007,49.6201426864939,77.0045027123657,69.6120990998114,58.4453250976648,48.5206754017548,84.111648140895
50.2544337291417,69.9382134365186,55.4576768227841,69.7773600506091,63.2217559714017,64.9473087924563,48.477807837476,84.2122501108624
49.7800903979212,69.0551294862467,54.8088297466841,76.1811446314134,68.2809447439541,65.0049079856768,49.6306647759143,83.5937767092936
43.8314746747663,64.3377059508968,50.1470876780564,80.0307605600908,69.682815795068,58.0508150139824,47.8843933759202,79.8516048766067
51.5539814905715,72.902432411824,54.6881351441643,77.5474278209097,68.3920505748382,65.9454684861809,49.468094218168,88.7830166738631
50.9974585928843,70.0307334241887,56.8167082618791,82.2539734761521,73.5537641120346,66.6578304046142,50.6863496130172,85.383950080157
51.8992982056789,72.3040350465566,58.4310984392135,81.1447467599427,71.5916244517162,67.1814809382959,49.9619666362577,88.1418254405307
47.1034252117481,67.3723103285931,54.3345109837283,79.658440529608,66.563503162216,63.5399254986694,49.377004152859,81.8612434661115
46.7392160934489,66.1027275491914,53.4522249133302,88.5826140433906,78.1698513003886,61.2694183817387,51.9771171077466,82.926513563622
46.8326508816117,69.5571601711003,53.1199662891786,85.6435877815787,74.6788851152438,62.6368643185951,50.8974979661444,86.691763553522
49.6310673635717,69.9645277380414,54.5732054110018,78.6581705500359,70.7676004311549,64.9311932586525,51.4908364852932,85.5417623381005
51.0762734000165,72.01527361379,59.704372498619,74.2823351734092,68.4781563668001,69.4135648917643,48.1275797294108,85.9381546651741
48.6389389953085,67.8665166622838,52.7705362878708,72.5065378314292,60.7423425438963,60.822048213062,46.3402438919002,82.6678630745462
51.5798378602827,74.4618293407739,53.802341055626,87.6723671111171,78.246980829874,65.9079674250789,53.7907600657908,92.9467813198575
49.863038074269,69.8353051247004,60.9088927105018,80.761142372688,71.8843090263213,69.8743997840358,49.658695890169,83.4298269141905
49.5687212857198,68.4921563035481,58.4682393894414,84.8140793875399,73.5565155251149,65.4407749464672,51.2299499493403,83.9823029979568
49.6185618648509,70.0692849167837,54.5412722285526,92.6586259121963,81.1234179430324,64.3395515583204,55.3702576509384,88.0172137355263
47.8271129183202,68.0067469670064,54.9095301716605,85.4183335865834,76.2975718636092,63.703024355074,51.987231293159,84.2079477808233
46.1962183051677,65.9550820297012,53.2204395870738,85.8771736961675,76.3984003210116,60.1399823140238,50.5291247843179,82.9193917698452
50.2934461886186,69.1499653984659,53.4442445800659,96.3665191898561,83.502471372842,64.1283799569377,54.0216043501688,87.3172606363901
46.1257000755529,66.0240309693487,53.4741965442434,81.0563222857309,69.3674294825138,58.8752534246524,48.5651613208316,82.449719795608
49.2851263720049,69.0713864875071,54.8030526577156,91.5733807856337,81.218140489985,63.0945793691692,51.582356767455,86.8542893367085
47.4498116385026,63.8612364717699,54.4985062329999,82.9944370556156,73.4811902381126,59.5526536882982,47.3427869462527,79.5037579762559
47.3139847882223,66.2772160437656,54.0441348261575,81.7094969728876,72.1752056929056,61.8880201010045,47.334849880826,81.5836548140645
47.5400103083964,66.4253630736736,50.1916877110844,75.3737793413618,68.6261389327645,59.2445602246955,47.7869569913081,82.137172614596
51.0206580981059,69.7171144946751,58.2939123459665,94.3289874949205,83.7955092648265,66.8949134935258,54.4706844166972,86.9106182905124
46.9279517410158,64.407281258317,53.1045107163842,79.755757757988,72.219099956476,58.6362355396178,49.1891001311681,80.2220005598506
48.3759279007957,67.230345125345,52.8439666368847,70.0839987108416,60.6992084990966,62.6629988071472,44.8974167304142,80.9106927097489
47.7488148196137,67.6246108947949,49.9424353188261,80.324023243517,71.7597974057652,59.6634791830359,50.0837915190824,84.4230222316064
43.9613555357153,65.3153245454897,49.7603218332795,92.3231200214366,82.67611303921,57.7954222473985,52.4052786126783,83.9396014356115
48.7297622424096,67.0962532524819,50.8053122485197,74.6119119493162,64.9247876959085,59.7197145947961,46.5891450378121,82.4604305075439
49.7403045134665,68.911795261845,56.0218363515263,76.4331347546929,64.6702602472499,66.2806933518664,48.2866603718175,82.7328522579952
46.9556361766072,68.264045196459,54.9699030200921,81.2502372441096,71.3735473564874,63.9114429746329,50.1123700074981,83.7364832205265
48.6504331945017,70.2150632641956,54.2546850739375,86.7314226443714,77.5434574790452,64.5611172957024,52.8998429289917,87.3384690092602
48.0161177808451,70.6457964184998,52.8126600846356,83.6669256760514,73.0569801887001,65.356955653671,52.2569254269767,86.6779310964649
46.9171862279315,68.978887545835,48.7799723216241,84.0077739438507,73.5689388993421,58.3259689241795,51.2199886494997,87.3910668302376
50.9755528814814,67.715790542217,55.1448383550396,78.585089626134,67.4470798909678,65.1436935412994,48.4143250547767,81.8127084584253
48.505398889262,70.3943476292869,52.6448206336405,79.9162600842159,68.233369335449,62.1235277425121,49.5816618226248,87.07201328467
48.9249611628522,69.8711916554396,49.2657570891948,80.0470513916217,72.3575036050769,59.8351330006457,50.9414761407471,87.6682190352187
51.4901071430104,69.9355493820818,60.3462948890467,74.9482090561203,65.8296983874665,67.8933129156079,48.6436672945246,83.5441725939214
47.0550791758967,67.059231004464,53.9600778931134,86.4446331204167,76.2093345040236,62.3823249809141,51.1441558361731,83.6008027728853
50.767122991488,71.4624686384138,53.4493280838276,78.1113949087247,68.8468499709473,64.6309365546978,49.2702039034734,87.4966086389181
49.065836285837,69.2884252093158,51.9216305315481,92.0042902588245,82.413750291057,61.8029274024149,54.3843975142758,87.9583143514248
48.1248731181613,66.4668220107573,52.8121706160007,84.6681805550634,72.7032690851082,62.0800169758937,49.9532036194595,82.2042895341723
46.2368542294992,67.8214410688906,53.9156741251319,93.1064839970524,81.8252489156644,60.9196009778432,53.8369165604639,86.2302376746047
47.8455240974749,67.51143208374,52.4588610449233,89.4990166214403,77.8973221401603,61.5888194327767,53.2310162383315,84.980741906194
47.5244897143617,67.5556906948573,58.6934719709186,76.4542735587344,64.9813637165477,66.5673617453457,48.0445474434732,80.7917705543167
48.4041344372718,65.6060574422583,56.5594443661692,83.3455989300226,74.169999180075,63.3146141027664,50.8707504567078,80.674233543209
47.1938134455731,65.5489479584389,52.6342745150191,84.8960790890421,75.825949694603,59.5870866613955,51.6622923899129,82.2708724152882
49.2934026016544,67.9422485514174,53.2740215864587,72.8775581010532,63.5871220504321,61.0067426747463,46.2495447049329,83.101658221339
44.8569827830079,65.5031155717107,47.8789068216608,80.5909966624969,71.1099301617289,54.9605614672634,50.3919115991081,83.2026962955056
49.1813706148201,69.0885882601365,54.4925426437488,76.7576095318011,67.5450844010856,63.5728666326506,49.5148702545438,84.6747333479306
48.3290010395097,69.7880076059722,56.2390653499693,81.4512614917789,70.0816310809891,64.8960334317306,50.2042090511457,85.1874004543741
49.7742302443099,66.5556671859836,53.405454046293,70.5510038508583,61.8193949717372,61.5613096813158,46.9313194974977,80.4092260724011
50.7402872928959,70.2608557609453,60.4217674340363,83.538915008727,75.0267951939016,68.8850458162627,50.9800199142729,84.9670431775254
49.7089934010836,67.8058786775671,58.4269223264126,76.7952593443693,67.7079545999805,65.8244814270643,47.3790473527954,81.6469754312696
46.1844255360285,66.4704001576181,50.767661840063,78.0100676932509,70.2701157281709,61.2872565184037,47.9418533407491,81.8850388875843
48.0992624312692,64.6173850617715,56.2090203547507,81.9651814695781,72.0027976316605,62.8375950498252,48.6771727215268,79.0170771674455
51.2854114043768,66.1508936908893,58.1656114870114,79.1747137753251,70.233787457684,67.7208561376974,47.1844066087699,78.7801356961586
47.9964268859223,68.2454636579284,53.1952782608364,77.9825804518945,70.110846591263,63.3898630786651,49.2673824305872,83.5933162442541
45.8434119511321,64.3454742926029,51.0327739773951,78.4832273646113,69.8186526684304,57.9467832391064,47.9562771409028,80.1326095844707
46.1147747839718,65.6991968396272,53.2823446654705,77.924953662486,69.4155022849481,61.2071533803451,48.2977216455164,80.7783873862328
48.5335263448203,67.8709184276068,51.0726570325264,67.0648342688405,58.7499462727599,60.8630741751277,43.7742407399758,82.1134248656605
49.1408231526871,66.0174053660059,52.5397383823648,73.788003343165,64.9150453605177,60.1980039137082,46.9020624900984,80.7511516214462
49.2664889587181,68.7071688708009,58.2208916661866,72.8010604970189,65.8022963479825,67.8576078158221,45.5095123869263,81.2889532062423
49.7630837990103,71.1777393012248,57.3635139045549,83.5819071659019,73.6270203843558,67.2132828094747,51.4119576131868,87.0054624016396
48.3008178877522,64.54185641943,53.2423225799023,78.2254398433026,71.7800193909548,62.4015945183863,49.1083534175793,78.8111328460938
44.6262036266102,65.7431184999471,50.4367504919093,78.741053926721,69.5112610985665,57.7813950921147,47.6696473318612,82.0610656725982
48.8743079642983,68.5055815802245,55.3662823817088,88.5909844251198,77.5153782829053,65.6497820706495,52.0684599058708,84.4888805590016
47.739434035395,67.3037956838199,54.3461840371712,77.2637064157348,69.8809990316265,62.5055954855678,48.556267853415,82.3487471491623
48.262889506722,69.1031866278887,52.6287906124717,92.5948270016243,81.8874491521928,64.2925799481561,53.3221755429047,86.593708481896
49.3025534926171,69.5212526210822,53.3751362131877,90.022698218722,80.482953585147,61.3585992592687,53.7493162233328,87.9860234354024
48.668120007996,68.9404211693728,56.8315309891852,91.6099202406695,81.0591640884402,64.6999150303647,53.4150582867861,86.2535590491951
47.4269307758207,68.4644773094807,54.6005528256497,76.5836681682009,66.256743120863,63.808776517342,47.0509692929515,83.0912102147117
44.9018575263235,66.2442889938955,47.733241592794,82.4233570258476,74.0466495261708,56.0196533134302,50.4711489993244,84.4407628875863
50.8928188452917,71.8449670693018,59.8347280887294,76.8530454927885,68.6949876697912,70.8304972518396,47.9986748525059,85.3622844381807
46.2464204268727,64.7931959472836,51.4724796396265,74.836958080127,66.7178764472003,59.666964640697,46.1093744929846,79.300608826691
46.5444389249508,67.9551447389672,51.4375669704446,88.209679458447,79.8095063980551,60.2296234650314,52.6339313563326,86.0159177851226
48.7413756861076,69.492141763859,54.2477650838256,67.3205364484765,60.4639609291323,65.5862526430699,45.8591488224829,82.5771546840704
49.049553855656,69.4703283364345,55.1597707498105,80.136330013414,72.8956539197233,65.7279647657635,49.0950880697336,84.6531817643114
49.33793513128,69.3673003404429,52.9901610221133,90.8609195771544,80.6272915046122,63.0529577488994,54.3744270899148,87.3677073851506
46.5188804994179,69.004316062694,50.7566198851281,71.9700501978609,62.5604736244804,60.532777118086,47.5941839705922,84.5152580555192
48.1919196845003,68.2922335070644,55.6058149613971,77.9910030223779,68.0244634677935,64.8765021921847,46.8294052588773,82.7726814411345
47.4667693805271,68.1123503458053,51.8604785828687,76.2789842624804,66.3441071211579,62.6126463690642,48.527252344668,83.0678271841996
49.2465185783275,67.3004027238206,59.0175951172658,85.7452736717897,76.286371687352,65.5634148446453,50.761448140762,82.3884624891153
48.6402218635661,67.4875867336307,51.9743135179904,71.590229629592,62.2448458813338,60.8215953194776,47.9694911663888,82.3226844647554
49.6684412906525,67.9682424902916,57.0155870837113,76.3736085210682,68.4973276514094,66.9369068397506,48.4804115229676,81.3717410452411
50.5186148541901,69.3293556890423,57.4784147118141,83.0439652865309,70.2113077078283,66.6473494449489,51.1330072729663,84.2529516243101
48.0994416383592,67.9993089572797,56.1771506759846,77.1616611712005,67.0279015201694,64.3113432896494,48.7059361295616,82.2356790948659
50.2555328492849,68.4373977223711,57.6708018938616,77.562920534335,70.438257590531,67.784687172352,47.3598843006281,81.9289048417436
45.8724519424038,65.8546536261474,50.8255670980994,73.6827156293867,65.9236806506416,59.1951708372114,46.3863784292805,81.0160843731575
49.6455531294901,72.491468504056,50.8964910138892,84.5356935867767,74.9171928932426,62.8526801907268,51.8301649758498,90.8776022512956
47.6528677556979,65.862482930688,51.5015598630958,70.1185613076763,63.6117704608862,58.654805872521,45.3756829993293,80.8485496950678
46.909982742192,68.8426783966183,49.9647563327357,72.530433917703,65.3153250509793,58.6221014111535,47.9164663055561,85.3220551704538
48.6374163021279,68.8765701937476,54.0265041415857,74.5384440059406,64.8082109883316,62.3618007472526,48.6225567586238,84.1290927675062
50.1399029473829,68.2838807648043,56.5053927020317,86.329684825547,76.8309377086071,66.064932602034,51.7890203992529,83.7522322225402
51.634843171352,70.4197031633361,57.5754152578885,83.3049596238178,75.4434676676017,67.7524000249109,50.0100562637379,85.628747301274
47.2421492964798,68.0063999020279,51.8446953060951,82.4519454251727,72.4051998693513,59.9343317408295,51.0684319081251,85.0985545618564
46.8715769337162,65.4998538349584,47.4990209599975,71.2366680047477,61.0209111661149,57.8227412027409,46.2593394332608,80.4248600806057
49.2028295002899,69.5851874489573,53.0357083549165,80.7918133844441,70.5756596681742,64.025143809528,50.5214265371588,85.5300814133599
50.9890773083648,70.2014548521744,58.2747042290756,85.2299712183083,74.1860690558362,66.3005628570299,51.4986262321974,86.1830591425751
47.7389181230326,65.765912039766,55.6569192912023,84.8536679298024,75.13349471502,62.477103873835,49.426396857986,81.3715359873776
51.2004191846866,69.398433609896,55.2563584699948,76.7810756284474,67.6343691418463,64.2339258745016,48.4570929713216,84.6109108325234
46.0018365085403,65.6273300526064,50.6991395283421,83.5177133791113,73.2353114872233,59.0422284000946,49.7159051367643,82.3756537817202
49.991852633445,68.6262250398603,55.7332682119715,77.8219428032431,67.3279639655289,65.4716284810128,48.8551261471038,83.0955700218649
48.7699479031251,67.7001665402962,53.0787593413101,81.5033629152177,70.3436517436962,61.5481577003637,50.3279994514149,83.7855718498106
49.5054183758682,71.4139698412112,57.6959427126526,83.7802298597751,72.7747549816704,68.5245245563155,51.4890611700602,86.5713044179975
48.5241786411152,67.9880786045744,55.7033682149134,82.7962858149227,72.9545088875342,63.739262226995,49.2521952439862,83.2238823150744
48.0114400257393,67.9721724618888,52.7247225864353,78.5345204125443,68.5499998594724,62.2875224767895,49.977656832033,83.4346865686329
45.7388765805947,67.1159917823662,51.9342290040624,83.0414230433084,72.6869440967401,59.6341033058185,50.0723687371615,84.1123301766329
46.4436878158555,65.6695197638274,49.5984486255446,84.5289034064131,73.9464666426442,58.1327609749304,50.2900492962829,82.8052253784332
48.2537243569499,66.6280610599649,50.7110817284624,84.4419341321568,72.2305495535396,58.2753596722238,51.3438222438789,84.3346678154181
49.0249091026927,67.9886288648833,54.8991444879944,81.3149364462248,72.6617671413969,64.1933283297731,48.8123833163425,83.4294599144587
51.1734518511144,68.554120756545,58.007917725912,77.8493073880458,69.2320157899659,67.192180918944,48.5263525867344,82.1416812316013
49.0216383773133,71.1769394522234,57.3672043378413,75.2588376284037,67.4014116919693,68.3748491666246,48.9598138030525,85.0937255017017
48.9180533595291,70.7599855951514,54.1462381377901,81.7197361905532,74.9278220320409,64.4781187466525,52.6305273166742,87.3901229599159
47.9341059728522,68.4995112631665,53.0040525795806,88.5008886348376,77.2038118367057,62.4705079853447,53.5954302907502,85.8534699985093
49.4186139155093,70.0658540942051,55.2139591229904,86.36077739338,78.8023364427557,64.0997946313082,54.9078553259862,87.4652587219841
47.2366136328958,67.728759174507,48.8730452199673,78.3087857350575,70.5148648057368,58.5187102629093,50.0596923877272,84.6581128303553
47.5417040987526,67.1153262738107,53.6533185863563,73.6133066546035,66.5622013461105,62.8960179630595,45.4641454128501,81.2830044675751
42.5824848330007,65.0521305550973,47.6102940498733,81.7707484131557,72.3485456478495,54.7881515060889,49.4136490383478,82.8016045044765
49.6215270479017,69.0379530160672,62.7881206374034,87.5970541876761,77.2459917057269,70.1893538233621,49.024288773505,83.1449463880701
49.4914910832784,69.7022567155387,54.0981439090861,85.9819869670808,75.6476388416384,64.1664114191775,51.8113216701978,86.3535040217833
45.0387586102233,68.7539456539058,52.8612563105669,84.6023929460117,75.1854640796036,61.0762263444479,52.2816866490742,86.0826169979403
46.7921979414419,67.8923433574737,49.7710874140962,79.5727525569877,69.6676359927642,59.7549993696865,46.5024512352237,84.4471498468589
48.8519089937162,71.6192772591864,54.2903792386841,83.2518183765797,71.1215973359253,66.767033892985,51.1257964163311,87.5949754416821
48.7247832103261,68.042862041888,52.390993345585,79.2584191421927,70.9625664756687,63.1009069320448,48.6606545512263,83.4532491087992
48.0035424173453,69.470820930959,54.2336457000532,79.5458080951245,68.8574360495941,63.3913846266327,49.5603398457774,85.3428227170399
46.1532235958049,70.609598860129,56.3333487996868,87.5694631660977,76.0397408292636,65.4300011370262,50.127461829116,87.3061590377597
47.7608920824614,67.5072655077316,50.677178691371,84.2787311769148,77.2122314847595,60.2033798633773,51.1802213060506,85.0577000789436
48.4074126350198,67.2441698875285,54.4578298276231,82.4057274663193,74.733796998932,63.2905446064854,50.7695020893412,82.7333598367787
47.3219366691295,70.5501073267667,52.0462397407812,87.6736820557305,75.1069742143285,61.4860580336322,52.8386816163321,88.9203761656319
48.7606649827844,68.0700779314553,55.6590900696112,70.3651799907589,61.0268141184707,64.5610486634125,44.273543986591,81.1415771056819
52.6660133424655,70.8446003835721,54.5344197742735,89.7312068972488,78.6029337057995,66.613214196914,55.1872801621059,87.8484317960243
52.2000679306074,70.2528049472281,56.5231766701601,76.0130497900484,68.2763456772062,66.9378398036378,47.6662693734916,84.2316731552159
46.5601048086835,67.5676506141009,51.5883466145906,82.0302773774723,74.5825574757063,60.6283187646613,51.6103120709419,84.6933632529537
48.7162504868745,68.4094307019647,55.3101641584804,71.8827516037213,62.7306971541046,63.8679069122564,45.7220498445014,82.2254484045173
47.8282934261871,67.8549980228613,53.2637001921073,97.5169963395506,87.758615736808,61.7203728616244,53.7779775550614,86.6917841884416
47.5813059613704,69.1654940396995,52.1695237973818,81.238388596544,70.748055142115,62.1183852433564,49.9369186916837,85.7971424531687
48.436749486111,68.3171403200085,55.3712012971237,80.8524693724588,71.1880165742553,64.3946532994254,48.5801375639157,83.3980389225886
48.3634440275945,66.1723393620593,54.7311378432615,75.1117164497258,66.6282123532622,61.8108205553766,45.1832217163745,80.7176038324022
49.9870508377006,72.0183873038856,56.7069042703272,81.4994940168882,71.3228895527178,68.3910474760168,50.0547555841693,87.3721681781604
49.4955491945382,71.3181590832103,59.290219750163,77.343108749186,67.9716294149788,68.627920582255,47.6498723294318,85.3338373192073
50.4036872956575,69.3784015209032,54.8336731075908,83.7645254438,73.1852169454451,63.4821837257297,51.8934762997273,85.8404482591629
44.8384066961043,64.4857123780105,53.1193445220375,69.3433472594719,62.3729591228357,59.1320259267187,45.0278824814998,78.4265237950591
48.4060804572372,67.3629447564521,55.5413396890116,81.6968841609746,72.3548343444986,65.3452705347494,51.1712036648909,82.1854617181591
48.4538537060025,65.9102959482413,51.9004105880051,91.5896694198365,81.219946903082,60.2203941984554,52.4407357880809,83.5452956981955
49.4490847041488,69.4107779752612,55.8419107923744,77.2779888521124,69.1527511308185,64.1854653365688,49.297522958469,84.726122015119
46.1632887336156,65.7607641925249,51.0778232921353,82.3413171222011,73.5630497372326,57.2395320350417,51.7708310668228,83.0510002615285
45.358835677981,66.6441751161858,50.7557708110303,74.5472565444037,65.4692034179449,57.7206548257173,48.519300791316,82.7126003939765
44.3692634961384,63.6561456520728,48.2481832538682,78.7810127218925,71.0816885872211,53.6352441108701,49.7491668731802,81.1553567849898
50.1045226525238,70.1054083737539,57.9426024938532,86.31507491747,72.5584969249819,67.1092125806549,51.6855324372464,85.4451883632725
45.2013859249368,66.0553887583249,52.9506444404328,80.7679288241678,71.5005433929576,60.1488167588193,50.1022537218779,82.1188738449163
48.1118032262603,69.7850366116498,53.1486449561344,77.4063334390043,69.0132426138985,64.4802773590667,49.3744881616616,85.1526616233291
47.7034596951311,65.9127592803873,51.5007286201289,91.3707936293859,81.3542801356781,59.254049191907,52.4824442222549,83.8761397788468
44.7772697050838,68.3556773056978,50.1069771119523,81.3525122847408,71.3423143512993,59.0734870871641,49.738463810425,85.8848531237654
48.8701703864596,66.8118701035448,53.9142788568438,80.5387340163239,69.5396522961839,61.6416004746998,49.9195986368309,82.3129663239394
48.7073510207448,67.4468993205737,57.9864290009584,76.9385121604702,65.5300322749406,65.9217967055258,46.8589352472287,80.7724900889612
47.8412420436178,68.5962816934145,48.29245177649,82.0282628114933,72.8125783994834,58.0672443253873,48.9173480639415,86.7852791173549
50.3776782440661,70.2257428350433,53.5352630365931,82.7354650802611,74.5788200730308,63.693253465354,51.0020198949851,86.9717934807544
49.0399979677118,72.0655278668369,55.0450255864487,81.5018255552964,70.2286979147781,67.3422158303007,51.9213007325969,87.9116931215502
46.0744676009007,66.2156340396102,53.1111888186455,82.346985321444,71.6831242469007,59.9646995767904,50.377897261214,82.3558895454779
48.809626010975,69.3126764268053,54.2620416254117,77.9716414891997,69.3900828078058,64.7314530512608,48.9847966615223,84.3124327682278
46.7277811592385,69.0856148177102,48.3014488029509,81.3743079356458,72.2369938705719,58.5461391039507,49.3876027782062,87.0257859800953
50.0030470393928,68.9057427723763,56.2630437318076,94.2337765300871,86.2591410325666,65.9288128903331,53.7134877584961,86.1454627548389
48.7612259962621,68.8041145149577,50.0363946291874,79.2327830889656,69.9492849337892,59.6393845771629,49.4805191690196,86.0951641952984
48.026778904491,67.3189849320482,59.1764144814074,88.1771514043738,76.33572107186,66.7171186474586,50.989927446579,82.4452724984835
44.3147184265579,68.4120393566239,47.6623159242944,75.9149279861713,66.514743642136,56.7692287211385,47.12548539003,85.7292263416046
48.8347780601268,67.1392044074036,52.2872245012788,76.9570939697981,66.4740502442066,61.7298327746779,49.393412360144,82.2889570063295
48.4248271625153,67.7311252227608,51.8208737711265,75.3623144390067,66.5837165140917,62.4536799814351,47.2934130004639,82.3801219735113
49.5786820210832,69.3556588587813,54.2389555028119,86.2324487603991,77.05332144444,65.6834064308634,53.5391824058141,85.4382240427568
49.8110583318929,68.0751600950432,52.6159692828127,83.0807126036903,72.4840523577924,61.7047864671987,50.9920715373687,84.5589556025974
49.8335294445251,71.2377298899367,53.0939842126618,76.291963881685,66.6624264075568,63.4053406429022,50.5334716652711,87.6496229512482
47.9141253848802,67.1934466728795,55.1363255685073,69.6033672765366,60.9625486281494,63.0968799494016,44.3622111240241,80.4741959713816
52.8128970102735,72.1225521819841,61.4970919634524,73.9330740856493,66.1842823000372,71.0137251957187,47.755412653363,85.2734206258435
48.3183467952241,68.043646743664,52.9055731395834,92.965669999312,79.9506662075763,63.2720170897937,52.6982291890104,85.6065414478291
48.3385352422246,67.145180000158,55.8459933873016,81.5364738552971,73.6673527524108,63.161935485659,49.2019750693223,82.7145839739168
45.2755619489097,63.0665313124846,51.1254353646354,91.9518134080407,81.3930751996105,56.7713111605364,50.4665278965974,80.8487060001646
46.8513429677028,68.1272926915768,50.1163729538184,66.78683733801,60.2536008326136,59.2521154370107,46.0430141906312,83.1757968823355
46.6473986041929,68.0185883828737,55.2819796372337,86.845816566358,77.1922693542571,64.0816755857048,53.3798002104407,84.0754897577013
53.0454778234281,72.4754930186569,62.9093175205049,82.3042092978254,72.6875853666933,73.593750819338,49.8952938948968,85.870008375959
49.2980466808363,67.9748695782694,56.417299828921,78.3435950122234,68.5471065224179,63.7907750981404,49.1816384636384,82.6896429393569
51.515209379022,73.2784002235016,57.4873962167186,82.7739631805079,70.5699218612778,67.8294007116105,52.3204423014996,89.2036828373091
48.0587466145381,70.3464561949981,54.8266256953489,87.0882466063006,78.7512218100337,64.8032936537107,51.8392397315463,87.4721606604053
48.0788602088698,69.8844030579426,52.7619167686792,80.2651746651451,70.656178376703,64.007600540035,51.0785964700032,85.9288202805532
49.0231447638129,66.0797162036464,54.1288239536743,74.2802086429771,65.0029831581664,61.8437462203092,46.6383395994831,80.1445609067742
46.5229647582877,66.9191025076151,52.184425870345,87.2679300632385,76.4286580525019,61.2049375255868,50.7228454529236,83.7202889787687
46.7162548392547,67.0471910332619,55.6520689130182,74.7568076943011,66.9252957200759,62.0618091923466,48.3572567604722,81.5725011110342
47.991355838789,68.187974839024,55.9861551683016,69.2810363997188,62.2932583836075,65.674990773954,46.0966281442197,81.0583513249759
47.2099708330001,67.4921286819021,52.4844184936119,87.8550683105899,76.3628400159163,60.4582769806972,51.3995231779238,85.2635584705703
46.3300666311745,63.5784147111117,49.9582873321912,82.6704535195769,73.4798273527105,58.2276860674962,47.669598179113,79.3924544799016
47.4784653222283,67.0666747300235,53.5096662370115,82.1406193708594,71.313073024451,60.8981632077405,50.4651326885801,83.2836060387245
49.4599661024054,69.9542597660601,57.5608359411337,85.5209595551319,75.8487399346971,65.5361420694067,50.4702450797143,86.0913018358547
51.7872837026888,71.4347188199627,55.7801192823194,82.856649955348,74.2888068774764,67.2067244650118,50.9745781599486,87.0573163645202
47.0964079692386,67.0694138875159,54.4132249730043,77.0217893889345,67.4798691835998,62.8770288449394,46.7048763505447,81.5930143769054
49.7862304316066,67.6886510722462,56.8113141320042,83.3669138313784,74.3583934493677,67.2891394138805,50.1445038023169,82.0092473825542
44.223902011956,64.8775788954274,49.1934059494456,81.8326438413871,69.8893176027725,55.0433211977498,47.0293351451667,82.3845610071326
47.6937427183307,68.7268537736488,54.9339106818519,73.0032180571643,63.5080335610944,64.6185919418028,48.583435203864,82.7299401868274
48.8332047414004,70.1044701979892,51.5046728252441,71.6618092907249,63.8393543367614,63.1362911422576,48.5426945420966,85.2902717806165
50.0366835007566,71.4074763811786,56.9765921747142,79.4304821902476,71.8530901654075,68.322144478135,49.833987607297,86.3340683458918
49.7860364369896,67.0423517373715,57.6064007129548,78.9920957853089,69.4375816426309,65.4045711197541,47.868847908889,81.1811761758183
48.8825067464129,66.7462206405938,54.6403780357745,82.4612942031803,73.1308070868604,63.881963262635,48.4707946163559,81.5080449464045
48.64120236154,67.1008673938065,53.5783635008174,81.5946670853779,73.0961204169726,62.2168090030111,50.7816372185288,82.8641572556337
48.6253780283528,69.5712232890074,54.8470880818509,85.3209709110387,75.217317718752,63.3685099822188,49.7806911805192,86.5399517034677
49.6132068595289,67.5376783603967,56.4451703241682,73.6662085611084,65.5736733479093,66.8587204138039,45.7581537102344,80.4020686513791
48.3314055453053,66.7221903007288,55.2427237749488,75.8611765233074,67.6593408032874,63.4770343323728,47.1328944472223,80.972021504464
46.6420499312861,67.2633350638292,52.8370807000138,80.4929520758094,71.3591236895611,60.0128895832431,49.2747283004084,84.0848149507462
44.6740419106327,64.5716276542404,51.8615611538056,72.7593822629768,62.577223289169,58.523131614365,44.7948846222915,79.0858987231584
42.7928212296122,64.5726943275253,45.3219963287601,70.3297143888275,60.2119438015034,52.6324990326307,47.4936256739454,80.8938527459059
49.8951991729964,68.2962219149473,53.6609555413226,87.5941311463345,76.0353053348384,62.7057892557789,51.1655366030884,85.2884887646503
49.5238138932124,72.5544268241191,56.9830361756339,77.3954745660579,67.688320614559,68.3922184930682,49.2809917082405,87.3921407986772
51.4577684467892,69.2022202383563,61.1167110798885,83.353120071702,74.5527420369273,71.8179036883849,49.7329202223043,82.3849822999335
50.3072829910478,70.0780456015702,54.0128942686939,77.4372203109141,67.0031214273395,66.0170274224252,51.4974451203995,84.9224828251233
48.9591826861352,67.7201302180327,53.6935555533742,81.5391781922676,72.8495013178152,61.8474447532644,49.9407730456021,84.0317412352757
47.3231971329955,66.8674228019638,51.4216770152304,78.6957933353808,69.0263891121932,60.1969900884772,48.5886345369705,82.7984251739928
51.1661997631276,71.139575861707,55.5478876619903,79.0789139511475,69.301563353564,67.2119023033782,51.3376536969175,85.9717782868178
47.2722287107564,67.7700825406832,53.9768253890611,75.9825878912593,66.4367306922901,61.184651697099,47.3389080951713,83.0798457725564
46.0167807287074,66.6647656285403,51.3690379397532,89.7266665576124,80.0408686100809,59.6015834999928,52.5482987574497,84.7702333194093
48.1691964345284,70.6523640855591,49.9091260074915,75.8182986038617,68.5967989148925,60.4002012804276,48.3081766333794,87.9836405518621
48.4856938495435,67.0123260103411,51.4521701079028,85.2110172051263,75.0581438043031,59.1919243332554,51.8688828784132,84.5497820199668
44.2970908488396,65.3603405541034,50.0290422821237,82.9103984348575,74.2663139457161,59.0298875900367,49.303260668342,82.0006862542563
45.7135047349536,64.4538705345875,50.4474875354052,81.153225156861,69.8176999768182,55.8649686454184,47.5655368836773,81.0871297536095
49.2084357220146,67.1345204182271,55.6980017902283,77.662257943744,69.8705586047674,63.4962259917226,46.4372236528229,81.7742091351061
50.0609263255426,67.0962850402321,57.5068140756886,72.5254273831483,64.7399358472235,65.2567762519984,45.9358820517999,79.9623025831565
46.300744345201,64.9169726309924,49.3236941665164,92.3038394494862,81.2973461293063,57.0395908779291,52.0022312494891,83.5592101818284
47.6206545435114,66.7742358285157,53.8330146637937,79.5758422261066,69.5229390367007,62.9733517002503,47.8888760688141,81.519715658118
48.6137942718554,67.7949477678569,52.4473055506083,85.4448039408242,74.3468074417115,61.5179288365921,51.0425922601208,84.6782506758906
49.8459024777115,72.0940378648395,57.1654702470368,96.4705075601581,87.0668432309176,68.371619599675,59.9803835393027,90.0479351656047
46.079636382854,65.1831736923892,50.8303029486818,73.5122392670755,63.8652123087151,59.4252192690534,47.0598012168329,79.6436366008824
51.0796095975403,72.066229639896,58.178621286405,69.7397120852375,62.0912642386841,68.977608124582,46.4034381897841,85.0870376253405
50.0235761833518,72.606619073379,55.2454349668582,86.6995658406918,75.5632793759041,66.5579337093769,52.3682278471577,89.713065801627
49.7385967536848,71.4214122020307,57.8934114835164,74.4614960000531,67.6417587145827,68.5730793146887,49.7292773889789,85.438598830381
47.2799171718814,66.2869177999071,53.4003958838539,76.0961316507928,67.931203701773,61.2095557967371,47.0136275405814,81.3940296953301
50.2528650016355,69.7580356372269,55.1276682382784,82.0814218979781,72.7011885338473,65.8033480964825,50.4209672406421,85.4394086064334
44.2480169010684,64.420014791334,50.0251381935234,76.9492630030506,68.4820445122664,57.3474033681761,46.7919653195821,80.1932712176247
49.7262184165243,68.818132973448,57.8705037417286,85.3016971564807,76.4040886221341,66.9024690746415,50.533711680544,83.9430244594982
47.4683115375117,68.7334451790142,52.7501239751517,74.7349682589414,67.1195111608558,60.9017901993541,45.7142871402357,84.7540735145391
47.2523252884206,66.0152849441724,48.4988038324694,81.9625843731959,71.618763622025,56.8239388057939,48.9282436920241,83.629702925886
47.000438334616,67.6983357045346,49.1137147549867,95.4241253640912,82.6421979841466,58.2432116685233,54.937830870204,87.3378228350011
52.5641433366804,73.523933940406,60.9136140599763,90.3178474949328,77.8255418951333,73.3223866089871,51.9886816205612,88.6819185952778
45.4570931961116,66.4335367318603,47.4814216513014,78.1354626534206,69.3692987514936,56.7914163356736,49.5872733242877,83.7018035972272
49.7434959753798,69.7038719985101,54.6887268925057,80.3118787748643,69.54567482231,65.2059756731872,49.1986914226516,84.9384154735719
49.3679950971691,69.1501584566905,53.7249778862973,76.3715753413777,68.3914151620276,63.4786191417447,48.204367144712,84.4995908800188
47.2372241825798,64.9994534163801,54.9893265916874,79.7527418905975,69.0962114697334,62.5104591588411,48.9449020422353,79.2896942828816
44.7726095534162,63.7274725579206,52.393668021272,77.8385300448534,68.9156951093816,58.5293366354508,47.2229985883268,78.8800747132392
48.1743810143769,67.221976527558,50.1944426146971,89.2896088840969,78.4570759408821,59.3306629514125,52.3939794866344,85.5194359850537
45.3603749562645,68.1880267085627,47.1258084171758,79.6848119131033,69.4310858152228,57.216427824182,49.3536156361975,86.0763634405269
52.3712713545034,71.7436049639599,59.2991692499799,78.7843989375805,71.9944502873802,70.1422675294976,48.4408125094218,85.9687836552925
47.9542647730295,70.35992704241,51.5095148196262,64.4595075808242,56.0750130818344,62.5911084614333,46.0651068124505,84.6188057656147
48.8533677117393,67.3569001472875,55.2529673516514,85.3241252600983,75.7696948683881,63.5542606226737,49.7573871964235,83.2958610847798
48.9879493421677,69.4241202710741,51.673263327778,84.0110458508474,72.8155160730045,62.3503499759873,51.6116271128751,86.3867731751381
48.1359023868979,66.907815475051,52.7251436768966,78.516436757485,69.783088194336,61.1274923227942,49.066606125271,82.5305059862233
48.5686953912279,68.2021856315229,57.4519097612444,79.1697147223283,70.9129725569595,65.3369106086797,48.5451585511337,82.8412631143386
50.182982537327,68.6243952352835,58.3940925212881,78.252715433718,70.66766517357,67.8498585656642,48.3156176300772,82.1540328372574
50.8694819614719,67.4300788915215,57.5622977771199,92.2731419678743,84.0076490693793,65.6886210532648,49.8915917278946,83.7590242029597
49.9550847626746,69.8550928371558,55.2160967344914,71.7520320316609,64.0074456486738,64.0216024483259,46.5023013381832,84.622832530504
50.4963823167423,72.3078661505929,57.9852277592989,84.0198853956132,75.1091523921069,68.6597242382734,51.5046110853987,88.0386624962649
49.3746422617592,69.6901906510476,55.4772375572436,80.4348721260695,69.6930332235094,64.2109860719968,48.5488649409253,85.2798768889374
48.4344141726834,66.808097417663,55.2852719346488,95.5637220449528,82.3469281607211,62.2375797788548,53.7498249085172,84.4162240501717
48.2540115302651,68.7557575732565,55.9700510437545,86.9148010317791,77.7132186918163,63.1417820867988,52.2234647474973,85.5211493991561
47.5224377164296,66.9779901354742,55.683727885218,81.2078745802245,73.822468374566,62.3820758142763,49.6094344502921,82.7558294158258
46.0512458662486,69.2026414647264,49.1949870382951,71.2914298026765,62.0575179312681,58.7363486064379,46.4092956753459,85.6062489990966
49.6618613553462,70.1800506223446,57.8555070211737,77.1902492576707,68.6327786337908,69.3620125808275,51.1423605964751,83.6791469146155
50.0440602525037,68.0914435615068,59.3967769520398,89.443356644891,77.725330723642,65.6138612658828,52.4666892922816,84.071498544605
48.263605535729,68.9342582467842,55.3149960341058,81.790699319236,73.2249159153751,63.1415924901566,49.8465306409155,85.1820457113842
47.6337406026307,69.1037463349014,55.5856152012491,78.1611347320321,66.4330655271228,62.9033887498695,47.9561256133437,84.5607191070635
48.3153253636484,69.6916932460218,54.3521135702862,63.6088078726804,57.6673300499789,63.029385433865,44.8815085360141,83.4923940186467
48.2783300980877,70.0232582602884,54.1244817655195,75.8463049566905,67.4959626739039,63.1716684452944,49.7559055966946,85.6222583520936
48.4371245261037,69.9610334114975,52.4721961757302,81.6704847907526,73.5472841343626,62.2912838904194,50.7381944555734,87.0547291989254
45.9676331442995,64.2447102977941,50.2526535919672,93.3180903402758,83.9975356834175,57.1107032848788,52.2643902442504,82.8132598135555
46.1187279183882,63.0444971635303,50.6274732741268,79.0530968339789,69.7153766981477,57.2368568730776,47.5647624463901,78.5877019570371
51.9473297464469,69.5359925813715,53.4724012250084,75.7600866906374,64.8102133317177,64.39685792274,48.0191223806509,84.4136877695174
50.6992115377109,69.9718567439835,58.7154444713066,73.2224478336929,65.7609748284851,67.3412433460837,47.9098184374823,83.600471321484
46.2608130453658,63.759191674769,48.2691619804283,85.5269704541905,75.9501674898107,55.752248824524,50.1085713872068,81.3628973649466
49.7503466147042,67.3018315436435,53.6650410556823,84.307729941369,71.8267118782522,61.2932440821956,49.3988671711614,83.7494694080317
45.0889309791983,65.7487666530065,50.8732017436985,80.092015418119,71.094803611893,57.7770193103026,48.3293567645977,82.4655973851544
51.9650149809881,70.1226579739788,56.3981568842431,84.3100221381066,75.5169791149015,66.7441441153076,51.5636536906914,85.9577176675406
50.5142601776119,70.0336317263706,54.2064523443251,90.4402953448907,81.6344146623124,65.2653486163379,54.08558785909,87.3037287165726
49.6823503822015,71.4437819347421,55.5221995859485,77.386325032144,69.6781234728373,65.7953542262411,49.1766174815177,86.9301490754284
49.4937031563524,69.3145186392207,55.7116027055232,88.4057873959437,78.6717187683356,62.8172265087988,52.9061556056577,86.9594923129142
47.8606229550381,68.7922931953544,54.5480697778695,73.0897495827566,65.1071495952548,63.6866547901418,47.4597477884812,83.3705404899557
45.5403333300336,64.1653108849045,50.7905237466312,84.2926458128157,75.8367279889011,57.8578058115532,51.0232196994729,80.9726278922898
50.766130326201,71.3727483757791,57.9575223390089,74.2555312664959,65.2692483424298,68.2757149622544,47.3591441769606,85.1234542922441
47.1593497642502,67.704021463967,50.389412477205,67.908833458241,58.1171490111529,60.7348321757565,44.8041199195426,81.9636180770077
44.9763159995155,63.9274649593145,48.2309576602823,89.9362807804308,78.7360354936643,56.5092050751883,50.5344633718809,81.7778583059845
46.0013538185387,64.9085156946431,48.57803802199,88.3568966183996,79.0876270386078,54.9037597679076,52.0497100135728,84.1609217262825
48.3050199348738,68.6745482019121,56.1061358106891,81.2404568793705,74.2025106266833,63.5503141233194,51.17203680152,84.7815974185333
49.2836905476652,67.176534478934,57.5634868910705,77.4986570697565,68.6189070794634,64.1425538843883,49.0104733515808,81.5733545866803
47.7980933061235,69.4236355382917,55.5991048106961,84.2913845676215,75.2526389785112,65.077409068769,50.8628369287457,85.4867458776416
47.2681206371525,68.2109535063164,50.7976765799979,80.2270966923957,71.2872782469439,59.9724419819166,49.6729939040359,85.2934063221663
49.1161338176904,69.8762166186233,55.1707678018609,87.2448361351742,76.275045771944,65.4551828468815,51.4988796917004,86.3804408836159
48.4317873721144,68.6117433562149,53.6638166997011,85.8965340207904,77.1666282412416,61.820971963867,52.9801799682223,85.9940800089605
46.2961242275737,68.0423610524018,54.3438218189202,76.0959409396294,68.3574382049212,64.4369459364823,49.0121055423901,82.4093913806486
46.0876333374559,64.6908173959598,50.8431984430061,77.2719560589354,66.5731071803145,58.4323789461268,47.4429380009265,80.0657905712329
46.4741258629189,67.4311772160379,52.9223292723342,90.7087665757975,79.166434722163,60.3150898931356,52.0419358880891,85.4182127491243
49.1034430610276,65.8814454241662,53.8651067107642,80.5132300195862,69.7784367678651,61.8767363953625,49.3365725640157,81.1788730641887
48.1066808685177,70.0629629650442,50.5961447533058,76.2070752671468,66.9865401480981,61.2606947914477,51.8353867864058,86.7720142244936
50.4562029709509,72.3140554477974,55.9285429115189,82.2535033448616,72.6915541097659,66.0399505154302,52.0952233940926,88.9160743091678
52.0243060285698,67.6895200108182,57.9407104610251,85.3116303760664,74.4946626768059,67.02513283415,49.5781890977615,82.2171435882062
50.4444102457861,69.5331383816264,58.8537693822358,69.8338353371944,61.0202162418098,66.419362295496,47.9877402062105,82.6664465111988
47.3626406515758,67.181617310488,51.3721003310279,86.3260578033452,76.4632133581942,60.9602056241985,50.2831720155207,84.320329372067
49.1896467660683,71.0695904199202,57.8466695534969,80.8957257445303,71.3281378574378,68.4651681392383,51.6462991203365,85.8374164675935
48.4611983282218,68.4142225877544,54.7401683390409,87.095223189058,78.0702021290983,62.7723837815665,51.2278846455341,85.4581051458813
49.9063309437598,70.4914680202002,55.2363460744416,82.979071837356,72.5193342517445,65.6760841076157,51.5987941959689,86.4706607006837
48.7454581473119,69.3603101278557,55.0257303871511,84.5563774670316,73.109768375389,65.5470247662401,49.5389963568607,84.9004903645749
46.6562863362234,67.5395528885212,51.2592807593615,80.5284648145029,70.330987047426,60.2607404133411,49.6737415963734,84.1216786517321
46.7805380410167,67.0682482400399,51.4652351739949,79.2102720729543,70.0531999421746,59.13148432931,48.7551979510845,83.747328539856
48.6752820004306,68.5618543520601,53.9829001597499,79.4486208684947,69.019685592954,60.9254029073228,49.4941629026295,85.0658280308426
46.3389062309299,65.1491441184314,49.0774134489868,74.2307870528826,64.476645606984,57.1962977699786,45.5849518424255,80.7997669878895
47.8360508273691,67.1317083814248,49.9539324019959,79.2526000740817,72.0520212447111,60.4050067617759,49.1846230326371,83.5253377633133
47.6831868721615,66.413004109657,54.8825277578461,88.5020362263167,78.2353405257969,64.4377291144557,53.0172274551457,82.2926763846438
49.9355118619241,67.6861624488885,58.6950221076636,70.723799326739,63.0176522863627,67.4783100963789,46.8137512408369,79.8694081795951
47.4822820965552,68.4835696875703,52.5623755567609,80.44343890139,70.3585532992728,61.5410852257869,49.6937407422779,84.7414474714014
48.0438340985053,67.8310314955208,53.5201926518287,75.1906123950449,68.4663685912826,61.5776790724793,49.6415735311049,83.4570313883799
47.523555442965,64.796941170807,50.2814152326922,83.9227822384349,72.9765696957446,58.0368704708727,49.5489226316041,81.3939034517729
47.9709182587041,68.9104335428624,55.1356296287288,78.6755697112881,70.772863130033,64.1726250034492,50.2721378065077,84.2479037934103
49.1788630692394,70.9021503759009,56.5521003699488,73.939487749974,65.4467452105549,66.1464880898773,48.5214902576171,85.276120544735
49.5659721160103,67.7204218094882,52.430894556763,75.9805174325987,66.4927274831443,61.8663042182169,48.1472083885635,82.883753332914
46.3435161709754,66.550214349462,56.3418534271723,88.054686817221,77.2252185128143,62.9135409003169,50.9514092161842,82.6784318927085
46.0706880808401,66.4421988567175,51.4784790411506,88.4170302802405,77.8371770035193,59.8803719249775,50.5272976615604,83.9756229192362
47.6954172518248,72.0068294340391,56.0514837067322,78.1959856217504,67.0178446686298,66.2676583379752,50.3293934408258,87.4589280044375
46.6546604527445,68.1891757069128,51.0361611842965,82.9444885865083,73.1802084984915,60.4111168979688,48.4532799533197,85.3558275536236
48.93930485639,68.65032690737,52.9389887682337,86.4317593354412,76.0983659691346,62.2938246058783,51.4852251437731,85.8537569644297
48.6227686337536,66.8008064058169,55.9021577319825,81.0883928028791,73.3385398706884,64.7673480702877,49.77538696454,81.462097829088
46.0473964253014,66.4313488825835,53.4812991696665,78.4624473652045,68.9076970498018,60.124923174744,47.5045983724337,82.068762238931
47.5673068714117,67.722500677119,56.6049979862017,82.6098143256862,71.5004902849097,65.5540389601839,50.4846710527661,82.3170644537904
49.219898660629,67.6432641109499,56.1758725417299,70.876073177581,60.4669302635585,63.7588307740551,44.7608740153073,81.0924882455854
47.5610912002576,70.5123272901421,53.3214833634318,83.4588541191146,74.9616844445309,62.6730337133827,52.2452431228859,88.1118250974713
51.26569434206,73.8872112338368,54.3405866519636,68.8536105769037,60.0823427118949,67.6485501051034,48.4160023052991,88.0379094654432
47.7336070781159,68.4409185149293,53.5798886996974,90.7678233379254,78.6898726798613,62.3740052045799,53.6131887686201,86.1574752090069
48.9034756369984,69.4593117014337,54.0844176285172,86.9339036323583,74.7988044173875,63.2347621343387,50.6647114185899,86.6022582053921
46.2184904749443,63.8944876963581,51.8761656829876,72.3085189894886,64.9600813733343,58.2224375477864,46.9816696671098,78.3511731023337
50.1595578162615,68.6600525773352,61.6255648503345,81.1567361443724,71.6465670232097,69.7193033044162,49.3985997118665,81.8863215628976
46.4758787614829,67.1471997217215,56.2568761829289,81.3730770887072,70.1366698334112,63.8068785814835,49.8425254402949,82.1629734158675
49.4383568290058,68.5793323461478,52.5229139095902,73.8417370208469,65.8119722795969,63.4749501369853,47.9225206778504,83.2019718001041
51.0508190707616,71.0156829359363,57.0112162063432,87.3532616866955,74.3184580533001,67.2165796450505,50.919789079623,87.2067018815831
49.5896868240481,70.0910993102227,55.9918058662361,81.9219564720379,73.5202753314261,65.8285341969914,49.5991618020641,85.8601112028132
47.031857354785,65.7586848824099,52.7842410736995,74.8269219893466,66.2968451998418,59.860019427999,49.0915621924227,80.6416827394585
48.336862490585,67.0444648381708,55.864961076781,81.4339898123896,72.7577813285336,63.8082459022158,51.2716032435772,82.1125795499034
53.1918107190778,73.4685390857118,58.4946180534078,77.5573031408602,69.210474331527,70.5963032006782,48.4352349283,88.0561908985273
48.3313055417487,68.6050336182595,53.1373096782055,85.7054641313725,73.8161911396134,61.7941247548765,52.6027223901499,85.8026733555847
50.5087915438767,69.9238449143878,56.6185376948138,84.2375510215026,72.632023126895,66.3460502289293,51.0395539991999,85.5409275977869
49.4858482205863,67.1577439946643,60.4003968073306,89.3683314970868,78.4761526210926,68.0142008395744,53.0359431639016,81.9366173375408
49.8067499752349,68.5693946207371,54.7707078047979,91.973663367324,79.710976046322,63.9462712671378,53.3112677623754,85.6484238569597
48.6982274618677,71.5459171933745,56.5817493984328,81.230397606904,71.3490179880791,65.2318775219856,50.8188393769511,87.9143090769852
48.759079523205,65.7855594256197,51.8473335110942,88.010425227612,75.5845649891462,62.1489957962483,51.088507914043,81.7829931166838
50.2905925631244,69.7958952863933,54.2129438716695,88.3456933907745,77.036253538486,64.6268198160845,49.6258014191743,86.9065477966162
46.1521345891456,66.1059250745217,52.430473205268,68.9943049091722,58.9727502682706,61.0363187439954,46.5257928000283,79.6402979365112
47.6894572256474,66.6554082481291,52.1399791669214,83.0696140230483,72.2347103256435,62.1257913756242,49.2913053161924,82.371412375297
47.8319571224854,71.2636587971092,51.0828475011193,83.5607521983842,74.9036909009217,60.9835064554646,51.8189368949354,89.4868543175164
45.5972249823847,66.089043495369,51.9381970946719,73.3897406351362,62.4174101507354,60.6978616895926,46.643169775009,80.5028282487169
49.9850259062857,71.3279892118493,55.7339185353382,74.2377470437892,65.1870299945356,64.3330886351022,48.5236051091308,86.7701134358361
48.0184284534894,70.692235609584,54.0834380656956,87.3887073628954,78.8624177366594,64.2733895693234,52.8111642624849,88.2737413409542
50.891548053796,68.4599269336071,55.4330310454112,80.9485587538052,72.2158482534264,66.0484190840302,52.3452821941261,83.3009781469034
49.2749356466583,66.9275024807151,57.6838616126989,86.8010818784933,76.4226693169984,64.0665878143853,51.6554310793372,82.691573507583
47.6699853985373,67.1359661265206,55.8829878346632,84.4662319601096,76.1546692854091,63.9331306457789,51.0593102529353,82.8838968942724
48.0975197745426,67.2251286234597,54.2608097903892,82.5468219833209,73.5231780299638,62.2735452343543,49.0092458026946,83.1998646719807
47.4719908394426,67.1021418857347,54.3223833627272,82.9942434722674,70.977786775266,62.8284046729735,49.6708907647296,82.5130525601879
48.6669102386648,66.6817192787792,56.7885156100581,88.7975797581204,78.1806294279209,65.6804707381503,50.9652182941597,81.9545874179896
48.7049831362013,68.0437350605985,51.9027991124056,72.2149524772815,64.8136637763748,61.1037167639274,47.0698444806197,83.2009467940973
48.5533463491644,70.4537100365672,53.4154858853389,77.3567523211709,68.5681121566429,63.5162061026671,48.5153193520706,86.2956370688856
47.1192945269075,66.9526131831845,50.8516787406863,86.8269581493822,78.170425528389,58.9662131445409,50.6918949586379,84.9644146150103
49.2104222505102,66.7040121798346,53.2383098992312,88.5704263407533,77.6049730982603,61.8970659415486,50.122083065799,83.6297355624213
48.2006243650338,69.4210351972089,50.9594709364336,76.2757326131867,67.3367144805575,60.7280355963693,48.9029666370528,85.8365551954157
49.5731943411633,71.7663347283309,55.3681484296045,83.833991576637,75.4829637696891,65.88463880572,54.4625431809754,88.4988993003933
49.0363221676598,68.4848507858807,53.9165157880926,83.0639723577776,73.7752780148435,62.4384758456406,49.9075474914976,85.1038134407625
46.0107571020564,64.873585567784,52.0861214284932,79.9786527017196,69.8054008955454,58.4540014939095,47.544261849759,80.8097915036273
49.4176275031336,68.1318541806236,57.6900449809973,84.7760972653816,74.4910453304059,64.9930913740457,49.2587680295422,83.6348618437843
47.0035736947849,66.9348905175038,56.0585465059594,80.6341357450013,69.1098167501612,65.4120373715585,49.229209279582,80.7849602855234
50.1301669892492,72.272268582487,60.4875234439512,69.8092888228435,61.2577654461328,70.9093767720268,46.2924958073235,84.7693086068638
50.2193900428166,66.7850918866723,58.9776279523578,84.4310839898061,73.5958414016569,65.7803633054878,49.4931766558686,81.253062754416
44.8418897452535,63.1973716651896,52.5815509560032,80.8698136182545,69.9518548691816,59.5198920084211,49.9476691035703,78.2102261288614
51.4984572094139,73.1224783396453,59.3512320110264,76.9164614370689,67.3879643119564,71.1788701017823,48.6801546260404,86.9201534993364
48.6022278423203,65.9418574808784,53.0169429281591,80.6513784766432,69.3148095440056,61.3009668009408,48.6168436190546,81.136377103576
49.7087122681924,68.5534724789674,53.3491710084331,91.7637817287436,80.6364862090951,63.0536095575599,52.4443355365043,86.1785665504553
47.9385196168517,68.0964140924682,53.955701310118,86.1477871806005,73.6949474657749,62.2278711469959,51.2282508283257,84.8930120184802
52.7195478701766,72.823547955822,60.6875546238728,80.1158889935238,67.6256760562643,71.9204212606481,49.176770868095,86.7642634806054
46.1175519540378,69.8820637184599,51.2364860111741,80.0155866691788,71.3880283367935,61.0848714463156,49.6604137526515,87.0544107794198
49.6673145455571,67.2509705298114,54.4444311054317,81.8655794177762,72.6960503174215,62.4960142682208,47.5885019827394,83.174972481871
50.8078010832285,68.5370327658432,56.6981401621319,71.7990362560062,63.1878350460712,65.3140482015577,47.6619332728743,82.1738447486238
49.4515541984298,68.2412003541256,59.8080622891666,84.7809001601311,74.2350913359491,67.6720852671521,52.7315576840108,82.6210970854105
47.9299882690725,68.0500253212284,55.1366766007534,77.2718961686093,67.3746966425295,63.3543122435731,48.1778373660357,82.9546947917418
48.4745721701418,67.855703152079,54.4139143523548,69.8667460434174,63.1046007328121,63.9355898641284,45.3734037347677,81.5094978518817
46.7005425953893,66.6090023807811,54.9288064737194,73.803073486021,66.1527405937259,62.4219159470187,47.9360701154531,80.8021729500136
47.5953866425399,67.5074877898848,50.0408847446587,71.5817421344704,63.5405975798965,59.4015512622718,45.9083039060359,82.9580699382068
48.0938213190008,67.8691947713808,52.399252285515,87.5299110893181,81.5271471796616,61.6892049215637,53.3603831616055,85.4448094360895
47.0602347396276,67.7883380820164,52.7240996762403,85.5491316481028,75.0983126098797,61.9760222096065,50.5055456315337,84.7498268417548
48.3652965541531,65.3246738073769,50.9075286370181,91.0150413302974,79.6141574881856,59.6864718945768,53.2536610494113,82.8405749934087
48.7277160926128,68.0393833796499,52.3223138730543,73.3624096534947,64.7573644803422,61.7965222947408,47.1504366303415,82.9899025130871
48.0332093335291,65.8281467837839,54.5521273541368,76.3121829490124,65.648011761359,61.1125535032822,47.7866601961752,80.3509887697111
49.7190700157371,67.5242506453785,55.2260985472523,88.3348578750037,79.8009199256287,64.6778815583289,49.0493217649455,83.4614883902677
49.796977806225,70.6914710371529,56.2761097422601,89.1748008212447,79.911445816605,65.7195591303782,53.36745107188,87.776859104364
46.2539768387162,67.0731130752864,51.0683563323605,86.8409342672567,77.0590213227121,60.6111842297612,52.0208064605732,84.2430022730791
48.7637249935166,67.9170506506513,53.8249120781628,85.3375156221973,77.5018156194595,62.7686692416658,50.1669759857128,84.5307090932978
44.2578459136796,67.8376957066849,51.2883661761159,77.7014970331226,67.8641756355932,59.5620606876499,49.2351214348342,84.2620926230061
50.6120157863991,71.6110653270025,52.7693915532621,76.4459149102384,69.0425581044168,63.3537588926788,51.0979635329146,88.2884224939173
46.241735986141,66.2750771839745,53.808037384092,83.3721508583674,74.2343393715089,61.671181830232,50.3138660283863,82.2360083561175
48.0225727435239,67.1036910537928,52.5951862535076,78.2734176218153,68.4171691194012,62.0803866807504,48.9493917277729,82.4448383447441
49.3337451275265,66.3980635456895,54.1314235874663,83.7658247362389,74.2599182938849,62.5757760003641,50.809615272398,82.107907121962
53.2218507696154,75.6957106520301,56.1571464304583,81.4795745821502,70.0541405763017,69.3787467697784,51.4903486202025,92.1787509846221
48.1205303986339,67.9941336389589,53.2203998462737,72.456475404989,60.9388215589583,62.415866837359,47.1893920111946,82.415634077081
44.3338741037442,68.5953162596586,45.3995913843316,68.4817381715111,62.2979114775146,56.9846591269997,47.533240825365,84.9820157589141
46.0173375579283,65.9188125311888,47.7895728819041,75.0906352420535,66.764221392223,57.4430636309934,48.351938519623,82.1025545277786
45.6301288349127,68.0638562509576,49.9164579392296,85.8183953733966,76.0858506576362,58.856815297941,52.0763970474896,86.2784248507349
47.0132751573792,68.0039224251119,51.6729720156569,78.5937907530598,68.2113506122996,60.3572635312643,50.128080107446,84.2282190962562
50.3866191277672,70.5610637769632,57.9397062268187,84.785570722392,75.7348619485073,67.3297916332909,53.0822574322796,86.4032951051034
45.4696947504934,64.2372747394679,51.5949566481726,86.9082703261977,75.9163586109557,59.157837178129,51.6480887696398,80.8147389158742
46.855643075638,62.2467574314223,54.3505711277431,73.3259595049011,63.418259466211,59.6813998510148,43.5365838626013,75.2344138138048
50.1141775689911,69.7756589242745,55.7585414505962,77.2826944467632,67.892639760226,65.6347719515285,49.5518186848532,84.478601644602
47.6996187907505,65.7560271086797,47.0810401194124,86.5451749195007,75.6809681064894,56.3989716269234,51.3408823320671,84.0741977083802
46.3808595673152,66.652628457652,56.8540831720293,86.6331060590285,77.1003239679016,63.2119081764533,51.8306129384503,82.6556723373485
49.8488951556627,69.5814945380038,56.0418056519581,78.0781105263805,69.285289815298,65.5904147667554,49.2257225269509,84.5862243158717
49.4926673162889,70.896025345072,53.911756101887,89.1222149804704,78.2395682720797,64.284140650454,54.4622160505291,88.6554656539522
44.7113720510388,64.1854321211598,50.1604432070962,78.209937778569,67.6538419302915,56.8481254321713,46.9753964091411,79.8565093382701
49.2302682268387,68.6452362749731,53.0903803795485,73.0298643306333,64.4272264854153,61.4015114980079,47.5726641619115,83.7953005860122
46.5769051152525,67.4242074308637,52.20768925226,93.3058447893624,84.4882653807073,60.8730711797624,52.2998182835562,85.9125254511989
47.8955273816162,67.2236654492341,52.4121826043207,77.1551023311441,67.6068715412089,61.6853125751218,48.7088994132779,82.41076215517
50.2160091432766,69.8892771097941,54.3585722231847,76.7971470548788,68.2064756000972,64.2171352596362,50.4611176873101,85.2085703573028
47.8879438225128,65.0922391192259,55.3671042379662,81.435349256852,75.2297728273356,62.1800427947618,48.9264668644093,80.1845500220957
47.6493461523267,67.1442881825062,52.7337060355684,89.6222033579248,77.6209092538269,60.8338489590643,52.5883119515054,84.7506482596698
45.4918944499826,67.0843987915119,51.7719481638845,84.2826163174156,76.2682780251994,59.6535178360974,52.955720794256,84.4480715821119
47.5019414189282,64.2982249579271,54.9461607379772,81.4531575447836,72.4114222034187,62.1550314387879,49.3185867587793,78.8967790917791
46.3670532263749,65.225352667068,52.6161581213181,93.0581415062195,81.1294956852914,58.9477207277096,51.4583292026219,83.2166791995436
50.3168405725432,69.5128515693486,57.0280111445225,75.0039078829186,67.1213278809548,67.037624612931,47.5375852087101,83.1869220627004
50.1005584390328,70.492384782456,55.9601518542886,83.1415938181125,73.7747026943263,66.0240384253252,51.8438769999346,86.3936405109541
44.6213406174622,64.3855462517898,51.3684093999071,82.6786497743712,72.4249996660934,58.6831000219682,46.8333016459146,80.6182966025831
51.3140322776436,73.3746866865321,57.2428576802178,82.5170274938855,72.5725344831869,68.8513389149555,51.0593021127676,89.1707693027492
48.4695073610513,68.8545697633144,51.4016377447101,82.8266234579068,72.0608455693473,61.3395306336138,49.7858466434677,85.7351051146119
47.0199592956572,67.5112530049684,51.981701783128,71.8396422546328,63.8223505834476,60.0703625584132,46.847529833178,82.8150770877856
46.0023305321049,65.666603322085,50.2781558087337,84.2440416010763,73.9647869004011,57.7037716032507,50.1846423258308,83.0475925264101
47.9113629195384,67.1590004952109,55.7480674182637,85.8833809095558,77.7412589075471,64.2282889921362,51.9341285502821,82.9414318249642
51.138755190525,67.7306498822752,57.3147138940554,82.2523228017719,71.4448524914219,65.9220382295393,50.9743726823234,82.1507275946939
49.082686117465,68.0839033807277,50.5893371167263,81.949361464176,71.8288950440054,59.7900542518769,51.2346154633788,85.2912236055451
50.6750080602781,68.9638947273108,59.1096983921512,81.8563686067227,74.3485923041532,67.1913301347307,49.4799702485235,83.8617648115123
47.5611616889646,68.2185342111534,56.6812703423116,74.7405009349153,65.4386191270907,64.4973283866322,47.6295361492481,82.2194416308777
49.2491545720695,69.8397997441849,53.8333423846299,80.2689666884827,70.5412885771183,63.0236883412062,50.6187518271681,86.4112463053198
48.8204575649832,69.486202206391,52.9000638304473,67.0312882634763,61.0634790770362,62.7564165462661,47.5180685070282,83.8123448491553
49.9743194394048,67.6314137771448,56.0366033796382,86.1247233656783,75.155387501255,64.8067684918557,49.1742246142102,83.1472039406741
45.7682114547738,65.0723781483614,49.847383093047,75.4271895346458,68.5673443059651,57.6388652534412,48.4723273832804,80.9205482407001
47.4953253905036,66.7945350860128,54.455787882406,86.9279250759657,76.3929285483507,62.2259320907365,50.8279205750484,83.0793111430019
46.5809934459945,67.758997606608,52.9863005031537,80.2719209892218,71.2486488753479,61.8777383351766,48.6750910733705,83.8469878158439
47.3891677860553,67.4559394052579,54.9726573917544,76.8862181667205,68.2479171285711,63.8426473388642,47.1449932035811,81.7810252035966
48.4137847237449,69.2201616083598,53.600785110954,77.3638615689682,66.7835391931362,64.2110501701252,49.9984428217713,84.1631967453406
51.451615432763,72.2826295406987,56.8332571426161,86.1378710894502,74.8350838529726,68.6310546776648,52.3250545962,88.2366891556372
45.9470328100927,65.899631066797,50.5424062179027,72.0594964941055,65.9345516888057,57.9640612241717,46.4849280281189,81.4549936816944
48.5671017065388,68.668062951694,54.5253163708028,82.4260719555726,71.6464730592572,63.9226175717067,50.2986981814808,84.4640454717989
47.4510304415335,68.1118934840616,54.1782028534109,80.4587270431774,71.4939795210183,62.5966998307609,48.8293927988927,83.8926385422799
48.2590806491555,67.6912469647401,54.9762924639753,83.236895934885,71.8463576034565,63.4713282036233,47.9255458933011,83.2671470157739
47.7970887864412,67.928266064198,52.8619946849321,83.7529747104608,74.7474852332003,60.8708507138825,50.8027781959673,84.9097214826727
50.713319531228,68.4970732191314,56.5695705474651,80.8193369662298,73.6675942092539,66.0367561596644,48.8936718641475,83.2547375011106
50.7812897256752,69.1039213176312,56.8876062869152,76.5515224040306,68.8365193319137,67.3348203191414,48.9388077858279,82.7169934770108
47.968732806615,67.0621342691315,54.3367493613155,93.7625101825764,81.6420285277277,64.5676184433027,53.3695489874538,83.5535845810026
45.2399305438369,66.2641675714552,49.6608665110293,86.0129463693258,74.6943340916325,57.3041994504886,51.8648109295042,84.0633811557162
47.5614823201887,67.2960156329374,50.3506714597711,79.7059824120759,71.4664917889724,59.0477056875983,49.8685060022051,84.4520695392453
47.1782290506639,65.0556209372267,54.9123344071849,85.1008950000478,75.0414132243586,63.865967164716,49.2343893937754,80.0608709881538
49.2425747397726,68.2189053697436,55.954866652264,70.7905327808143,62.3952356446303,65.0785558277596,47.2902254405488,81.3649846175914
44.803714049353,64.6272220247102,53.1969582216663,80.2561020413364,74.1717511445316,60.2271070089021,49.2217315674964,80.0824790254848
49.7142325531114,68.9515836686118,51.5639152940456,80.3006921803136,68.3043908125578,63.5456815917649,50.0560018976503,84.6474415137399
47.4535939471326,68.9678683934309,53.6431846428861,86.177936783942,78.8874978849886,63.4635404613179,51.5315736636062,86.0852081782703
50.081989835726,65.576885525101,57.070255176422,82.1874971665629,73.2203765334799,64.8223655888715,49.1296382081028,79.6421268861607
46.9072868502999,65.5049517693265,53.5768242928829,79.8757871597729,72.2570932016041,59.4744178413383,48.8289429310724,81.248693714337
49.2679970382056,71.0181145841888,54.7426085430309,82.9903359066811,72.525129687419,65.4469260907303,50.2226206472655,87.0717614825961
45.4071823790387,64.5891940700497,50.8300873178682,80.029232327263,70.9504350860143,58.0168664876835,45.1353577615722,80.6100674394151
47.3395203217703,66.4591806461722,53.0471323306273,80.4670119502186,71.3798027051924,60.0648134169536,49.830131569347,82.5367194371035
47.4501740321839,66.8631268586797,53.1917045370445,88.4003324602298,76.2775972536281,64.1711613163462,50.9996366910976,82.4174226774154
48.8301891002587,71.4108406586835,54.4704616501614,83.7605017835996,75.9541769129858,64.5189573238364,51.4637696222536,88.5627552898825
52.4883913664643,72.3072052948251,58.0375764227271,79.338936470757,70.7033951547742,69.3209158927479,49.3976848592476,87.1808241244841
49.2799999586484,66.8762472686116,55.2002367603763,82.3508666438778,72.6881859665125,64.5423605132013,51.006300321152,81.7456956674707
51.3004657105154,70.887717638011,58.5575241218718,68.1975710207595,61.3271921522386,67.8597957489962,46.1553457004302,83.8551386711353
47.423546115491,68.3101441545939,55.4267894458695,73.6430267087349,66.3818330012632,65.4481129964773,47.0305102016789,82.2602159291617
48.1027416193307,68.6056427172585,53.7849894736957,88.5750653798366,77.8591863146155,63.5627249714948,51.0860118825773,85.7145006763629
52.2853062405999,73.5600703446083,61.6565763753094,88.9715955181396,77.94251371255,73.1428891509334,52.1246025827906,88.8738390021442
46.8215158396952,65.6705888957284,51.6929638306166,83.2967890684378,75.1214323247536,60.0066683798871,49.9788517075858,82.1745149206317
49.6666006466159,70.6712843683148,59.2218611000655,84.8590763105563,75.1757806333661,69.3312145317138,50.6292834955712,85.6651722690986
52.870411593197,72.8080694843094,56.246321395516,86.6828338715257,76.9873341778902,67.2609351206463,51.850597672853,90.0558404112601
50.0122112092916,70.4446456411361,54.3625483661558,72.0010157127465,62.2513937362659,64.4148832849756,47.5213883675936,84.9695318304823
47.0408549532822,67.0594805960647,50.1658757288602,78.7647813117239,69.9142036005446,59.9863933891433,49.1907187913917,83.3456564118559
46.8618628887501,67.8997334204414,52.7533612137848,76.3699676591495,66.9481852372432,60.9452334257652,48.192672665528,83.5356494216292
51.658671599312,71.9842811071028,59.5982325347544,83.1142651172486,74.7309408245247,69.2419219081337,51.9620567895432,87.2203398328924
51.4853057324141,71.1372375858932,56.488461261771,76.5547801791766,66.4932832725824,66.0978046603991,50.8706829831021,86.0467613947617
46.6439621253456,68.7770447114368,53.0329626793741,91.3662294890621,80.0368990685512,62.5369579656788,52.7385315306554,86.8154467716865
46.9456915615234,64.6436711576195,51.3613224619544,81.6047375232509,71.3295275557349,58.5825489817797,50.7004982302658,80.7809980392448
46.7296344910479,65.9094610864107,48.7070467541028,79.225479979121,67.4402454468277,56.8819928826054,49.1655706691113,82.7534589670517
48.8278929757662,70.0113229151699,53.5789779353954,78.6708592832995,69.4914060762991,63.6091987051003,51.264230360454,86.1519164160741
48.8963338366497,70.0044039942481,55.0610163606015,73.4203964077863,65.1249113766757,64.4489006574462,47.7454123095417,84.7742679030519
44.410149234875,65.793595257029,47.7621059455711,79.967651243028,70.9946459214072,55.3399913864887,48.7804484217064,83.5092608754125
45.8041582986113,68.203928367122,48.573110424626,76.0002356177299,66.1532216023312,57.9667225491962,49.0706517479322,85.3341053617278
47.9684572690241,69.1570052796804,56.0717825847718,71.8433786845099,62.8615155010737,66.8827565613171,46.7290141845303,82.2216395665276
47.6568671325526,66.5051196305244,52.094187232409,99.925459733821,87.6608340692273,60.4632764842481,56.6585255739449,85.823197109597
47.6360990481959,67.4863253293782,55.9244678808256,69.9443747249275,63.7252880119883,65.0586793280532,45.4769971350881,80.4976532452058
48.3712051717472,68.8603180487918,53.4250786229792,76.7273847351044,68.0986487997527,61.1303572876076,46.8533632936306,85.2160196857602
52.1149942992585,70.3899833055828,59.2611235387617,72.088347824549,63.7840671066646,69.616602718803,47.1556957274403,82.7360898295582
50.3176187391806,69.5324713817315,59.671499719605,79.3494362137976,69.1153526544229,68.7445076212792,48.4728879960665,83.3502989002058
49.5209297043728,73.2817093659121,54.3697425698469,98.569729771661,87.1895778709764,66.0830958301752,57.3799003118412,92.7859305544126
49.137718352092,67.9111452340395,58.0274543777364,85.5531305418469,75.6563078302258,65.4974910254101,51.7613646803429,83.5546820352587
48.20782498858,67.7883391349191,54.0061554249159,74.5267336429847,66.5352547572989,62.6191320579241,46.3517889199422,82.5378010234648
47.6777094582826,66.0817833435505,56.1265514961719,63.3522702052217,56.1628878639357,63.7529308988995,41.905689321351,77.4489074868986
49.7907484493968,69.9624133022455,55.0218263592381,85.0570647417061,74.7158849484746,67.3913048935709,51.8840017160155,85.4884247466583
50.3574826992835,70.5334423361198,58.6486228197674,77.3511531753949,68.0567344027382,67.6084480661163,47.9391529106383,84.4218914824948
49.6895250561722,70.8047045650267,59.3007786044926,80.4153397266825,71.9161931708571,70.0568757854409,50.7021125568245,84.8786923224302
47.6729141507812,67.8607287144255,51.3550460871678,82.2235689173167,72.7878143511183,60.0650650352254,50.5997613978514,84.8716029474109
48.6832300337168,67.9823314398424,53.9696008587907,86.6160860784305,75.8749487159201,62.613871722878,51.0952288884183,84.6075745951433
47.2100244480987,68.330928745615,55.3016091586432,84.7029831956183,74.9471860566751,63.4440139232994,50.8319995809636,84.5136137357349
47.8662598500824,68.3151830855124,51.6867370179575,84.2083223562402,73.3498647150212,59.6811693707279,52.2337744308226,86.1022739492939
50.2271737156617,70.6266913131433,54.8749574520007,80.3913708306956,70.0214832028529,65.3510571764289,50.4713565782031,86.3124581650158
50.5904738211737,71.7783495655723,56.1740057203911,78.7744492890708,68.9780804872687,65.5166292965287,49.4324734909119,87.4855980700732
49.6455054914013,69.5706222425776,59.1239600977106,73.960129586811,64.2968963915347,68.4165745351222,49.4013696184482,82.4954622513841
46.5138743768656,69.7741663774784,54.3864960851799,78.2124750752133,69.8770068579118,63.4255223423428,50.3372936008887,85.7520947009818
49.5806593983547,69.2987743822822,56.8651734759753,71.9041668612235,64.5278934337259,64.3050688101366,47.613057761159,83.6124678330279
48.9212735475858,68.3490851854433,54.5912002319827,84.3927242455393,73.8388709940967,63.2587289216164,49.9528645128665,84.6195942769587
49.8424908826741,69.8145143906822,54.0614922498856,82.2353678552956,70.7026334003407,60.5882579956967,50.2252817541147,87.2204654899599
47.1552807187997,65.8147414746273,53.3747688944999,91.2702357970808,79.7031443364835,62.3873411756427,50.7831292935484,82.3113232116838
48.7521086991555,69.9719591675077,55.7590204353306,78.2834899000942,69.9905932815288,64.7404239137264,50.5081053094813,85.3628568440565
51.2076735493714,69.3639768150789,61.9162581436095,81.5625106587048,72.1697447503165,70.1202693737717,50.1649347267964,82.8951351615637
47.9119240736767,69.9881104738749,54.9936460375115,83.1989568886816,72.927434045635,64.2658289827126,50.7557067211852,86.2626693378219
46.9878082311583,70.9705296823461,47.8339482602495,76.2164151153607,67.8018226881413,59.3807185245074,52.6867498130037,88.6436407352362
46.8059362865623,67.3326035489392,51.9395753606224,76.6837833514568,68.7647386137321,59.603771388494,49.7942498322718,83.3887115081707
48.4259232497442,69.5256296643654,52.6571698676854,73.5372747690109,66.5242914577688,64.1662036905235,48.3896254407363,84.0065012664915
50.8116611045129,68.838733328539,59.8840808683384,77.7253941643439,67.4557870602746,68.9501628183393,47.1403147037632,81.9706675762349
47.82600891074,67.6034759378602,50.7677617802163,73.0239475521348,63.9307227812304,59.1136507825947,47.6147666963938,83.3394980816789
47.2342950219083,66.6527792341445,54.0868660211799,91.531190851293,79.5152232584924,61.1325956871639,51.884428090252,83.9680337219892
51.0657257520534,70.5726571295786,56.4780377861878,87.2903931679177,77.3461657327235,66.9762286632252,54.3014972137741,87.0464591739736
51.3175254624712,71.2640569662682,53.0867180941814,74.3889553397383,66.7833021161596,64.2126565044775,48.7149376331112,87.0629828458396
51.6363502107697,73.2182337313592,58.9899937004446,76.959764364944,67.4961339373398,70.7450533463816,50.8422578004411,87.2761632972893
46.983986219361,66.4742074768962,51.3950256952594,83.062981168635,72.9174040097885,59.4912514942026,50.0044453338283,83.2060195039095
47.3515116549728,68.9325881445555,53.5243386917961,79.7389026674573,65.6353729274786,62.41189818218,46.5404208873766,84.5823785012783
50.1002625051956,71.5802254455072,55.120568031518,81.5758829294321,72.4547350264897,64.573279006584,53.1297270303435,88.667967931384
49.8483531785484,71.1828928071888,51.8521278694322,80.4904797975804,72.2587386386137,63.435168547314,51.9604232276309,88.1674361928155
48.5190942865563,66.8823771784285,57.1056410906202,78.7634554226156,69.1854123586518,65.6214554395744,48.4957713230391,80.6758946604665
47.6342838422285,67.2512220435328,52.7738877391749,84.3566407759238,74.5503508420205,61.3070842449315,50.6029699353169,83.8548112797508
48.9622983175456,67.6580003205346,54.5049074083096,73.4311298756104,64.1741559524567,61.9847037347246,48.0230922299986,82.4752707804561
47.8738948392862,66.7186399247594,50.7064229777525,74.2142013072489,64.2793828427612,59.3973456842469,45.8646042260823,82.1719078918074
50.3775287267461,71.6258174821145,55.3207108271249,80.6466311352986,72.5163919486407,64.6977832882615,51.1573426536838,88.2931744935549
51.0198468164641,70.2166591434433,57.5192790375855,87.6052938329564,77.3387058270691,68.0205085951918,51.5544125553441,85.8104453830299
46.8122564801377,67.8039837163182,51.7564178460944,73.9554793135416,65.6396381814111,59.666766194525,48.7200801154348,83.7203093495957
47.0475159382765,64.9339269250093,55.0200527040518,73.7817324292575,64.7262785512603,62.2131782858354,47.7283365019264,78.1250751901455
46.9736189170522,68.948834363801,52.4157080690061,84.1043937465973,73.8646166013526,63.2188777357056,51.4636198946192,85.5715505272757
46.0045530035113,65.2333563661323,52.4599378578086,79.7210724525831,72.976019008002,59.9825835965996,47.7058753125609,80.9965421791121
47.9421794182549,64.6065248497345,58.0657244337976,82.0876095207867,74.3709890921807,63.3892382654796,47.8182621689076,78.9863221889176
44.9550851760181,65.7300334291968,47.502433096498,76.6424059488461,68.2363184695618,55.4069926460682,48.6559677362753,82.7679633117841
46.5680934528978,65.9809315507364,53.5382011178235,80.923218617115,70.4985645888644,60.3789149910266,49.8786229865364,81.7209429412437
49.7884402105729,70.7415443781056,55.7546560848696,92.9216113420346,82.7606645578305,67.2886425593774,55.9560485069082,88.0871392769422
48.4141990045365,68.4065138099146,54.7322627692613,86.3286678002499,75.5861319434556,62.8061913986832,51.0586640975896,85.2819190069412
50.7958752721272,69.1190555496064,60.0308312365559,88.9892825448356,76.5882098034188,68.7054859104783,51.9006134539689,83.7432686959992
51.1830790694535,70.9939322896941,61.1334469042853,78.7169828007605,68.7322894283366,70.7945025566885,46.8039957161032,84.2831468348399
44.2261622537507,64.8848506508911,50.571297020584,86.2165421602588,75.3765587866704,56.0889479597214,50.0485790129261,82.6404638824387
49.0658326321979,69.6341990521329,53.7973548176818,74.3908694471051,66.8339506675708,62.5035256729884,48.1026281504486,85.2529434478869
48.331959471849,68.4355876802981,52.377496074517,72.5865835093664,64.2549099294616,62.6565886198668,46.7920658457598,82.820326158722
46.4555746696486,66.431168349309,51.7848642312305,82.5574517430675,72.2470338123949,60.0327587138067,50.5756597434894,82.9005811932349
48.8650513855308,73.0310470598211,53.7366299042925,81.8810408233101,74.1337269682677,64.6189784061088,51.6387701017936,90.7630538624822
50.6494797871826,70.7599876656168,56.1205802125711,73.2052429584685,64.832425912111,65.9242431493645,47.5002219217796,85.1209836116859
49.9125565110875,66.8412505518977,55.9375226740542,77.628623096245,66.4827453204008,64.4116903497954,48.1788556336306,80.6434094768614
52.1015355554741,72.2122004715477,56.600189950901,72.3846634135727,62.902862364006,69.6170858182922,47.1026189664835,85.696636040913
49.1686010381494,68.7093103521295,52.43615211883,82.2570499675186,72.8851860848606,61.1446472413907,51.0965225070906,85.8610234942678
46.7399266887609,66.09486990529,49.8899758910337,77.0069392310389,70.5210016849758,59.0211788094388,48.8099654447037,82.2059364472732
49.7653372943247,70.3471138633546,58.4781504911324,73.9433320418707,63.999327507092,68.8131052502125,47.0383307120588,83.5266851275309
47.0776852991912,67.9701779500952,50.7369318202424,88.5474598456105,76.5711455531615,59.6329267203626,52.9414100924216,86.1038938413264
48.1463888329208,69.176808266756,53.4610376112821,76.7393694617357,66.7803938375716,63.8516481195277,48.224124678643,84.2838529821727
50.0169138359624,68.0863238797799,55.2839369225647,74.9918669458835,65.5197959337755,63.5157466492888,47.3047291523797,82.592793727929
49.7515428405301,67.5816478529935,56.5707885989092,80.9531506771313,71.9991471754477,67.7305220596654,48.4222001597506,81.3417750544879
48.9756135016403,70.3062071376881,60.726207853974,78.0167685891266,69.6107712228692,70.0416867558199,49.2376493332766,83.6965807828966
48.48686719041,66.602481871712,53.7913130150046,88.7272378951915,77.1010440876692,60.0063082382078,49.9597022083326,84.0235639581326
51.2809890155959,69.3725008245769,56.2725282938719,79.2565779789417,71.0830965103194,66.189926810646,50.5455207907514,83.9964006957901
48.6746374586368,70.9667373049248,53.9285103900411,91.1863022510029,78.2727071350989,63.3878648926053,53.2741635849191,89.3893197568281
48.8994725427318,68.0658635394756,53.5654147051521,85.0465259015686,74.8545046843829,64.5793044772209,50.3833984119283,83.7653109830726
48.0356588035824,68.4466500423412,50.2214700180304,70.1333702433167,61.3351899702607,60.3423428300077,47.2868950362186,83.5982374915693
45.7891173659167,66.6037664855173,48.6574470036849,87.2870003383892,77.8366889127759,56.9500878864636,50.9892126502598,85.2863478958593
47.151112259241,67.7277078991853,51.5464257341755,76.9143024826287,68.7032441205985,60.4660741500866,47.8738663787457,84.0125612354355
47.9089793495306,66.9390206882998,55.9572086400339,79.0227687904037,73.5114924661768,64.31660806739,47.5292059145835,81.4571698545583
45.7287096622354,65.6684334257183,50.7873381677258,80.7640625046898,72.5426289444765,59.0241470195393,50.1674208953794,82.1152773855574
47.191173503501,67.37778247219,55.8704131853982,73.8695295145625,66.3768805103329,62.8875608393779,47.2308687751015,81.6198220521354
47.1006942431738,65.5033163877007,51.9506140306053,74.9932360419703,65.7350518292328,58.4527667129718,48.2017810843603,80.9972139162634
47.5957355147724,70.1560315594882,53.8914351409106,72.372174944989,63.4622804792787,64.1657420836605,48.4201699794633,84.8737054641567
47.4342102942637,68.4478075091225,49.5568743809202,89.4466832826304,78.0436420582169,58.2286796939978,52.2398231589301,87.752558710442
49.5541053408915,69.8997836918443,56.3576164911174,75.5558259709033,65.6678523871014,65.804910572689,48.6584230189375,84.5048322853351
47.8970215205043,65.7054716076206,51.0332921679257,75.4711450922949,67.0874321751599,58.7184430942057,47.0604994371795,81.1478256697036
48.6318586480624,63.580847802078,55.7587129620439,74.2380086579185,65.3643831372424,61.2120504717616,43.4620356830665,76.8155262203659
48.6290953599704,66.1356827207452,56.9291972764302,72.5485597678385,62.8656823824331,62.9420118163835,47.1108367317364,79.3962098867408
46.830220547142,66.9115811452203,53.7045546631619,82.3504648780166,72.6793800689039,61.5829746399613,51.0282826543506,83.1950481712355
49.0745826344746,69.2447992435667,54.225877269351,69.5599894115788,61.9706537065151,64.0571161861271,47.7592867312248,83.0893156764222
51.589280572501,71.1250240218439,57.6269786144099,82.3710527783704,73.693851322426,67.2343553533594,52.7031509510793,86.8033395804511
46.2918936354327,68.3999812770087,50.6357221742213,83.4057921239245,72.1346460325584,59.7604715558778,50.8686076056405,85.8119423853216
49.1340936056033,70.0438007584539,50.0971771154604,80.5833953025221,69.2519686918782,62.9282967709292,49.6299553695525,86.3454699849315
48.9336367617925,68.6738595345938,57.4844813895008,77.2454953980502,67.3809795666106,67.6175821065508,47.8264581253572,82.0040481869621
46.8163769904241,67.9236440914113,52.8080856815162,81.4147692217349,71.6074240474266,60.0669509826161,51.599328978112,84.6997013616703
49.7854641023466,73.1841781422966,52.9031618044492,81.3077171989564,74.3869689476987,64.7238392198356,53.5604736566383,90.5953643380348
47.085071127818,65.7648115028758,50.8849100524861,89.5862007085472,78.7064230432991,58.6918568770188,52.7658694498126,83.6377876037115
48.9581080775381,68.7263430348366,51.439339697314,84.5197743042297,76.3604338862068,62.0476369803344,50.8952786978198,85.870280149452
48.9176673824884,70.465360912459,53.4375311415382,86.917924089574,75.1106091837367,64.3685152381908,52.6177574459666,87.3886311094034
48.3120480902225,67.29191561776,52.8997625282391,92.6887758678851,79.8339814523811,61.8814004408202,54.6425410729483,84.7619479538691
46.0902509652766,69.0873083876741,51.3764724582361,78.1969736040542,71.5911071251585,61.5210153074995,51.9810539661389,85.5539381055121
49.283000558942,68.8929131111351,55.8145256542801,71.0165799129486,64.8186256182238,64.7545342593294,45.878028700208,83.0209490499243
48.7571252925359,69.6182952020896,54.9060072411624,78.4384354406541,69.4783473850745,64.6143514739661,49.5352042341854,84.7445115217405
47.6052408908095,65.951437515538,54.4891132324031,79.3791180358053,67.8058526698863,61.7749461323373,49.0583354501158,80.6429547080226
50.0590318231641,68.1952026542375,50.1758602218555,78.8811104214344,69.8444052940377,60.480762685577,48.2968256138552,84.5343385129103
51.7024005583366,69.9342212065041,59.621118766064,96.8259153999442,86.9923805916674,69.7855368325454,55.8201657092982,86.2890112213031
48.0947133765354,67.0036639148007,51.0408185366384,75.4188371549461,66.4951818203595,60.3144443615234,47.5766277853231,82.2904343079258
48.3116521184428,66.7729775933241,53.8274786187202,86.8232580095372,75.3059498128116,61.2415290438355,50.7066598561723,83.3192301965797
45.3929145667304,68.4105749526769,53.8641737884618,75.7704020173711,67.6153244709359,63.06809664866,47.8768924300798,83.3902284984043
47.8609683931666,70.4874964319669,57.519644579159,79.5452812119905,71.2424340843722,68.3264410269043,49.3726239152204,84.7505719170202
49.1706013329947,69.5272753012063,57.4932763880576,78.8382779863027,67.9031727221539,65.6832292545527,48.6085157235036,84.3018618656689
51.050592181315,71.7490471349406,56.78995164556,69.9941961809874,62.9997792406326,67.7305272094325,47.4235776700182,85.3981917419953
51.8629102865652,74.0338522092509,61.9549396730047,81.4434949242017,71.3001708538014,73.7800903923068,50.8756372127122,87.7872902162035
48.0114959529243,67.3533162391288,50.718179401599,78.0715691257475,69.2594240623769,59.3777909053221,50.3788360176734,83.9541056264735
48.0374709098596,65.9239782465159,51.6979543192355,89.4947369619151,78.3955362558224,60.4431153052101,53.3403572118341,82.9666828951356
48.9125311893607,72.0300840777528,51.7837553262456,84.546370228799,73.3011229127658,62.543488338728,52.9974486027309,90.2188878787066
47.5895616464888,67.111736131655,51.19400869864,85.7880282816214,73.3054382355686,60.2584194942817,49.5209308846936,83.8336423950042
47.2052905595193,68.1378751933958,54.1930717073448,76.7207468556189,68.7913779108351,62.9463334077801,48.4573867178787,83.3023512208004
46.4050087124021,66.0293942299559,51.956045077569,78.2571931523078,67.2884836649446,59.8404965017804,49.2954132209213,81.5819717068719
46.7975974091128,67.5111670269881,53.456973052247,76.4710749040375,66.1933116233485,61.914331121283,47.7886409377985,82.6016143283334
49.5574226892537,68.3470670969305,57.0390281902561,82.6700353727278,74.5582121333268,65.3156843162706,51.5632689647057,83.8654836228111
48.6300089654181,65.9968902374509,55.9076604201702,75.7415745660944,67.5934403894052,63.3408322835036,49.4381379208264,79.8669523464808
46.7582949979949,64.7515909747809,56.030291860173,70.9527581481847,60.9700588263386,63.1852242237755,45.5089161586077,77.2390999659561
46.5768288470103,68.7352951777678,52.5555028516821,82.3288710610513,69.3093529954982,61.705957874348,50.9026163923682,85.3860960615374
49.4251155648201,68.3427472748254,56.0450315515879,86.4801372655254,77.2226589877364,64.032568546386,51.1589493763763,84.7482597872738
48.2856223948428,66.7121133420184,48.4524530404218,74.3095904991114,65.7211953819655,58.3740430306256,46.886977221153,82.6245653776602
49.1278689840865,67.7802782619745,53.3476050966996,87.7234731665968,78.8833152621753,62.6815887397099,51.9906606911273,84.6017726158853
44.6844273022309,63.904623006855,46.2842632431916,82.9115890664214,72.4535944456392,54.1070036842023,48.7702222170762,81.8177079388921
49.3887727664226,66.0734953917702,55.9664958939703,86.0220867150885,73.3380052294404,64.7329660504169,48.6202579865902,80.7235674428569
49.4568833429068,72.0717790413138,57.8724390829228,74.7626269555107,66.3043488524688,69.1920911584025,49.0368683792001,86.2000585465675
47.4601466248928,66.5663468630998,52.8451102873829,84.3267388247763,76.2431611439264,61.1198075847993,50.7444152001923,83.0361655838766
46.8432349972665,65.3752696694454,54.0858693776603,79.6663860902129,69.0494762993323,61.4198798536763,47.7477168563425,80.100376756918
48.7693735610124,70.6439436413896,51.3642562245778,85.8258199049638,78.8827204997589,62.7244506454293,54.2990859325608,88.5327948740461
49.3898574672807,65.744836712069,55.1472296730668,80.2743541171398,71.0336469240798,62.6031309727049,48.1126434854725,80.6122884185397
48.0085982466483,68.6960160833652,54.2705157837156,83.992268331542,72.0664085350749,63.4475308454735,49.441156333246,84.8259558786989
47.2964621307402,69.2246853783722,50.7210428193355,85.3841873114255,73.0528903840619,59.7756066938919,50.3049637699624,87.2981745876501
48.3264447866815,67.8336438924816,53.4018677544533,87.9864096198876,80.4512598705883,60.0850888893967,52.7722718873026,85.8397144822558
46.4258570261223,67.2002979682012,51.8368435690661,82.9875711810761,72.2148934470201,61.1059321773712,49.5700786270541,83.5247858131803
46.121690780362,67.1361860034301,47.7004761992515,74.9697305739345,63.5064931813455,56.8960664776983,47.387088304835,83.52637308743
47.7286534391419,67.511876122218,51.0260856634258,72.7550316299747,63.5840907202296,59.5291475340394,47.6149997229776,82.8929926719698
47.7322020938518,69.1285193887837,52.1675230324363,78.1321939037543,69.4013529423866,61.3979475013791,47.055483803752,85.4330174640869
50.8961212010716,69.4360972449862,59.9122815033043,87.8554936659551,78.4427094532386,69.6263078064228,52.0074484362044,84.365779178824
48.3504853219016,68.124796397497,53.9105306117546,79.0510079538921,71.9145585622018,63.8440364760456,49.8419284091222,83.5513938334189
50.535201305792,68.3095339864928,56.6931504416015,90.4830777391634,79.5312614406632,67.3311469874665,53.3642435527077,84.1679362642488
48.1101482795381,67.1689324629903,55.6357958928091,90.2902991566194,80.0274562430787,64.4766545271783,52.9561166654274,83.2721755856041
44.1334547392154,63.8958491492876,50.5806949708995,70.2033861649839,63.0570962523745,57.242355347477,43.9226801181574,78.2429979079094
48.0984778158299,68.486193523057,56.7066848978771,78.9862930518129,70.8989915111675,64.8102227048849,49.5270654696138,83.6053572091394
49.7524146833738,71.3242108350024,54.8411404380173,82.0094106532271,70.7010768478839,65.8530554816269,50.5635570661049,87.4169275799484
49.1990418661494,69.3283309928709,57.8421514981012,90.47838731048,78.2760125214895,65.2083986333638,52.5447010407038,86.2516086007637
48.7226133237881,69.8314010538904,56.0266230777042,79.8493403517919,70.0844356751641,65.7591545090021,49.0390012828122,84.8008235792336
50.5021912386537,72.676895957606,47.8009491884583,83.9148707738655,74.9944835703101,60.6819806782141,53.2590621173259,91.9623559871667
48.6659084361785,67.540367366969,57.3896383632178,82.6126467420705,71.4604186681359,65.7282262641306,52.0117251804282,82.2052388360435
48.6298794766368,69.7121253262509,53.0957389481414,82.9146632801427,72.9667236184861,62.8885379766191,50.6009211372043,86.652039004256
46.1131007116029,66.9578782184631,45.5730758925796,81.7364839430298,71.8634970134838,53.7713538159288,50.4501761209634,85.9561408422621
44.329600940243,64.8440207287629,48.6311959418285,81.8420602984871,74.2808912812844,55.1366195097618,50.9481719810616,82.6005682133989
52.9156006844595,73.4791104355385,56.5272478273084,77.1408283081305,68.8378744983311,72.2470353160358,49.7436470327254,87.3701441226333
47.8673219354449,67.9370667131671,52.5313558052078,79.2282281749921,72.142008534631,61.9826663085945,48.5684261158907,83.9345299954541
48.9952570196698,72.7268456294086,50.0141273086018,72.375866018953,64.3324388237881,62.0197338744572,50.178449952335,89.487815251863
42.3651281995553,63.1258347079799,44.637893500616,74.4880165055252,64.5848514750644,51.7076253627754,46.4492819494858,80.2766569876604
48.7188612901419,66.194841859772,54.390038562213,88.2313127477319,75.6614146213336,61.237436423698,49.8685524828074,82.8069488654283
47.2839739957406,67.3228289301138,52.7497765928105,77.2932778798013,69.6182582127754,61.9587716299317,48.0008147129548,82.4615640462606
48.2623871162391,68.6931183793805,56.0660335268005,86.0767305519226,73.9871686047125,65.4002772507963,51.4136670848381,84.3995040459072
48.1824472653174,70.3908455725299,56.9015398920135,87.3010171487326,79.8520473052381,65.6524799263612,51.2038677904727,87.3708614818459
45.1043107725975,67.592357772861,51.2118538025987,84.7499606315599,74.2234098037701,59.8712389616929,49.9387212621249,84.9021297867918
49.5701462262761,68.9266992102681,52.5008314934199,89.7065898069242,78.6673412217758,62.6399429865662,53.0840160240235,86.6964355364053
48.9018853777706,68.3451243077681,57.4787640711415,77.4095557831396,69.3707278707756,66.4441606349961,50.0733753373625,82.1498667840638
48.531491509635,70.6623995114767,53.8101752144236,72.5838295570469,65.1741509015931,64.5766331354077,46.1332577001504,85.4869659794328
46.4706332810328,63.5236316749203,52.4132915907448,75.0080169907216,64.7801980097107,59.518924381181,44.4044181763943,77.5044408702926
45.576610429261,64.5368959441764,49.9688093883908,81.0047495898967,71.225512320433,58.1048208314695,48.0224010024378,80.813255339505
48.6028873008078,70.2605017994183,53.2044914081694,68.7713271143962,61.5571481877223,63.117064535938,46.335533049016,84.9585866950356
46.1515636895014,67.3834500593975,54.6874154055862,83.9168314651445,74.4155385135213,62.9935635821697,50.8796904809274,83.1976653972086
47.40515444624,61.5606081743948,55.6668528849098,83.85178801844,75.651260851993,59.6964977109934,48.0403721100928,76.3696765496936
48.4843322093564,68.9299743864898,50.6243504718489,76.9426992799348,67.0794109790374,60.1120065960194,48.6270067066891,85.4364586839442
50.976040193928,70.0841003012793,57.2565264113122,67.5282373878256,58.9485144870631,67.0018849311953,47.3112279900849,82.8075874560033
44.7916496388697,64.1035545401159,48.8940239102715,78.9160483789613,72.7720525773322,55.5804309323695,48.258244673171,81.1610656605472
48.4744642816025,71.140980815463,56.1829938722856,75.0197508784505,68.1544022999173,65.0281259297919,49.6130888888362,86.3241024004454
50.5092661583536,67.6099996300421,60.8387834156394,71.2780105106892,62.8056422414248,69.0957253965588,45.6199055379498,78.7834885238327
51.6413505975439,71.9917418172912,56.1105520868266,92.7069922710541,79.4600874857977,67.3328304631467,53.9925319866374,89.4313196622684
46.7678045406514,68.4215610716748,46.3805960675883,75.7171454695141,68.1492385160972,57.4526345571971,49.5087858134831,85.7068241364523
47.8461708012318,68.1271167014255,46.6909275975862,68.2479314968381,63.5154551898655,56.1217004707589,46.3646690744198,84.8706650387592
49.0871198119213,67.8640481239701,50.540353828655,76.436445392064,70.0506457003781,59.266826431956,49.7622228657825,84.494566013255
47.9457645278528,69.0926458678017,50.9279593584723,71.5866111127069,62.4637330308488,60.0497060644162,47.7400541262737,84.7628609114339
48.3726882247376,67.4717438033772,51.5631176188011,97.1142393610604,82.0935743931863,60.0450686963765,54.617269317033,86.1386041743538
47.9300960612774,66.9250566931005,53.2540108338597,73.8471506258702,63.9304936435484,62.276078598892,44.4427860701098,81.0744208153103
47.9887183747711,67.4076183410756,51.1976414984793,89.2547391425048,77.0609932224705,59.7413574623058,51.6572460471361,85.3697101410348
51.0676387611378,73.2849851345216,56.6243601768156,84.6878288674735,73.4040593609245,68.2629458078481,51.6571557274055,89.4859127483806
47.3963173835584,67.1116663807917,54.9434325077194,82.8759948613864,72.9146634368905,62.6017734260688,49.9599026774192,82.9225114212909
51.5351776243298,71.8731684637521,54.3581954347114,86.5882149483574,76.6224090972549,63.8384331998368,52.3562775498121,89.7821607981711
49.528171134209,68.5622878922491,58.1122848012877,82.3359181027793,73.4503301134501,68.0331117381834,49.1607094543794,82.5813290413378
48.3608028397737,66.75386037161,55.5040367874224,88.5276992091257,77.3621705098652,63.6661374649024,51.9016995419379,82.5611329637324
50.0143446794224,67.9288208639588,56.0452863689813,74.9225587857186,66.9169929575394,64.6254224603966,46.2439362257076,82.0735825748733
47.9365567976335,68.030136988118,56.7796997500476,71.0459907080665,62.8917343744925,66.3835095484514,46.8285776233634,80.5682331604464
47.9078541476158,66.3354495890188,56.7557288275584,75.1727553473148,66.0840747746332,63.3472907043212,44.9576321402267,80.1307478506624
51.3472566106,71.7139482902906,59.9826134245618,72.1491749111172,63.4276891052439,69.8751450028732,48.5197186084323,84.7886854570218
48.0995761090924,68.5618170622797,51.7918736192679,80.211774742599,71.0675739974951,61.6944824281183,49.5850091726957,85.0106006315106
48.7318416117511,68.9115796261858,52.7456884165422,83.4624698507635,73.5439838826617,63.1188165766238,51.5242334107316,85.3689769408233
48.9805150371098,70.4987599645147,54.2456163766849,81.786414422735,72.9342845470655,64.9832995243513,52.2143770456742,86.749216122904
48.7340586819996,68.4548610062426,51.6176628249846,89.0557169384532,79.003337659173,62.5052004530951,53.9511703337804,85.965647323263
49.4517848191195,69.5853063522074,53.4863439075054,80.3399335167556,72.4963893169452,62.4843136596912,48.4884763365909,86.1790886194904
45.4183859198391,65.4627697354242,52.0577008001575,74.3058067830961,66.6869247258456,60.5365902346752,47.2888136355313,80.0737180467661
49.895823942392,66.756761773381,55.3420893469983,73.7486758774759,64.9985667271574,63.0590831699181,45.8823541608699,80.6396139763513
50.6594845906366,72.2106912865826,58.052202504182,82.8546969729666,72.6470918327062,69.3043007104071,50.7783789841599,87.584695061628
46.1498136963126,65.4321896665606,53.0742563731326,77.4145296587078,66.5243861597136,60.6349260923641,46.5807606079332,80.2034381077665
47.5676601711971,67.9203357465413,50.5144316497412,82.6655852518345,73.1617206510555,59.0981950024223,50.7325863131277,85.1729316757634
50.4565117385701,71.97640903209,55.0952344917779,79.6768101792405,70.4684774150709,66.2409727739859,51.9738595870255,87.9564343603151
47.79655018189,67.3654266526481,51.6720619647211,82.7420707802704,72.9508531567907,62.424286676901,49.6631823789002,83.2310477851752
44.4438990239779,63.32776458329,47.0672459813433,82.1541456119506,71.7809992360642,54.4434743472704,50.9295115714364,80.8210753431305
48.2070344511642,68.187985665484,53.0308750211642,76.4404793322551,65.7370055789175,60.6212462861215,47.7602318254732,84.0105592482726
49.1256519652576,67.3250516365066,51.9148848911194,81.387315704386,74.3647554183911,60.2996246428976,50.0590560507405,84.2146421474334
47.524842731594,68.0322398193025,51.5702229996061,87.1696745497766,74.9812925796273,60.534868360241,51.0209757878615,85.5771467229979
47.0690557092225,67.8557158424451,49.013012246073,88.3853517292709,77.7024582035939,57.7944278287386,51.2797100107538,86.5367860809407
47.5609936451523,67.1662940472185,53.7648064581783,78.6060968554999,68.7459024412071,62.785814566621,48.4981390536866,82.17945333366
50.9033506971253,70.7847350735971,61.8678843182702,71.892481038852,64.4359242099206,71.2969518080606,48.3939565561105,82.8703109609654
50.5611472319476,70.9732700373303,58.2171326119312,76.1311962235369,68.3942039732203,67.3161233948171,48.7084756244414,85.498936857206
49.9534113175276,71.0615403862424,58.6667343811972,81.206094834178,69.9852754248743,68.1642628845381,49.7906697411186,85.7904485605305
45.5836562297866,68.8384399194439,50.2261213659813,83.4508435194589,72.543201169761,59.1240558625353,51.9880155145442,86.751062692268
45.8470048290681,65.1839699868237,49.8463198854709,76.7508763519879,68.1937594850293,57.9336985031476,47.7010841834546,80.9885501087989
46.1504269996556,64.6836806572483,51.2218076642903,88.3308354689914,77.1834117535507,58.043181616416,50.7846695612091,82.1337413134306
49.513510365952,70.2162257072835,62.5517825320143,66.6504547455422,58.4853340037311,70.6292089887618,44.881735322442,81.2617339623794
48.8511387635255,69.9680104511992,52.1093271834145,76.7356294416613,65.6647590589987,61.7193345404435,48.9230974394968,86.2402170869621
50.7979872139064,71.6442869525202,53.4148841207251,86.6758185527864,74.4917031035477,64.0130725289162,52.0583897779848,89.4596212348005
47.3003916827985,67.8973570518219,49.6720532783452,81.7519145258282,72.1420729717446,59.6390217847807,51.3065161882412,84.9098476560286
48.3836725621525,69.027975920956,49.9332735523088,88.4723702643622,78.9224312725947,59.3487451511906,54.4673135092602,88.0798446331434
51.5047952755391,70.545981075107,59.0019226960282,69.3965641166267,61.2980627349314,67.7262855203731,47.3749256638457,83.3439914945562
48.3301504786634,65.9374981892726,54.7214444406657,81.178058033068,69.8980769339431,63.3749089104555,48.8930724122631,80.694488973981
47.8371632915213,67.4360363326147,49.9210539425154,91.0878202406006,80.0520794521195,58.4158515728778,53.8974319407242,86.345091320069
48.4088549138003,68.2415667614758,52.3097532646626,87.9104003272638,74.5808799863661,62.5875513097187,50.6939334702825,84.9595128244064
46.027371764419,67.1918084333598,55.8140348566066,76.4179199296021,66.284360678934,63.2158524517306,47.2532895471808,81.4701523483907
45.4622197586633,66.467042509071,44.9653311933992,79.2404354047943,69.3567023031829,53.9346436638521,49.0029515739649,84.8373473763953
48.1204346761892,68.3446622409891,51.6089182956895,85.4250505710513,75.5505672459212,60.7311574995793,50.8175236241057,85.7998728755082
48.0636727655459,65.4759270587485,52.4942550298396,77.709547680332,68.9152744335142,60.9057446426279,48.1437087401942,80.2444767462044
49.6219746112604,70.353032392503,52.3329787021749,85.8024412780514,75.5072437100215,62.5856347177398,51.5611425973937,88.0249065948173
47.5749044617118,64.7951942976341,55.8710737371603,76.4496257276069,67.647951516161,61.416090249211,48.1165546001546,79.048102359291
47.3336695307821,69.2049525503683,49.6726206852723,77.2425999599904,66.9140572554339,59.5102546223652,50.0548569929645,85.9520473744969
44.5956179325835,66.5710417673244,47.8491781560945,88.5283693475416,78.8070578790876,56.055034721553,52.25221496394,85.7696858152227
48.8387225201003,67.6873504210101,57.6091946575756,77.6395310130057,69.9937843817461,66.1448449889187,49.2043355769479,81.392621483676
46.2135501918135,69.4955196589362,54.5884380832421,81.8619332558326,72.3471690591088,63.6460959371358,51.2434857104803,85.8161391738947
49.1530285848946,67.6874538678061,55.3511302360892,70.1777391037825,61.8346573687803,63.2733750143331,46.5124378976711,81.4690862900764
47.73047913683,70.533822587946,51.8929238224975,91.1631485019347,80.4616196503981,62.1312876990347,54.6120288539395,89.4640972299905
48.4395686317266,67.5098353377762,54.435820031319,77.8478976724001,69.170539568987,63.1071780454681,49.063799457181,82.519453185948
45.8876876154851,66.1270677782378,54.7666885944053,78.9531514215637,68.5539465979269,62.269025636032,47.6335990494044,80.9257640842131
45.2751762545966,66.4149438182241,52.7391852920136,73.8618229626136,64.4917736355419,60.651794720267,46.1472754155309,80.8243966101006
49.7383558528094,68.1587140234236,56.1981287329215,78.1334829367127,67.7092685653217,65.7439172452904,47.8728772604631,82.499497263935
46.7818663818055,70.2102806082844,56.1122774361123,68.7179134813375,59.2277204420138,65.4298303329604,46.3142888088023,83.9041955384559
47.35012526863,68.5081226648019,56.9451438060445,80.2715552551396,72.5485922550996,66.5747430231754,49.4007937417967,82.8411592675597
50.6578835850892,70.2118448723827,55.7333003290682,81.342963780439,72.7878337861368,66.3762815377033,50.0063408580349,85.5641345730187
47.5443754358525,66.088010431748,56.0493514002556,85.1313425886467,75.3894419900095,62.4213621874216,51.1317286339385,81.9493973038453
49.5303101268874,69.2303841231047,53.6429264580325,77.9336907018095,68.853482642795,64.0551827031344,49.9273339561656,84.2286082340597
49.7200566376076,70.6277379752898,58.5061662665422,77.5053869875582,67.7326282907313,67.4409891130991,48.9115147207019,85.2175235940935
48.8594773818755,67.1816599621687,51.5530028754509,84.6433309219106,76.4914613780057,61.987232616871,52.8940145656197,83.6651885136035
46.9686194666323,66.5900141928023,48.885172203806,87.175537665588,76.9988009482244,58.7639970864147,51.220683225799,84.230070996498
47.0244092422715,66.2515267916719,50.4487390512428,87.216149294814,78.7540502690651,58.1236034905062,52.2393369827103,84.2548348050095
45.8544835021443,67.6054363952567,53.2624251387676,78.3315815962617,71.0860482202039,61.4468808963203,47.7675922006849,83.5402575900397
48.5488629802952,68.2794336169521,50.9242083875301,74.0052910398488,64.2867186981308,59.8659717995625,47.8058316201041,84.226741779123
49.4434285428279,66.3684146759157,55.2379958677708,75.3960476554206,66.9034002164538,64.6605926881938,47.2056317051851,79.850125415974
49.0183101925021,67.1676480535571,58.7844908250734,73.5200066446756,62.4481233146376,65.2517645280781,46.6720277568965,80.1160208515905
48.3742950929609,70.0988744568003,61.0376044434013,82.1293979359666,71.8824709924599,69.4244181068687,49.8627716444459,84.0824309406222
49.8154822919206,68.622486583326,52.5278405481332,81.1677130534447,70.237770393935,63.8628692241732,50.3300094458774,84.2000146102129
48.6216788188448,69.6557319529686,56.038417484791,83.428928308363,72.8693960198133,65.2118515307511,50.4849993291784,85.3994817212274
46.8604967644747,66.4028662245591,55.3075404049368,77.4980257304391,65.923783936195,63.3124192904295,47.0903211390063,80.4894214913174
48.6490135091111,68.4177567967564,56.4007610650908,77.0596758638595,67.3286282766087,65.0418351279721,47.3850450590082,82.608066991629
49.3739627099091,65.4999449288571,57.9832202851715,81.4794062917724,72.668401073458,64.3560469058418,48.2222086730114,79.5414340033025
48.6201027599361,67.5299918011727,53.5207982295164,79.3482338160466,71.2867201434979,65.0491613866349,49.5811301631097,81.905385884361
48.1993829767881,66.3329219441829,55.5622867215804,73.7685237710293,64.957886536167,64.6924791689884,46.6294062784406,79.321028321241
47.4903097845861,68.4506777788851,54.6721331311085,83.2160375258534,73.6635664957063,64.6244713184962,52.672342245875,84.1481228573717
51.3814014133449,69.0717800809429,57.7535206390719,74.813655228527,63.5665259430309,67.8067437554366,46.2539994107305,81.8763710409042
44.1851606815118,64.7438131225158,46.9534840517286,80.3543350675276,68.659714409343,54.3303916863883,48.1723756392021,82.2528800439485
43.7837943363547,65.460747511179,48.9632327669285,81.7666609270728,73.0464139263355,56.8342266244232,50.0988096287144,83.0283713429588
47.7080278478626,66.3910802676133,51.0844515962064,79.9882806534392,71.736556711755,59.3269437587086,48.6696220843685,82.8880682489275
45.0228265650345,68.0469010544899,48.644359381228,87.1345424473924,77.3283387434951,55.8086820992486,52.3985450822455,87.6168593147974
48.6699025216107,68.6075988300442,57.1087874744768,92.8199893508155,82.2716744265665,65.1761379561392,52.7262078933933,85.6090980945873
48.3052736735336,68.6363686721223,55.0440747243608,71.2320837202689,62.9396065109622,63.3552246984223,47.6806017552355,82.6845746945528
52.1312032037776,73.0238781895568,57.2444025636752,81.997177684515,70.9232627071425,69.0339287955138,49.6482131647902,88.6198848883399
46.0286991597348,65.4621258762561,51.6616477081422,75.8642224133016,67.8329245728268,58.4151325163644,49.0751403842528,81.1318001919602
45.4456145711749,64.395151464261,50.9355979656079,65.9532682826397,58.0692980483406,57.6663718348211,44.7907460557553,78.234452109172
48.4616133951824,69.0977657390293,53.1857303516336,83.8988733989982,74.636075402675,62.8127259770684,52.1823139162557,86.0228627449883
47.4585714996978,66.5561092972719,52.2466193114826,90.3777704583784,79.2731428432757,61.8878386789764,53.0975902013661,83.6471621157014
50.2256079840058,69.0333927519919,53.7080685655934,80.6201299115384,71.2062908757135,63.9035863718776,50.8721885123639,84.7008120743966
48.5193386066864,66.7477633001296,57.8434830376767,77.4510771228938,67.9447147237168,66.5607292979171,47.0459264108844,79.8068936731279
47.1792343842181,67.0096612717001,48.2363590165439,79.5795850720053,71.0370259003752,58.2677963091487,48.3732886345479,83.9186981938718
50.7623339246291,68.4630402533071,61.0981023860774,87.93732636159,76.5004599514384,69.5820605906433,49.749870678458,82.802310413899
48.9480542417137,68.2961063925972,55.0436571373676,84.4166000082663,74.2449595839139,63.5429499835034,51.5447152804315,84.3104418541769
46.6208434835608,66.6404652894733,52.8539335421616,83.4556945062066,71.4282692536825,61.0936206691873,50.2895843679802,82.7909451407247
48.9196944164836,70.663573372214,52.7170691914403,86.1604762065336,76.5679811971994,63.4559193859998,53.3913342690787,88.5171613645575
48.4336248511049,69.2429313233568,58.7264219737375,76.8600654252722,68.9698336185371,67.6260502364808,48.4425539260506,82.7920164109352
45.7615648460964,67.8968343101625,49.6071563317822,86.4424590549701,74.3307873208592,60.1014901963459,50.9581047233919,85.3960168547323
47.6015747782205,67.4796765870287,50.9908092208614,85.5612233469033,74.0924529549465,59.108568839331,52.6874212191067,85.2216087500709
52.2729784083841,71.8385257330056,58.3329676341686,80.8156759318293,73.3132269468624,70.4522135063037,51.001561679798,86.3016769613198
51.9063957057106,72.1384674101219,58.6353000662428,96.0724906508755,82.8039269809621,69.9498388729964,53.3703032053699,88.9824579841204
46.6390289309963,66.0386850635892,55.7467098510664,90.5368263107616,79.5862471057868,63.7287698848102,51.7331361357275,82.0035322329861
49.3175605691883,70.1943709851963,55.5787097592962,85.3974528673398,72.8777667776846,65.0546561349979,51.156553625295,86.6483231492994
48.8643786469614,67.5417663494724,55.9019255115174,90.0209099645648,79.0392662024444,64.5536900402114,51.6678539147702,84.0257663013977
48.5145120200571,69.7939237544797,55.1184734320562,75.9874071855026,68.3059251453236,63.5892094704603,47.9169641177066,85.268067541368
46.9462613925104,68.0251937805114,51.7512419908801,75.6300441475567,68.5048884015674,61.4907134977164,49.6784681416789,83.6862068121706
51.9629663830529,72.7184374311604,61.506024528274,80.6978442996477,71.2858911485814,69.9115795207127,51.0241183669354,87.5525677355396
50.026500755404,67.1041907601905,54.834683661588,72.5506915031347,64.1394742506249,63.4548197104818,45.8263286822112,80.8007824876412
46.0341450376966,67.6286605891393,50.9289606199169,85.865355135032,76.4500894654359,60.6372471949741,51.8617885292236,84.9785608944004
47.413029036438,64.6588185161818,51.9118744401237,88.3559997761065,76.294904039814,60.4095026191094,52.3374991019234,81.1824351669522
49.4954892474508,69.0783568083228,56.3256023452075,77.2404349731484,66.4119718723061,64.7790819960311,47.0429298477329,83.7637563385531
46.5968481347206,66.8306543933982,52.5830826517524,80.5465927086696,66.1636990341913,61.5343929650516,49.6769651269935,82.1381936621149
44.410280530128,64.5564225818127,52.2628150017344,79.3651881557983,70.3603487890846,58.5075577055849,48.2432984987287,80.393471811078
46.1265953933368,64.2894073890447,51.4171832388743,76.0792278951724,69.1011796186039,58.380444445573,48.6325279154528,79.5413110946782
48.7270154595255,67.9234616650207,54.5117342056376,76.7698430502675,69.5131388696415,63.9282148747218,48.4622702703885,82.585363465506
50.1646035807866,68.0588608032316,52.8752135078143,73.7759553547356,65.470433608849,62.5603924127412,48.6883173753738,83.0853104140163
49.1202210594872,67.685195992306,52.2850368141435,79.4736065774346,68.4142676878187,59.6774674837343,47.4997466556383,84.3602231300824
48.7980684483456,68.3379545893389,55.3201301654926,81.8218807482824,73.5311507455677,64.0374445311797,50.6942454535207,84.0739355598283
48.2053760104798,68.8838665268316,54.4393760747525,77.0464099392984,69.6900325996483,62.7436351408708,51.2401903992968,84.4577620400911
48.3594947748312,67.8592022473136,50.6722526499385,95.3678953835383,86.1446005810097,62.3214399045685,55.9509401613178,86.2225961763904
48.7260316963927,69.1411670165469,52.3512252544744,83.2551642316975,75.9176530891104,61.6020799648517,51.7984658642328,86.4464695875646
47.3764888319305,65.0662453841304,50.6462761314232,73.8079077884823,66.166740795935,58.266560929421,47.2454485681153,80.2521531096824
47.8805946155542,67.7945920579242,54.0852543224024,94.718828330731,81.8295777112927,61.3757633471781,55.2960126069785,86.0036921857556
48.5908691273539,69.0641001027343,50.0117350442314,86.260833514418,76.7142924150522,59.597346920101,52.6086363969968,87.4650630169782
48.5674410619572,69.565396987847,55.3459717767086,79.5005557287444,70.3688496121155,63.7696101759265,49.6004293527068,85.2907449512154
47.114139082403,67.7539435219763,54.2032721463704,88.42285862797,79.2283584247915,62.744453026173,50.3327186667323,84.7599581568743
47.9466086244352,71.4714032210495,50.3358413345789,92.3028125462372,80.7189872799203,61.9472226410284,53.5526637191938,90.7596249813488
49.4181241605091,70.4090722980479,55.9548300912278,80.1389723252758,68.6758334126036,66.4854415191495,50.4087555705964,85.5387363797257
50.5676644397936,72.2124700304885,58.3086408202793,81.6849549923121,72.4200855170671,70.3741365712384,51.0212912267939,86.7200448005535
48.9925709835274,67.7142825932724,57.4469399006868,84.1829816748444,74.4451213775621,65.6320651808727,49.0372530482739,82.4836684431926
50.4063390456939,70.206618988414,55.0423768424306,91.4807744617207,80.9457285857773,65.5869675752747,51.9644939443403,87.6136305800696
44.9579289955737,65.0449266952632,52.0444788995612,71.8487133214795,63.6982254336861,59.443538340744,45.6159812134394,79.2498018963622
50.9892869478837,70.5041347159208,57.7206076815036,98.3283582953505,87.8264959732682,67.5655591286702,56.3120725831461,88.3624939898649
50.1188071164827,70.9270892672398,55.4619304740521,78.5524674063259,68.0706459912426,64.2390437737766,48.5699575611775,86.9590591602736
48.8307418082739,70.3241440730117,54.8674417880607,74.3178764881331,63.1920987983652,65.5714313102509,49.2412219604522,84.723016813567
46.9204405314624,67.8246730395621,55.0520455410155,90.5278219060975,80.7306231902321,63.8911525484412,51.7339837812932,84.7987009770865
45.5319307382095,67.722468419974,48.2309596808569,76.2975934536683,69.8819355702647,57.9260487327437,49.6445041227967,84.879986322985
45.7492140039557,66.2301172474033,52.813212003493,83.0764399055577,73.6428241138525,59.7854025724993,51.619862910534,82.9461622734212
47.7674349654914,67.2790542283681,53.7029628360419,86.4167300047076,74.9075478008861,61.8150407918547,50.1601925588898,83.8630637933338
46.9278513312915,66.1458817221759,53.7365318842873,72.0140188759513,65.3144758549071,61.6685008525771,45.9348666985754,80.4395763725297
52.2670264502513,73.4147656162854,59.4629591208619,83.9025948602729,71.1636328084914,71.0407017079501,51.1629593992172,88.2337052209357
47.9360810134698,68.4115664488154,52.2907099246546,85.4385670830447,75.3594974973187,62.7288888681426,52.5462489354519,84.9580753575445
46.8648595256745,68.7656592471718,54.4640206176809,83.1703034355708,76.1496026382328,63.0800839469684,53.1077090519242,85.2915686767518
44.9659941089826,63.6163885267414,50.26264226892,75.9152391676524,67.8140338403099,56.4170766338153,46.2316593945296,79.4063698775863
48.6065877266058,68.9867422135407,56.7891175210992,83.417296762287,73.329153901891,66.5872982131572,50.0253215611152,84.2575381488747
47.9783735208608,69.1919872483349,50.6587603602795,78.5409761787843,71.2204282745488,60.0065241265134,50.0206144036908,86.4496743855833
47.4080961965859,68.4586229025648,52.9674922983848,78.8812031270507,70.0948895464207,61.8266901162588,48.621172767808,84.5134017925762
47.3044000749291,65.4552960215198,49.3879152654453,80.3833279169412,69.3042462481882,57.3741007014673,48.4259034236917,81.9799347612394
47.600178217074,68.4259122994215,51.9049734873907,77.9554000639796,67.6420158160945,60.8039695748778,48.6389286412305,84.559317932147
48.7362245010333,68.1271307029973,54.3203305367045,71.5735355439786,63.7626186475303,64.4474004133437,46.7650681101217,81.7718528322634
50.4043297964992,68.756245022858,57.4069033696652,73.7135849378675,65.3201819546568,66.496183414414,47.6164966619019,82.0973351207961
49.1440436244128,69.6856866634944,55.4131954396888,71.4405875218289,61.2136197368259,67.015533823193,46.9056224114949,82.9312487510034
50.0894964202578,69.6748045972719,55.3294177745994,81.094926842939,72.2302178207412,65.7029650368601,50.6443862836838,85.0773573693167
48.687859854194,68.5805016244515,51.8942830411279,77.2382600788694,66.5002611705536,62.9257961695715,48.6660423579257,83.8009903663448
47.3738247785739,66.5949066090072,50.6963951456641,79.1854010560464,72.0417971997053,58.5600526722967,48.8849629906914,83.2272791208409
48.0804793638452,69.158467775547,55.8284025919077,73.0716015703572,64.5018805422777,64.341995694557,46.489524753599,83.6967934889435
47.2656977036201,69.504508848361,51.363384413483,84.3903103757996,75.3754381887951,61.0874660201587,52.8607980317999,87.1614181251553
48.6321284944602,69.5525101195308,55.9949441528625,72.1241475472657,63.5683891369281,65.7852938951364,46.7312329085843,83.1813502527055
50.2064196100582,73.3565206980688,53.101837182564,74.8716957089504,66.7316229842731,64.5105572809648,50.4952314923556,90.0978547516447
48.9055323846798,68.9968442023043,56.9152797519293,85.9446655640317,76.0608273722726,65.2957086468817,52.2666823646833,84.8656316595938
46.1888066951532,64.3579738275069,53.7401751517206,83.6984588902269,74.5685378272861,61.1168049439855,49.8427045582415,79.74738510703
50.9406597913717,69.6367386267072,61.3888131244282,74.755761419802,64.874975942604,70.8135637471311,47.2572398589695,81.7764106485915
45.8732851864371,65.6102890935392,52.7378094780761,87.6733062725193,77.1034985216838,60.195078210496,51.8095608126832,82.346015766572
49.2696988961755,70.8274299895473,53.096059736901,81.9118663330773,73.26246765161,62.7410877844394,51.6425592868828,88.1088740785322
49.222934197661,69.2982137479658,53.6190115800187,86.5609218847359,77.5834713660253,61.6266319444353,51.6567769495686,87.0734740461501
45.6844783597612,68.3044526897566,48.3404224996813,73.8629492454649,63.7764537458789,56.9716504758641,48.2925428362905,85.1018280184272
50.2579925175464,71.7399364884581,56.8200265353697,73.0083006535272,66.1222203772792,67.346953639061,48.701854440861,86.2169666537752
44.9197702538549,66.8664662582213,45.9659747725792,76.6307159561942,66.9153236256081,56.4391015913681,48.984613500894,84.0325525173383
46.3477566366573,63.8293801374367,49.1608798951654,89.7348888714639,78.0483718243483,56.0716681430664,52.9088842997491,81.8752481204831
49.8477111265005,67.3758192399536,57.1019389310239,74.2737514423445,64.4675291752536,66.3120947203644,45.6203802267013,80.0841845604022
49.1104348467166,66.7981121008718,51.8729364833324,85.1427317173979,75.2252683861574,61.975993397018,49.8341694640246,83.0287280046547
49.6797573322113,65.7849989686876,57.3257015970944,79.8689553640116,70.4375170920371,63.6005426190827,49.9185932097036,80.0522557844484
48.3928424288188,68.3596998160841,49.4406843708826,92.3032030617856,78.9119965874049,60.4895681922511,52.4920338273704,86.8766397399249
49.7947510029767,66.553274741337,57.4032776900903,82.1748423325255,72.4633883353865,66.7704352998901,48.4443337683403,80.3053518512354
50.3036900857495,70.5364928814305,57.4314993875417,88.6018442659163,77.0896060572977,68.4025294716589,51.0643101872266,86.2098994606064
46.9930616775556,69.5073564420215,53.0295163115312,91.2188705540048,78.5188830789658,63.8663609897999,51.944306413844,86.9521073120719
49.4763474766076,69.8318207821586,55.6821253110368,85.7779642225625,76.148581254646,65.4188711963,51.8760576541455,86.5292051388907
45.3489389352462,64.918089278782,46.7733878943466,79.0146358395653,68.99224759782,52.5565891594538,48.5977534218356,83.2438823094047
50.4415944549538,68.9316142721764,58.0012942562604,75.5234463155804,67.705635149987,66.2680489065612,48.2775139185642,82.8897986057407
47.9926564153247,66.9277427559341,53.5656741394659,72.5307803101275,64.2143882442321,60.6261683496038,47.0282509879202,81.6692945704364
49.0911766350872,69.5944991454999,56.3081304753373,82.0016133120722,72.1190435381359,66.9871936986312,50.6754903728907,84.5930824016321
41.9784991839118,62.9774691653474,48.4656340867137,80.7558476560926,72.4979144143686,52.8465382529991,47.0512180595393,80.6731684398783
46.0689026094741,66.5606258208911,51.4698227920724,75.3960395007368,68.1038621525764,58.8465888066794,47.1705909382417,82.4418972230435
45.7467385501464,67.2546648044857,52.2924065341993,78.8596294318757,73.1264733500233,61.022636646448,48.9334978261787,83.4497667571629
44.5946961652337,66.574583220427,50.5561274908892,84.0733740403573,75.6875716425951,58.4682859224215,50.91795979119,84.0952439377781
48.2187791913587,68.4936552223497,57.2811078003929,78.8919883830575,69.3075035844959,65.7902430319705,47.20681376948,82.867133722584
49.1055362134671,69.0020672142352,56.0998813876242,72.9868559338504,65.6621787201725,63.5390374020834,46.1839885055335,83.650018749902
51.0043878938072,67.597639199112,60.0461830724432,78.3483326873525,70.4379254364824,69.8302714549654,48.7333642222494,80.1102521978121
48.9109724839735,70.9693138243838,55.0654725933303,88.9313949609481,78.4686419519959,65.3416828072107,52.5279195792741,88.4002537159289
50.8937267330648,70.8176855053865,54.1617403615045,74.436775980975,65.1748708079408,63.7511482933607,48.0965928015302,86.4603477546652
47.1624873052555,65.4447295044054,53.3976623900979,63.8794494012505,56.5874305428478,60.3002784698011,43.8079376087413,78.4823199736969
46.2180516117953,68.4688267979065,54.9212847877031,82.6494319799409,74.2012805130939,63.8124950200052,51.2876367752029,84.2856597848055
48.2021533348943,67.4479229222588,51.821850981681,77.8792844854399,69.5323487357886,60.8760107994571,47.8210858557781,83.2654169463147
46.2910505677542,65.967434824548,54.0769381135878,88.0794529641751,74.5088132749246,63.2537689615538,51.6753249523778,81.4835004484731
49.9828790235515,73.2207834336897,53.2702418466346,78.790381713607,67.2747876311911,63.6126410323777,51.6399920116577,90.4436256758806
50.8626815885347,68.5957909674745,58.3778814053339,76.5587660840132,66.9399121919596,67.7061864795105,48.1371736145429,81.7147597720344
47.6765299907341,69.2044861504172,54.8216982641711,86.3927007585682,74.644552422629,64.7625248713389,51.4786205997586,85.3428822857078
50.0349854415878,70.0846303381793,53.8058035346821,80.2819905524931,71.9613235427867,64.5026540257222,50.5659781725413,86.0062443806669
46.2598623151911,69.3819543633155,52.0398171933793,79.0583550583141,68.3557347127879,60.923024026946,50.2374808809835,86.1956588611898
53.3532239544769,73.2573745027254,62.2047995173749,84.5425933664722,72.9992487609917,73.2214585476266,50.2328984939414,87.4633990015151
52.7875981083522,70.3179099810276,62.5001503405518,82.67717809404,75.4944560281781,71.2863954107523,50.0408472206942,84.1168661028982
46.9290890574505,68.2440451793527,54.060581520735,89.8946766749059,77.7351666526876,62.054109005791,52.739931512386,85.8078089854294
47.1891837945227,69.8563148524343,53.4754716731282,84.726530670723,75.8662418835561,62.6383937096714,53.2052941679739,87.2114555432036
51.1947445537214,70.111145033105,55.9836803586756,92.2740801211893,81.273493939802,66.9771882801369,53.0044434303235,86.9247523645885
45.7887919909823,65.3011743157534,53.168737304992,75.9460836136742,67.3957713814231,61.0263744337926,47.3666524267499,79.7394548010374
50.3138837647907,70.6356748423317,56.6493746883475,91.2282397318681,79.3344869872726,66.2434422586151,52.3615489155667,87.7799536709934
46.0345367175701,64.5612281394918,51.7431754458017,81.6959784342216,74.1762947750592,59.1769465210972,51.7145192742119,80.5022949184435
45.5642612902485,64.0238001606576,51.9025056553301,78.8945126240687,68.6953766421304,58.8729406312045,47.98986199326,79.1466156087484
47.404767958099,67.4159167264719,54.0956041098457,72.7103503497223,64.6308419840204,60.7049585761098,48.5642329239317,82.5727405691072
46.2805050380848,68.8330778048497,48.8891918535234,75.7422237080246,67.0515225003778,58.4351080024379,48.5381852906926,86.1089668539845
45.7994640622104,64.6289389476984,49.4189060490195,80.6990141281422,70.8347803085107,56.3277316186966,50.414352682275,81.7755047650742
47.5391314499646,67.9254869979844,56.9304082025854,85.3999805212786,77.1633662065289,64.812145803782,51.4991072032672,83.7944486392362
47.6765019393999,65.7129742022339,56.8374950763996,80.6321941423686,72.9669939071222,63.3060087665502,49.8181248913077,80.2663281872106
48.4334540634534,68.8690748190421,55.1948147002117,80.7772844538525,70.7313674399805,65.1303586626909,50.7154107264786,83.9190649928088
47.4434766659772,68.8478907408912,52.3561930497431,77.3178955429096,66.9073370527149,62.2214575501028,49.9603408004648,84.5360219400897
48.0743226611473,67.4508543123335,51.1553127088742,83.088846140054,73.8759778652506,60.6706208177801,49.8131413924555,84.431127717537
47.0382222074985,67.964532146093,55.8606952723502,75.1347726679634,66.2191077880316,64.5763276101279,46.9408203256785,81.9797784136713
48.0126304903998,67.6395711711905,51.4016893488163,84.2186616214248,73.0321306855678,59.9979883016952,50.8237683172959,84.7475955160679
48.1533833808433,68.757722465836,51.8796343793361,75.3692827728706,65.8720004995273,61.745351517567,48.8685852650434,84.1301777674903
49.6449197395808,70.344157177304,55.4714433058961,78.9729580369664,68.7930337397476,66.8229367373592,49.1194282615178,85.0224836983359
47.342643360604,63.6916730199203,54.0515855348922,75.8545475156018,66.2512391872081,60.7934465469791,44.4386605586268,77.5519189946296
49.2499054801625,72.7845765892375,53.6331431917609,93.2964091501467,81.0936742930041,64.2891315500964,55.3873280098689,92.0753291821069
47.6577611048873,70.7444113295559,55.4730668615882,75.5589198158022,66.2577499347199,65.7750608305884,48.3762177402939,85.7376680790257
47.5598413581483,67.4127326789269,52.4803966952448,89.6161652333372,79.7462342982644,61.0896044937176,51.6174332306314,85.0285420894671
47.4208663052393,66.004885794522,54.7380162712225,80.2421285989139,70.8242251268235,60.7845585134223,46.9556553224115,81.564609097436
49.257636587474,67.3798718957896,58.2883042957928,73.9930876850748,64.4937370689951,66.6087860628205,47.7541165715202,80.3778109900173
51.2852143292519,67.0593136471824,60.819297100992,81.2971660151139,70.5071242510087,68.4894145578663,48.2337484817254,80.0128409376545
46.6509268679787,67.8726119402352,55.2262909291913,71.9512675191475,64.5151245495846,62.7575604341643,48.1668299035083,82.1909500305434
45.214647672888,64.9633563870021,51.5572973034554,89.7479387477891,76.8786312641624,58.4159593732498,52.5333549975547,82.4850735979272
47.3289357290745,63.1182331837593,56.4220737656775,87.502369793446,77.4218319759168,62.291237569927,51.2821370645596,77.9340912973969
49.3315743197962,70.6376329845026,54.1704527241476,84.5391625765791,75.1846533904473,64.193991412982,53.2756510035983,87.7231385075157
47.58829634208,66.8478474085709,50.7489247944387,80.1578110615399,68.582835930851,59.2878487531987,47.979487682758,83.3348058483638
49.7168836484319,70.1632503703783,54.0556132555464,94.0986017738317,85.3784906958842,63.4596965288535,53.4546178351358,88.9755146175921
52.345275006244,71.6219725350808,56.9673902681196,84.8478871264712,74.8083778376751,70.0395436046384,53.6609122189924,86.8361020583152
46.5331946432846,68.1499571972337,50.7388169691275,77.1187040458165,69.1698821976807,59.3074105035197,48.1442824070263,84.9009492282952
46.9887909879832,65.3791107516081,52.9808425097489,81.11755614477,67.6832243962127,60.0167814124271,49.1835233529041,80.8391861157054
49.9907408705552,68.0411292830647,57.2537669077216,82.237932560255,77.3217195441138,65.8288730411003,50.7147448584529,83.2577263383517
47.2257481673749,64.0856585962828,53.0431221672227,84.864273356279,75.4954163259374,59.8928076313175,49.5502422953633,79.9309483192738
47.8041541256648,66.0960816150874,57.9495214263424,79.6212020370874,70.8387449158785,64.3719523513189,50.6554284293484,80.270599304693
50.5099465101679,71.4597931270163,58.0643173274021,87.6806798508797,78.5432509879382,67.0712952745009,53.6743638841741,88.0356392408857
48.2370173447594,69.4476227965493,54.4733606808539,87.0094935977936,76.2396796888069,64.8978194989227,50.5103396702131,85.8205457715252
48.8362592563199,65.1343603951803,53.7353818957854,81.0118789772968,70.102376530487,59.9866768672137,47.8716648779666,80.6834396741346
48.8136127155455,70.9764860288088,54.1431346825455,80.8050906466338,72.070975979025,64.0426066464344,50.6259071910649,87.6507050870644
48.1753819609256,68.8090550807578,51.8398597223918,72.2459565076639,66.2536788406206,60.5248025974197,47.7586613782335,84.5279152086241
46.871353773808,69.4275966934841,51.9467984045663,86.2905367374655,73.9131658450849,62.0398335552775,52.0114924060792,86.9519506387084
46.2309252438031,66.0141309794015,51.3568287976259,83.0209053372015,72.6279526188894,58.0560917335471,51.3230093622118,83.2030092010643
50.6820589202251,72.3147457749083,52.5574476719494,75.3761109353848,66.2642759149359,65.5563168326432,49.6526884897949,87.9931189050608
48.4626572140305,68.5086416166278,58.1374696189707,78.2256352378162,70.1492329373773,66.9689882049453,48.2817752533666,82.4990471874746
46.6567183162504,69.0344681178759,52.6648183826712,75.0005627882963,63.0505514416734,61.4131261054166,47.3386532476884,84.3923372115967
49.9265826961434,70.6680306962519,51.374255404635,92.4352957720521,79.1469866923462,61.5616306051198,53.3131335362687,89.5942003228643
51.6582673949859,74.0427495714328,61.3004200389381,70.1251516658449,61.1010068865002,71.5238624589757,46.9183489182405,86.983192005545
49.6640780663148,67.73882821328,53.0500899665047,85.4851749857012,75.5971694362417,62.3602940010725,51.2570994065128,84.0237228212356
48.280137708607,66.2696187510904,55.5186232889644,88.7898570250919,76.588362810189,62.545108263519,51.6287952730468,82.5741531487983
45.8005063601946,67.8475557745635,49.5277805015607,79.7930325649368,72.1067326024498,58.6972250348006,49.9107068907429,85.2277225882627
50.548472681139,70.440905579795,55.5098977545628,80.9913261520323,71.6452558006841,65.0953551098777,49.6935555582915,86.1688912938369
49.7780503473811,71.2125662509141,57.8210120707153,78.8882072892562,69.6275766575421,67.1182487100051,49.7956687202956,86.0403649796978
47.0555275740941,68.2881817895326,50.5054518439951,87.2228618944665,77.1619811014891,59.7208410860749,52.7210666718302,86.4500616175667
50.4099206722103,68.9191877665188,56.5669248303404,74.2957044291656,64.7648038830955,65.3775371431951,48.9262617154915,82.7993829797152
47.419819312091,69.0222211349845,54.5268212722873,82.3729036726591,73.2778750573427,64.2088113845443,51.7947223593445,84.8736978754883
45.0366163514915,66.4261309306617,49.5390768100794,72.8040408319912,62.2985353166198,58.1114906507931,45.8336405441889,81.9448622630494
47.750013427159,66.7869800901783,54.132763637712,88.0653808211803,77.9344569557393,62.6474673434094,51.3945504795772,83.3047033556587
49.0646281083632,69.6134911424508,56.5280163279022,82.9947433832286,75.0776625081746,66.1873576056522,50.698192624462,85.2632523157768
49.0529389824935,68.1220008503008,52.1334860541879,83.8182014483846,73.9991825537126,60.6065140381256,51.3819270440384,85.1587379353644
48.3205615081693,67.157252359901,54.7253586307449,78.0832447248001,67.7867746823,62.5657220015913,47.8831466767439,82.0928609279788
45.8031807310233,64.9473939409957,53.4088469439385,81.5783428576993,68.9574104556838,59.5839676403623,47.4959925681546,80.6457681442211
49.428675711329,68.8903956503719,58.8643455176617,82.4743618964583,73.9184501504562,68.1002961237294,48.4909079132647,83.1649436405846
46.6354463213625,65.1989508482859,51.8092197006238,83.3624009944262,74.1025032302161,60.8645374083644,47.6790925382327,80.9374372770401
48.7850291422789,67.3119907285909,54.7695894295548,78.2226891419915,70.2108608566227,63.8481342030351,47.4089061699809,82.0357129965766
47.0038689045768,69.9350294625452,54.4451293289223,70.7359102720061,62.826241752853,65.1831038584752,48.7412967316095,83.9297468749226
49.9130871224218,69.6970882922853,57.8210647785064,85.6703305251651,75.897113523048,68.3528161643371,51.7774449218758,84.5592894496652
49.9009704251508,69.2647467175403,52.1716979309221,84.6527948760879,74.1270793585231,63.2706098780267,51.6943936405667,86.0058032821785
49.9573238283916,69.983906132388,57.7445191429149,73.4086512518284,66.1954537128867,67.2030513320104,48.5433744665006,83.7623266700272
46.4525425567744,65.1062438836292,53.8666645641513,76.4985218140234,66.5948840227268,61.8736064237871,45.5533389219352,79.1286231455567
49.5133446582647,68.1920888427801,56.2381345880633,85.0498236942992,75.718136709183,64.8480457676952,49.8354059478871,83.785457371846
49.2366972543342,69.2170550721155,57.1664780221337,86.0517375800521,78.0919345500754,65.1903471155689,53.1630087526375,85.5594483626163
48.8859494065101,69.6360932689477,54.2969668748535,81.7194455124376,70.473182066455,63.6202973068366,51.4555011988879,85.7949451394053
47.3199281433947,65.778689703562,53.6466253851895,83.1631359195476,73.6852725960717,60.4436288271623,49.0106978415055,82.1547025543979
49.4937396327243,70.3555498422647,57.3435043074559,82.3021598798105,72.2551954775187,66.8163336344338,51.0154781200837,85.691323355307
50.1528232085758,68.3648022796125,57.9061145622786,85.2458285397094,74.3183186050565,66.6442811123933,48.3270879860497,83.1939896286125
48.8903417359137,68.6382459710706,54.4852052064144,81.9929733110586,73.1626124394076,63.3531315168768,52.3382353052673,84.5033391542577
48.1940520986007,69.3219017895695,55.8115632766764,81.5766791678865,71.7098951590464,66.7501974781088,50.5542087634676,83.9983734921983
50.0828464276639,69.8466136188898,56.7418640739296,75.6761283740236,66.0948886478114,66.7551124617682,49.303667349144,83.9310701193763
48.0247052397408,66.0683404358001,50.8744793928954,75.1953054423554,64.9185357919563,57.4451961202661,46.1757861664668,82.0230362551507
45.3465588724051,65.6369190904131,52.2963752681371,77.8772467028237,69.2747671605048,60.5175718215915,47.6201276103021,80.9379543110447
49.6554391378399,71.2584782350159,53.1513362345957,84.0045183229902,75.3602494718323,66.8959003349386,52.164480071133,87.3190207850691
49.5858167923473,65.9883103203543,52.3577282999918,75.1852256098797,68.0398061697164,60.7437994343502,48.4342967613432,80.8433051649257
49.6601778084891,68.9245261380173,52.5981483408476,78.9763357329181,69.8255621713362,62.380841378538,49.3459777407769,84.7635249136505
49.1560878067561,67.7589654304711,53.1411905901565,76.0194668203463,69.1805098344746,62.9108383386278,49.6795594096395,82.6315044011515
47.9602342981851,66.7829477023368,55.6016556362886,86.6819298737945,75.8367465131321,64.5378079867206,50.3455426412597,82.1089041509337
47.2222801734033,66.6000270634163,52.1794947964735,91.9770270910397,80.0204814635102,61.6640008971387,53.7115454687942,83.8672208522818
48.3223863598745,71.1858171196195,51.7215256301918,71.4968570723479,61.8046168958587,61.4239682770677,47.0005881441307,87.2652050144519
52.3788126698705,69.6058252469974,58.1321910176267,85.3828866237955,76.3096347466885,66.9680514281715,50.8742048630412,85.2495179603382
46.3859649912811,67.9009687939606,48.743551924925,78.2466223642158,71.2105476389314,58.7409358594549,50.5164384600649,85.0998676360249
48.1699825326243,67.3781046088426,58.9851669326324,84.7818740760882,73.7758527983186,67.1600367666238,50.1648079012011,81.613186548702
46.5321398110832,70.8329927895654,52.4804411547039,84.6966457611125,73.6995254126481,65.0972247405913,50.1453463449858,87.1921630222392
49.3294025313936,67.4268048986573,54.7146756725785,77.6249225325546,69.8178387173503,62.7899632392987,49.2839438602606,82.5845320573452
47.7851209729431,67.1298623459337,53.5597741551348,82.6966768366297,73.7146849039011,60.9970377841105,49.6475377612581,83.6541980817767
46.5307718562869,66.9854712934741,55.3381849056989,77.2483540767388,67.2734741660209,61.9446503792412,47.7766735973124,81.8311084483601
49.5257476348906,66.8854577249324,54.3821466730373,73.1511184934629,65.9819636764715,63.7697874002971,46.8471179330419,80.6003304111301
48.1274469703671,65.8897309774145,57.1856625727447,74.7860503203583,64.1374258653236,63.9561446997417,45.8585558296453,79.0947720400086
48.2719085484028,66.6834716979393,52.390886480087,79.9041555535089,69.1824141975045,62.4004582656962,49.9362796457843,81.7274815965007
47.1234386976257,66.7547517244864,53.064883168943,81.7042159642126,72.7345214664635,62.0740392659349,49.0926055746351,82.3130934113525
51.5868737440784,71.5384338064273,61.244816132468,86.0439353896298,78.0648070851448,70.1680932497822,51.1684277124815,86.810026545303
45.9474522326464,68.147591401213,51.46910705076,71.4719896212576,62.8553049850375,61.6755138917293,47.4251119365519,82.9585224376999
49.1912940110799,70.4001480046648,54.885796727075,86.4496505989338,76.3284005300811,66.1569557855401,51.2854179987022,86.6971100550202
46.6658752407255,65.8631670326595,51.7227014529243,73.6050164613017,67.4018791385665,60.0924366273523,47.7227023522546,80.7307173408405
46.8291679798839,67.3159282782154,52.0699111591549,75.5917955422038,65.6568283609438,60.4664947882864,47.3806058365764,82.9303466851982
45.3302546847712,65.4849721022819,50.126108683929,85.7881211926548,74.3202850016718,56.7940078874429,51.5105527081478,83.3291868568395
46.2981780456525,64.652813965757,49.5743687758527,79.2817122341998,68.587302797672,59.8687666936916,49.0237991297614,79.7756094771749
49.9222750544895,66.7359865078804,57.9774561993079,86.4290320975825,74.4769799276255,65.0659989243057,51.8943948028204,81.6416558711882
49.2276239833795,65.6081401865842,54.2509682258229,74.2516901799205,66.6839008456453,61.3645309663311,48.5059580485282,80.13140811691
47.0868176489598,66.9870484098296,53.0281280264403,80.8277117342227,73.0260159305055,61.0493282896307,51.3577609953139,83.0702408291432
49.3203851474784,71.1599065654585,55.6791956689808,77.521651872217,66.7129632648122,64.8310388008686,49.9706007607285,86.850164143518
51.4406651772398,69.4237087337069,55.0698834277366,80.6549450636154,70.5405168137253,65.9360538089604,49.1492379048585,84.4254514300859
45.534843499128,67.0966868014612,51.0852314012982,80.7438408348833,69.9776050795409,58.3188343447639,49.0595460525286,84.1404479692527
46.8974369532527,68.5272021003847,50.1568835919817,82.5314711150879,70.5383721864976,60.4965398600838,50.0149570535778,85.5709370354228
49.3520102388056,69.725512263903,55.325560370695,88.5372152406258,76.1661019523948,64.6726093812921,52.3405440915941,86.3484316877216
48.680491032863,69.3497641804276,55.3025977611941,99.839091653586,87.1625243297817,66.3823452186541,56.3424461142594,87.2787498477912
46.1705082325448,66.0313416369227,50.3696865759356,71.4120547074865,62.3279188496657,58.4669210717684,46.5710816946984,80.971822596742
46.0896335254604,68.2939656360357,47.3716845408689,74.9545825226697,65.9919528069509,57.3157883716725,48.1410020421639,85.4220977661544
46.6623292336388,67.3309486002735,50.9683683857319,79.1292787385638,71.6362438624432,59.8430541758889,49.2433795189218,83.7131120418869
50.8158890976313,68.385913762583,57.2463804964467,77.6973222393748,69.4895153560603,64.5815140091296,47.1608217347533,83.0827299070956
51.7847321873483,69.8034574787981,56.1283243310614,70.4684927407323,62.7240660356503,65.6353702260937,47.2694235860196,83.6452257838383
48.99017852793,67.6600896534896,55.2805256361631,80.759086927114,74.0071689246064,65.2040099955369,47.4345122546484,82.2669310173653
47.1500002106121,69.9890162862896,50.7697261252416,77.5342140217052,68.0406082299455,62.0226170936132,49.5216219404516,86.4153397071885
47.6814241563383,67.8026397223805,49.5192696471886,81.5380868254266,74.8117930600504,60.1723518560176,50.8479595168631,84.954087730868
48.3914988032536,68.746728384042,56.0092504794501,87.1622439711322,75.3690231046346,65.1625320404004,51.4801628677646,84.9537269097968
51.5063243371464,74.7398763975102,58.4336893377484,74.3617849371929,65.4305345153013,70.6431727698525,49.3176426441346,89.3098023331355
49.1816965056823,71.2701824465489,53.8320879756948,84.812223857765,74.4131457459633,65.3193311888029,49.1450860629076,87.934850103311
47.9513875273232,67.667100114641,55.4167189616004,77.6598324525428,69.5617970275443,63.4852714714748,48.8172591890634,82.4020091588565
48.5715599455555,68.5283800424698,54.6522098544557,81.5058816109329,71.9229684853102,65.6055861826711,50.6192648360086,83.3255823547123
49.0109183911298,68.0878941146698,51.4804846536021,90.5701170599638,81.6368150502401,60.9909714198932,52.9629854302772,86.4042349526459
48.493786629812,69.6011254201558,53.6311791853255,84.1857477067675,72.638565825605,64.227068150691,49.9989193600565,85.7573059320916
45.7415691475834,68.3388975116182,50.4839686506674,82.7239784065291,71.4071889870013,60.5290750170191,52.9352230780686,85.5958579414335
50.979323261784,70.2239072448537,56.9693576288311,78.3741143111815,68.389139824012,66.0587952893197,48.6642312788975,84.9894568444006
46.7292525965227,66.316738688771,53.339677174322,71.9332031379175,65.3565451416923,60.9755918687231,46.1912781139787,80.7332607660379
46.7463310870602,69.9102080806532,50.3240485956037,72.0710085322885,60.7795281528297,60.1091092556393,47.0157160043824,85.9222385115468
44.2527722452049,63.3355049461102,46.5364105631557,81.0760127273574,69.6727170941769,53.9671275213442,49.1859033272072,80.6852388280295
47.9261008769117,70.1518076461083,55.646888146292,86.3083666552468,76.9788984658839,66.288518593981,52.2057415993604,86.6189802754627
48.1090108620229,67.1662592199957,51.4035170258076,80.5057919782423,69.8753306607395,60.3446930877221,51.0023968768417,83.2688187695442
51.168984747565,68.8751789685722,60.2686137557407,86.2802261833252,78.3328639643661,69.6343396393624,51.2240020172268,83.4314922226271
45.9575022881501,66.8240420221747,50.5599925648028,71.1077515460275,61.472732910042,58.4270044547449,46.2556011016169,82.1787216212594
47.9427853786439,69.9219215671354,49.1882675775264,76.0601881345037,69.4836111014144,60.5008109564977,50.7702411013958,86.8067541215431
49.6072673039638,70.2132270487634,57.5630014283369,85.0186568044321,75.2037908414592,67.1095902242784,51.6026715794323,85.8124431957647
48.6439639637537,70.6010316671288,54.7530973739081,73.6554449811262,65.8909385119612,63.0924831981003,49.1236331195026,86.1959291886079
47.6303329813576,69.1203836813458,55.8916283339081,75.6461462355013,65.895986074033,63.6617680606243,48.9658048591934,84.1561649852704
45.4143985283262,68.5319347262432,51.1427380318531,70.4818430887897,60.4007209833275,60.067240139927,44.9046845625594,83.7322554122815
52.0889262299058,69.7852327793336,58.0944897737583,84.1328399429957,75.0504615066827,67.5584211947201,51.6656873025131,84.8852246610257
50.4926299493582,70.4114100762415,54.4976026940043,81.4459721177103,73.1133340100054,65.6068371970564,50.1534896563201,86.2926403458214
49.9388846425199,68.8580820964009,50.5342901942613,79.3871245172846,70.7827822824366,60.9588710930537,50.2075530674444,85.4822853971636
48.7641331581422,71.9205746081328,54.447238954806,74.6402681028888,63.7043611518384,64.8937869728874,50.8383234775724,87.5285926002219
47.8785846176548,64.5537171145928,51.1211362237598,79.2547098124962,71.1475867202878,57.194884234153,47.142305824237,80.9961223427981
48.3059714265149,66.5447624177129,54.1327493251282,84.9790027787627,72.4211653466582,64.0869523656563,50.7408498609317,81.5106607175774
50.2409999968425,70.740994097312,57.7769891521262,80.3436412680107,72.8461301812046,68.2411744891387,49.763594688656,85.3392866771023
49.1269872598223,67.8834415688693,55.1918119778634,75.7157424402417,66.9728248004666,64.1924538000084,46.7103672320146,82.1063294630782
49.4651298262924,68.8140243011408,54.5585661750283,71.8772304591239,61.4122838060417,65.186174372323,47.1557297184375,82.2734728502651
48.0857171387749,65.8826002475082,50.6130348599541,76.9103933831846,66.3928975723514,58.4089482733603,47.7991082081351,81.7261476548052
50.4612814966155,68.1905742546996,56.0806421206508,74.5196397374438,65.1447809406627,65.7593407131581,47.266745008309,81.780335893067
47.8274149720814,69.1502612162942,55.2222476673514,88.4591264622882,77.7561366215931,63.2057087170945,53.8034191797107,86.6454728533629
43.2649429900653,67.3667875289781,45.972838835799,82.6567954655577,71.8816838567612,54.8024988282671,48.5689465288989,86.2745843887486
43.368379015443,61.4043475266646,47.4542109584774,75.4018601910868,65.8302832599521,53.7220598017165,45.5286537016412,76.7425453928751
46.804237203305,64.4671674559584,52.4978245175781,78.6355881317184,69.4313424919732,60.7650755626709,46.4269366996333,78.9776823988882
51.0424375510593,70.5066015718152,55.8469220778241,83.3904418701341,71.132866855468,66.4984573935516,53.1224229949296,86.199022101988
46.4253828486707,64.8320590156971,47.9720849050837,86.5201676077125,79.5722730542431,54.5145888309215,51.4470063754287,83.9067755540603
46.3150200689365,68.6370983701144,51.5435431950149,79.2606738835235,70.7661173197955,59.2367892649349,50.5180986873516,85.9376092377502
48.8180369791536,67.3194378285773,52.7196477059553,80.3601924374414,72.1424003525976,60.7524602163638,49.8770636606011,83.718826533439
47.807531840019,65.9151158707739,56.6442293202226,80.0326806609131,69.5034719538491,63.5940365036892,47.3234396471521,80.2437646452746
51.2935249938281,71.0449518273307,54.3016784912212,79.546085453581,68.9021632462656,65.3443987387165,52.0866630322461,87.031869563678
48.0867916270269,66.9194705950417,54.847157341608,76.7544107491806,69.0065073550036,63.2415179798977,49.3145273535424,81.3050292047812
45.3243055462219,65.5774270822127,52.8725981167024,93.4299643221025,83.5171960096131,59.5233259364862,53.4343998779239,83.8539168307146
53.0368964425591,71.3775456029405,61.2394453618748,72.4952087845588,64.8803021909335,69.5428410438028,48.458684747279,84.5366869030161
47.9937176545502,68.9904330036377,54.4871525616414,80.3254213222148,70.315587225761,63.5822701737935,48.6715314841251,84.657332646437
48.6814645974834,66.3200065807701,54.0168336910234,85.6865768677432,74.4857865606354,61.727468491476,50.2058844809213,82.4740767750942
49.5163707881182,67.6834630246203,57.7979411431848,88.3248756918884,78.8378518764999,65.6516213411568,52.5420685607229,83.4400598627198
52.0541149024783,71.9987038109049,60.1200203216896,94.5316103618271,81.9262285559691,69.7748315758222,53.2320137728252,88.9022299322854
47.9443635009273,69.5071020111818,48.3026209608454,96.8259506148079,85.4748703647612,60.8450458506419,55.6711379316872,89.4520768452699
47.6826970438013,67.6426163507493,54.6391797083138,84.1433122388859,73.7481590989829,63.3648354919955,51.3418471069145,83.477936061019
45.8801518389409,65.2976207841244,51.8061619284296,83.004826620446,74.8708154227984,60.1352390344788,49.5247779274414,81.4056774922875
50.6915035575411,70.1956305684582,57.1391309432658,82.9270540902858,73.1616930727071,67.9432659678557,51.0367575188273,84.8928693698454
