"V4","V3","V7","V5","V6","V1","V8","V2"
68.1497736615795,69.5783017377525,57.4439768845876,49.7964844862861,51.4530923687762,68.0550018253059,78.1047550424508,83.2754575884044
73.1087586901536,70.8134883864049,59.3218476593144,52.0572517159466,51.2309943242124,69.7459920473107,83.1951344206108,85.4622757957678
69.7742553088951,66.0491771941226,53.2770941074503,48.7393648099729,44.6274195314227,61.4608579977556,78.9059103405158,81.0960402796702
64.0200437568612,69.3086878481869,56.6116762351688,46.8818563393751,48.9116496538083,66.4062036035749,73.5659518882369,82.7456622371214
66.7113082664369,69.7610788057028,56.7372067674522,49.1413572427767,49.2532185449837,66.3054569616559,76.2877452076687,83.9906582192817
74.7029145828105,67.3502016446637,52.6597023369888,52.6657181545014,48.9602596508124,61.5401331524869,87.3573453233707,84.4586979619479
74.2044236853363,68.4136689210861,54.3634833888357,52.7639704127659,47.9883142715536,63.525376597125,84.7092772457325,84.8264401165908
76.7866938402067,70.8281000104443,56.1214257067627,51.7271539802647,50.6915648962034,66.2282464038331,86.9138668934602,87.5137117694784
66.8555816130472,70.8559494135528,53.2779467717064,48.9071833729903,50.1848765021439,63.0925109185238,76.2335382879308,86.9863821494466
69.4836075420904,70.3052643249298,54.7136559277156,52.7691991574374,47.6742639018956,64.5112019398778,78.8252565291609,86.3852374081571
76.4819901046923,67.7665470889613,47.9738941894342,53.0004131512152,45.3426514454818,56.2778012152244,85.0987452095547,86.9230609177082
76.405223716547,70.9678301680479,53.838281796339,53.8934783145939,49.7573937654621,64.9290581727029,86.3264803128531,88.0895241584049
71.9130289350659,66.5156749275369,52.9139482519637,49.7633241353004,47.7540534259271,60.3093016625057,81.2898386900547,82.8406469563838
68.2573301815588,72.803753604619,52.971094126746,51.3136569169053,49.1876646435126,63.586314285806,77.8765159416083,89.7672366282073
75.9087501181412,68.5250669632582,48.495704968546,52.9615772797904,45.8340302452444,57.0055887477074,87.3196736483188,87.9765473644671
67.2948091764792,67.0866800725622,55.811200151514,47.3640467575618,48.8111802155033,62.3826810307159,78.7981667421364,82.0133421298915
69.1796751701803,65.5033351433184,53.099498326175,48.7624756681618,47.5485565553007,61.2405270787226,78.4720509378847,80.2499832631009
70.7981160708684,68.4614469892547,54.3253253261796,48.4662523562589,50.0839760058021,62.8017233293641,79.528733840993,84.3022928317456
67.1008348645279,69.6546985914525,52.1203552175797,48.2883130791432,49.6944438597522,64.12781824681,76.9013487644984,84.7914713915076
71.9499236903646,70.0895855781381,60.7076733621383,49.6168791400017,49.2559036590519,66.6414268948709,82.9214219397709,85.2689426088186
71.4396102527108,71.6412237221244,54.976447391274,52.0069296465387,49.638549445759,65.9989107866448,80.0767990043723,87.4930920577115
65.1233570345973,68.6244665540231,54.9179977343644,46.8983173470986,49.6625936703738,65.0965330440942,73.7436383192537,82.4837756741165
75.0921791882277,70.4261192682805,58.7414065772699,51.4384713338964,51.1817038509971,68.1451255900303,82.8573099196457,85.4439313104309
75.8729273510034,72.3790616899788,56.6948260927281,51.0011248475257,50.8077830221196,68.1672595150808,84.920050187691,88.4082109746249
73.9746644767815,67.2389271381977,50.142914532522,52.0205382781717,48.0373761028903,58.5064349098243,85.0673838767335,85.004820231123
76.9035374146413,67.4192999053546,54.3372147084666,54.071611515362,48.3589248148274,61.7666112944264,89.9778982717812,84.8936950349964
73.849218892183,66.0237106989088,57.0045755664821,49.2018474287562,49.07631168211,65.4262607514116,80.9742436787854,80.0668097256684
68.3733820762251,66.166943295006,51.8829123882634,48.0098141680065,45.6822573211352,60.8332036333616,76.4158345310936,81.2354681221373
71.0903452560187,64.1361713292922,49.9428739270647,50.4385908956621,46.0152007352977,56.8045203365703,79.389210574876,80.6733040732637
79.7444675199482,67.7988815323059,54.9370864488027,50.8650349999147,50.2199839493877,64.7693624646721,85.5090848465139,83.8150720393422
77.3133750476407,67.8537945329876,50.4241234416893,50.9388295738278,48.2895807433972,60.434310462645,86.3034269793686,85.1827506548879
73.4044743858037,66.0426514888237,51.1945694650527,50.3509571504594,48.1218060988408,60.1590559894413,85.3368235405898,82.5856100367836
79.3865902813706,67.4316996981577,51.557702754359,52.934305433441,46.1782980853092,61.0409802334165,87.8189397466294,84.8829566436366
73.4723911351859,67.6587176324733,52.643053720533,49.3723421185985,46.4027518531835,62.8034871058841,82.8200339783992,83.7128571760018
76.854316027771,65.8530097617475,51.7750505236209,49.1775469603545,47.778387621987,58.9785549343302,85.0466311614625,82.9092406838324
70.3808394784357,68.3109609432368,49.6235989840874,48.7184376066742,47.1243305820952,58.819753850325,78.3339166932761,85.3827132101614
75.9170829334211,66.0279495962337,54.3256985690577,50.2382615584935,48.8729924937303,61.0173365946154,84.227984986957,82.2857729419863
69.2435643754208,68.432348965201,54.0449528115163,50.6146075818792,49.3959162453544,63.4916935054585,80.50537370194,83.8349246601645
72.9552112800024,67.6739620644336,60.7509637675419,49.9509153043783,49.0700590442444,67.2112299272851,82.014581749043,81.8877012381968
67.1495140433734,66.5016882671782,47.165533911796,49.2833467786103,44.3368619666177,55.23735496916,74.5670943688705,83.8792356360703
64.5490509417908,69.0445588136168,50.5145922101681,48.0427907922337,48.5854011838739,59.6181420163832,74.3503661587239,85.4080947624753
73.3707109359064,70.498829693769,54.2220384082596,50.3161573016797,49.6361640670103,64.2734423132783,79.5003901821543,86.6859363319302
74.8332319771562,68.0369304152264,59.2997760761108,50.7815122736361,50.7414747273461,67.1756814467092,82.9553615071214,82.5258235430451
85.952605922102,71.4977923681579,54.0020083800037,56.4510526197074,48.2296607884516,63.198628206414,96.9086182809514,91.3216447019587
80.0677744703385,72.3071512051491,55.4787755110811,52.778726820763,50.4245343364309,67.4071432814351,91.0858626757,89.7358644813827
63.8903431826787,65.4471625391555,52.3040014211207,47.4471014561033,46.4110203484429,59.4957965067159,71.6996407206875,79.9138460039215
74.0195432735129,69.3079990832906,50.5234675452231,51.2227420921447,48.8964159963587,62.6224541090149,84.377635051478,86.2213805555763
78.4273570427739,66.3267137156654,57.0641469208729,51.3027491095944,48.7693917851711,63.8643273318336,88.266852107469,81.9854462733124
72.1508610514232,69.2508177854199,57.3574825089108,49.4675432339413,50.915352886624,67.2757983167768,80.7663003851766,83.7887178846347
68.2404924211194,68.6946818162852,54.8314624308282,49.6392967164867,50.5088267637854,63.664661268758,76.0163087739542,83.6334483046735
80.7965058524963,71.5755379418903,54.5747502470631,55.5614636966522,47.5983668830847,64.9941764199488,94.384447268875,89.9942610636509
73.4833175026423,67.5522665892424,53.9047589712112,52.3570265212504,46.8976279968127,61.1657045450208,85.4043412547617,84.3708493922199
78.8096506791572,71.774638667716,56.926970908693,54.8602515756602,49.5297744738915,68.944159196693,87.6832647903409,88.0486467644505
64.8102498198644,68.7902816518668,52.2440375516436,49.276449762417,46.5129633201362,61.3481314869184,71.9526696987571,84.0235244274156
76.706822389556,65.5452946355518,54.7983488521002,52.2037602613431,45.9116018768278,62.4130012450921,88.7250545642061,81.4963553036111
68.3943423814062,67.0529979111544,59.1055329023105,46.8970837418096,50.0207992026463,67.5237866745257,77.2641683443308,79.9259927889131
67.175492815535,67.9363413149915,49.930332991961,49.3461140752683,44.2855006927581,58.5260063870283,76.8617804490985,84.7439876316626
73.7281388095708,71.3058990536379,53.3092264912145,51.4978953763638,49.1454531384814,64.33026178026,83.8603767802463,88.3364117122646
72.9091249190694,67.6994241554455,54.693338269265,51.0148552289997,48.3513109834639,62.4861368440908,85.7715557259302,83.944325963116
74.4026095385565,68.2643625610997,52.5843839647862,49.6132867350076,48.5268587640302,61.7110073252729,82.9102626396746,85.1283547083111
72.4668956409495,68.9447867527327,49.2519592726094,50.7206759377237,46.0427125403095,58.3437257912551,82.7809683415168,87.3216082865151
64.5132281179046,67.3902924321365,48.1407293055055,47.776558026047,46.8730818691984,57.5699206322878,74.1080044181216,83.6084884953999
68.5116017813066,66.7431014121849,44.1399848516969,49.004072253496,45.5970320895052,53.0259759913901,76.0659531278347,85.3071265970945
70.4176291064821,69.804742121274,54.8179989379837,51.2919384573049,48.5375570482092,63.5551440674173,77.4670572739673,85.8727548586343
69.9913902044425,66.6256997043423,49.8791255890836,48.9041652518453,46.4210437902326,57.7286501774844,80.484760090685,83.6270752277874
69.5275881871111,67.7628341183088,52.7055679489257,48.8788411614471,47.8951671465226,62.1261736956421,80.5016215658528,83.358431807666
68.440016893834,70.4794749903819,54.0052475183404,48.5241290731735,51.0135519017896,63.0360711959515,76.6880381773166,86.4681893169304
68.7502368712257,65.7757015600225,57.4665185138895,47.3759063498565,46.6714488953887,64.8747428333143,77.3943044861209,78.9868709361907
73.0677824933327,67.3382795033533,53.5204922617425,49.8309577173037,46.4008168480605,61.407571113295,84.3633435353572,83.8041642589103
71.5739188048597,72.324053109164,52.5602891268339,51.0201667749864,47.6369282405704,63.7222010495588,84.6060209773192,90.0412954538076
74.3534978255443,68.3277081402281,50.6787374863973,51.8030807555769,47.1509394731222,59.2160241644083,84.7157505031705,86.2958903104635
70.8454328069666,66.8367923231996,56.7325379514255,48.1567809129958,48.8937677406264,65.2085468479076,79.2136608371572,80.833704363796
67.9936232628199,68.108649546935,51.8364564956735,49.1641359164549,46.0903474854442,61.4060744133474,78.4630075670734,83.9002379446266
66.8178488106205,66.1086701446581,57.7176362869346,49.3147864501543,47.9634007317207,64.4993073313378,74.1909704277816,79.3689799283658
54.4699623164452,67.3297889291432,53.3242958775471,41.8601722139728,46.8911947053449,61.7458044946269,61.3181255994224,80.0164208274991
76.7779290093422,67.5121563480424,52.71892467531,51.6972068763144,47.322396728919,60.3912796993762,88.6591355101218,85.1998249223693
68.9050610907379,66.984320987522,55.3957911129313,47.013231183897,48.0784181637741,63.0379446136871,75.7973337538581,81.4066370639622
59.4794931551757,67.0679523361161,51.9522336686037,45.2842581956944,49.3619075198921,60.8684652253509,67.0155907833572,80.9223026383133
72.6091766205553,68.1661507695781,53.925650319573,51.487051954859,48.8265975732179,61.5140636923526,84.4171396945376,85.1743225237545
72.0467053120351,67.5471552267601,52.6675383531446,48.7283930850311,49.3595002839524,61.5394951065807,81.1517907354457,83.6079538068044
84.6098549233468,69.5674027898441,57.4546980008225,55.4272344155726,47.6884246277488,65.9159405468175,94.563217572845,87.0063777979948
71.0674726769241,68.0018694981259,50.4921252323405,49.5742781179939,46.2844029034563,61.1458034951964,82.0657043020927,84.5210843932569
60.9364962532201,68.2290207089691,53.4101576533135,45.2292341385123,50.5908773860964,63.0626076795689,69.8692111332206,82.1491251333175
78.5888171140181,69.1283246147732,50.6850347878211,53.0552414644881,49.8768259653346,60.4690557080733,89.0407977892887,87.8385825470623
64.5697898388289,64.8387116241481,56.5950485451128,48.1107580592305,47.5249375528006,62.489703899557,74.4921538425898,78.1903375620465
74.6113137429892,67.1994217493529,53.3300226455495,52.4681170398035,49.1226766010378,63.0237597712715,85.6250467393738,83.3086062165153
83.5090048375745,69.7343327038604,53.6352906643033,53.1476455927141,49.5681487564326,63.9898284683952,94.2093097621931,87.8805031881487
60.7956504531802,64.1159079316006,45.7512542025253,47.0748071671436,45.3814967964828,53.0163118252562,69.6719257578302,80.1952271083593
69.3614512460045,68.7364641033638,57.1123790731115,47.758081402529,48.8152965943103,65.8703078022782,79.3109806774503,83.3156439996374
74.0449004971582,66.5746510716619,53.8548746494343,51.4126165458376,47.414126913239,62.6054678575428,82.5954862811881,82.0961293371704
66.6176710081156,73.3357183833597,58.7123305867576,51.2430782611713,50.807701353429,69.4838464355412,76.1864546439782,87.8854881737999
75.777434300602,67.687314418113,52.5951217685691,49.8797146835724,48.5196805276515,61.509814193688,85.771185841134,84.4047045358956
68.4189369734722,69.9939381830542,55.4351251149214,51.4784280429106,50.7530469748264,65.6807194301475,78.8276286799036,85.0328100469322
71.7523972312411,70.9765080924081,53.4146848740632,51.8698966501959,49.8717449579793,64.8609574500037,80.2208115599024,87.0516974344678
76.1687943600675,70.9791987910325,55.9984366413049,51.7079261198397,49.6805024529471,64.8712889265337,85.9453536822093,88.0369343164218
78.3705040800264,72.1250878158493,59.9136228846571,54.4261845996158,52.896900282523,70.1101850052943,91.4192722579838,88.4282898472998
76.6433230791537,65.9439697607616,53.602460255606,50.947090052818,46.5277360293282,60.8263842534841,85.8844658439768,82.4851635193566
70.0282136203646,65.6415053562652,58.8791709471626,46.5876200908073,49.5329327241609,66.0827255979297,78.3732432343671,78.5736084120379
64.3029167575508,69.7367935170753,57.6822534231141,48.6351461871173,50.3005325245636,66.9554617155856,75.2982992069377,83.4219868727131
70.2723759535527,71.9651429472676,54.7751814238375,51.9072130982236,51.8744834826485,65.4954213428668,79.9457925019037,88.2533584423256
72.3375262783587,65.2968559816961,53.4309786255467,49.2359639071777,46.2207597994616,60.1649304547995,80.2992811697542,80.6042639212435
74.385611773552,67.4993212351676,53.6984183031519,50.504509742915,49.0280486877281,60.4835136821029,83.462165978793,84.4477751624678
78.2502739646849,68.3076716656973,50.4116126932634,53.4676247833296,48.0553854910006,59.3161592353016,85.6453909062513,86.5910583521524
68.1594171493834,61.5090285784617,52.6747938057605,47.886709189945,47.2816757787443,58.5996785532627,79.1860153700404,75.4791722858248
74.3445739291739,71.9467997270728,54.5657642133034,53.7734366715951,50.5805690377692,65.6425280219889,85.1383351588356,89.0198823485472
67.1933278158861,64.9382651245888,51.7307014550665,49.0620470751889,47.4310479336795,58.9321706318708,75.0691819109424,79.9210476392317
79.9379646301149,67.5431540916508,55.0416484119506,52.1039835117725,47.0113635736294,62.7643733606662,91.2850771235317,84.7747891864031
72.6994442378844,66.2091916295677,52.4367478722003,50.2501506423401,47.4967530238646,62.2937794996797,82.2905120798262,81.6573840892713
72.6780387185972,66.9853541469991,53.2078621601191,51.1369487668119,47.011786293336,60.269914979323,85.0648009895447,84.0003340020403
71.6471177052932,69.8362989050168,61.6033241017467,50.370215245485,51.9393461793479,71.8946991217738,80.7823981561486,82.6976667289038
67.8306522262797,70.2499075888955,56.1111567989439,49.1896240852045,50.0566778456918,65.0498996226976,77.6357338804358,85.7113351874286
72.5188644713099,70.3844931020425,58.1683603394891,50.0808620409013,51.4486484643857,69.3942190223174,83.4974525565981,84.9172245047375
76.0330754122594,66.0756301038034,53.1851274525279,50.1872677395116,45.8634222752976,59.8710959094286,86.1872522719567,82.771866161549
72.6586637910203,68.0933609130146,53.5568756968813,50.9989293725593,45.4403476183601,60.2607198040376,82.2503316703102,85.1970517849177
69.8504275748065,65.9515425181109,49.8731604673526,49.554864314515,45.3995511078621,59.2017166969638,79.1256406872072,81.8418240137988
72.1625861258274,70.0252253450661,53.3889678483767,50.9695774236028,48.6087278908998,63.3976524318406,82.2943470732172,86.314574716875
71.1336879713514,67.8300643957962,57.4739246834931,48.2350834245762,48.0774370764208,67.1112686930306,81.4268593508331,81.5035628494717
64.335001702216,70.1874478165076,53.9827238528344,47.6861237392186,48.8835729521377,63.9904685500565,69.0235380875562,84.4944893898408
68.6807691395948,69.6677130972135,51.1169737080203,49.7526945998142,47.2322892182704,60.9865439950664,79.4467811590869,86.4346680228054
63.6468710334171,67.7322749237015,50.5859597880083,47.5455646502411,49.2000522941024,62.3243280989113,73.4822018831191,82.2474674665657
73.5911088158369,70.1023138305327,56.661970168436,50.0008731908943,49.1382595114797,65.5906966291887,82.1029139092252,85.7491616308368
65.0379674288822,70.3377167277303,57.7996164403679,47.2227165118392,51.4854011927267,67.9740038929908,73.6313488174199,83.7465428523127
74.4819558637008,70.0122079047897,56.1353541664484,51.169726059268,49.5022910675135,65.667000684673,85.4179299109833,86.1675333898216
68.7416107922897,67.1174549654048,51.8378402717172,48.8926914450353,48.283419089192,60.4515291933147,78.8886126911464,83.0629083239161
72.0196595457268,68.4495925492338,53.8482552167741,50.0964443701537,48.0263034691605,61.7973512143713,81.5293466239473,85.016738393996
72.4734805739122,66.6270989362508,53.7314238702334,50.7758625320497,48.5812930831324,60.6885751943653,81.918386339978,82.7487055313967
68.0697033968396,68.1658550444694,57.0779674865572,48.8960491181396,48.6364569997974,64.8418031924678,75.2799654263413,82.1936034929348
68.5984322230169,67.6109817503386,55.700347561452,48.665957050624,48.6927946551501,64.5353957115302,79.2269209842459,82.029760635872
66.86242340094,68.060766958852,51.7964525425328,47.4689866495291,48.3004833873749,60.6916265274774,76.9785650003034,83.939580253277
66.0035671844253,68.829203470036,58.1445571510842,49.3759615258627,51.5003744201501,67.0363501163792,74.2509845278773,82.1930513674587
70.9477767487925,68.7198803746985,50.8770606819334,50.0497664977675,46.5269573126332,61.0710939734243,79.1958389205535,85.2486637155537
65.8824501812926,63.3518827386892,56.3993119399804,47.1950886055591,48.7537582671427,62.2424096202245,77.045280734293,76.2062526145856
75.6639956070869,66.7701851097128,58.807703688479,49.8112665104791,46.9635140672003,65.5285690029699,83.7631498865817,81.4416244279832
73.5975522859046,71.7213041532941,58.1374480530814,53.0831915080564,49.718658786774,67.2402276977059,81.9282944037848,87.6574538865045
69.1337693440022,69.571027061643,48.8768417959349,49.3039415941666,48.1926879939667,60.5326181595295,81.2197207332913,86.800682625068
62.6791244018508,69.6895736771474,53.6041211000744,46.8823706881587,48.8081707578805,63.6463926001881,70.8186195789749,84.2681785494693
70.1032804724813,68.2870825205894,57.556786392845,50.3765075641311,48.8518917546984,66.2114248821011,82.0537255189827,82.5480857162345
73.5837849229694,70.992699252839,58.0965048531653,50.234857588331,50.4262917246695,68.0836253760244,84.2508805493025,86.3830608152082
72.8991020900959,63.6710700208989,46.1441000253128,49.9551096243873,44.4117190489487,54.0231444235306,82.9523143921009,81.6003337898559
72.3718161859967,72.2324614261086,57.0994245491994,51.3574142827736,51.2449452227076,69.5460967951825,81.7794472380922,86.9849923244276
65.2676339150675,63.0504187050165,54.8810466903261,45.795490454958,47.5995462953773,60.1459703498866,73.8688186824934,76.5411390818447
76.8123833870093,67.0056469308661,48.8167343522024,51.9265999437138,45.7718592893654,55.8834193543515,85.2918155512492,86.2453621949759
67.6451718309916,68.5661618039484,54.9753757771821,49.3718925992336,47.7422476213569,64.1045439004712,75.9613090101624,83.2511090333483
64.766943081361,69.658513383153,59.258576802726,47.1180891700653,49.458455695919,69.6295367471642,75.3292793869066,82.1526201350941
83.6477185509878,64.8807926865118,47.8185697540967,53.323527753693,44.6542379525507,55.4313455689722,91.7125691095796,84.2079766333558
77.4754277501566,70.2239884639453,57.9614882619989,51.6775157079781,51.1079746566771,67.2726603256567,87.658320174101,86.3313989610204
71.5064460076507,68.6089055088349,54.5676969661861,49.8979388005254,49.0449072220101,63.7836666775674,81.0764831377163,84.3002251502399
68.4814284179485,69.1826036061746,44.3779588881014,50.3694901932905,45.0519210082086,54.8486497714006,77.5200427432708,88.3142881870215
72.4357041759915,67.2281220297524,49.6633565463168,50.3951161505941,45.744942080312,57.3705994472583,81.7430598863438,84.9329011136186
80.421914208415,66.7770254218181,55.454240288932,52.0821795059634,46.2731797856592,61.6582985114295,88.6813269012131,83.9561914373886
72.1528705558708,73.6440217266898,55.4955285403565,52.6752014658865,50.0563619417737,67.1906735983142,85.0309933978923,90.7395908985014
75.0268261091991,68.9980086642125,52.9812152554917,50.8397066389395,50.4109176607484,63.3259008135589,84.7610489412803,85.4418479864833
68.8650172419643,68.5264716732041,55.8253063038223,51.2695065354016,47.4519484382379,64.5323921235806,79.8102070738763,83.3653677509878
66.3198348878626,71.4644978237435,57.2518049520739,47.8840046837782,49.3329086636765,66.0707531853112,73.9179319991546,86.1976396586133
59.1798790688261,66.2689469186032,52.62165580488,46.4110473469746,48.2930922709829,59.2548991371992,66.6399828092457,80.389859414149
76.321564616996,67.8842539200919,54.3495828079428,52.5725459868351,47.9020322418693,64.2066443731979,87.9599404511316,83.8934514897315
76.2155097058763,65.1607532340092,56.7504257197537,48.0217207316029,48.7712753543049,65.2713101940175,85.9684025636063,79.422238614881
58.8155095312422,66.0749775249879,55.5109214497605,43.6600162168037,47.1679241989148,61.0963097919173,68.4576528254941,79.4234037768254
71.3488948619635,68.5286578768997,54.4774177486504,50.3168580400924,48.7702771984954,61.9135251770369,80.6969781849265,84.7718563110413
73.2974770398198,66.8480542871137,52.9553600403773,50.5178918777259,48.0168502801357,61.6951723567182,83.3229687985489,82.7418523196462
74.9824910315914,69.5742121998691,56.8308279373367,52.7067069787787,51.6375919452033,67.0927300571186,84.6738147091076,84.8465584249936
75.4752829243512,66.5815203256576,53.6121647341394,50.327097249556,46.6569783543275,60.1388899559868,86.7844826346983,83.4442348184608
71.5468251966048,70.5120143201371,55.1224000609991,50.2938293221465,47.9539563110513,64.5637779105327,78.5914951808258,86.4757478236544
72.2502297295372,73.001406313793,52.0250254438751,53.0833662191596,49.667979872773,64.9226277695216,84.4757260199803,90.433820609458
73.3579476838724,68.1309929888856,49.7987587420481,52.0539142849963,50.0125638801077,60.6371832042777,82.0311839364227,85.0744978054989
83.7901948861499,69.3570998053096,55.1727166376629,54.812549897119,49.5638466831137,65.3003632148866,95.5365465820255,86.9806707729085
69.7222997396978,66.7681506334433,56.0237748514209,48.6884962695098,49.6774663891969,62.7718331325631,80.4460187864499,81.9538827277234
64.3092951642966,67.1401190766055,51.9104188172931,46.1731014110899,47.6504281259365,59.1092443500408,73.8542173494093,82.6416210808822
73.0436305017781,65.0915743994989,52.7419660490053,48.7907400024406,47.5997193772909,59.8985909481257,84.3933693190364,81.0998998476887
73.0748383527082,67.7757947244131,56.1387919383526,47.7316070407529,49.1187050949391,66.4219976560523,82.8759253146815,82.1922675010993
74.7098216854266,69.7550382803298,55.3140920056868,51.8946314243912,48.1110429854838,65.5620372068025,82.7626416317305,85.5674549403391
76.0319585619312,67.2880801894286,50.1496228590329,53.3195551626485,46.6869138424942,58.6932679101947,82.7916842749812,85.0587857569195
78.4733265682991,71.0995573406749,59.1210520676693,53.035430976133,50.0444290982911,68.6673780122801,88.9277310568972,87.1975579385164
63.9259243656484,66.738731057378,50.8890188650282,47.8088406007864,47.121047661868,59.2125742109728,72.8276237376285,82.0625539837996
62.4241286007324,65.7989373586482,53.0108356773296,46.9300867563138,45.9248787169084,59.7148217688226,68.6270883084299,79.9789961769616
74.3022797668613,72.5862084219903,57.8559724054257,52.8939053803662,51.6031025488097,67.2996065474011,85.1588511770493,89.1340471803576
65.6712239494511,68.8613910818782,49.4718224455274,47.8400028002914,45.177845884638,60.4838846249779,74.1096808208537,84.7588604066993
66.8881017722903,73.0471881875802,55.7129579284971,48.4969912520495,49.0990416166978,65.3652702583209,73.03371817686,88.9351623710495
70.547097418298,68.8361853166274,57.8514791952919,49.3091525991509,52.0108930667189,68.9822141784456,79.6821237317902,82.4617509525105
61.1646638985867,72.6884388319311,58.6907707736637,45.5813223930942,50.2116335066517,69.4551137697749,70.4502785800452,85.8266312536386
71.5329199994465,70.8506077746662,55.9430976216377,50.2224007525773,47.2796123234143,66.0139476260493,81.0373937780564,86.5255831404264
72.6025977284264,67.978997276486,54.9688662995526,50.4447759141408,48.0096423005555,62.6601676020826,84.5644947402881,84.2065289041289
76.5975723940587,70.4410893879741,57.46506650898,51.4786150485601,48.8065246028824,67.148667514845,86.5550827243801,86.4041756391858
66.6411124654665,67.3304095774972,49.1832047909756,46.8968220952243,46.1064008414961,58.2661647913163,75.5343754503663,83.5306012356524
78.8415459549468,67.5384913044866,54.5087609855005,50.5660839189596,49.1160483778337,63.0371524722835,91.1706201824416,84.368178820705
77.8284443071736,68.8469887956199,55.5032979736222,51.6029996852203,48.413971197344,65.6256100103742,88.7446724487822,85.0207386005721
75.5762724486113,67.7967128522811,55.8972115268297,51.6882854233436,47.7973272532835,63.2354954476577,86.7169617495761,84.3202714579124
67.3277662981394,66.3714904627649,53.8177589836404,49.1848586968993,49.0296104760729,61.5729153378565,76.0622607228624,80.9418996863691
63.1642385414915,67.8158521981011,53.0509802050873,46.6617043185287,49.4636963565583,63.0890835759091,73.4783764534861,82.0093937323788
66.9903352425085,67.5207799386548,51.0926910012141,50.4322379507174,47.5517834133117,60.552948533819,80.9629492858312,83.3440943789415
70.7261986453432,69.4659300960353,59.3285930325969,49.8407398984154,48.8465701045806,69.0253419980223,82.3522675259779,83.452966758642
67.5631417514932,68.8282743712791,54.9823511814734,48.3597282318471,50.5363463435429,63.3820384959805,75.361920295781,83.8432856142872
71.8988714613786,72.3505465938035,54.6135445130524,51.5408652893438,51.4739278870996,65.5011062388412,81.4322595814972,89.0089146208605
63.5747455254616,68.3558200585759,53.8580561707441,45.3592936337508,48.6950043414478,63.3746680742047,73.3402474203765,82.5775137736196
61.7477443043466,70.6475779136416,58.9040334692635,46.1680699954275,50.1371158755579,70.4701336347903,68.7558565227968,82.5051013799551
79.8608644288722,65.7614342080577,53.868503290962,54.1524207613899,48.6087098159653,62.1421316139093,90.725775462461,82.4601858706259
75.4998206353949,67.5121431517031,54.0214976167273,51.3488102607697,48.2200993171577,62.4099322184611,85.0195171189322,83.7536610153072
70.1300194679195,70.6397984331129,54.6789508340065,48.8766072009682,47.5496460812063,63.7838607841475,76.7560738022013,86.6097708760193
66.6504119281477,69.2023018313606,52.5917693933141,47.6564830305702,48.9002612582335,62.4455436688735,75.7545373818758,84.726622834884
65.7151220909638,66.4066505812651,55.2504981560913,46.1199856563554,48.1171134911848,64.3122126376699,74.3330097514052,79.6991346565239
64.180442708658,69.9579698523971,53.973705549545,47.4360074412059,49.5041490244599,63.8749639764803,73.0773157444511,84.8797428638184
74.0474173858876,70.2241637663813,58.086972540105,51.6943911089406,49.6311519379381,66.4337199319908,83.1693046465757,85.7497436201123
63.819135459694,67.0977418203375,51.9417138664236,45.8978105523886,50.0858077869657,60.6388345700154,71.3964121956738,82.0497313577362
74.6565252857398,66.1288249982907,44.8429433596597,52.3273710161017,45.2761788134412,53.8047570497129,87.1443851529406,85.729053347083
79.3705354330832,67.9446513525043,56.3047168641699,52.1698840278837,48.2768576578378,65.1080710438633,88.7188139106965,84.0515773924949
60.3250438372204,67.8377827552586,54.2700393765851,47.9413168232199,48.8859508853312,63.5923582460413,70.5734918825737,81.2232612804164
72.8053243668745,68.4787481621517,53.603160244032,49.8521865791762,48.4804122477963,61.5073541153271,83.5406495529773,85.3689946078386
76.2945277253665,68.0612861207869,50.8581245301265,51.8893146678278,48.5313636875321,61.4808723918421,86.9423184905553,85.3554326871584
74.2181079563671,68.8061107404557,57.5464233147023,51.7084792489983,51.8551530907034,66.8778031770588,86.1520141149588,83.9694059329049
79.964646001692,66.9135684495841,50.7489658177744,52.8432482528191,44.9615449575646,57.9015423560991,87.9390510018444,85.5096108388151
64.3252116047645,68.1348064580858,52.9475497715913,44.9280363940692,50.5098884586453,61.6101973279192,71.5041844348711,83.0305013502876
63.9665225591783,69.5599416083898,54.9097506598714,48.4857102318099,49.8108354331171,65.1140849435658,73.1760398879311,83.5003277520137
73.1429346948421,64.0747991832122,50.9545774290021,49.7002012686787,45.5530935841574,59.3170416718078,85.0291282422175,79.8972438454778
63.1229773633606,63.4730698500661,50.789473081274,46.3235492911776,44.9562232483885,58.8629454117318,73.1762223743243,77.4879298352526
70.1432823702672,70.7474616802303,59.1432189827036,50.491379322386,51.2260025354213,68.1192716739455,78.9830329895554,85.3236197766973
72.3320084969725,75.8181393563436,56.528898155326,52.3999965706048,51.5971366758405,69.1483222859888,83.5812010987677,92.7234624579981
69.3570512192102,65.7997576858531,55.8629998237128,48.5441270331017,46.4233146392012,63.5921399892905,79.4444063825648,79.7659604947526
66.4298005184262,67.4540002920174,51.2519612289324,47.140714848546,44.368787883058,58.0619400580284,76.4710593319562,84.1712664059637
74.9324854008,66.1226150972072,50.1879959333128,51.7582765952458,45.4729941316105,58.1577136392266,85.2419118441454,83.7312288185339
69.021186260385,73.5544389136594,59.1240444971042,49.1891198448068,52.2648158016607,70.4466476344984,76.2048041256875,87.9695093082776
72.982973302031,69.9463724078968,54.0176617559563,50.8562051123845,48.58499247079,64.6476637227301,84.5923005136943,86.37720623854
73.7432015242095,65.5117608089157,53.5441602681148,49.4784965894148,47.4145988157475,61.9416447037825,85.33712349119,81.0951984500427
71.6346260067436,64.6743310059533,46.3509744230664,47.5066537893216,41.8304528761584,52.5820961288597,77.4083486148791,82.7990666922341
73.0577259655526,72.8179481847396,50.7364822913358,50.7225325391816,48.508603642857,63.1588831847633,80.7911676397898,90.5489527271518
71.4547008823309,68.8012198979396,49.8371809116113,50.1844327311868,45.9633947761627,60.4144268463795,81.1741388797051,85.9608332742457
64.9094977770997,72.420801424808,55.8715972133511,48.7771491320333,48.6250538224566,65.0075413628818,74.6946064450769,88.0377464824161
70.1147900095692,68.9559389953646,50.068488910996,50.0456453448939,47.5366847093969,60.0136469543599,79.4089425629864,85.8909869727538
74.8854873195524,71.9359627517207,56.5186919223709,51.9336965902586,49.9235355825757,68.5577560596441,87.8987063844468,87.8944329108549
74.4180161397943,65.446300237938,54.4860872163142,49.9731830845925,48.5417538955525,62.1752794853367,83.3634166624432,80.8225165757077
80.8737584726785,66.7265199403112,54.3900600600959,52.9278831482781,46.0358686398126,62.0185669839803,95.084784203894,84.308629802909
62.6311770296686,70.1588329762375,57.0744143572779,45.3120433014396,51.8571281313758,66.7269425432214,70.3041149634316,83.3781184658191
66.7543827628022,68.1352629703495,52.0340841833202,48.2077488042808,47.0810472245215,61.8542705269961,76.1031985277031,83.423879541425
68.1556068830676,64.5708631468791,56.4088264695645,50.0516191568761,46.9875716907555,63.4677468824679,77.3052417014216,77.9269381363271
71.4275826517968,70.5886543315015,57.7439990603676,50.2890730168565,49.754209278715,66.5415379024653,79.8262247112319,85.9068205922356
68.9850955488497,69.2636098886155,53.8808667334852,51.3389567599869,49.4741422505395,63.7481019507259,77.7278669019286,84.5169420650831
71.7458587186107,66.0870907621949,52.1388837207339,49.9015265535973,46.5660028149888,59.8586115277778,85.1518444815655,82.4397116156242
69.2541991584014,66.0998230700815,60.603168299991,48.5559425336026,52.1711120546167,68.0653706039634,77.7371402525569,78.3848824819232
76.1893521202696,71.1275912254956,55.7507838195087,51.3221017108351,49.8397700515494,64.387045425873,86.069715136385,88.4692458349611
66.631868961,67.6140048202139,55.0207436571755,48.1126872784948,47.8723405433101,62.2552895502945,75.518546068446,82.5273760794253
73.3637992761558,68.8462586082098,49.2080392407132,51.0113865623595,45.1742555731274,59.2040980396681,82.11738592649,86.6995857968906
70.1983758829539,69.3990850465488,54.34082833457,51.4704673884715,48.5702340788665,64.9157180732875,76.7672175264056,84.411035151799
71.5746363586484,65.4903122912714,51.8240622870973,46.7737932746201,46.1038049799778,59.1955816288568,80.6586105560317,81.6689708857019
67.4435617299805,70.6771873348243,55.0637709479218,48.4361874579726,49.8251044041099,65.4433062290852,75.1493061941377,85.7415248274004
72.1236657443305,67.3609801568697,53.0882328051545,49.9268473477106,45.8403561905396,60.4084298498214,82.9763783372003,84.1636876516368
69.6013314556757,67.4805526139009,57.1760710374943,49.0516451334659,49.3072496044995,65.3338674335974,79.039814480694,81.7165338725115
68.7469945419658,65.0292824070357,59.5430959891489,46.928845061078,48.8873421942963,65.8145882944817,79.0653432355678,77.8072672078885
76.2930401928575,68.8693241469609,54.3557384601025,51.3471710980426,46.048599383128,63.0013036001595,84.8079427005206,85.8743495128443
67.1186815892972,67.1853832218851,50.2566717673632,46.8680468048592,46.2049747158922,57.1875251020426,77.2957876316486,84.2000111843049
70.406114344463,66.9103944491041,52.5691709981347,50.9828828158036,47.4602530032635,60.5473847378749,82.1174610721564,83.3808093369093
65.3914986519003,67.6057375238875,50.3910377088127,47.832331279198,47.4367763306951,59.6078162405518,73.5642482842348,83.1852451772288
70.36178919445,62.6971151825149,48.4847039587023,47.4869100598304,43.5014996633223,56.1986666640907,81.0318128727215,78.7606801250317
66.5637582602199,62.0917396883434,48.6204918273087,45.8998851817851,44.6308143957725,54.1404211103697,75.9397825005363,77.8851341118182
78.2961427414828,73.17413326193,58.4760474036257,53.1190473452415,51.5003255698669,69.4693674112658,87.6011498720419,89.4977894602113
73.3424778635278,66.4728846190798,54.5247309067003,48.4838836865159,46.321766328094,61.710240757881,82.9405269015012,82.1428891938624
72.7824191242218,67.0509365748832,50.420995731667,49.6111701211917,45.8861361252206,57.6541281788626,82.4619808327435,84.7762716656188
69.8296883949902,64.5907674310052,53.5045163191649,48.190084261397,46.9747804824193,60.0279994431056,78.72859968845,79.6209009123861
78.3979728028162,67.3623546568961,53.2294416073095,52.1820085217054,48.2746002506747,61.4214307913062,90.3850223062831,85.039544710718
69.7918584847358,67.3114248352572,50.7049707611015,48.5302553389838,49.3252477466442,59.4761863060712,77.9063975490638,83.8137890651015
65.7284472570721,65.1451471240677,48.0067953747218,48.5280309216112,45.9592919547252,55.6122416935595,72.8922386448068,81.4586355325091
69.4706181244421,69.7843483376822,54.9407070534595,48.4904150115088,49.8110860984117,64.3286240709414,80.0286717584419,85.6334800476233
70.0622379846762,69.1925122082141,57.9709327604591,48.496827379769,51.302809847942,67.8531051407053,78.3880750100028,82.9214193818576
65.2279116196364,64.186566577492,57.4238687599356,46.3305391073789,48.4683712619117,63.147343041799,75.1143436575702,77.1837166886656
66.9936239944286,70.0215885817492,54.0435686429282,49.1211685073803,48.5032958444468,64.9878296785551,77.3375259167026,85.1844636998045
70.9888331226522,70.9838305068698,55.388739492389,51.2075334390959,49.4733473520665,67.7975081735464,80.4088643479877,85.9217514854937
71.7754878550222,67.3708333892468,53.8326722850054,49.3781385350624,49.1943295657636,62.6737682395315,81.4380440827811,82.9253813709617
71.4621963867956,68.6110656614867,55.0457069704671,48.8899196149936,49.0471009477629,65.2257698313074,82.3139065180167,83.7210516861501
73.9627061506379,69.8270632921925,55.0070136481734,51.8085763499778,50.2613101009093,64.5030573219677,85.8219090199221,86.3530627503699
53.2706102434413,70.1248443810317,53.4827402414361,43.3804053325497,49.7481549125574,64.0009179410963,59.8003066838029,83.07646038149
74.3188507430767,66.1912733815591,50.8675918765053,49.8693463852509,44.994045385774,58.6749082509798,84.128531251153,83.2756079385658
69.592146509049,67.806462045825,53.5231978676143,49.0922155321632,49.0135497577059,63.1325679844535,80.2065742172957,83.094981811631
69.403733918814,72.2824531242438,56.9254371893267,49.8435663812532,51.7568793186445,68.426569345773,78.7198538181947,87.4750050246746
70.9444833776501,70.6604428225101,58.1800825659142,51.1680536623155,50.7178656969903,66.799983224499,77.9800833411983,85.4475490521432
70.364061499919,68.3570360342139,51.6817269388447,49.9730049972788,48.5443179697148,61.0419999419996,80.7237562983927,84.8421455311208
79.8604929214072,64.4091643273875,50.8069716700408,49.0885898833865,45.9517262931129,58.9022874255712,88.8337448826168,81.3721337578354
67.5856710347107,66.7582167760288,52.5183319370562,48.5029147214717,45.9961050135288,59.6642355633372,75.3275179194964,82.3466948580758
66.6150234844862,64.2056896719536,51.0879805364705,45.6273197616321,44.2242938128006,56.3719043262875,73.4715707543263,79.7836024420424
72.5948609091214,67.7500359633846,51.6637472403777,48.5142254008032,48.8591841337328,60.7120212109105,80.6906033151247,84.3978535375211
67.6984535954654,67.2095861954758,51.07150277126,48.049786204579,48.0441668299474,61.4464999587907,77.9297742484635,82.557489866577
81.4012804532966,68.7756665603799,54.1897941798839,52.8807502463006,48.734410789731,64.7468656077814,91.7401826145511,85.9273683066926
66.0542565325694,74.4139448353456,56.0443177963692,52.1238874203009,51.9710370513809,68.0554116913407,74.8509552172167,89.9622459172794
71.4798134018561,68.7296837641785,55.8727608216711,49.4204258912659,49.4860301124113,65.6870834313029,81.1221858070774,83.8061868996972
69.1852744762234,68.9244509432062,55.5287740547583,50.5056442171866,49.9960791501186,65.9745652269001,78.7678222492743,83.5915341093723
83.8827538419964,66.5773153274716,51.375628817565,53.6084910243138,47.4352842377331,59.6693651346699,95.2273250652375,85.6663203594455
71.8076707862481,69.8377450713927,50.7553846993041,51.0456788166415,48.3013600238504,62.3990556655764,80.5614206623458,86.5710671653463
72.8228362474079,73.4081635187079,59.6995535528162,51.0077222060786,51.5918703846492,69.2840277533851,83.960076462357,89.2044866255515
75.564019555461,72.5574328012613,58.6526922534,51.2998871050538,49.9712732361921,69.3301710975284,83.287809523504,88.3950035455842
66.7502788850837,70.315360181834,59.1628401405048,47.7350034073534,51.4684103207654,68.0439141841635,74.7110966805638,84.032812868743
62.3197753957972,68.5402597090092,53.1126774553722,47.3010589990207,48.5384003204429,62.0695177463136,69.9051986090812,83.0343700413346
80.335841793531,68.1312499817396,52.0388561063443,53.6461544774142,47.4925816218621,60.1834424920818,92.8209215758189,86.8700617513552
78.5256888703179,68.0379918928257,50.2244507628053,52.3196446528893,47.7947104050405,61.3077437658163,87.6547618837252,85.6392012209838
73.2708015075663,68.2837040119531,58.7655110852747,50.0801637670434,49.4415549784756,66.3668002673628,80.3927610915542,82.870870108076
78.5481836238788,66.6215522202303,52.4925385328773,53.877396229186,48.1553925024436,60.0895838915664,91.5792493900409,84.4192661295578
78.0536127603011,67.0504454757187,49.5529683903012,53.5569810424018,47.4891223182157,56.307109033486,88.5539022106938,86.3294053045393
68.4977871515079,68.7471923547909,57.0673940185234,46.5833433461326,50.4859878926651,67.118680413031,77.5325762453224,82.2817064220314
80.4625856812507,68.0411669150546,52.0389742062743,52.5961448152916,47.5087703276797,61.9071529847762,89.4267307528872,85.7232668511832
65.9195462615526,70.8953879494099,57.0493883865754,48.3292513737447,52.5690691482806,69.1136896273458,76.3720731156347,84.5569874839994
62.5924776392478,68.8194058853791,54.3823090037194,46.0040686654432,49.1615195202621,63.1572522520305,71.1237634540274,83.0698123357736
72.2967415884339,67.7604554449345,52.3459890675757,50.3878268050541,47.7405816769114,61.3642972470807,82.8859873109614,84.2944600327823
71.3049650675595,66.534684621839,58.1637494260694,49.4893822892905,48.6667347097192,67.2051504488407,81.2869255314052,79.7919496108769
74.1617058178569,69.4428883970877,59.6470168296741,50.1598510092054,51.2647778556336,67.9262088982916,84.3024996122186,84.2612825314027
72.3079204498517,68.0944252935794,54.927045301566,49.7762213988582,49.8115160189783,64.5601082269565,82.3192804042685,83.3764010103462
59.307261567683,70.3461330925633,54.7564399842384,47.8042593876616,46.987979322488,64.8636416940334,68.8163025495448,84.3593944076571
72.2807414173589,69.6408989453067,53.8047504476376,49.4180096943593,47.4150599342144,64.8048876268474,80.295008337633,85.1683978140099
65.6458601415058,64.4788875123469,48.7257044858852,46.7963099412676,44.4379052251408,54.8148510628672,75.376858041922,80.9610352895955
70.6243429496472,71.0997820308343,52.3903020364964,48.6319984509063,49.772312733878,63.1882212899752,82.2593586310255,88.0612114219222
81.3223425379248,68.1816707411658,49.824338621752,53.1026446488881,49.4477140716155,59.7825036716612,91.3307940754172,87.1228506592735
71.8483717597015,67.5273151930951,52.1060319350594,48.2761979121582,46.9636173224987,61.584857179665,81.0552097573996,83.5865767703048
74.6381176471052,66.2789249582156,51.9477387545886,47.902370962903,48.1007121135951,61.9713716365529,82.0946238817647,81.8717246058907
78.1210399736608,63.0606148209238,49.8715208446086,49.9323871539402,45.1402211519958,56.7412145620977,88.5461220968549,80.6682336335144
68.7999935624246,67.3858270603206,47.9448780512491,48.2980050464017,44.7250753102416,55.8918516171808,76.3605277460273,85.1708806732698
71.6552728365839,65.7760022500332,53.6157904577378,49.666788563853,46.2173918927063,60.3866587675704,82.650001413447,81.800172885254
78.1009058101932,70.8682342334512,58.972868687544,52.5277479183089,50.7821824063787,67.5272987099214,90.2511452106951,87.2409981060027
76.4020805374006,64.5865108167447,50.1650973233429,50.5836670810752,44.5491164698289,56.9829177560399,85.4549648919634,82.0329725857922
72.0437834540638,68.5559741977373,49.6509815490132,50.5312011058281,46.9841761791227,58.2515008533488,81.66271367539,86.5853473534557
75.5704499105835,69.7955529679616,56.2988511390662,50.4519361868341,48.2413959746626,66.0367404490268,84.9479038810675,85.7020188810851
65.2058349595309,63.9170597901578,55.2780577463178,42.6027226976346,46.7593348452258,60.396078313622,74.0292237851538,77.7138477439435
67.6894047865725,68.6919084210712,52.8775187574346,48.7666828397774,49.7095645792389,64.8124642411164,75.6245250115433,83.1752745667128
64.033717660476,71.041584277819,59.6387741186416,47.7561469986798,49.4252263051679,68.6300025451056,73.6708147724916,84.4187020901987
68.3945800214409,70.4658877070881,53.5327445517227,50.7117596780574,48.5640070073571,64.6793462416257,81.1635626326371,86.5561701411036
77.585429140991,65.9993391419003,52.5210307589591,49.296359245539,47.2274973916704,62.0914225831815,85.9949466054491,82.1346425117915
69.6492003500337,70.8425790689814,53.7186221258195,50.5051873703561,51.0254036267424,65.0377634398259,80.5947342898006,86.6453317641786
68.0288557657086,67.5226980125995,51.6931854284264,49.8301525252637,49.5312850155369,60.041643469386,77.860070530505,83.802018346197
67.3066218349468,69.1705349172456,59.5315302270084,51.0905298118232,50.0586970413538,69.2781309421471,74.1602306436549,82.0219654306478
75.9363257515883,67.1764346633853,55.9027873538364,49.0139242846885,47.0134884035158,62.8496828654864,84.9023834786205,83.2776994209535
76.9105265384355,70.6071286762986,52.9859112956508,52.5073147876573,48.8842011300848,62.6343930182701,87.1862142392305,88.6047650112239
74.1609438500458,63.8618946036106,55.3092271202186,49.7045025526905,49.6897609920631,62.2748692039758,83.7359644635929,78.6193769424842
61.2003589053703,65.9954981002199,48.993376614147,44.7784451608149,47.5805253674845,58.6870483485353,69.3296788696223,80.4865219811514
67.9803167143764,65.5417970708036,52.6173583282261,49.2377895975021,46.1113150526891,59.5497193747617,80.0852567321043,81.3178467435769
70.0183465037218,68.9336113082971,53.3670068596879,49.5537091861171,48.4515459997436,62.6635485973069,80.3471864765948,84.9175419818204
74.4918946136462,72.0498227945206,54.6394280096971,55.4105680766752,49.9763456007219,67.129375800121,85.9012277919578,88.71676345379
69.8704918100291,64.2089868095228,45.5352249256087,48.2939040640748,43.827729047189,51.997882600067,79.7457688928789,82.4627458023371
76.9331293895262,71.8380056688642,54.9075628590189,53.5149972464985,50.814965279383,66.4676486078398,87.6849746447775,88.8168893117906
66.7778265289168,66.4713879386323,46.9191876139815,51.2732631244997,48.4585139009856,55.5555093666284,78.1719997813496,84.0889312364633
76.9932084867556,70.597414241485,63.0629695034325,51.4381940702787,51.1991412189697,72.4281191049235,87.3816575799064,84.551797488425
66.724397269377,64.1012800342125,46.5042827346329,47.1241268681073,44.5616243927393,55.4659854474694,77.7392464289786,80.4525549014664
69.4034848691576,66.5865174569532,53.798567564667,47.6567242940468,46.3316638088974,62.1023745656949,80.3269353871534,81.7451611846412
76.1918516387746,66.3307032166947,51.7425254172379,49.4594854425726,45.8616161887792,59.0445083275585,85.482738951817,83.6027856529072
72.6683115607397,66.4106288568517,54.5899782699683,49.3182102947571,47.5807724414543,62.7802367995527,80.2658083646892,81.6739162775771
64.4136321717782,69.3917054664437,55.5953237871347,47.5734469515441,48.4474929679069,65.0865390892723,71.7909344333783,83.5929331748376
75.3425782187938,70.4197239115193,56.721944397635,50.4144223756046,48.7676858973763,66.968871346878,85.216871920415,86.0069630849491
79.48446454623,68.4813406849471,56.8411532343264,53.4984570640027,48.9622856122442,65.5450035300229,89.1890018766916,84.9203905272678
71.8118289111942,73.2150056513851,52.045558316,54.7979123548159,47.7028240287853,62.0552212491254,81.6397832787949,91.9477186163994
64.7871203661604,70.3458396180141,54.5694474352079,47.6646356874943,48.7090475015292,64.0915614098303,72.4831888984444,85.4230681403946
63.6881570250099,67.3483532815409,52.9825572947897,44.906675946601,48.8046231315567,62.0904507370966,71.4218088063999,81.6028856474266
75.0969585632279,65.7550995462783,51.8606713301454,50.5522244229739,47.8878506853078,59.9806713820719,86.3342226330221,82.6363418188388
69.5034838979291,67.736318050667,54.3179194867785,48.1414548894415,48.5710303216667,60.7079600616979,77.357342238712,83.8295823827041
61.5365088272268,67.0169225966538,52.8807805196388,45.7909141577048,46.9057457933973,60.9861388970352,70.7918094824562,81.3422917958648
65.7492268176233,67.0355846612203,52.2170758644266,46.010784181693,46.9344070411695,59.6909528101574,74.9450378342779,82.6393679747837
72.38067967431,66.9192530154821,46.3825822682379,51.4895489506826,44.8207663441718,57.8929567708946,83.1618991371403,84.5918731234812
70.5190216835771,66.9133776487525,50.7745915037075,49.2831924996724,46.6742432779238,58.0991249433909,81.2600317130219,83.8492404318248
79.2815543682741,72.498029706382,54.243233814516,53.4068893560849,50.2193834283349,66.9891182532976,89.0980597009609,89.9726061873977
74.2484147051401,66.822233295249,52.8975293572582,50.3629368963526,49.2705850156994,61.1128516802339,83.147247536275,83.1741379443318
69.9023373105096,74.5118309990049,58.5930508292527,51.764207674856,51.0331947796611,70.2249208274039,78.7069464029417,89.7062673527048
74.9675790343026,69.5626302039279,56.4060942861179,50.6382073184051,50.6588630688322,66.0910277122891,84.9201366406102,85.2096445791082
73.8311434391128,66.9627435972371,50.6116567614894,51.4763003012781,48.7232490732856,61.2384645060499,84.7311458575841,83.4035464414708
71.1265838517931,70.2036034872603,53.9510656727188,50.9304488070366,50.239733975597,63.3212971152218,81.3102964184613,86.729287160378
77.5385876473162,63.4624724484887,47.3688979633093,52.2991381864799,45.5940667139467,55.0364041292122,91.7906062382344,82.0097571150652
64.8762117591406,69.2477053532746,54.6363027727408,47.5513602769151,48.1376573482954,64.8027771993951,72.1148635851026,83.2708899130251
65.2281892447591,69.2568960652773,56.3076130265223,46.6351609571,50.0027131099292,66.0640782609933,72.9489859176626,83.0120455151271
67.6609398690274,69.1429706819114,50.8563210546489,49.9467812654904,49.0405185988936,60.2734992567262,73.2275908761418,85.4876746935449
78.5105944737614,67.7470490708793,54.6167235533156,52.7132168074256,46.4174773230484,62.6048694941658,87.7267139236228,84.6505662126769
61.0776309260538,69.6083980814502,54.9040479220973,45.4664369954148,49.173145159238,65.0262706949037,67.9795998866305,82.9411498112571
81.9471783538828,68.6290535064152,49.9006700042303,54.0203664040367,46.7055209392483,59.381011086665,88.7177133709113,87.655777673259
77.9951711565031,69.475571187352,56.0178104870106,52.3892038219449,47.5707165647031,64.6461417103376,90.6174539430765,86.4673728577768
67.2468730269457,67.4023897980017,50.8037903877073,49.086155395638,45.8401536748031,58.7578588486058,75.8091459411219,83.6244385226876
77.4385969441968,65.8492632386084,61.907230757638,53.4193850083683,49.916502098199,67.9962750069375,87.8849558137543,79.7213425674074
67.6403110327905,70.78503939868,55.4163793333362,49.9563056502616,49.5617040272503,67.7613017669604,77.0228678474703,85.1473727520493
74.9000250213788,65.2601046014091,51.3556787223317,49.4204100469607,46.2922471034089,57.7539657562146,84.2212653402438,82.4477522427703
63.6308292034319,66.221627896274,55.1474428222276,45.9058583507385,49.3596724908651,64.3639414672422,71.6298033413211,78.9613290769404
74.0320632139149,68.5174655218016,54.6700024411096,50.8561464481302,49.1576585293987,64.2851228379252,84.3211879132244,84.5364565788438
71.9194007762141,69.3202594920723,54.9345719696267,50.6674130579578,50.8217616552439,66.1624889692514,81.3355122248968,84.3811403706422
62.4659021430882,70.6063234600925,57.8460700661997,47.3716910210374,51.5235266296183,68.7684566281559,72.572609198755,83.7659785442713
69.9321768937872,67.3952137361886,56.8207215210274,49.5260918199841,49.4937501363959,63.9689401340748,81.5915307643138,82.4418204407384
73.3010138692686,66.9211863623695,47.6169319101378,50.277664584238,47.3864251337126,56.6140813134096,82.0690834959218,85.2167572581627
69.8920435068192,68.0607446982763,49.2088932546468,47.8249863245639,47.2972504842504,59.0331469215393,76.1707179830277,84.6777590502129
66.8766787905252,69.6258074551879,53.8200987985651,49.8775366865979,50.5346067679481,64.8196499617775,76.4280917670326,84.4616775199358
75.1103431961453,70.6661407205458,56.8753680300843,51.2315443573915,50.90286805206,67.2087296484988,84.0033515776206,86.2716500411453
79.6623593520749,67.6074928086917,55.0394673225002,51.488179857452,48.0154719682737,63.1802763957743,88.6538714786111,84.2323276683643
75.9704500608838,65.1955185467949,51.8240458244235,49.3515850895436,46.1140253404915,59.3691867908225,84.1003552438847,81.860239964739
69.8514300775748,66.5239903223513,58.3573198035581,47.5767882754734,50.620474943087,65.6941240089286,78.3133651814114,80.0532152498635
69.8382045596361,62.5464822089548,48.8804807974263,48.6419340032845,45.9852165950701,55.6564653929283,78.3084234727665,78.4997801803272
79.4363274013415,68.0873799448382,57.4703924785497,51.1947993901765,51.2189402251444,65.4839447406756,88.6758170443188,84.0424447546974
87.9535780599773,66.9992437046875,55.6377662760451,53.5613946133823,50.1610694784842,63.796594921589,98.2446729815673,84.8806470300669
69.692153747104,69.0150312536788,58.023677931956,47.7481317612042,48.2702406752576,65.9837269036986,78.1724285497607,83.6384384111908
60.0459151380837,69.3829987494656,56.8798321048974,46.6532228900802,50.0233209738822,66.3835879591847,67.4918262260103,82.1188680469076
71.6261594901708,70.6944107962108,58.8273299513715,51.6247240960619,51.5700904394499,68.3926210003153,81.9800460960647,85.3621570397257
73.4798450052863,69.0746540726379,57.1579297231259,49.574502955726,50.2114502293982,66.9401402025182,82.6946659527607,83.9307562688637
74.703400971847,68.3618501919026,53.1649740806843,52.2277272493821,47.5481736511633,62.7610732354472,84.4189737086629,84.8870233002145
80.2485623994203,68.8191212279131,52.5174536854247,55.8469039618482,47.4755476398423,61.3305486409075,92.023487844231,87.0994457577958
68.9420366400686,71.6926994339649,54.6325823107178,48.942969121406,49.240595951515,66.4104089535126,78.4676769330236,87.1466653666524
72.9303224997074,68.4986031977053,54.3827099204079,50.3611235744832,51.2225187952884,65.1402626884232,84.0141750817027,83.850324313684
68.1835943639557,69.7331504988449,56.3424771540471,47.1491922980627,48.4950017043805,66.2754250272031,75.0307404252965,84.0918737760872
64.7310282134274,63.2602377279489,50.1944973204893,44.7522825345149,46.2973206492737,57.1930767768931,72.130895418766,77.7640187259594
67.2764657526717,65.3753910954797,52.5478888671737,48.2082289091974,45.868225923122,60.0088281186161,78.3093752568644,80.5021315191305
71.5550023868568,64.0954847867882,49.5479409796651,48.9512814248392,46.8719960622098,55.6033492042909,78.1845299578822,80.7662914391037
72.5715120825179,66.5404893190159,55.8120436195683,51.9501639583901,47.8134810840354,63.5807601727729,85.1048993860222,81.9092019839615
72.4331275506175,68.1519499970162,51.9258778356211,50.9252272507502,47.2000611315417,60.9908569750632,82.4680345456562,84.9151030901732
72.1024033737594,68.0507854629883,50.0620963938833,51.0925459656949,48.7756762481522,59.1111283877757,80.8378350621881,85.6016453435204
70.7994929714664,65.8311134296062,56.2526832158224,47.9586478999732,47.407100332574,64.0461856090984,80.9816752636023,80.2176492282264
73.6816266986507,70.9577567506316,60.777205084782,51.8222310287469,50.3100169854721,71.7680109522154,84.1643155537593,84.5360742227043
75.8766677722012,70.0022096107773,53.4396737299889,53.2845535321575,49.5518654172619,62.8245434899988,84.788539633006,87.3694923289075
70.1159543284053,68.0343597139788,51.0219107555265,49.5003145983333,46.898143348013,60.2330858671912,81.2843267143004,84.9556013106371
71.3241858223079,69.5407198089191,58.4263112122625,50.0299595438455,47.4103619262416,66.9073314970113,82.5126706976724,84.4451652079448
65.5266879587059,65.1592951995759,51.9837872127392,47.4390884516914,47.0835950488979,60.4563685261623,77.3571627675148,79.9389064025078
70.1655200087883,71.6077234127437,56.9709230500296,47.6839808792192,50.5732018048051,68.5637674651264,79.3886618416449,86.3358863351439
75.3815679897701,70.07696636846,48.8777826500344,52.2349715013786,50.2989550212112,61.2279599751151,82.404904459157,88.0238839673159
67.9320452304649,67.8583087165918,54.1857318230184,47.9326184561778,48.1304632851418,63.6919092237957,75.1529170456123,82.3907112287366
67.1975155386893,68.0013049126129,54.4438058666876,48.0017878818401,45.4891351663454,64.1512426834767,76.4118795792935,82.2088345545773
72.8230207573354,68.1979032311477,52.3085501623311,50.4045822491544,48.0777609776129,61.8074801042087,82.1576665341735,84.766526148362
74.3402332686176,70.5307748136688,57.5827992348363,52.5441259592968,48.9820398738183,68.4795403179969,84.9818970367361,85.6234638521975
74.8002467984022,66.687961186674,52.9427656451125,51.1610381085167,47.4970809922137,61.5282295787227,87.9571095401236,83.535909061433
72.5727085956985,68.7691798983987,55.0990769927075,51.9615483017807,49.9133697074424,63.3612141855992,84.1862397975968,85.0774117437313
72.380812178223,68.9419426271893,57.7238742244002,49.8300660177591,48.5669802650253,67.6386968192231,81.0962485355321,83.3899275935187
69.7390040309688,69.1394779117709,51.6605286947083,48.9641840067797,47.805046944403,61.4113475079948,81.4131623887858,85.8911577345431
74.4407600946448,70.5263927824244,57.3279358747024,51.3999828827123,49.9281109305894,67.2493306185436,87.2217841092804,86.1851454712457
66.2045435277712,70.6412001075073,60.0762923176817,48.5876300655827,51.1673306876218,70.585881692418,74.8240601543602,83.3229678579448
73.3915119961397,70.8507910185134,53.7798367411687,50.2533468605386,49.951740051429,65.7409457917623,83.2832770286467,87.1388621189324
70.6081014609597,64.2246402678776,44.2870207655743,51.2661701643264,43.2667324011615,51.0635824468581,81.4139241766452,83.0803488311709
71.8294887326541,65.5832463791947,50.8114910627402,49.1035903235708,46.4119966553875,56.6669023092787,82.4425826550666,82.9374858383953
61.7849390218361,67.0657979680963,56.279377629335,45.833425533035,47.7307466843974,63.1292604697694,72.1301550170088,80.6520609399302
65.779416758868,68.0593303836345,59.9096129761436,46.3016502851897,48.9086131960838,66.7246955041621,73.3367665609842,81.0926745706763
69.2760690074944,70.8629824884114,56.1140388267554,49.5244494345769,50.4562682334382,65.4992567961424,77.6927214496541,86.1761613498861
66.3986937853865,69.9680729117725,52.022032286955,49.1720734428702,48.3639676977156,62.6526575828862,75.4493274725845,85.7619208927555
73.7239320916621,69.183843942187,56.673755521478,50.151833874006,50.2736819308764,65.5829205522398,84.7950862396065,85.0374771405664
74.8176967358795,72.6444831050714,51.4249457435174,53.6302999601931,48.5935558922765,61.4683979373627,85.2009991420228,91.5394575694857
73.8620709783394,69.6169364835281,56.2243341203747,50.4395816357207,48.356068870529,66.4262095512064,84.5824933411713,84.9935821169769
70.033803342563,62.3336093591756,51.2378824046422,45.1499320923178,45.2808742110871,57.2594217256578,77.3984987770158,77.0948935162534
61.8880747060386,71.0728553297127,52.7313089382883,49.1914698745347,48.3664996814333,64.6284632895555,70.1395757320641,85.6672255835325
69.85561070671,69.3797783702113,55.1034705565484,48.8529549674883,49.0599086441289,64.073734178587,79.4293753687445,85.0001745262864
74.9883342592721,67.7735724702072,55.1875617889645,52.4419937888671,49.622678838318,64.6406952432694,85.3050386026695,83.5929615603732
72.7836365215303,69.5704294350333,54.8727397625737,50.8162360986473,51.3472125759498,64.3865347713275,80.349544406959,85.2779590204619
63.6932426512588,67.6258163402693,53.6440883997089,47.5831724021668,47.4192623401796,61.2509503805743,72.3528927567797,82.3786771106577
77.4267873629261,70.666549895419,56.1639791164154,51.1938481968489,49.5092909582213,68.2684674395037,88.9581309447016,86.8201577297747
74.9399318657397,69.0364562398775,47.3068335652395,51.0574671487144,46.0054205523001,58.7808642470641,84.6683081421973,87.5025824861898
77.594174326899,70.5169582649944,56.4436051161434,51.2724795773557,48.0213253213799,66.0593157920779,88.4099797430859,87.2165205240496
71.0672176570861,69.1177975378497,53.6611640194339,50.8738638324792,46.7278647678742,61.7429891925591,83.4705110354479,86.0175513829685
68.5442289258719,67.5876689822391,57.0790258873141,49.4349466409332,49.1753898630708,65.5140064333537,76.5379625431479,81.2234111806107
60.6417111340098,70.314167625505,54.0193478081156,46.3327338292678,48.5425022504787,64.6155138566574,70.54822257396,84.6644171464902
75.1797053191134,76.0644249805012,57.5047813135267,53.9266515551273,53.038133538467,70.9709204463183,86.3457368110916,92.904281777939
76.160176560378,71.3763114750075,56.8166076210893,50.7368248342454,49.4600868776343,67.4762826296126,86.1802554746619,87.701395376476
67.8421052572789,65.6166994985936,52.8373735683199,48.2425437774706,47.762785068001,61.2048996565473,75.5922665691739,80.2607518200133
75.5950827681627,68.4389779447917,48.1216880751398,52.660198510027,45.7283487093022,57.6910398363143,84.7265071347593,87.1535028157116
59.2816649700716,68.8286861330001,51.3790121018983,44.9457317752709,48.1384953932778,62.0350701981224,68.8383930962225,83.0743356281552
64.1062143829962,65.8534908427964,49.0487580724843,47.9156573572511,46.3481044006069,58.0335102667088,72.0288421788704,81.2377884964529
68.9556295952729,70.2898176736867,56.5251299541478,49.86761128094,50.0445974598615,64.3006769443854,79.9943485254706,86.3928799720694
76.6106272668217,68.3273303693102,56.6114073107145,52.9701582035251,49.2167959456551,63.9495574509572,86.767425275884,84.7960401099657
64.2418222698911,67.0754059050101,53.1503605554499,47.453945094727,46.4383912449879,60.522243537157,74.5392278944334,82.3300286661554
67.9225809715368,68.3645479337346,54.3683318846051,49.520767339694,50.9558922103942,62.9958480155862,76.6716421085402,83.7125649336247
79.5523384397075,72.6785009733035,55.1245397040673,53.5441673677844,50.9959173571274,68.7310263134127,88.6043076613378,89.5790623727622
67.2526079581529,66.0082106876443,48.3202667570599,50.7690676847524,46.378499325596,56.9536075791026,76.9500463459666,82.6819577093313
68.05129250215,69.8674239988423,52.4142576459211,50.5384668657243,48.5645140189376,62.3704933610302,78.8259509704861,86.1429703727799
61.2621701144502,65.9790090546442,49.0089175511367,44.3734003950892,45.975540440673,58.2348673764344,70.9874563988315,80.7389787461643
71.8208351047622,68.6080894453202,53.8356030969895,49.0851949896496,48.8650808431403,62.6211983497467,80.4766492245139,84.9179606718884
68.6989640874908,69.575474340291,55.5822898408544,50.0014514423646,49.9660902879747,66.1762248547108,79.645142167495,84.3845502651952
80.1440615088625,67.7478074021491,53.7102524607037,54.7351580053471,49.7609734561406,62.0562802084633,89.6891121672675,85.295666916881
75.0447895926471,66.57829069907,57.0877355132847,49.0469860979092,49.9666105133904,67.1334307630645,85.3735403882673,80.4502373327809
72.5469426214537,70.2596758846102,54.8684055178242,51.0421270314913,48.1335205376036,64.0579178081029,80.8534488035262,86.6847907586727
61.0318610395213,66.7271904418208,57.3749602507837,44.8385960888659,49.3622035456446,65.3180099628204,68.8218313371701,78.9371003282814
76.6673912108093,70.0341092617912,51.9791220267434,53.5740884563235,51.526813800498,63.1540584802987,87.6091921401795,87.2695139769093
66.2669611639387,70.1869115039429,48.773600473223,48.2827466632792,46.0958150283048,57.7568536211953,74.5525473549762,87.8925636998762
63.0445596938608,67.08866808478,49.1170682099878,46.8014790537205,46.0942898699182,56.8484564369004,72.0293978086068,83.2383692679673
78.903474035447,69.7171767911364,52.3745827289072,53.0583576599932,49.3384328675767,61.6226461029985,87.9691009991702,87.9696834456231
73.8235901495243,67.8130904159858,57.8765104983317,47.5581094939898,47.6378528371239,66.2148998218464,80.6306964488322,82.0269548443886
65.9061106800024,70.7058606567627,61.0366685957489,46.9360782403779,52.2414774824721,68.742863908978,71.779046859459,83.8707382573872
70.0749269525354,66.78953738491,47.0695476994443,49.3958360708532,46.0212842523244,55.4036535039385,79.6120322598179,84.7083517451482
69.5961904503674,67.4522746158077,58.0102719256487,48.7850052835037,48.4105983506481,65.3152141017752,81.0508851948301,81.8215846308587
73.3048997714518,72.0548121074559,55.383607421323,50.3949666290605,50.137638478346,67.3590996777969,81.866298120199,87.9865984987448
74.1277884036689,68.9445780207043,55.2987201819734,51.6595020718441,47.7696342348816,63.7987687789552,82.370681425595,85.2011237207089
74.5178680989394,70.5621866587918,56.0355649950297,52.9575751257328,51.0835975601245,68.1965205883444,86.4734601588554,86.0624607090847
79.737948063552,73.6518348677738,63.2424631031433,53.5624666359594,53.3072048017124,74.4177430231103,89.3551975749996,88.5610058230098
78.1193922618096,68.1094724199859,55.4980944479202,52.4446509145367,47.9266276547244,64.3982168429921,88.6105653353372,84.5174317132449
69.4486265342372,69.8226107731475,49.8555286157349,49.1198736045798,47.3492747042717,59.1580625516674,78.5952576888215,87.6210233991609
64.4564680186936,68.5895796377634,53.7051580260226,46.3165330371249,48.5470928099036,64.951470557526,71.3400795916136,82.1894162651862
68.3477827842733,68.1196448086209,53.4548596184901,49.1349839907489,49.3533336673752,64.0317206638117,79.9143708866873,82.902940518961
66.7765693390563,64.9765121445358,58.7851815375039,45.5037536148726,48.9778811482583,65.3114819128224,75.3222899025167,77.2616264623012
78.1717661685238,70.0607153792121,57.1226305220943,53.2935892246795,50.5480015314869,68.2386433197666,89.4606599706103,86.0706307687643
66.3756568345887,69.963804954865,59.8314484057702,48.7810443290163,49.5291134714032,68.4887231874543,75.3044605984713,83.368242593289
66.3164168565495,69.7016518421887,58.3618717779884,47.7403383075019,49.6317907828469,69.7807216407802,74.4331905463261,82.481571241651
74.7656820867529,68.7887313912417,60.9902911261805,50.3855669388389,49.6789364250948,69.1773271000476,85.8859101257367,83.1033564541754
79.611696260292,67.2034807172771,56.5299648054133,49.7708236148311,50.6123429692451,63.9257375300118,87.3845319783632,83.4533512538917
69.6367787246008,65.9647602943487,56.3588088075066,46.6714358631398,48.1241263194812,63.4179386179846,77.833909235469,80.0967516748578
74.1867425628442,66.4634270928377,52.0366362561632,50.5011456965679,45.4181793324529,59.4843556098521,83.0766447626683,83.3669436194567
66.3031300393116,72.0122918780192,55.2052360471719,50.0899911661474,51.3935674523215,67.0340174340012,75.6444692364296,87.0556640612701
73.5003113418868,69.8739013678296,60.9267446150898,50.4587946083924,51.0077415056272,68.9583044429084,82.0757758998415,83.9931915285537
71.9910934086789,66.961385670673,54.049250834902,49.1461895974948,48.7143477812416,61.7657423073521,81.0133672194646,82.8014118093282
63.9082553420831,69.9774601536845,55.4502415248486,46.6695070857585,50.1126682963302,65.4358165027597,72.7748216463738,84.0727538751215
72.9903917833638,67.7977093402406,51.5209502682494,52.3073292566836,45.6260283953428,60.2962017918941,80.6903345071175,84.8495870831869
71.7509602957242,68.5886034314774,54.0611444093531,49.2860870616925,47.5946639810257,60.8635562089491,81.9020871586277,85.7251062688968
71.347062592027,67.7227877607282,60.8260659333997,51.0712777535614,49.9054176340206,68.7595396128446,78.7667156543336,80.8201104341304
77.636926947945,69.2194561822221,53.8080111175124,51.6765452868073,49.4654363084462,64.4325589580334,88.9686816200198,86.0979356636308
80.719104801202,65.7096023471034,54.1227137051997,51.943617361367,46.1273034278724,61.2629046745106,89.9881668668251,82.7786850511153
70.391173017707,69.1598233308105,51.0564155225115,50.849417752281,47.0007631062563,60.8699365349489,82.0253869907254,86.3034799501427
67.7320019798058,71.3870982225408,56.3789431484187,48.002732912882,46.92119444712,66.2431036957425,74.4777024223011,86.1524133126294
65.6379981306097,65.5998409216393,52.8378166058553,45.9071684867046,46.8289773063163,58.7921746107355,74.926239439725,80.8929342415713
63.0737268084088,65.1633217855477,52.7608349547765,46.7808323806535,47.112765710185,60.5696057101266,73.0904979576247,79.015143516321
70.7661223706126,69.0937283646161,54.7691471548504,48.2550525156823,48.1469640533564,65.4093120006327,77.4100040409186,83.6341635856198
63.1842879250273,67.7270232556157,55.9869438350902,45.6539153169782,47.6131657169771,62.8094963622605,72.5161882028363,81.9220485314189
71.0384210598953,65.627336610368,53.2413020438044,48.7868458330634,44.8854254404326,59.5031413737631,79.4044336754694,81.5017470587198
74.1866645239075,66.4063766140236,49.9180023522695,50.1482250702597,47.0971858162722,58.8462056012679,82.1269396421733,83.3306021666193
72.9292204313215,71.9490329597414,58.7973517600051,50.3744035296464,50.19685889289,69.9437167784542,82.6490070281036,86.8271333758144
74.6553454253286,67.4965681344364,60.6420919992616,49.3286034384495,48.1968858006133,68.3932884031636,84.5611587502392,81.4635213995981
56.1625007310016,67.224223131503,48.8979525297703,42.529733614261,45.9830386918605,56.619227524158,64.1957661020172,82.4103944904655
76.3459957952372,68.8172184995364,52.098952915413,52.3290347226589,49.9880917915291,61.9255509216999,86.696346772732,86.3803919153535
76.3402768882745,64.7224675769857,51.3928954400629,50.322384547052,47.0405747689849,59.0393176797399,83.6844648121032,81.3788736363598
78.3620528118538,67.3940200888254,49.0729952634097,52.3695559347521,45.6399865772696,57.7096940788827,89.6381299305765,86.3813895104354
62.6732423502695,67.0445691377095,53.4247081435304,45.8650543563722,45.5311022045912,61.0612950304329,71.3878807923031,81.643282430357
53.9469955911475,70.0408118187386,54.6285333114446,42.6050338557751,47.6545046977184,64.6608998248406,59.7980348501358,82.4405378162838
66.7573733390077,68.9825440621376,57.0598917234865,47.7671437410931,47.6895076781422,66.0715457696149,78.5724207830352,83.1164252052831
67.8690653802175,70.744627401284,62.0797460092512,46.3316027161335,50.3934133968925,70.2457515712073,76.9853212294672,83.9539120492513
63.6265843400537,64.7141171678165,56.4487183629808,46.7962818480402,48.6292574941043,62.5861974667347,71.8024872480216,77.4797536278533
69.6097095145344,66.999237216224,53.777499626795,48.5571002290595,46.3383114785033,61.6225901844174,79.1930657826269,82.2519638561687
76.0426121170911,67.9664670362845,53.1564753634055,50.2861008437244,50.9925996463174,63.3151527485787,84.5212886567511,83.9236025580456
68.7558141972951,69.0711603166072,50.2333191969382,47.8120220142016,48.5405376468914,60.2862003071609,78.730016269987,85.7984301292183
72.5127182349751,70.7040533787943,52.098773345265,49.3498999060588,49.4818616790233,63.8681827856501,81.8664791766635,87.2734005076096
63.3016503720892,67.7350610131699,54.7289854603841,46.4233546026599,47.9212782619255,62.2012542253462,69.5933359938535,81.9164633832408
71.034171500511,69.0864172627003,53.4197104944098,50.0019787489645,48.5342637578046,62.2710417048975,80.6309711538599,85.5475931853441
76.9987929775035,66.6497522051277,52.2802844957962,51.0964926482291,46.8065351906019,59.1531304267088,86.9103512762425,84.2318995757448
75.2449850208286,68.9601299280155,58.7417010525327,51.0386582676979,50.0289434270447,66.6467974357863,84.284883216351,84.1836482693458
71.0487768836451,70.5679659034061,48.1579042491738,49.8999554198936,47.0947666718519,57.9457409030337,79.02665377551,89.3045304701097
71.2943085496442,70.7492574509216,52.860086303591,51.5578922353704,50.0561205519195,65.353101597526,83.189318143089,86.77486313333
76.6607958002285,70.4554730624737,52.1174310360342,52.3320714591389,49.8274039889927,63.06574866514,88.296934070962,88.6470874040377
68.6767458008463,66.1467744908846,52.5450146280613,48.2729602291801,47.2698296823064,59.4515984746721,76.358359700479,81.9225111284562
72.2239583437445,67.4076576379026,52.3076807222206,49.0053552231778,46.0799018167217,62.2007261672227,82.6886190794674,83.256430165007
66.4528166131869,68.2029403246618,51.3023731782216,48.0603282488435,47.1448292731453,60.8951250390294,75.8759578804932,83.9472933597636
69.1405028438018,70.0172209937088,54.0913358039507,49.8584002111638,49.9320829949961,64.3136803849809,78.9857783059939,85.4373636437165
70.5179139992642,66.045089900719,50.4797614672912,48.7656201314901,45.9858306269084,59.0999243535067,80.47212477931,82.2462046603856
64.7520435801842,70.5656788510107,57.0150417078629,47.4647135987338,51.1304222959306,67.4215789420145,73.2057917024237,84.3163937772332
78.9779138898263,68.9899914121385,55.7400699068372,50.8624666146737,47.5814943594572,63.5143272061823,87.9394731341937,85.9896505023239
72.2379864414794,67.8222268769918,54.3617774874424,49.4475706731044,48.4038789484713,63.762353963105,80.6376745909068,83.0655007904959
68.9228456103933,66.8409976344158,55.0804963896246,50.445392448693,47.5685246204942,62.4732078327676,80.1058388398199,81.8075840110349
77.3730847576183,68.7998460230539,54.1951870221014,51.9047655477433,47.3260832027251,62.895904242069,88.8897075128472,86.1402682481931
73.5231572357444,71.0211467603559,53.8107164545644,51.0141753431065,48.9977911289171,64.6244967267449,80.4276945478858,87.5336685995986
81.3509882224778,67.3315170229256,50.4645443991276,53.9479369509331,47.4793524567988,59.6666021385324,91.1741481857315,85.9297400021843
72.1841098189267,68.5219089944484,55.8312348034646,49.5562700707947,48.886612569772,64.8463338855527,83.5051799689521,84.0654592324936
72.8830208417839,69.6853459196872,56.4023209911075,50.317639912467,49.7239197656412,67.0868279250798,80.8515729073948,84.3115209244591
72.690359829663,70.9534534754029,55.9005920057452,51.6591230148454,51.0619440420828,66.8833035062113,84.4540299429268,86.6911488442147
89.9679178515448,67.9742903776672,52.6210083656767,56.9688897203063,47.582743512014,61.1911681257279,100.866896394683,87.8278159558059
63.9283878280505,64.3904101449806,49.4849369272249,45.0220465650378,46.6959198221269,57.0841565129201,71.0821778571607,79.2950829181431
61.2624930638651,74.6990676948284,59.7486922811222,46.5736694615549,52.8187787990314,73.6197224382178,69.5714632275789,86.92112322615
75.8472967349522,69.7415897617409,55.4485501762662,50.1218669073688,51.8335510993354,65.2099182976107,87.7605040243932,86.413132931084
73.6608724533091,66.9248634321434,52.8021736160401,51.5915233634194,47.6542876668888,62.039102859936,84.2858613500887,83.1168007960646
69.3285125323447,66.2704105230733,48.4991833920572,48.544429214857,46.1427574436194,56.8251119182528,80.4683070667423,83.5715137241072
82.9195371187767,67.4268478576805,57.1944253401924,52.2868729669086,48.653256035763,65.5682781013414,93.6719818681891,83.7187932322968
69.8914734609157,69.4556757541185,49.7986134162545,50.7165936834913,47.2801273951451,59.7397030533193,78.2499210661137,86.9660581426431
69.6893823202985,68.2342128300948,54.6217617496338,48.7931676027843,49.3309576322907,64.1897547160384,80.6307836779158,83.4166207802001
72.6954354242549,66.8058750887285,56.8614541119308,48.4433013536996,48.4508712167738,64.1436806653528,82.1578704570367,81.7894122770225
60.8344399307318,72.304297997122,56.7211379490138,46.2034405836115,50.7013484467415,68.7989218728061,70.1152529533155,85.5250403860756
75.2695754089725,70.5929160695329,56.2361582184338,52.9462860731924,50.8076121481054,66.5225884464275,85.1125709412202,86.607069232702
66.4276372595795,69.1996603759019,54.3052837203427,49.8143750947353,47.2173152236737,63.4823584899544,77.2112217173694,84.3848388216556
72.6791350006385,65.4746842387378,51.7183879228155,51.653090322716,48.1659659238469,59.8928416558308,81.5524979958149,81.5830957708069
73.9836307343317,66.7254765227757,51.2303886867185,52.0132003698386,47.0220212403217,60.0516883557036,83.8377080248162,83.6111008058161
70.4603150920029,70.7260692765999,56.8254804761986,48.147933625457,49.797925848808,66.4318723083764,78.829082101314,85.9778340119657
62.8366643101726,67.3260805106609,50.2374057147969,43.9603789431034,47.8249089200405,59.1504066923881,70.7989445461166,82.3867306596795
75.3589666373809,66.393831848795,56.3134750158879,50.2823810340555,50.0755561991166,64.9738728572334,85.4614585513915,81.1436638552653
79.7827697495009,67.4559102034816,51.7181015847844,51.8703436199578,46.2295943179484,60.2383960295607,91.1846913223116,85.6315071389528
65.4373414364658,67.7951710407183,55.3023686829036,46.7749109228722,49.199657070311,64.5834539554687,73.5019315639596,81.5645401851511
71.5609102622175,68.5575485340763,53.7669520452043,49.2724167796463,48.9551877725223,62.326359298306,82.4490005339748,84.8202756424338
66.9465988822223,69.4486451228735,54.5608526814182,49.9653804354975,49.6570037148011,65.5354521867156,75.2135588344963,83.7399378838845
71.1875720814597,68.4041036187107,49.7679243794976,49.1674485988992,45.6086445981554,57.7211439175001,80.3522350820696,85.9808518028248
76.8883631699688,72.174233707086,51.8990828849317,51.5960450728972,47.6102719343996,63.7544209209603,86.0134115927234,90.0907887429598
70.491432067336,67.4079519599923,54.772493466547,50.7792364089842,48.3511626103904,63.5363853897628,80.3361240518384,82.5518868899559
70.731113065566,68.5065238888376,52.4525144137731,50.9784681108331,47.8818256019589,62.0890753007747,80.098972295052,84.787122268463
69.3452539559137,68.9362374084075,54.9258867348509,49.0889069773704,48.7957027336034,63.7191541595785,79.1309605861135,84.4579364813494
64.8719186535302,64.0561949627182,51.8434121002363,45.6079690994991,45.0983387327622,58.5159166215197,71.7839191162333,78.5191953272997
68.8374422985343,67.9059777856236,56.6046725138497,48.5987736007918,48.3572367859818,64.7643122625766,76.9958434143433,82.1702481395908
69.4445890593581,66.8685059501401,56.5758611201784,48.0816872439611,48.850591041988,64.8844987710379,75.8251457602569,80.6106654555418
72.6298543703194,66.5785074492724,52.7927141537918,51.3908158939779,45.9739124967294,61.0510734325063,81.4672970331893,82.4038039168147
63.8106402992625,68.6223350529588,61.3802683747912,47.1848191675072,50.5625732286734,69.9777990005279,73.1177817115806,80.329188481563
63.2687835422247,68.6643857565121,51.9860343297573,48.3649544070259,47.9004798143529,62.3774654280479,74.5475027619764,83.7329821308478
70.3885210837766,68.6422226309884,52.1001123131982,49.3142817043581,49.2050896826765,64.1375854726181,79.4610599294144,84.0259597899286
66.8485529829235,70.4231467284529,57.3459592692536,50.1949600200602,50.1244714242781,67.3042729009486,75.9623125643224,84.6935274478049
71.910051441459,70.7900077123985,58.9205780608054,50.4672414786613,50.2017054305392,68.6024176868994,80.5731569405885,85.2827742655216
72.5145651631153,69.2313499076091,57.0492896318931,50.5498379107321,49.1993912687108,65.2400102536655,81.2056265499372,84.6248986652726
78.9120205888408,66.1115269344733,53.3341655827199,49.7481374823667,46.7123783576897,60.4072318201809,87.467484982721,83.1896576620719
71.6711865342699,67.2398324329545,53.2592974761541,50.8258491483969,46.6131091512601,59.8616040569063,80.1209659539303,83.913448231594
84.3153380526451,67.1950918183746,52.2358170663349,55.5058692475413,46.6546736789517,61.6939982140719,94.0967040914095,85.1668163477201
64.5615113221996,68.5128664046475,52.4734204725783,48.3608407838346,48.3015195622861,61.3905839032506,73.4259530478132,83.9705804832381
73.7625664158039,68.7064335579186,56.8166191264569,52.357266107865,52.2085132186656,67.9185227803806,83.2063651991618,83.2143392661476
66.9978020201321,69.8101428507759,57.2270484388264,49.1110470052403,48.441977715484,67.033350457832,74.7974778488992,83.7954373689741
75.4294243412919,69.3925834087043,55.1681866967383,51.5183293062443,48.518109040414,63.8418835353782,84.0351552759839,85.9002380905067
69.6159075602517,65.7225967160813,51.4947687731743,47.4703803676168,45.1500400645368,59.9618944391012,78.2348366687751,81.3272137773369
72.3870399975084,66.8167139873392,51.4973901741111,49.0726735255779,47.1237787955912,60.5518083586709,82.1020437961908,83.0197575913138
63.3379187597355,65.2910119273666,55.043656612097,45.5148325328451,48.4128986961429,62.9397979048497,70.8978047161989,78.3628128512051
65.6093490646799,68.4860392165889,50.1557211787244,50.2009370905664,47.3671952397768,58.8284163659479,75.3130135108546,85.1348721597827
66.6411430136785,68.3468955004441,57.4465690305363,47.4534088934386,48.2757603548596,66.7224853716395,75.0511564310617,81.8708158823463
74.570245161485,68.4904766388976,49.6415768266251,51.7107448785691,48.0883135658192,61.1404062972303,83.9832540127035,85.8858238996863
73.5409565676108,67.6980770876694,57.7439977180847,47.5800687545182,52.0593157387613,67.338554348566,85.2561361880897,81.8307030852391
67.2810756593381,68.5638470788494,56.0272635422926,48.3119406683645,48.7131534960739,64.9272697881738,75.4180557153706,82.7440730653442
76.2504247319472,66.3995391633855,54.473201004545,51.1082718033207,48.4900166356092,62.0755219434811,89.0140806382763,82.6452527399221
70.8542698402673,65.9991017468676,54.2456968964874,48.0800420913689,45.4833721873182,63.000197296134,77.0081467948219,80.471877394155
85.5415097586286,70.3503149596236,54.2894060213413,54.1987377845585,48.5388036525832,64.0132582980531,95.9382933439038,89.1084402815597
74.4242920073004,71.4755390996851,56.1808292776065,52.2817082908288,52.298712878877,68.3558125767031,84.3410798570354,87.0983767639823
74.8431403269438,72.4615167998109,56.6831966671689,51.9901843336511,49.1216292638014,67.9059329410353,85.8591726590448,88.9001616506312
75.6733510763107,69.2085858594393,54.0171419604463,52.465252827765,46.0097423160446,61.4103659957938,87.6947203769319,87.1527946849177
77.9060169670312,72.1275244386764,54.1377958300579,53.3040896807972,48.2485769904685,65.1040545965512,91.3594135897018,90.2931004720696
82.6634608500013,69.002803189954,52.7708960634583,53.0885514723652,48.7403832525346,63.4898433500542,92.6681257431272,86.7288424366146
70.7714373243928,69.7533911173523,55.1446097676293,52.4720163697649,49.9587428744941,64.8593972313248,81.3611644481248,85.4600040167731
69.495373368109,66.6251393258987,52.17471709641,49.1791292354637,47.597654268795,60.8925577232984,80.1265826076948,82.452371741197
70.683647921611,69.5122862051215,58.4074950564425,49.7533718159511,51.0242768051193,67.4504803248264,80.2555841044285,83.9244116745658
79.4205038277812,71.2238444095216,53.4381841004241,54.1016325810296,46.6684488914989,63.4863810980534,89.3417538840964,89.6772721509891
77.8356846290793,65.2744091613174,52.5610589918891,51.5303828196251,45.2421344670145,59.3622815032288,90.3629281656373,82.6945162748436
66.9176155591543,71.8986699443257,59.4602260273344,51.3387686074821,52.4805710583752,68.6953194365319,75.6777569929997,86.0746754124483
76.455612458942,71.2460952183871,55.1079914243337,51.5655902627989,48.4340526541663,64.4908343733043,86.5946297108195,88.8547721208563
68.3000493457705,68.7281065663754,57.9902550741149,47.8114695230492,48.5220038128863,65.9734217931815,76.787655295865,82.7615552784004
67.0836415304467,68.2968670142659,55.9918161727813,48.5090277824346,48.083794938896,65.2936712268136,76.9070642895846,82.3375688266699
79.323263726697,66.980886363235,54.9561603248174,50.3203570067444,48.8090885882875,63.4331098962099,90.9166033818907,83.7237345603969
68.1903287484788,71.2198742571365,57.0972241330558,49.6770970058994,50.9392723234252,68.8700872102743,76.1226521950954,85.2093321294951
70.0875752546024,67.8250938714226,57.8551816025486,47.070068555281,48.8853251611878,65.5215285055797,76.9908408953408,81.9899940578584
73.258165967898,69.8952895898816,51.2753964817705,51.9062091516154,46.7784219582222,60.5170083393695,82.6727349201434,87.8121515419244
76.2457229327845,66.6066143415581,55.6331883060335,51.1800429363672,46.4939733020477,63.9842282268586,88.1954749930193,82.4785372972768
76.0777295363545,66.7909866687441,53.515901833365,50.7804923391164,47.1067625641917,60.7715839898218,87.5954610353644,83.9837891251839
63.2341166073362,66.9821601994464,51.0043168056115,46.7084456283597,46.9009444911345,58.7188820434027,72.4115985904569,82.3956439784345
74.0620522923933,68.7174608948973,52.6552537607862,49.7811596670189,49.4909029090201,63.7354639063114,84.7110715499748,85.0381928953613
70.0994025536468,67.631029586223,51.7068109638244,48.2061619914313,45.2533899383295,59.6242677911411,78.3875653267287,84.0664265113035
62.6670991502424,70.1910936867237,52.9810014484371,46.167406615084,48.1738714241398,62.6776663240856,71.9767143931924,85.5115098218279
75.4796898456415,66.5388542195304,53.5459911516267,49.8704134417009,48.1773764881383,60.7230066439844,84.0354322267176,83.2372316989365
66.2373034191511,68.7915529561592,58.5852931222414,47.0309590775268,49.1741543816668,66.3877704043358,75.0985894100548,82.4663179618852
73.9988830856729,63.6519769824505,55.1701578139913,45.8800223809937,48.1292579269377,60.6516134055622,82.3199325029435,78.6372277028523
61.2794357714857,62.3409074089385,50.8756825827472,42.0917471764065,43.7184644577255,56.4515008628894,70.2849739196947,76.0983688885288
65.6444332553156,68.8396665216176,56.8001332888268,47.4922431985757,50.2923277443308,66.9444255690486,75.2882197263897,82.2925609482084
82.0984023225229,69.5994075113482,52.9291054819631,55.3942365069269,48.1845689185315,62.2937279998981,94.5080474536732,88.40433116394
73.9851803793015,67.9336177304306,55.5068341668607,51.4277437084326,50.7890815500581,64.2844060924642,83.881014564662,83.5831861881404
68.3869469216883,68.7464828893912,52.403411564558,48.6892726367563,46.0315382598393,62.6216919322162,77.4109970183215,84.3212433954763
66.1189386990956,69.5293595111374,53.5864544403359,47.2584689644085,48.6107385346371,62.8829693289388,72.9359123955688,84.8844299540203
71.8302866038621,68.2471118016104,53.5621071368177,51.5536882372553,47.0706085928477,62.2285785565399,81.5967587200523,84.6367072875581
72.1411452514223,74.4531207206625,57.4822770257583,52.2865837197019,54.0420179107533,70.5653365470205,79.7056468734477,89.8498672052234
58.8274414568151,67.6066776347599,50.3464229714735,45.6311422124912,46.8184876009712,59.8382255949888,68.42557134551,82.0724509517744
82.4568942229092,71.3222098862637,57.313518460374,54.1700119354135,52.234537063556,68.4420569332581,92.4045598810641,88.0582235678632
73.0500252904048,68.1332274471974,56.4382755011726,50.7153901142022,48.2778870161522,65.3470334247135,80.7746642667942,82.9393313161432
67.44608540175,73.0121447996083,57.2171307664061,50.5466790864738,49.680617561386,69.7002173354398,78.9729445178622,87.5544235587809
72.5778911774921,68.0721969228878,51.9008787252401,51.0946909399636,48.6528917716316,62.9966574943247,82.4212525873641,84.0318678664182
74.7754211324636,73.306311567217,53.3956834794958,53.3326178722478,51.1468039518276,65.4552791426212,84.7079346780824,90.9497850046172
77.4700053101931,72.7184187931977,53.1084101511274,53.842094159412,49.6104907032417,64.3537788522012,86.6678692477675,90.860125937905
66.7211034851032,71.7960525848665,55.8152810040526,49.1086161061031,49.8811924758556,66.9788105564896,75.1801957276127,86.651792585374
63.8643522246583,68.5874096717209,57.6168591977109,47.5098940806314,50.5186922974432,67.4205615395019,71.4692660482118,81.1376056961827
65.6123597224192,69.042476861835,57.6033778922659,48.1552128113632,49.2335221579857,64.936566812646,74.6900979245137,83.3784796971738
73.740114788575,72.0957677450393,56.5524933332111,51.9629839357528,51.5346968997836,68.7871624640234,82.4809536314919,87.5794176475691
69.5737028228655,66.1067948083232,54.0406372142652,48.7974648391283,48.3076495327122,61.1490567400003,77.1547082713874,81.2121493585335
72.9210831311988,66.2103691438147,59.0464766197399,50.1030997597572,51.0759275674145,67.8355179010186,81.8074889763575,79.3946735831727
75.8619564916918,64.4335199133957,52.8467847745987,48.157092093219,45.2455263251406,59.6071906028654,81.9532401773358,80.6325033577936
67.8894632938271,64.9859317500372,53.1826817939231,48.8310077420714,46.1809250120047,60.4890923121035,74.6085394976477,79.5011290325509
73.2895705363563,70.3331395940617,56.8470666027817,51.6229001970626,49.3091991235773,66.0883960774942,83.0795004097929,86.1792018041722
67.872201016165,65.2601327262045,50.8608059806637,47.6343438636754,49.3733720899002,60.141904825313,76.1671700072904,80.3327183744179
67.7286264598029,68.9446357118715,55.492444047682,48.8454113147324,48.7572179763914,63.7151790829768,80.1790973379101,84.2888459227678
76.575349646917,63.3355604403693,46.9011223695541,49.374271324531,42.3375283208587,52.3014332843647,85.41252909359,82.1939234315774
72.6790856244802,68.064033097862,53.7611088097579,49.4908326607656,48.4160787184353,63.6967235422206,84.0260541988292,83.8484740377398
66.9253638388858,68.4142428000566,49.7448883155982,48.5559237379785,47.1406617001237,59.2023717647777,78.0031620916639,85.2200468508057
74.8365619967842,71.9640198919965,53.1522269243862,51.7906346346133,49.7007802320816,64.3212409056437,83.4261742911988,89.366578001166
69.8518957452904,70.6839358460938,59.2281651192484,49.1567620642053,52.1500490443937,70.7322520489516,80.8464828047958,84.2841264975679
65.6757152880346,65.6947931423454,53.0682164495342,47.1143560294646,45.8125953267555,60.9007514798797,73.104445364692,79.935243610973
68.3406076079254,65.6109513396811,50.8636919624624,49.2641414021276,45.3968250017245,58.6656850794649,76.3580767382896,81.1715677638738
70.8521820079533,67.6638787246139,55.9089244670109,49.3596946141201,48.4600141007361,66.5394760705607,78.5402032676564,81.347216138785
69.1809466984926,69.835161353964,54.2672816455487,49.2806303291729,48.6274735835472,64.5507147692133,79.0447106346816,85.4561624041044
63.499948337973,65.2964417365179,52.8116682940234,44.721652019576,48.709512422239,61.2814812345811,71.2294881728712,78.9412424405239
82.6681493265364,72.9045733659341,59.9021380908469,54.5656770577046,52.9729439935304,70.398066013904,93.4079120638977,89.8171550511031
85.6254894023969,62.5156657790591,46.4751327111379,54.7092747785785,43.4614462252036,51.777625498883,98.711329089401,83.3203718667376
71.8779935694971,67.3173284850135,55.9211089355863,46.7718233698494,50.1138024113702,63.4395319679427,80.0326724177425,82.4273104173204
73.3885358736301,68.3578387162504,56.224914240575,49.624215640642,48.9113591850374,62.5593953142873,82.5868301651229,84.652144403926
81.8647067962344,69.8341439838424,62.1547187481897,53.7406417229145,49.3548634459874,70.369418220983,92.4912523511673,85.1617915401634
72.8479008835079,67.0735091258229,54.2054558932781,47.1837938819138,47.4431423307,62.0098083160342,83.0255843254255,83.2940962559761
73.8535726774552,68.6595692148023,54.9984605062656,52.0622331762292,47.9583013346757,64.8944181469943,83.6193383217304,84.2393747178238
69.6391301539063,71.5431253949479,58.6136893137286,51.1355631059314,50.3646818238236,70.128405307306,78.9571851198419,85.4795242808326
74.6873463851463,70.8536586579968,58.3562927628716,52.1507494437484,51.4971355347958,67.2196453867638,84.8961182562524,86.7901035715757
71.1378131561623,67.919816796444,50.8823310170294,49.5463850278309,46.9229427118443,59.8092722254863,79.8683114706503,84.7229115824953
75.2791041618934,67.9407414853469,56.6127899797994,50.5716757259347,51.4566196621513,64.4309891096832,86.569370568552,83.8903892146873
65.4230404137958,69.2452906309903,54.8492738972449,48.8753395348478,49.5139593424116,65.734450672325,74.5182757438607,83.3786522457482
77.9124599194108,69.6496689934374,57.8063124019649,53.3686753905852,50.5348217787113,66.0577366467955,89.1050841354072,86.0841126215554
71.9402369053851,69.3516628639994,52.0796325295671,49.9059439821699,48.3703960494637,61.0786008745138,81.3389821732166,86.3977896696018
71.5974951135406,69.2487969988892,54.7699976945391,49.9901247029751,50.8274786219398,65.555080082892,81.9442498356376,84.3950930941069
84.4248049512282,68.8153403075318,51.1475457399791,55.6803030117761,49.5566087607749,61.2948140304136,94.703777143453,87.9081003962267
61.9114843997136,67.0065276810121,50.5483403080627,46.4884107234501,47.7233491620874,59.6103710674782,69.6509345831713,81.9117212934276
67.2145937505006,71.7155548006014,54.5701125100521,49.945384418515,49.0019966941161,65.5096214551198,75.5843157355978,87.177423092428
71.6569605947438,66.3950297842317,47.6623257624014,50.0246333640969,46.0479371738671,56.3240525720771,81.2835799920902,84.0510152751444
69.5581097442783,68.262160354757,53.4392801817539,49.8468103784557,47.8826367406154,64.143084545756,79.0366881180182,83.2397696454775
71.7524293417811,67.2363229151865,52.6981916714069,47.5027684002615,48.1839581964649,60.0866051908746,83.1467167069774,83.6700926242193
74.3557785535897,68.3584602475744,57.3871817345015,50.6378792569418,49.3034185914461,65.2905811815396,86.7954521212751,83.8792535336899
69.9684645225622,66.597090493981,53.4142378839465,48.8997815158562,48.9133975014565,62.082392411799,79.9447416076353,81.8536904431332
78.7556774522717,71.0183596117853,52.2035435188897,53.1059574348147,48.1064971437667,62.7611315814943,90.6209487036903,89.5367099554924
70.5034664552952,65.2140053507044,52.5636401584295,48.787636386427,48.5217579299324,60.5279885634309,79.0719874847846,80.5449629698985
70.3687050166898,70.0860130735003,57.8460772392708,49.1950064773386,50.2802631402278,67.7842368632243,81.5728160845797,84.9014894236222
71.3964517939729,72.2974530969782,54.884998996913,49.2187466449662,49.4580675274554,63.912909275784,79.3276810391598,89.224055656868
55.8893006543473,71.3578062090683,54.7891020742124,45.4383561054651,49.2942475782436,64.5028096596964,64.3977545870929,85.166097249697
85.8125577153081,66.2279076903322,51.1855921691525,53.9749465774556,47.287683178953,59.0957933883369,97.3449517100735,85.4206267323499
72.4166408022676,69.8510209549677,56.3958525971518,50.3202010093459,51.9534270518056,67.213136790681,78.3946022263729,84.4400157017983
74.9806607429892,70.8395132058489,55.2042189214282,52.3868808588412,49.7168057002772,66.1292116553334,84.4632164419759,87.1140909536572
69.419562535046,68.0336218625384,54.1611134382069,48.1548394774993,48.6233073830213,64.0276026224153,76.4947411104378,82.6715535349013
75.8272966496839,67.3251018146923,52.1336051860302,50.1615436927695,46.3669951407575,60.7189589736605,85.7304310492184,84.4550494930179
69.4299853997252,66.5314653397277,54.8233547690949,48.0361053872779,48.7578440415267,63.8308079781983,77.712575917554,80.7590927908221
63.5770704256614,71.1255849333847,58.0218607861989,47.357742861942,51.4738994246953,68.8719262597797,71.6568928162738,84.2961886223473
61.6569245775937,66.8617284672875,56.896795002826,47.3518684786057,47.9294477630758,64.951435394733,69.5870040037035,79.4057182676203
74.9449612952718,66.2746842863239,53.2946400955522,48.525067443108,47.9698177267984,62.0560131153857,82.4942488201453,81.8812572549588
70.4073673963731,68.3562674051614,55.983107459322,48.8294136718889,49.5633677475152,66.5487190303748,81.2485890173863,82.6222441797265
70.2093640141499,68.5891606060475,53.9259664712339,48.1975968655831,49.8053972059708,63.9438641845023,77.2586292606753,83.773808620255
68.6651041313151,66.9808014460527,54.0397117250691,47.2102350330664,46.9876594605947,63.0673801595664,75.2046340966227,81.6123404049154
72.2005573226221,71.2465449496988,53.0703696940902,51.762120150546,49.7527359381199,63.7199241251964,82.8386480195373,88.2008964643116
69.7707655120891,67.8290841374656,48.3668691892109,48.6003185914367,47.8370871387881,58.1923557272382,78.441281274051,84.8810542396958
75.5955081406695,69.2613233180516,52.0497701095596,52.5712803286381,49.6000166863732,60.98320223106,85.7629762581246,87.2244048256703
67.9003361805504,69.1187483925518,49.5028153240867,48.604208169803,46.9782876421894,58.6509448043777,76.3595997773795,86.2872416860689
67.6972984063104,69.6651565700688,49.2922621863002,49.0071600164225,48.2374328144508,59.4659577839577,78.1224002972835,86.9226159878736
68.2987856091573,70.320012202135,56.4768388659546,49.5812200336472,48.0372948928585,66.5625000643118,77.0924891091078,84.8826610653398
64.7498792370886,70.5672863101181,49.8244831753748,48.6546452010816,48.6766572313084,61.5759543758635,76.4686974883131,86.9399791346857
70.3277965613215,70.560862612509,54.161782274225,48.7378577893296,50.432454815434,63.6012368294305,81.2313822924647,86.9417581584905
69.3699809692644,70.3596604320281,59.4208038297408,49.4549361460307,51.3427184060436,68.9553254223041,79.8265388013932,84.3271176249076
67.8748003335389,70.206941836557,55.1463373659149,48.5365369091168,49.9938962879265,63.9616945411276,74.8417104978157,85.6893589431351
77.8375647397752,65.9706409344258,52.5433632230499,50.9441173193396,50.2030728499509,62.8757476487445,89.6833139394504,82.1553789137815
69.2918211244461,68.5169146448841,53.8529010988535,50.2668401891553,47.5666762512231,63.3429608261387,77.9292483635339,83.7807608864647
72.1382926853953,67.0001082211067,47.8415742372337,48.6603873576431,43.426923854141,55.6460546275059,82.4043565991512,85.4750363511106
69.2372765813787,69.7720576256429,53.9960025658051,48.8600076084449,50.0251453171668,61.3850486734162,79.1176847650791,86.592192486186
75.4390383831405,70.1579954279425,54.1125012319797,51.0621556467306,49.3796966464586,66.0222032335289,85.8624980886963,86.2552400651006
67.2275698158921,68.3228266909853,51.4077247847949,47.112162073148,48.4364036366881,60.5834941105483,74.4167386090284,84.1372330524591
75.6009268503859,69.968719459123,51.0492907850342,52.8104430849427,48.3992467689398,61.4152999458057,86.6511222435663,88.1381559572279
72.8934941146891,65.3741738591752,53.9598505951356,48.0453733729049,46.1830015367862,62.3518010728463,83.5399863271697,80.8130222626363
78.4266376566704,67.0258982233962,54.2510036239513,53.0907220475742,46.3873168329836,63.0275016449612,87.3337117258784,83.5501774008809
76.4386235230974,67.2620252645435,53.1096002919438,51.6389559349167,48.2283621128647,61.2656503628076,85.961448196685,84.1984566595625
65.2469245549429,66.3223331378158,55.8349139948521,47.9704657999992,48.0162255583418,64.2838661896599,74.3045999711245,79.8142167581739
79.5456877359826,69.9162731764706,54.8017894506597,53.2814076719469,48.9078385934575,64.3764191389246,86.5735770763949,87.1557341253086
67.7625850390287,69.2144225220007,51.0778288384679,47.6879090306529,46.3462149321212,59.9613254120763,76.2797057682226,85.71161036605
77.2518982927072,68.348761591065,54.8820422502711,51.732487853093,48.8574962689513,65.0038591532986,87.4569799709082,84.4883392603542
68.3184195580001,66.1908105133371,47.065552017998,47.9188612447392,45.9491456232148,54.5302920098759,76.626490433271,83.8848008819111
68.7850636557068,64.7244341328276,51.9968398541932,49.1393833631152,47.3345742125576,58.832801974668,77.9779933956742,80.1685698109327
74.2967006130667,70.5365847759908,56.0110364414373,50.7507868616922,51.3369211320377,66.7567603678522,84.4284048723102,86.6071163131059
68.731522775342,67.8484399281073,50.2775161876899,48.9316989862967,47.6014073997353,61.3630754212129,77.6300868539033,83.7489156896262
75.3481607939393,68.9210164883433,57.8619113706205,48.3980836225965,49.2771669895166,66.4633744010534,85.9520312501191,84.2752526015046
63.478407744076,67.4139563831787,52.3616385704806,46.3906291024768,48.1295042555478,60.9256167146281,70.6446367917171,82.1388374542582
67.4490278446467,67.0358289640351,55.0748338957028,47.700464306084,48.3754516695791,63.9821040360016,76.3070910858825,81.0359116615599
71.8349196016627,66.921475199851,57.4447519390994,49.9429373419584,50.1666112628456,65.7413626713176,82.8427139600515,81.240412618392
76.1627851123218,65.7691232964081,48.0956448302378,50.5539737338428,43.623954950405,54.0578990097741,85.1130283887614,84.8382556065803
70.0147402957122,66.3283598741733,52.4853475561966,50.146811619521,47.3649416894286,59.1434822744576,80.7185474245185,82.9353977416491
68.739987583954,72.0860770484561,49.6578761607066,48.8863560906486,49.2008364072072,61.4024609920337,78.1422616919909,89.5930866287637
68.8799912253771,69.3162591843398,55.0000534871388,48.6611656134767,47.6079880388956,63.4807379254598,75.6204519158054,84.8955241265478
75.7288809345639,71.799843874785,55.4376131805525,52.0219862025631,50.188556501044,66.9945438475613,86.8211869646717,88.5541777780756
70.4871885951919,67.7298494989728,50.8015630361348,47.8067496367543,47.3159227191344,58.7744532373044,79.6217979954864,84.8614477756879
65.3078061670943,70.8389875936367,57.5375776576401,47.8516050953712,51.5637551708959,68.4215746524012,72.7467278333426,84.1246108599772
67.0271739463407,66.4444688257458,54.1408385407425,48.8536251919812,47.6427444601073,61.5549587543656,76.0924677934355,81.1059255693944
77.0292747795358,69.7824469193018,54.3513899030695,52.7529790620547,49.6154236977704,65.0846674004676,88.1023539876514,86.6261908661428
76.5513264236064,66.6888611913922,53.9819740151157,50.9422427424209,45.7103340770829,61.0964062851313,85.6236227771374,83.4822344200831
70.2838427369524,65.8300577089263,55.2125761262482,47.1512653522852,48.0486035515553,63.0464857919001,79.0349830467405,80.2143793846842
69.4821744786623,68.8641139311741,58.3266905029653,48.3620394484619,49.497033855872,67.2029329694158,78.056972389106,82.758457633097
71.9918319357921,66.3626850138225,49.4653386169701,51.1816663595556,46.6973259319792,57.7160643186559,81.1784906198125,83.5983512959184
71.8268383620259,65.6788939105099,50.0856137522394,49.5871597240764,46.0216700600946,56.0435971904555,80.5388858273544,83.0897021735198
66.3064431969782,67.3708865056281,50.917181715818,47.2289516489462,46.1806084344042,61.0302040739202,74.983073307973,82.6167595975251
83.1340340332772,69.673875313467,52.0621793374128,52.9526216408749,50.0186571693889,64.4812244438934,91.0515377062515,87.4150393752896
72.7929603872924,69.3554142173823,58.5960711243682,51.2773591452073,49.4103027896344,68.223118375722,84.0101719617009,83.9922956332515
72.4356357095135,72.1721263416358,56.1175152228242,50.3382500374152,51.0655797332998,67.390629786599,82.1769362123245,87.8656137789118
75.5681236311393,67.8097434695635,58.6312099950651,48.9692939497034,51.3927965461338,67.2643779638147,86.3074914969558,82.3820656265259
64.7116888244844,64.103197649106,56.761869335858,46.4084368970513,48.68175566115,62.869279506227,74.3156003195286,76.7041065363883
68.3417654596021,66.6693236378062,50.0081577471814,49.7473721093865,45.9490459309268,58.2729643050597,78.1701592032012,83.1701226178834
68.2187289949236,70.347455842383,60.3331999487643,49.0403195908113,50.9961083309042,69.8583123685905,76.5094005374199,83.4418967171631
65.9515706515495,67.3466935743636,49.9868631678949,47.7805271546812,44.7492688222556,58.6671394237208,72.1492500476328,83.3714446830716
62.7644343406131,63.5042115758011,46.5344368082729,47.1172425302991,45.5702204863571,52.8887787301187,71.2566708656493,79.8012713194931
78.0396561518971,66.9224925710746,52.9098494306731,52.1028305751211,47.2625928398251,61.7911025909987,87.9304728741447,84.087015531306
71.7178762488916,70.688703505313,51.0041960802224,52.6464197339319,50.1062062819426,62.1931092737309,80.3924733150639,87.8654958722339
64.8917410354968,64.8827468993161,48.7878309083242,48.0122007989291,46.2819810298264,53.7853782842041,74.1860205342334,81.671433010371
68.9223871933387,65.5595084242177,47.4072712895983,48.8824761635528,44.7798363433231,55.4369499917867,78.466139600559,82.7915112710782
71.3493228733103,67.6165601643917,55.3838292070344,51.6536555281065,51.2545680504788,63.9991709431094,80.6948943168255,82.9727136728917
70.9706477764816,69.0006703207469,56.9872194417301,49.9580413201954,50.9758306070803,68.5071733425925,81.8729601176259,82.9652047068639
80.924733483087,68.5315156205807,50.0123996455067,52.1672261042646,47.7378474785607,58.967447509241,90.8690718563324,87.9309610565044
70.018427370689,70.0728657759462,54.872299019496,49.400750394351,50.9110895452926,66.946027852514,81.1647940614961,85.0504981772641
72.8700839805791,66.4353543809212,47.6504073825058,49.4894635780704,46.0303871188194,55.7589520020046,81.2663666867182,84.3360616303835
73.4818431871872,64.6593691777228,46.0833528957867,50.2106448395325,45.1003707806221,55.0431028341291,81.0199400842182,82.208734102539
78.0353831267269,67.6378783455244,54.3637186504627,50.632959559837,48.0871968957314,62.8812827138942,88.9283141042084,84.2469192015917
86.1903501119971,68.6403140409936,56.2857399403005,53.3165824825256,49.4167764491556,66.2588408910437,96.2277924307531,85.9220621263648
71.459891949385,73.6084023197075,62.6428347471106,49.4258157907027,52.1039215493729,73.6535811594158,80.5849242330051,87.2413342191592
64.3729105450273,69.3024848430576,56.8574538604212,46.8369280386187,51.3515552625483,66.1059065190638,73.1371278939634,83.1385091658868
73.2055148957741,63.5592322770841,50.3922692007318,48.255899007219,45.5633470875418,55.7616313140183,80.987554243056,80.4189046660279
69.4262968231059,65.856869406694,52.4470257129472,48.6253427843416,49.1385082459843,62.1189223266516,80.8662894686739,80.8780632551983
69.5002875998979,64.3707770830717,51.6871554621375,48.4614739477523,45.2283345950114,56.5110558531902,80.4810698742423,81.1058427688439
78.8132148673178,65.8859732254321,51.918038556167,51.6621971806679,47.2971508576607,59.4097173681341,89.9448779401125,83.6228280406633
67.5890807975647,69.9084762176622,53.0157692709259,48.2142189383784,48.8134366675567,63.4277066880178,77.8811900389741,85.4859585937027
65.6604602869172,71.3431686348399,58.1706006991235,48.6584252508438,51.8142594320291,67.8713469638047,74.4384886944274,85.2474983767901
68.0264898905017,69.3927605461644,55.2286589208856,48.2732087313915,49.0665265209867,67.2619352764276,77.0204997088716,83.0629070056086
79.5682791728953,68.6168327682086,54.87646518836,53.8555850283841,48.0043713291464,63.1245508194377,92.7560203323185,86.3659837576906
71.438233359684,68.8884294185366,54.2689996377786,49.7318875703258,49.8276205009528,64.833507245434,79.7414695359623,83.9330238458095
79.8247657870301,70.1690938282747,58.5818087266823,54.7006231733081,50.7080196306235,69.3769693633665,89.632142663631,85.7855300832964
65.1215937486076,70.0090004927851,52.2955935760649,48.3470825604861,48.4345281219636,62.7631154398677,75.3680873126948,85.7368627233682
67.1498894339737,68.2967911715443,56.6521413669755,47.0224180126522,48.8451786985501,67.404559267123,76.6509475836781,81.5480074197994
69.4478006972813,70.9838993571269,55.0298072354989,51.3896017236274,50.3825936402863,64.2385349315228,82.027619590414,87.559904248638
77.5836116077091,66.1340448622938,54.3799272889624,51.5852157722193,47.4796470111042,63.4395999736729,87.1804571422051,81.8594311633122
80.4473593392606,66.6811518071285,54.0605382266439,51.7041691494263,47.5506710028648,61.4771850968009,91.0056182154106,84.0877977599624
74.0816493366361,71.1273489736331,56.1037444972257,50.9492297272613,50.2639063332437,65.1768676858434,83.908003667857,87.8061507921712
75.3851095797679,70.8445438326499,55.3110320883876,50.5307728195207,50.3520372223923,64.5741150297722,85.8201474490888,87.8638789481661
73.0804199663794,69.6938271323688,51.2507737590574,50.99642508002,48.3015155604449,62.0710564527055,85.4540247292461,87.0364440931222
74.0176023369992,64.8674077476815,55.0094923791162,51.7994905381418,47.2272112119175,61.2330214013989,83.2500992668822,80.5824425544165
72.5947620665782,71.2766640059543,50.958360909618,51.7880414974649,47.2265930434493,60.0244868813302,81.9967587970584,89.7739702087856
70.361520557048,68.769447907805,53.2668601478199,50.6569629610118,46.4781338048199,62.2029623456343,81.8664292320998,85.0841486660443
69.8387755583329,65.4155134712104,56.9188778032452,49.1932256342305,48.5388640476053,62.5456566853312,77.9662297235466,79.6867956570092
62.0578882880683,64.3821231527697,54.1297535862017,45.2609575895982,47.6600421028651,63.2148844185396,68.830788084604,76.4415465207014
80.3688430194726,66.8826179850518,52.7356646221878,54.3781918216215,47.1787711430702,60.8704057012732,92.7681040498754,84.8230975474839
72.3683021136594,69.1112295248503,52.1492180661153,50.7933430488021,48.9330211537882,61.6811007365756,82.8699087992676,85.9712199612514
72.994698751317,66.8830417864917,53.9511374127375,47.6629905823587,47.9769822341097,61.4189836154954,82.2502294099832,82.9411061547177
64.3643204417167,65.9171142660736,54.2470117714861,47.0349396877477,48.5114957589081,62.4590147089083,74.7589943235859,79.6994524097938
72.4283087428702,69.8517200979262,55.5802649901189,51.9015354011041,48.3353389367234,65.1832105064676,81.8811437313036,85.8221246890892
72.5757662312078,65.5862249948659,44.5163219949127,51.2683087110417,44.418690565485,53.9175649247841,82.697594135497,84.2501657533504
71.4608318896932,66.6253111309337,53.7418593146324,47.99207492528,46.523089433498,61.459383368725,82.9507867088027,82.5148863108117
70.0964667185362,69.6881440240702,52.5214845084511,50.933338025765,46.3540323017522,62.880798678251,79.7715155346836,85.9081041340778
73.0834826244448,67.9002041055172,50.8366407351466,50.0038660005792,47.4637094384607,59.8453129569642,82.111587640403,85.001285738477
70.4625443584182,66.8727158194512,58.0042487700743,48.5875116456805,49.1748663583513,65.0126606651855,78.9793130329155,80.8392483386994
70.6367849999644,65.5586058020114,49.6242827538602,51.4131011315875,46.1092947128958,56.2762687919385,79.8666978248006,82.7930976956303
65.3313005498617,67.3461877944848,52.8388598859943,47.0058382468766,46.0206446466702,61.7245494828737,74.6950858781484,82.1045059459661
75.4435004515894,67.1995917079839,50.2915559452048,51.594346849008,48.0674031063454,59.8015947144351,83.308503148124,84.1890691633583
76.0488233563929,67.7483144291602,54.554806003033,52.2389277415818,49.1620465557382,62.5852997579601,87.1673378890922,84.4363622135084
71.2739841450091,67.1677724622155,56.6423611621242,47.8131243791551,49.1295696367474,64.8793737720701,81.042884474214,81.7746663841977
66.5460859577309,64.5254975974464,50.4703152824998,45.4252637260859,46.7214184705147,58.2623621051815,74.2922510677481,79.4658040083712
63.5044010928799,66.168943083411,52.9657999145616,46.5219493588185,47.9974946773563,61.5406641687893,71.6104928450143,79.8847826440584
70.1447521737666,67.0990883228816,50.612480285763,49.7849055533245,45.4298366423141,59.2733920661249,78.1154444265336,83.5674840136303
70.5585887593251,69.3531989904615,53.132385182061,50.40568611068,49.3478152247419,64.0107810134095,78.309588783819,84.9407499747922
77.5115954563461,68.0209496568338,52.9223447814926,51.4545558066674,49.4960947251868,62.0123866287069,86.9953590604341,85.2805563402721
73.0354797346661,69.7806661981293,53.4160234844179,49.5537083873335,49.9826138913035,63.2697679616802,86.4595211940569,86.5835948618092
70.1298350203079,67.599277053414,53.7564317413657,49.6739341117425,47.0886221077605,60.3184469148382,78.8951140337473,83.878633625488
80.348900970577,69.6323530426257,58.4870497731867,50.7164790600468,52.8898474663124,69.4051355815858,88.2776139071991,84.6567338949593
71.5370848889911,73.5405065362759,52.555469459845,52.69886210304,50.8140716038441,65.3454340958102,80.8547829320334,90.6312032978242
71.1647396386592,70.8815324216056,57.314495953338,51.486179276037,50.9682790618219,67.2353466974149,79.8991909340049,85.871546738097
67.7968492381216,71.2750014763419,50.6352481474356,49.4874363222706,48.1281368487742,61.6113109435277,76.2786901667256,88.1069527159676
68.2631036923763,72.6581670815053,57.8185197246984,49.0281807462745,50.6792383466735,69.1096232504275,75.4070150812759,87.069028255901
67.6718112513128,62.5308274341437,48.102250864037,48.0558204635266,44.2237366997524,54.251013624249,74.28370178429,78.6621662480026
68.3315358440354,67.0979585524851,57.268408483721,47.697143785956,47.0072882534192,64.5350509423432,78.1922455277231,81.1941650114977
66.8861709986582,64.1388171583386,56.0819276993855,47.3544332034998,47.2570687561685,60.9139893258841,78.4297908046179,78.4990077977295
68.1747936771902,67.0841675059626,54.0375492838294,48.4682537969414,48.5010819133666,60.8970149143315,79.6560074010779,82.6605475881354
67.0975418065447,70.1029845779478,57.4441663937088,50.1555372366207,50.4278999270653,67.4563190939804,77.826121930529,84.3047863284405
71.0670370149556,66.596331208323,51.4299964895503,47.2588424527126,48.5194086349581,60.936572352302,79.2395175616466,82.3081424325882
72.7068617028523,66.3226125357557,48.7278484318991,49.8081193922463,45.5388894729725,56.7025676953759,82.5609358027662,84.2337868078513
71.4971457445777,69.2093385143681,52.3815588504877,50.0077498932001,48.0044744368997,62.3431209729683,79.8212492258982,85.688281594733
76.2073087812135,67.8330655556733,46.122359469632,51.6970493651591,46.396732950602,56.461017375897,87.4416931764757,87.2687412268413
68.3321344707098,68.6503387095753,51.798681649872,51.3972395028295,48.0931960606167,62.3676416863145,78.2275337116884,84.411880236154
74.8338480965699,65.2680473956768,51.8885886083799,50.2365952189388,48.5241023706245,60.9121661794103,85.9051873194546,81.3157174353649
81.1368256280907,67.8146230404728,56.1420247250994,54.1687595601295,47.0200572459041,63.1351042111486,89.9375514101491,85.0762798938647
72.5134959360391,67.3119852012541,55.4958477958057,49.5810387535886,46.4522513675665,63.8359813723153,81.9122721076966,82.6044201764301
67.3033780245441,71.965337697932,59.7846194735739,49.1787904985749,52.5466919453752,69.1438115672815,76.9150845128607,86.0730318735073
73.6718266888606,68.3766843470309,52.7472731261922,50.9652104707419,46.736772174738,61.0419481079706,81.0907515692796,85.0700186777779
73.4163624168319,63.1110378669371,55.3185919562396,48.7039618422394,45.5446863073722,61.3075798247116,82.6906360577841,77.7257822507582
71.8013512782732,68.6506252844356,51.7458657359274,49.0044108845803,48.2860856097195,59.7678825538602,81.0107027430319,85.8624170674062
72.8726927161192,71.1947521852914,59.3451149146263,50.6359224492129,51.3825334305765,70.1815561410409,81.1622688685677,85.6759670992233
71.2210484566423,69.7097035620019,54.2617946269264,48.2595388512332,48.7711824377506,64.0588431974439,80.8111045430612,85.7217081173345
59.3965796785816,68.3002808485399,60.2279036485358,45.3056645900706,49.7062473532859,68.5333647289639,68.9737342058264,79.7959331978807
67.1000581179821,66.8461880263488,51.4073036926923,48.3470138461961,49.0451588790221,61.3545673105231,77.2391174888112,81.9168691647484
68.6050342470312,67.6042862664893,54.685186396343,48.1482058959995,47.2022724338555,62.3078973992525,82.1571845330303,83.205074196552
69.1853604107828,70.7823473458991,56.0669627164564,48.7543044595344,48.6066120353606,65.5204273015548,77.76361114859,86.2604461996201
65.0481272944951,68.2729296915573,54.465228300756,47.1528364598798,47.765818981906,61.7911431076544,73.1946510147342,83.4462598032164
75.630510810318,72.6952191330954,58.9006244823448,49.7709269581904,50.4200361842689,71.2658577312549,85.9601902141075,87.8287694085268
71.1655183101756,66.7323887249404,56.7321214665441,48.2674570544495,46.386583454653,62.5835561836748,78.2997187217081,81.7737734669853
70.1549344985071,68.4379611844332,56.2883792964313,49.39932650563,47.9241133822314,65.8912891521105,80.0787433127917,83.0524592073388
70.3911372300308,66.0183139852598,51.080054150747,49.3876431445839,47.4148268672187,58.8638562456193,81.4286156196207,82.1330530906333
62.2140874099443,72.5470500915023,52.9455158746939,48.4830274200587,49.8188309674375,64.7859942600869,70.0428524284612,87.7139489663129
76.4403214914485,64.1382916562371,52.6438314476327,49.8784347104317,47.9946086438406,61.1131178980679,88.2974986862447,79.8398390371085
77.9473455197385,67.1288752765874,55.147963473555,52.5154724025354,48.207519972841,61.8142775662672,89.6990082646796,84.4159505223089
78.3402198075147,68.4172860323581,56.2508935403704,52.612948232973,49.4365882355706,65.6604317842254,89.5769925426898,84.4630762710602
67.5415446456816,68.3352926816676,53.2120474539748,47.8064146873756,47.9487153670373,61.4362098360358,73.9688059417974,83.8854286564718
79.5869426699533,67.8265033687617,53.624823628918,53.4750294489489,48.4681989924575,61.8837280375952,90.0937562990868,85.3193220374977
71.4090866298891,65.6528385704375,49.4716088349212,50.6843531426253,47.3507904527108,57.6954104635009,79.4179154199326,82.3689520868294
77.7438771608355,65.5923483369797,55.1526218263196,50.7805407878057,47.8291014789405,61.193637489282,85.8663609306005,81.7860162246016
72.7750475964151,71.281983534956,53.1379676511748,52.3208909059065,49.1075068496772,64.256034401636,82.2936763237737,87.9748009092664
67.3217443158391,65.9795369979182,50.6734728683771,47.8883288015602,44.5669407083096,59.5432923892585,76.9830788884891,81.3646584050981
71.1315458925172,68.6759854098557,55.8199305141369,50.3876403182607,48.6787952513778,65.9067743616001,81.6670741119836,83.5578267296971
72.6134050927916,67.9618115564547,53.803839917273,52.1650104867004,49.0347222422241,62.3728999769553,84.0197542054839,84.1944531175072
71.2434728957651,66.0268713533346,51.7166439612557,49.0558792564817,48.008223857954,60.7578199813902,79.4515271531828,81.6130291981934
67.6267511288523,67.8909809022726,57.3030146236492,48.679717101687,50.2087279894736,64.8365401205541,78.3119040118846,81.9944333939786
79.0845255797574,66.3133754002114,47.5670599387874,50.9945980700174,45.5632429935032,56.3694801689343,88.7744735909259,85.344143374283
70.0870330338742,63.8923204216298,50.6631812113117,48.3668996578517,46.3613834932721,58.1425140067803,81.8436799800424,79.7858919693547
70.0136237169189,72.4967924784867,58.0716630860032,50.2477875018917,50.2362580330552,68.3123673951696,78.5102312624722,87.5713363620663
70.255407249058,73.1608844215461,51.9454028936298,51.7171709241108,48.7166247159394,65.4583610048158,77.6561839502671,89.755969201604
84.7376653863253,69.7185707009513,55.1209257830789,54.4389996619825,50.6100715650292,65.6412939388287,93.9439692394815,87.3927760827092
75.1133036164761,71.1266782341906,57.7246304914349,52.3488890599865,50.4772609256137,66.4885339958943,85.6224178123221,87.6024953082125
70.8940346883842,73.3475344774226,59.4169560779154,50.6336261152162,52.6236375268552,71.7900649718211,79.90958675367,87.5494025570398
65.0357032477096,67.0784157029832,49.4650575298065,48.8663159751178,46.4714829654152,59.4416180345993,75.1024515452573,82.9567272763417
69.8155864503771,67.058717203309,52.4992711937948,49.6721762119994,48.2506919810334,62.2272316226605,80.334061443944,82.3115512733856
67.4063400051604,68.7791834799777,56.260456624084,48.3075450468936,49.3108029267598,66.0184710578802,74.4156372995888,82.7212805780253
78.0998114545763,70.3061281083209,54.3250681934816,54.084619006768,50.2800791241596,64.4714524203336,87.6855904212655,87.5098088835365
66.8873813759686,66.4148251059343,50.4428610292542,46.9489990423055,45.2966604185126,58.8986003904546,74.5394671704448,82.0934734702349
65.4667141337448,65.4394933991091,54.727958085281,46.3748881152828,47.799891447159,61.0987462470388,76.311105564842,79.8531967562846
75.0366801198527,64.0423397498759,53.7450210527322,48.4466577633805,46.0378748036016,60.0942387727378,84.7976873220851,79.7091703796194
69.1328543845853,69.6875109634853,53.5727900219467,49.7510064194693,48.9827304509706,63.49960235649,78.9919767605049,85.5245970031775
56.4671327807985,72.767468039334,55.607062312975,46.286778806918,50.1476987984148,66.2629470044809,64.5073951366677,86.26883854424
90.5538817579671,68.5342860281353,53.9112600431972,56.4965873268085,48.0665582882457,62.8312032371104,99.8863843027162,87.6447391061756
67.1820496370551,66.1416543369492,55.7295472615927,44.4482060163864,49.4188026545821,64.6334238081351,75.8768638030116,79.0340086188681
71.5205321021527,72.1560833208674,56.5906265725664,49.9881240849692,51.1303422638727,69.0881737101513,79.2046790885072,86.9878808467941
75.3209461745104,71.2437255658686,55.2273679489174,51.5313465357302,48.2680133057534,65.2303868275511,85.410317837404,88.140293064865
74.9424352899412,71.0036103169675,53.0102040723317,51.24207254266,49.429566348268,63.9384276273469,85.1162955908774,88.163444391571
64.717654794067,67.5364595413584,56.0564846819237,46.2518014326296,48.6533905220969,64.397727466969,73.7150591591067,81.2211878674857
70.1471390618542,68.1520804916872,52.8135671607952,48.5072998392117,47.044882010112,64.0549247902721,80.0740099596682,83.2122580156888
66.3727630558525,65.1428319946505,47.3628691795454,46.4167601337704,45.9225436529313,55.4743629837757,73.4633183838737,81.619742552171
70.6190812753887,70.0814957306607,50.3655694037031,49.4789722880988,47.4246111072231,59.7862484553738,81.1860944386472,88.0592724093595
71.2179685082514,69.2228406591257,51.4967767739176,50.0586721044136,48.2910915666455,61.7044900851788,80.5080053796503,85.9296444584818
64.3992304990073,75.169739992477,59.5274398155103,49.9410273411761,51.3018835136479,71.0086777006554,74.1971734027833,89.6161394733878
71.4824103962469,64.160823661281,58.3661703593586,47.3296818492505,49.3238347899288,63.6024551248846,79.6524369019957,77.7908484994332
77.0066247987793,67.3384012057351,51.431582159347,53.6153688685936,48.0532982756738,61.2158292387167,85.9745764405786,84.4736800456588
64.8566751064142,65.4513845583228,48.0603293352357,46.975126481838,46.3218299467867,56.1187668543994,72.6978168212431,81.5497466992276
76.5693434378589,69.461295719897,50.235935255628,52.2052707989161,47.4805385321783,59.8357644249234,85.7819817956599,87.9011383476729
73.6894995147124,70.9317042322624,56.2382247830102,53.1354043043532,50.6666366172831,66.8908619589456,86.214385561554,87.1542700513308
67.9667870748704,70.7633607436094,54.6001077688758,48.2852706036666,49.1820898481912,65.8695727629092,73.9359891821721,85.4921066217711
66.2993969000363,65.0473661270745,53.5427247261428,46.989212309781,46.4560281919558,61.4259819776952,76.5178748842721,79.3874743162781
68.5774122984165,68.6163385123787,50.8982805429762,49.0309625494884,47.3910337548565,59.7823551568637,77.5902936023802,85.2840443242033
71.4435873374801,68.6514136823838,59.0721997880366,48.7549098495155,51.4524002422361,67.9987862053276,79.5580243021352,82.6042481033341
83.5498516147265,69.2486856450796,57.050346681836,54.288055456104,49.6187193316818,67.1183304231536,95.8433969611171,86.0263461756717
68.254246109696,70.0804424992934,58.1649927621409,50.2809229330115,50.1721382118035,67.2602875806251,76.6949910372535,84.2932343481845
66.6523026415928,68.9972335538679,58.3016477810573,47.6659893617274,49.7935825417896,67.3404229497818,72.6993679040873,81.9993768924839
71.5435058543087,68.5259745059077,53.2025112038533,49.8577548090131,45.0782411510642,60.4307700043449,81.8121446262101,85.7432442704227
81.331980475134,70.7446781482788,51.5622096449516,53.4729892172353,48.1364404375742,61.8583394980239,89.7112892563571,89.7637153936274
69.2887001052924,64.3069016281854,54.1860226289834,47.4899075921915,49.4629245731134,60.3252086520025,76.1322842826824,78.7651526223283
76.2190416830967,68.0286995226887,51.5930347443673,51.5805636843162,47.1840045381101,61.9420608079515,87.6329215573696,85.1275516514731
75.5964869871917,68.4315552688654,55.3253883679957,52.3297671229936,47.6094235526684,63.5743730647562,83.1893590213292,84.5760525573406
71.7959521701033,69.3390855318919,56.7468595084687,49.7252953381692,50.062295473461,66.0983214883397,81.4307297168715,84.6229601456795
56.7233420141076,71.2217088064616,57.505242508467,43.0072206610266,51.1843190150802,67.2174389183244,65.1409874379683,83.8562198453134
70.7815504030651,64.5153935053182,54.4161688001559,47.5954040429664,46.6450321006049,60.4569781914204,80.9676134376995,79.6740844703948
68.0618089887949,73.2689219548749,55.1787007926367,49.908548028929,49.2512235823725,67.3554434645252,77.9371977232096,88.7602741772879
71.4838060592371,67.7370623157902,48.2614465931822,50.6263021463649,47.19538897212,58.3935573363173,81.9300574984375,85.3966127054153
77.313509602279,68.4640334696898,55.3023623769524,49.9485997404422,49.6588648591407,64.3695768579393,85.7973677820391,84.6696923358805
68.9155140291296,67.4436133765339,53.0149536067454,48.8179091139697,47.9745908738913,61.4696220941157,76.2614057823005,83.0376085040975
72.6954111602991,69.2037869760194,55.4110960506666,50.7871994990613,50.5955318448894,64.2284098197533,82.3767494016224,85.3244752599337
78.5195967364484,64.5373930015513,48.7863351099643,53.2437086478984,45.5639696798152,56.5949169400203,88.7463346860318,82.7477012551878
80.0630976418832,65.282894882707,53.9774930570764,51.3970879203183,48.2080196130502,62.3078080194957,90.9829327025286,81.5046976024193
72.1738862317234,68.5586868171781,54.9024782416985,49.1601645013231,47.7838452983367,62.8811396185369,80.6014025664099,84.3697794331851
77.6501450574037,68.6642125534018,52.2064908634919,54.1598880733152,49.4984982454494,61.6517343876743,91.0964442496324,86.7091694157733
75.434516029622,65.5072073108757,55.2958469269647,50.6597933713766,47.4713638672434,62.210067491254,85.3100092964844,81.0994142286253
82.8213785390365,66.5391265059357,56.6963509095883,52.0954607584939,49.2495611125246,66.3573918071886,95.5504361389203,82.6588800416303
75.2805403849775,67.5866192505666,57.2294984067838,48.2729301993318,49.1836617665723,65.3439249603749,82.9654979262878,82.4560216023178
73.9763708093995,70.2541500155011,54.7309376308626,50.3132246302369,50.1828604160368,63.6074974118827,85.7489631332689,87.3052858993375
65.5502713743822,70.5684520166308,57.5240975214694,46.8395057550269,50.351008677821,67.7382479887853,75.0870105940017,84.3923754699665
72.6326620817332,67.5332062051443,54.9922976243701,47.8755232339785,49.8787481845964,63.8674142646798,82.6835040124085,82.7416844161387
64.0112036230608,69.0519821073459,50.2634078690149,48.577147556345,48.1269603259214,60.8563865207148,73.8385370033162,84.5861154829004
69.6535656575337,66.8554134331272,59.8394687808023,47.7132805638058,49.0085362447152,67.2773205189608,76.9599636324698,79.7424426987984
77.6500928698411,67.7975849351,53.8743435407651,51.1073697047933,46.7286267954453,63.4796943913439,87.0559580093859,84.1039136407487
59.1346101810605,67.2305873697999,46.2535174992377,46.4042446408765,45.3777474320149,57.1647563244544,66.8776497643474,82.6167984215267
63.7754035044475,72.6870421974011,55.541133764288,50.2580256282839,51.1497296079072,67.4982544924505,74.6346855338333,87.5151647454953
74.4502699152425,68.0818856797592,47.2809808972041,52.9414617472686,46.172036254533,58.7991822908556,86.3472337087483,86.5550239140214
66.2944702076415,67.5542659469864,48.780413496405,47.700730643195,45.7151970552334,57.772484265982,74.6824638941373,84.2688475054249
77.1487186455404,67.5766980760802,52.6551776590552,51.9843575722934,47.8811736324685,61.5233751647618,87.3538892318468,84.8173293749577
69.3328010041699,69.3255610647631,55.4354322305691,49.3622049693502,48.5554762785448,64.4983203086218,79.4408870009007,84.7007254032587
66.9900316247311,66.3502887029814,50.1915611684965,46.7039641887312,46.1487104004583,59.093052545911,76.0515589402042,82.3035055836916
58.5448926168607,70.8558696471353,59.4783527961426,45.489096395377,50.6784374841566,69.7654069378565,70.6874243074091,82.708972347663
72.3481097395738,65.9353623214013,48.8799391595632,48.7777478698709,45.5029270369474,57.0838186855944,78.9479670382757,83.0209937087459
67.0109994490136,66.7942911002353,51.4008958943747,47.8897936852114,46.6821901839467,60.3641735868319,75.5760204117379,82.1735262228506
67.4499494009842,69.4932936030242,56.9149818940046,50.0021135771084,50.5839310112785,67.4993201659646,77.4052693021398,83.3216648602269
69.6975475637849,66.9099322081067,54.9869639314598,47.9560435955431,46.2792673338715,62.5155192202397,80.1055684315198,81.8943984055939
70.8138816533116,70.4080457555609,55.915289588664,52.1820339940886,49.0949838394225,65.8037035613699,82.3783069575239,86.0945939542937
79.8504966735654,65.8118145126129,47.2492304611047,53.2682164031828,44.7952708515103,55.1930742848943,88.1868673627445,85.082460818852
75.5742890646857,71.2610013126571,58.3575084833388,51.1788459402456,50.5029421083234,68.8571112482278,83.3724545894955,86.6286671487024
69.9936108776811,65.2045540949679,52.8875796749061,48.04536043042,44.8732154128602,61.2063090051262,80.6641687059102,80.1139418858827
73.8392298207583,64.1555790449121,53.4097165408479,50.6120246433481,46.6625212415397,60.4772429116415,84.6631577038616,79.6747243285601
73.8047714188613,70.8220161049716,54.0057013779925,51.1131821859606,50.4915266857907,63.6812626165066,82.1458357288246,87.8970790342948
73.3848558047963,66.207380698343,54.2798337734257,48.7028261006578,47.3987130048928,63.764366860785,83.3520994292487,80.9639282429387
69.8092212470512,68.644732286622,57.6895787137554,48.1837398811635,50.6591596114953,66.5858120551479,78.7521258784201,82.6597514047701
70.7417071384403,69.1959490219188,57.3580997585792,49.8461042415901,48.37081996513,66.703706017337,79.9629335847433,83.6253578712334
79.8703491662688,70.6370243218847,57.4921523229524,52.8614326571436,50.0149996338782,66.7661995366112,91.366192666466,87.4655895214915
61.6871444796278,66.8249946735651,56.0189165034109,45.7558030275688,47.2170529849587,62.0749490221004,70.4382077045668,80.6173286431184
72.7582034888476,66.289823893452,52.1702777955138,48.0384816339639,46.6516281520771,60.7429726924602,79.3327665144315,81.8630544292003
73.6754966182656,68.935387201763,49.7858271123485,52.9922216201024,46.9714538783116,59.0958839553674,82.2606358753075,86.977318719003
76.5804184414322,66.758139568587,51.1262380099077,51.1400171517476,46.9084905715691,59.8689560910651,85.3144495895292,83.8950022711702
73.7225154489986,69.5393722247329,61.1670488035141,48.6859861730763,52.1356279456154,69.8106994251073,84.7652140324924,83.625865340411
61.0429016377881,66.6792323149357,48.038180295107,47.4849759810078,45.9622559044462,57.2088960569389,67.8649100726239,82.1274649849163
74.6795769770622,69.9654824384015,63.2814261729964,49.9628073527528,53.4490963436355,73.8301999322477,84.8624652297914,82.3284498946573
68.3017684472343,75.4332898373865,57.9519242369412,50.6510538063509,49.9009783500088,71.0340411798054,77.8451525467156,90.4295764888334
67.5853395148287,69.3916081607311,56.5244491354603,47.5607691005621,50.1821026316993,68.1852154559838,75.4176616534981,82.7068785068105
71.3589491545073,66.0697673809048,50.4270964047521,49.1063934842125,45.5237519496677,57.5436796544915,78.620658982907,83.0749014302532
77.0836092395996,67.1756361478283,53.5885832146459,51.3532659868279,47.7015331153718,62.4563959513301,85.5861668330731,83.8090871989539
70.8397158376126,71.2789370680238,55.0204422323069,49.8671050984618,48.9670010778567,64.9354263531035,78.8392151785506,87.1851231479102
70.6154513294916,66.6936433423472,53.6053265300919,49.6856706652424,47.2061824626711,61.6356749053836,77.9970980163843,81.9735069658753
71.9702274649403,67.5179386690082,51.9560211268072,47.4208191811616,47.9535046648905,60.8055918075396,79.7166524745181,83.8775666577942
71.4955160231422,69.2663965982545,53.9139368780516,52.6451807725483,48.4686253452811,63.1339628628291,80.4658973392902,85.5268737578754
71.567812649578,69.0731007831368,53.5041777480834,49.8929152550507,48.8402950609071,62.9400173050867,83.4285511939637,85.5003454475571
70.4449409907609,67.3280579718761,55.8957846761283,49.7043687661782,46.8061914137731,63.155134434952,80.4890397121871,82.6909835601861
77.7959432350708,70.4482879920608,61.0170512778404,51.5269695560188,51.910719205635,70.7001184958322,88.0752764131546,85.2862335149664
75.396431400986,66.2215252957266,58.2822478664655,50.2411512086587,50.6762738882937,65.2574450169569,85.6200711046075,81.1080157783397
66.2475367504538,71.2484004243279,57.9282138775099,49.566638139557,49.7611638667546,68.6228699958849,74.9493983618683,85.1657862670869
59.0148112251252,70.7255042358236,58.1905073162391,46.4588702594596,51.0865804593525,68.9411647513268,66.1426153965604,82.5176223599053
61.5359479787302,73.7126244805438,58.7281149414328,46.9586046275054,52.5071121009157,71.1780973888606,69.8417083452876,86.6700715901626
70.3390618715609,64.5630382252756,53.0268706895854,49.0092042286465,47.2586498920275,60.1591923634492,80.7743249189281,79.5814959185545
64.2211275124153,65.6576016732495,53.8132578017773,46.635461976748,46.6615717428796,60.8755845848656,74.1954308922549,80.0820281254086
66.2021275369439,67.21964655,54.7087696815502,46.3858251236442,46.9152260658499,63.8763322691549,75.9365567505637,81.2595286221934
62.2830751241915,72.0170141072349,56.5049658665182,47.8055742997725,49.2324405201602,66.7665232593064,72.032883599271,86.3579054089085
73.4478269266695,69.5102834816606,58.7840643825587,51.4949681330618,51.6924175527844,67.5614459816039,85.1654041701985,84.4511410176886
74.8633108032036,69.8490096106967,51.8937611884096,51.5448679613519,47.1093272091117,59.421840841813,82.9496005937095,88.079872024666
81.5516214955725,66.1431918553692,48.4580793776402,52.5496821517293,45.9491123073683,56.2471771387123,90.900202439691,85.4536683526224
82.6447907449273,66.5437453697876,49.0796303061734,52.7382665061172,48.108746842919,58.4332067362165,89.1479497764867,85.3478513096659
69.4183959775738,68.9362372384958,51.4164427242059,49.699171592031,48.2400634836642,61.1285413257049,79.1495043544118,85.5405496463886
76.6773166302351,67.4402881210987,53.0599601196762,53.5394253615465,48.8120668167587,61.0071518534944,85.6808993911113,84.8016919020489
67.9090766805307,69.7273788385482,54.4935947864631,48.2855160783334,48.2072014221145,63.1592166553187,77.2314228118755,85.4841683932905
64.292291917901,72.1256333516685,56.1065269023001,47.5601879436055,50.5610414608037,68.1021238308357,72.0401771606616,86.0720083065946
74.6521919855643,68.5781780961793,56.1568506691224,50.8527808655301,49.9313061193645,65.3939746102829,85.0524181613931,84.1485468583873
67.3787169277543,68.1588944800527,53.624165103885,48.6985489404722,47.223086957262,62.5345707126679,74.7291995994013,83.3214029752562
81.0094963938751,67.1702765585508,53.242871281598,52.5136384187306,47.0647535493933,61.0971667455006,91.9151727093624,85.0852992406319
71.4869553562891,69.3954577345427,60.7574031889858,46.987739862338,51.3467376648007,70.7665661079321,82.5314944187651,82.8069974845446
61.5860131004105,69.5307139351797,55.2919814477569,47.2944585116322,51.3531105816582,66.4567198046623,68.7920730513001,82.5344931106586
70.3421004272636,66.0236748008825,53.9882246892424,51.2612767480679,46.9170564310911,61.4970872338477,81.5108508961298,81.445212103009
70.5892222328114,71.907380325696,58.9010966175941,50.342997166906,51.7128734586869,69.4594002957534,79.4643221516301,86.3733475568989
78.9964585538037,65.1804289197251,51.0784828618802,52.6234651314056,45.0547715493228,58.326449475109,87.8020443737957,82.9170831150577
74.2564741231174,70.8157197108608,54.2726326156172,52.2662880861507,49.0816217863393,64.1615027593107,85.3346887689133,87.9610328631899
68.3258411647237,69.2625960075705,53.3512729450453,49.8335337956385,48.2098921411348,63.2606919616162,78.4733843958373,84.81168239546
73.1186149301926,69.9626110103901,51.8090974876754,50.2453646549045,48.705624544368,61.9053646747821,79.3707975412576,86.9006557290307
74.9852027061298,67.2416057822664,52.9575568961437,50.2987298540107,46.6311700134386,61.6061776461497,84.1746983901681,83.7571849889633
71.2373553410962,65.9340844344657,47.8802397216536,48.9255848607451,48.3168930190197,56.5690468101174,78.5734059320698,83.022681236525
67.634386478926,71.1391738178399,55.3593594277229,50.6531819920317,49.608148976933,65.9379466694738,77.9274664684841,86.3989931126934
78.3832794299033,68.8234040158925,57.9680450387181,51.3825816516029,49.6131621420997,67.5831711742679,88.4092888939269,84.1895492722057
69.6566799353272,68.9308444962763,54.9631834072985,50.0930558498768,47.5222026775432,63.7704439595319,77.1711453028287,84.3853305212069
68.6359797782487,68.566324026098,55.6677523545298,48.6403496557062,48.4828665604424,64.3702267699461,77.8213653710048,83.4896681943297
63.4998894110732,67.0493274772807,51.4185139176978,45.6944667119058,47.1990938088452,60.841698075446,73.0359288356487,81.6695107374086
62.5089259698693,68.8196878156243,58.3989615481945,47.2387967750766,49.3974258094465,67.1880967782087,70.500652821136,81.429822226155
75.0134950380248,70.1617484972269,55.8738526684509,50.7090395889849,50.4400419185979,67.1864571204911,82.9500983063649,85.4186552042002
69.5707019485685,67.2840352221586,56.7618636495211,47.3478129522496,49.5916304463448,64.3866203329517,77.5926191021493,81.4702840168239
69.7356530356574,64.3365544601452,53.7643937198376,46.7256608795592,45.1206198223385,59.9685094918554,79.214730749525,79.3440281832906
64.1710505513305,67.6571547593814,57.3390923140869,45.9983515367255,50.0791558772482,63.944403877422,73.9629806051271,81.7942183524486
70.7929912026241,69.6052358444587,56.9977959552724,48.415765138045,50.6317314214299,67.3378752442898,78.7504611001419,83.8848547376165
75.451181746546,66.2669101052354,55.800548673656,48.9348741263166,46.6032446383354,62.9378242083258,82.7341034792031,81.4819884297132
77.3497258228295,68.4137350140693,54.5124073971992,52.5777162697363,48.4660871336229,63.6662066767414,87.5070340377631,84.8584516941805
61.3321458345052,70.9881409104157,55.6986635385249,48.2436354096351,47.5533760206477,65.8843861374944,70.3713637401862,85.0426303237278
70.0258100498355,68.1152716193242,50.8913119550993,49.4092019217263,47.7352275895452,59.6634608388075,80.9533233106523,85.2861925117901
76.0975348074262,66.746502689051,54.0692795958218,49.3973141891678,48.2193936463807,64.6903158320149,86.3492731737871,82.2197567146057
60.4547110531363,70.2184297974627,54.9806215964583,45.0686179674003,49.0810868276361,65.0858086257604,65.9290925562132,83.6888830578429
68.764160695477,65.7412548504649,56.1070171193084,47.0999418523007,50.4757693446535,64.7958239894393,76.7948454167079,79.1485831290559
63.9176024719473,67.2172357024035,55.3232243970297,45.4711113105981,47.9592450680049,62.3084408937162,73.2823054774587,81.4904416653084
64.0891352898532,66.8827176505364,57.1247466944343,46.26155051509,48.0089640448055,64.8777819721045,74.6337359795093,79.9287559983299
78.0425149278502,66.814056105763,50.0976121146899,52.1728967531434,46.4529205588515,59.0670340662885,88.4704501114477,84.8450673722023
60.5056571368834,72.5874732222203,50.7680594789797,49.5029421849961,49.043549092586,62.8841151433852,68.0415375041645,88.3307183345653
74.534475435155,69.6620581268919,56.5972266086801,51.302439716769,49.1855439082192,67.5723552639769,82.8265670926392,84.7565749249394
80.7509915403877,67.281126248781,55.1642323105345,51.5682733561239,47.0402817382665,64.7424077147856,94.6130915277607,83.744046496284
70.8156443904794,67.4266215344595,53.8855595442903,49.2646684230953,47.0631856435382,62.0976337622039,81.6687529554301,82.9023063123753
69.1171562563705,65.6423089998679,51.6861523935963,48.7152588124451,47.041005115515,58.6688350480726,83.2681824145991,81.9609005887957
76.7660107775591,67.0835985404496,51.8343588589316,52.3909044842945,46.5981032976638,58.6496187722618,85.9118324463886,84.9541084789615
76.501781370336,70.3084424878265,56.503243922363,53.4846714058627,48.2157855506424,65.9042844493635,87.1330665574003,87.0160118800318
69.9770352381787,68.6325590543732,52.5740534592395,49.7339678361794,48.381658495987,62.828633611428,78.6578761929995,84.5082982232387
70.4078590605555,64.8005124423343,52.7744298110428,48.5770162563849,47.3687900773647,60.3805707591161,78.1716395993517,79.8347479721688
72.2475790922478,69.0856697338258,59.7702145217186,51.8277893928619,51.3102414888427,68.107853379828,84.123509742048,83.4254241258149
65.1008247764867,70.1843078680229,53.8181934860802,50.0264818112255,49.134438141521,65.2542118050591,75.5142842333845,85.0853674205476
74.3246351607861,65.0659558352882,53.3563169841298,50.5607646173239,48.2085609248265,60.8842091146509,85.5866488933887,80.9905811907745
68.9461225878548,67.4277897395064,47.4878827005897,49.2982734984383,46.0331548004917,55.8907994940045,77.6491166308936,85.3313389560815
70.0227522845722,67.442735632771,49.9308923822467,50.2261510323338,48.0736677152517,59.2430742556694,81.3496174560727,84.309073819536
64.1605362766959,66.2962954267553,53.6071231334213,47.2738362251382,47.5236359312675,61.8492960956624,73.3523476270001,80.5438854227064
68.1050141407729,68.5233744264815,53.0600561111539,49.7954376480106,47.136433184447,63.3935505818468,77.5999654990791,83.6098699997299
75.6540454081456,65.7580874263883,55.417301791428,50.1484909732349,47.904890854765,63.072345077067,86.1689224396708,81.1934028392491
80.5220044064771,68.4206622771025,56.9806858750599,53.0715387267175,49.1900934612306,64.7594778531374,91.1980667082141,85.1597852079684
73.6533061054722,67.4680792498891,51.2680808609557,51.5401545667615,47.4061186661573,58.6592661998292,81.7489973764331,84.9603568331465
64.6246786293086,68.1916247158411,53.0180334543647,47.4023672906671,47.9572071055874,61.9460605370649,72.9343714151916,83.1193778920023
70.2396035459111,67.8514517311773,51.7179207387627,49.1146135776228,48.2549311722655,62.2478824795336,75.89487399937,83.2331438082407
75.2001875358531,69.9023843929197,56.0012917366567,51.9064913106855,48.859925438336,66.4153369226876,85.7432530249329,85.9318145170415
85.4858123508321,70.7430790917322,56.5686662825018,56.4804063402421,50.1833025920636,66.7715225144574,100.286696276143,89.1211219906745
61.1981184385005,71.072218412565,58.1905031466876,46.8681388450838,51.0083671693384,67.4739367061286,72.1980552269567,84.5092099810555
69.0670089970906,69.3498711212039,57.3699480769563,46.2917551946272,49.6708866044011,65.7985730760273,79.1118649539122,84.1300037942526
73.5308767454684,70.7061554690786,53.8020617396918,50.0858618588625,48.0677795849357,64.8462196614112,82.0481108425934,87.0536613603153
65.311080405122,66.9717654286743,52.4741325193052,47.3064833277214,46.9769314554791,60.3594250818047,73.6323129071101,82.1407307661048
74.7823920460147,71.0409391230312,54.2350075949562,52.1481761729613,49.7608432388864,65.8661324379732,84.7496321993233,87.3439604787078
84.7809888861591,67.578826582359,53.9836280366527,54.3870863176766,47.9279202505928,62.8153173076355,96.4047517606868,85.625146128594
71.6464917004814,70.3149680376419,56.8533121177079,51.5817810346661,49.6746954293325,66.1561246022964,82.5080003288735,85.8615616589252
76.4078064468944,67.5084901043503,56.3643073805116,51.9657899494243,46.2141774292237,64.6831189701077,84.5207889670255,82.9290183537223
72.3902451230413,68.9871831591037,53.6754806364661,49.9193995459574,48.2728251133105,64.5305664632801,79.9472299532149,84.4860482017966
70.9694825363978,67.0396628124582,53.6909185950717,49.9965854336995,48.8811300908839,61.8889638643177,79.1515144702842,82.5651872711496
80.7428501758816,68.1706205384501,50.019742677995,54.4767214304473,49.1569693447437,60.5468944305786,90.255172588412,86.5968055210319
63.79994913858,70.5797149651989,54.3701034896666,49.017933235024,50.3640146540137,64.5731856327675,72.9743090204958,85.4278083282047
75.4651609303971,69.4623798345468,57.4890744228719,51.320248014797,47.5573145300717,66.5877262937443,85.3783747682164,84.7285823659946
71.296445466259,69.623217031925,50.4008804718741,49.879313673044,47.7157293075714,60.7319319889839,80.3080028792479,86.8578905192016
60.9281415091415,63.4069113863088,46.6482639264831,46.4240105632986,44.6036064152945,52.7729428281918,69.3512938323687,79.207518970155
66.306841115751,66.3119695389586,53.7977527802239,47.3021536131853,49.2381298830095,63.2770941761241,76.9921840864971,80.4800870319117
64.3885474861984,66.8501243332964,52.4751620275441,46.049172174933,47.7278349819188,59.8567772177836,72.4040241425486,81.75123790186
68.2470259150107,71.1049598696519,54.9711509272827,50.1386872609131,50.0080728787709,66.9248921156407,79.8324874656428,86.1860539189983
71.4649339924483,65.8114404397477,53.6917507372391,48.1605129347485,48.5472858651531,58.0128851131027,79.4278799568286,82.1995331079927
65.6443515682983,67.2219872768717,58.2534256139546,48.6105925296077,49.8339813048996,66.9722588400054,76.1107143261474,80.1355632979812
67.243900732683,69.038918614716,55.1786271582773,48.7357166513133,48.7584051483981,62.8755381898982,77.3619236747126,84.5638637228246
67.0418105901518,70.1759808473529,49.273855798434,48.9120622684995,48.7994305000655,61.6641433827646,73.5634461151269,86.368259216724
75.7389475252863,68.1481607818756,58.699767161076,50.6886230948168,50.3702493847515,67.0567004719838,85.5859237250795,82.7889088982556
63.4066546417397,72.163196889207,56.5264539585997,49.7891948831707,50.5087141591536,66.3001469969552,73.5523646098466,87.1654644549464
69.137813972399,67.3272982049068,55.2742007076188,48.1614843620065,48.7020312813238,62.8450614712066,78.1312129796412,82.3747882270728
70.3032148997739,70.3425273476274,55.9005187381484,51.3897171942454,49.5401850842289,65.4221551367777,80.8969169598493,86.0964806133183
72.5312549558238,69.335753287791,48.2052979198335,51.1255852865803,47.0122434958411,58.6359976585827,83.6378481913815,87.7134208129719
71.6719948594739,69.4863465322666,53.5579690235342,49.2083928175915,48.4179521019711,63.1291559403642,82.3735536904986,85.8207448877391
75.6019099295124,68.3429472339795,58.5225976764988,51.214594662861,50.0936118625576,69.4181608997555,86.7532708336308,82.2538018891075
70.5921892393968,69.4037005703805,54.5496476599659,49.0975990322106,48.3137328295927,64.0778860063117,78.6353558975733,84.9758558094743
66.7376976498466,69.364943189158,52.5018492609444,50.6418537925188,48.7540394039592,61.9847773481705,78.1340967627394,85.3288422036312
75.1901770388084,65.6603396494979,51.9989263083284,52.55493059802,48.3821693548746,59.6851414751415,82.7716110126198,82.3503037966077
66.496367136933,68.2360151061396,55.306928023313,47.4949572716013,47.2894011573299,63.5418623488222,75.3734397212922,82.8942664901933
61.2992504333604,67.5778519445277,55.1398511905763,46.1754188460337,49.1300468359376,64.0572140153257,70.5321564190734,80.7404737900214
78.3894006698654,69.5728503521007,53.4898910228763,53.4910837902847,49.8994825252268,64.0636979817147,89.1078770452608,86.8018915774539
70.5832037772795,67.6248685558121,52.2702945839616,49.218266471614,47.9699210719384,62.2408729299408,81.0665480019575,83.6561115402893
72.3813326627797,69.8906374589505,54.4462808301424,50.8703593993919,46.9767488374128,64.9369757797772,81.6001282069993,85.551090589995
71.0173369527699,67.777567475507,52.8535484808262,50.0653050243929,49.1516416852929,61.3317296310717,78.9865678805264,83.9534080585929
76.3032258412575,70.3494871517854,52.0368016674603,54.1998661307479,48.6280429066925,61.5776540540265,88.4565941558607,88.5815816647572
73.4443341565807,68.3992342833939,52.875976347479,50.9540794330929,47.7724645018396,62.1004661124453,82.9619460745419,84.9117761000254
77.0157607768081,64.9113491791871,53.0458072711259,50.9606739493389,48.0783662461838,60.3070992911787,87.1594283238769,81.3602075253479
72.7653849030271,70.3212094506195,59.0021397750151,50.2119696759542,49.8946426492692,68.7957369827997,83.1533872300732,85.0518153119632
71.5213744305085,67.6047080051507,54.1817055178649,48.9091099999775,47.6932722625189,60.5036264924972,80.3838514221083,84.0520776025305
67.9530567655159,63.2003743916059,50.722229654209,47.1702255071153,45.2292603814345,56.5704833382489,79.8313721025461,79.0344522411118
78.0537533044339,69.5899429204137,56.6329925905725,53.3356542686572,48.9829578360058,64.8987516543367,87.8308144307387,86.350062947916
62.7079735898894,66.8173921967059,51.9009221902284,45.6885470406601,48.3686831452596,60.5139966119171,72.3037202843134,81.4516003875319
76.2201342808579,67.0182827049866,52.7460325781783,52.4592652151669,48.415395421913,62.3066168527842,88.7506804804345,83.747015986821
65.7171425411591,68.7653341871244,48.7656886729808,48.8077553261474,46.9044096994067,59.0217848910676,74.6200877542254,85.433269951042
74.6012579390696,70.6493208283593,59.6630481617199,50.7299338487801,51.6345217485282,69.6068574288924,80.3465038241177,84.9995880570078
76.4062401721379,68.2164449428911,54.9081150626179,52.7033778856318,48.4487685355701,63.3871375845761,86.2954388713109,84.6806082219953
72.8886336807856,69.2213252720873,57.9874341224852,51.6258051624837,50.5771261533929,67.2184936362238,82.3806762485127,84.0859036882156
73.4076551710107,71.015988986664,49.7041556236095,51.6527914540197,45.7777770224975,62.0993503941709,80.8878831845321,88.5362493182882
64.4431371869306,66.1603863514606,52.6034238426473,46.4954658686851,46.80091305112,62.5763741016643,72.7181673578444,79.9766255530136
76.7857556368019,67.4669942066113,53.8944264014173,51.1877586849232,47.7582855830187,62.9692050079286,88.0613102076705,83.9643872403227
66.5669176865425,71.2775148301289,58.7426156188475,48.3504857700275,47.6028525076572,67.9971396538265,74.6545687227614,85.5873387143053
70.3212454525311,65.4895711320116,55.0526160763795,49.9926252182389,48.7259271720281,62.7026167471258,78.3129397498546,80.098445814565
71.3582659740055,64.0975109129991,51.0006998420043,48.917112831078,45.9114150766786,57.6532765538548,79.2976378778551,80.2448267081401
67.1414510693042,71.4748793614754,61.1128380511165,47.7316550683907,51.420781163126,71.486559956583,76.1654176735526,84.3866911704887
63.6967178933029,71.0765850958935,55.1212485831013,45.9456309440061,49.5276214737158,65.4414592226628,72.7272976735781,85.9271536104251
70.6357824483795,67.2438165785418,53.6860885160251,48.8025715168398,48.1384092224192,61.2870981205594,81.2582234055553,82.9840760015038
69.8860210186726,68.8748408652513,56.2450532371812,49.3181622886323,48.5236044935633,63.2894262671235,79.5556788811829,84.4250983061376
65.553326486134,70.6246378455597,52.9871614209705,50.1877147474097,47.0171538544648,61.1581442632832,72.2491729075072,87.0823472587204
63.0072971949311,72.79400435881,54.0637666580669,48.642470125107,49.5949857178972,64.2065839111093,71.3807333670781,88.5815495787254
64.2030011066526,70.9232635473605,51.3938520326495,48.2388877477239,48.5253310773877,63.2249434374938,71.8622276338393,86.3920540068564
78.3957089964174,69.4683936937787,58.1505577326985,52.106229198498,50.275492941712,66.3286724305543,87.7992006987557,85.5464371485169
65.0839919982392,65.1042153466532,57.9637542367976,44.3675518814972,49.6758096673462,65.254025941038,74.9932002910513,77.4308093579915
80.3459149946759,68.9767338987438,56.2748588899346,52.0650568838545,48.5750636148015,66.0252062498152,89.8093160104926,85.2856458948897
86.8117637144694,68.5953576048614,47.4769555077156,56.4898905219937,49.6879067093332,56.9908670247809,99.7664704764528,89.9997164584043
69.6927465593344,69.1358495906406,58.3092870025342,50.3528006850965,50.2586807958971,67.0138186377985,79.5081685763403,83.4134702164184
69.7257187029451,68.5687808467227,54.6561492572775,49.4974632510741,49.0194197730554,61.9953454892745,79.8727035147173,84.5800718021308
77.0531967015652,63.778189926084,54.4966153321304,47.6605335828988,47.311154642971,60.9939526768375,84.609401368085,79.2267243621948
68.5360071867696,69.4549262291863,55.9959702642632,48.6964310380149,48.4538651670284,64.5808446604336,79.1508272153935,84.4274593955203
68.981267849386,68.212641521167,51.3160267227604,50.2483249413901,45.2926254491214,60.0836281067232,77.5073440828794,84.9749812154687
68.4449939823992,66.3051685850367,52.2017475712545,47.0026165500489,47.4014843663552,61.8454724537852,78.201620784573,81.444872423065
73.5729297178295,67.2168784269228,51.1039554859468,51.0208861498481,46.5087570792217,58.3785673481045,82.7935314178163,84.7769790380158
72.3983935021112,67.5450175163937,58.4814439154193,48.5250260541731,48.5114404272624,67.2718306614594,82.5787836903516,81.4866567529645
69.6458689249046,64.2275577240881,52.39512465599,49.3374137909055,44.6289696994155,59.2679555688981,77.5744167761301,79.4123027976868
70.601462298648,67.8711856425886,47.9509431027152,50.0112436855697,45.6936928080021,58.1633595752067,83.4342349095014,85.9273171698625
69.3522343687888,70.2068673947525,59.0035080372512,49.9776375889995,50.2527143349098,67.8741790655492,80.7825139767631,84.5538156106887
77.2833246014605,71.7798857946676,53.2123917472385,53.3153136977151,49.3316458164791,65.8695487361717,86.9815744973812,88.7367997356017
67.3441450573633,69.7546219092414,54.9650807470149,49.3145589475642,49.5128477393409,63.9423286434865,75.5203612993172,84.9228454919173
67.0523336033413,68.8247852384972,54.1018588249636,46.8002876944631,49.5917212540197,65.2726775820051,76.2030655766388,83.2039472247603
75.7057397420717,66.7224060661378,48.2423703931437,49.7504394802557,44.6207141299039,56.9333680098877,85.8688321161457,85.2271788603542
61.1301370468836,65.9501748743362,55.8996608000238,45.6494675083242,48.381095045002,62.7158325958525,70.7031277703383,78.952126347888
61.1426090165787,65.6384385474698,54.4741186907376,44.9840507440322,47.5531234386518,60.9197651053032,70.6864777414433,79.3087623087455
57.1012755470709,71.7410336344958,62.1283476309534,45.4922465946441,50.5463012860061,72.0502223848015,65.3807095657109,82.9089779627199
70.9364985597996,66.2611448176003,56.7352954469112,49.1845191038608,45.8473540870593,62.3857615937072,82.4314878623246,81.6342632844774
78.8799187281891,68.7538251916116,60.3424485163555,53.856773859414,50.4033416199866,68.3611813488813,91.4366115056464,83.9553019645045
74.8603273077279,66.5656174498812,47.3857300978249,51.5308349025169,42.0200047283447,55.7924757524766,86.767674845384,85.415005379657
63.959461641516,69.4678518835303,51.4116032207378,47.6039245822975,47.9870397343552,63.0340246595594,72.9145197363508,84.3905687107014
77.2101660325401,65.3668639726834,50.7583774974988,51.551431178913,46.3073043134313,58.788329817774,86.1378606975199,82.6599288030522
75.3523658195663,68.7796249940076,55.3932905346711,53.2182428125864,49.0714696744575,64.2840679812051,86.3551549583533,85.1833127901318
75.3232055261062,72.3129520162002,54.7534397424299,52.7442460369789,49.4786759352136,64.6639996378235,87.2688276694815,90.1992828263141
74.0623693673642,67.4480149735217,50.4479898776662,49.8671313580604,46.5871432146061,59.164656918983,81.953892000915,84.821719883168
71.4202206421684,66.6235244677408,57.0796808975737,48.4589803248855,49.528132044737,65.4877870879078,79.8263514829023,80.5172488571031
73.1818534537612,65.0739736491336,48.8566641504355,48.5396522557636,45.2035058498192,54.7531587983707,80.4613748196686,82.9811405310034
71.7506466357342,70.1471669554655,56.0289735217803,50.8492939453672,49.1166200610571,66.3815431549122,82.231526582733,85.4758280555649
74.3983733918635,71.0253645141971,61.1496157577254,52.2078884260246,50.8691983609321,70.758350891067,83.7511064283132,85.251862784682
63.8373171620435,68.9144143022355,55.5533500627805,46.6260132491069,47.9116405595066,64.9960537907089,73.6161114244554,82.6924469792952
80.3381395584696,69.2234448199763,59.9683520642565,51.9892542050343,51.2938661276877,70.3426656734538,89.9581969760629,84.0069628098216
70.1771357822503,70.6798846728972,59.6157508676917,50.6244464935332,50.1940006941033,69.5405353969887,78.360783278926,84.4826088029017
65.3849846260455,66.0259393793089,51.2967961068279,46.4015610775962,44.4778663576704,59.5147167775618,71.4311478813838,81.0441792930993
77.5789955117824,68.384161281805,56.0456699301912,51.3504159923142,49.3105380853166,64.9891127159346,90.2699432999388,84.8172707858349
75.5008583453099,70.618838665678,57.6164445425693,51.5470527503706,49.3778622775178,66.9066195481546,85.2620465085194,86.5739357572287
73.0923925739199,66.8356531891966,51.7640727408628,51.6268487844345,46.3792319744349,59.5638604896617,83.3461720180851,83.827318004067
66.5050458945226,69.711491830704,57.5547316360526,48.3593205505122,48.4052924162139,67.2354969131523,75.8679859820657,83.2687051555438
64.3684321749607,67.6633133045946,56.5681298105778,45.4766655478905,51.1990565719034,66.2903400679359,72.9482257895679,80.3988378325681
76.7294893882651,69.6462272526057,55.0800409703746,52.8552065978154,49.7928117151103,65.3065211202958,86.3658592341724,86.0513065944022
74.9614604180179,65.8252899682463,54.1573689312164,51.1922870237825,47.8516821060549,62.6446666937679,84.4079412251602,81.4144363894488
83.1631781980075,66.4053372036669,53.5312065233084,51.2224649363743,46.3353533488897,61.3266051247995,91.3059418313885,84.085094949617
64.8061116296355,64.5764871870912,53.5519528925179,45.9089636971614,46.2379258301233,59.1166120211364,70.8577476722823,78.951419606374
65.4299706121762,66.5628519661631,53.777664318607,47.010430536136,47.9710812053343,62.1507121348089,74.1595717561293,80.6309798432653
72.6515600319271,65.4420354006934,49.4575914425222,50.9716346634844,44.645456212892,59.4533634334595,82.4467448910615,81.750831393945
74.6951378462225,68.6550736972188,58.3402102312187,50.5699404114589,49.06386297118,67.9152988625865,83.9081090784142,83.2881740004153
68.2535077099625,72.290564373692,55.8486194244788,49.0479371630752,50.8164007455272,67.6790701126772,78.610957173212,87.3960417588626
73.2411969956948,69.2157710298282,54.6495440405773,50.9778957818693,50.1655642459507,65.0780999697174,80.9864833327916,84.5273240020452
77.9285336403503,71.2645999408232,51.0722240964909,51.2227396464604,48.6122930778028,62.0981330277388,89.3361396603199,89.9903935092862
76.1512122454037,68.0246802744681,53.1901217470708,50.6496734974032,47.5015872375029,62.3312181600439,84.046370308767,84.6369043380147
71.6308302280387,68.1671151563394,54.8105138298624,50.2416155678395,50.0541550169272,64.3303771329123,80.8747019894982,83.22099354091
59.9962720248302,66.4552688314244,52.5682043999621,45.0828417676303,45.4111458894022,58.8662034702122,67.2702332814772,80.8489091980688
74.2030174921421,69.2115305455481,54.5498402074027,51.5391618634258,50.7705557434116,66.376347212931,85.116857341345,84.8585896058815
67.1313711497906,67.3394989970631,54.1602674708365,48.4315752879867,49.8277470332606,62.7369325827802,76.8186105312496,81.9766776336794
71.9983369388767,72.2851460821129,53.7443362664499,48.7921329088964,49.5742510426494,64.0780065631843,81.1112635353672,89.3859236733883
70.9883183881572,68.0958576496604,49.0651559157913,52.2945148243314,46.8286615917098,58.4024583312506,83.4817770648261,85.8125342382052
70.3162014693341,68.357021724521,55.6204604146235,48.58660669426,50.3777923962832,65.1121787097551,79.5932187525835,83.2370305160287
76.843599562977,68.0065665731939,49.4666715453506,52.1201239489078,48.7225163570688,59.3659428276397,87.1353792000277,85.9973400558404
56.29201566343,72.0934991812755,55.0379470813219,44.5633952413497,51.3244281534945,66.5730899982519,65.5269340976123,85.2996555842354
67.4057398498578,62.8455384315229,50.8241703875526,46.9727040874156,45.3475873489513,56.5206936577334,77.8651221754697,78.268356199542
75.0724968613506,68.9517901420485,61.7508595247159,50.146838041189,49.7940380268702,70.4671219563013,83.6536775356805,82.5621738581161
74.0490920589418,71.9840103254584,57.0075579500403,51.0649415095002,50.2728306684293,67.380558057616,81.6130509362703,87.7070238833792
75.7080587779014,73.2940086524273,57.7604503483614,51.2954520881817,51.72472771623,69.181365058121,86.3305027906124,89.7375524349211
73.2294538830136,72.3129765983748,61.3474088719329,50.5236352556126,51.9967203528321,71.3602689108847,82.47603647787,86.6740447260744
71.145776483362,69.7719572051422,52.7477939277806,48.8276553550977,48.5710198987964,62.6681195025163,82.7401140259183,86.4749072557728
72.0336359470666,69.2782918521599,56.9505872979566,50.44709701058,50.1391797372505,67.1322353015137,84.762765867168,84.0308705762559
60.1885301906873,68.8417727496157,56.2061628990579,44.4017331269665,49.8413981856312,64.6817822526957,67.75889246053,82.0123984427791
72.4095600310776,69.7372418457983,59.7356875409303,48.3138093024633,49.9215838301565,67.8577426277697,79.559327428343,84.0020532469732
66.1416043846407,66.2607722978443,53.7175928434112,46.8051443639182,46.4567360373309,61.4305757333646,73.5944265050052,80.7180386419518
57.7146634240601,68.8216029671554,52.0491344337404,48.0303169185621,48.5161226405088,60.4614977531804,67.1284920120285,83.4551307603357
72.7245604389851,69.7107235855301,51.5278527518315,49.8870740449047,49.4712391006938,62.4349502151564,81.2523704947503,86.5378399845457
77.1393068568705,67.9674488725164,52.8004748303846,53.3906913339792,46.8056161360189,62.5381625769174,85.7373116295318,84.8814976545778
74.89315234349,69.7919491110439,56.2277545527459,51.0517300636065,50.078642852005,66.8185745993097,85.5990941493195,85.3958047797899
71.7098374181554,70.773501005083,57.6032071399688,47.054081533852,48.3253352279244,67.7200053998918,79.0291323638275,85.6424107838159
68.4043727506901,64.7171312487124,52.9679052713238,46.4999988322347,46.814546023596,59.6509018777095,75.8436339760267,79.5813620826778
61.2187968272362,67.7384635877093,53.0826391754112,46.864208832827,48.1668820374183,61.1480308713327,69.137562018692,81.9228454824388
68.4998068754649,69.6987167189131,55.2537322977032,48.4225960902262,48.6614992285132,65.8671129215673,76.3740980175408,84.131464362752
67.7568251065091,70.0860313026098,57.3551803740612,47.7388370276513,48.6650822384971,67.9123147588684,76.519189133045,83.9150957805112
71.3041901690627,68.5454991932706,52.6163535789498,50.0031332662416,46.8653865367242,62.1388247835262,82.649627851292,84.9794409210313
65.5098286196203,67.5515567283639,52.0008884422266,47.0102249105525,48.1287229054188,60.9508529167026,72.5561297524933,82.6122440886789
68.4751532605781,63.7383657663802,51.6950970880464,47.8352739517948,46.8224380904054,58.1046285995783,78.5113640238639,79.2189781165754
81.010163469833,71.9986574048227,53.6095530355633,55.2818696605788,50.2006415065888,64.5758218616844,91.7468817961072,90.7070487797089
68.7244726816036,67.0286414057496,50.1681684387135,49.2214308925595,46.9765607915457,58.330190210826,78.7969582973511,83.7435181501469
71.2657645983539,67.5239296830301,57.9216120986931,48.4428311262451,47.6601889993541,64.8165876413226,80.0714208421277,82.1348624259775
70.3792611848948,67.9371962512465,58.7710566004822,46.3477723123421,50.6298133257553,67.82869841752,79.8994957845883,81.5235371856697
63.1400470800772,67.9107500167984,51.4424311296175,47.2870106047329,46.8443558126815,59.0745352098945,73.1611778786682,83.9548679573899
67.3090482765621,68.8004178505451,62.4644885056122,48.0168190430814,49.9676244312627,70.2468437005477,73.8755578692001,80.8619166471186
69.2389865035724,67.6054256429256,56.8504850411766,48.1527700364302,48.0291732715643,65.2874039635056,80.1981686988335,81.8029762548375
72.0114670393493,62.9585251654389,48.8861177018438,49.2033404077339,43.8953198740797,56.6680848504691,82.7917836497852,79.2571821122683
74.7252131487545,66.2849751383378,50.7019253061196,49.8359387772675,48.9738242693254,59.6618506288656,83.5328576254364,82.9950439301667
65.0367503063632,71.085495500733,54.8510055445882,47.7094395834862,50.2694764101178,64.7026128630447,71.0904208647895,86.0821164535637
83.2337704604006,67.5229645460239,49.1598555513892,53.7443894978817,47.9167988265625,58.8390663774074,92.0826753313008,86.8157009529614
74.728074160934,69.0142510714356,54.4773680957362,49.3912720277997,47.3975230632427,64.1611895065322,81.3383101978441,84.9942918411576
65.4956126072141,67.9787990775888,50.7832808125248,46.6330348396482,48.6736772329871,61.5549187125165,73.0311908600142,82.9328903019776
66.7992201109818,64.7127939293153,45.3029566415122,49.1543902987375,44.4622025915673,53.4028566808349,73.9642303253228,81.687470562432
81.2729038567941,69.9519350554306,50.4004693693745,53.5130458207933,48.5900392651522,60.401202284522,92.4937698174727,89.345568948777
69.2408902985662,67.6771508083538,58.2026830819075,47.3247128178499,48.0549768500765,65.8320402467145,77.6567937094911,81.3455815979046
64.5978610391153,65.2179054215647,52.4919352035403,44.9919663843005,47.0091560954379,60.9838450282927,72.3861615335941,79.2344018263704
