"V1","V2","V3","V4","V5","V6","V7","V8"
69.498208192843,66.9569527284643,54.1509299164517,69.0785182989818,44.186126657108,48.5919113495515,58.775795073058,77.5466124272944
66.0831412242567,78.6457127121954,65.2820025758398,66.2822070793166,47.5576480308935,47.9767758731659,54.788918039451,75.3593796630215
68.7814718052019,66.7951995990333,53.2151801900991,68.2975507172293,44.1542688297533,45.7837598983408,61.1944666907284,75.9566292214661
68.9501997754258,58.0828982130493,46.9009279522338,66.6793139290063,39.8692766651296,47.5412367364677,60.0813762259163,75.0248055921967
66.6464468795715,57.7483356236836,48.5831895611395,71.5835363247757,41.6157936489365,47.6447973760814,57.3295905024255,78.9540614743845
62.7555035678605,67.7965408913085,53.0552545390734,65.2322797607782,41.9345650887908,45.4399351380292,52.3281230120315,73.6817101178618
63.6859611506838,69.6288163231185,56.6179405644526,64.7614080268252,45.0669100835643,44.0011123940031,54.511579095152,73.4179807009055
65.2159758387749,68.2987402906419,57.1427380301565,66.8778176626935,45.2906919015518,45.4298240853485,55.9973685082364,78.6172000041272
68.4120071173073,66.0184771810027,54.6797587765086,69.6051321254908,43.7799966879887,46.5404601600636,58.2134421231593,76.7294403454488
74.592090090979,55.9483221844344,44.9854586444813,64.4434565020351,38.4076136570981,47.1432428044653,62.1467118301277,72.2122710077377
69.081720945717,66.0664554990517,51.0943919820851,65.1815227321374,40.9244945382881,45.2103126162928,58.2390873456854,70.9557366456649
63.0074833908286,72.6522781847145,59.6627534258724,61.2090971761899,43.3041535321784,44.1158612645634,55.5230022779511,71.5041425740077
63.3042295513604,52.9567592507755,43.9233001809592,69.3313607374868,38.6291094011109,45.1284528393313,54.6193434772383,76.9464638280446
63.2908764982315,72.1313132892515,58.92830002878,71.7784828009069,46.1877507088433,47.5867002214689,56.6856578513952,80.6685177585712
65.6079707034888,58.9154957170854,48.4189844174867,73.8005416998277,42.5075419382293,47.6516144425568,56.6056976853448,82.8836912544743
66.7111934469994,67.7906668105413,53.9408224166397,72.5672420939619,43.3713879461055,46.0859540279506,55.3310814420309,81.9295022028673
66.8940302117602,57.3773450315557,49.3381567429906,78.1816556497856,41.5579390808573,49.8573330131679,59.7016903105241,86.237336202664
63.5422351447586,74.4107141132297,60.4052867428442,70.6140939350744,47.2903881990885,46.3092149181762,53.2259149602213,78.5877453860282
68.1124028366392,62.9153778985638,52.3497566446722,54.6614902909304,40.3218313093887,43.3543197968916,57.0695005730568,61.4180811179889
64.7925204315807,72.7917428353703,56.8598557410839,65.5317061877493,45.6875404273575,45.5214137959861,54.9765791881018,75.7367767096758
65.1905743557687,61.1251701715514,52.8327865557611,67.8809517441167,43.0763989647265,46.1662324692642,56.5221125261091,77.7197470120577
67.3515188758575,60.4563410181855,47.7047994587151,66.8144566615999,42.5033268194565,46.7902816408998,58.157587860859,75.8710844421592
67.0397444283608,58.0171409415233,48.6318582442314,65.9464537832262,39.8653504209238,46.4351131803529,57.2112257380097,75.2667977191242
69.306706294645,61.8038794114674,49.8174828257595,77.3991752134139,43.8898882205271,49.0826801607477,58.6418213612736,88.4530978849294
66.7366063986868,65.440494491785,53.5435295773256,71.0919790720927,42.1203001146063,47.6672994051383,56.0337874832094,81.28588694478
67.5218950571202,76.1977873963023,63.5520715392986,71.4910763257893,49.3180713210974,48.1427533556037,58.7486338971151,81.007866897512
69.4261641883408,72.0227824130377,57.6391194280712,60.9919247441402,42.691605908772,47.2014019174589,59.5606102400206,70.186171914463
64.7189829696082,65.0998869506675,52.6487186029959,57.054551964332,39.1885892451099,41.95103375491,55.9344398101418,67.2320984596083
64.2650269281069,69.1538050442348,55.5327790913126,72.0371578791226,45.358626090698,45.1241476367403,52.6041800115206,81.1215805108487
67.6613068297415,60.622084217431,47.5211874352565,58.3736026943171,40.5460551289288,43.2366671987678,56.2678698084949,68.2189337903924
65.0239842560223,63.4794199412855,50.8457483135082,58.537786849043,38.0410546743519,43.1406326308673,56.0670369000841,65.5173437584378
64.8747709060774,69.4050063934536,55.6106464396252,72.6557343870648,45.3862978460631,46.2416951022514,56.9483145922811,80.9810854868931
63.5292768668289,85.5759862997651,71.398071061817,70.6736771254917,49.9601653180983,47.1069839112567,55.6973524724681,79.4338502501497
64.884031243093,69.0507369672261,55.7426486344457,63.1017329268967,42.2977378007745,45.180192651733,55.3467115667342,71.7001315031927
69.2423737788639,68.7898410447267,54.7486886412327,64.9871823072747,41.268123749823,46.6876550543433,59.9866408282787,73.2524479069807
70.1768463193595,53.279186149977,42.6232957245796,63.8719642100904,37.7445618840188,48.2411943191795,61.11226248462,71.4270706590136
69.7482624286195,76.8605559282405,59.4804929729607,74.7797944342026,48.7305654728283,48.5664441673778,59.5897782333686,84.5984873795819
65.8186280243972,77.7185855747618,61.9412999228866,60.7105908265147,44.5847500838731,45.015319782541,55.6601515236294,68.1678520763105
70.9512678689178,57.4422397921334,47.3378029288513,66.2571877661295,40.4663073674974,47.7962505650987,59.3655080566814,75.329802714336
66.3106293765517,68.0964717554118,55.24241179218,69.8529355834352,44.6528896251842,45.4956432587335,53.5996812517416,78.3170178616969
70.0573967163745,62.7311686576964,50.7107203866177,68.5273355083716,43.6346438060338,47.5903156538278,61.5247830520825,75.6479418090559
67.4303626407802,68.1674224240858,56.2362375755806,66.4170798882537,42.8544750641647,47.7321428381831,59.1377106572347,75.8565747992451
65.1730547502181,64.1502610064491,53.6677929865516,65.7518508775364,42.0223868286245,44.759256639719,54.9653637855081,74.2503193555327
65.3009890092037,73.7524242938312,61.6626091685351,77.0743079513645,47.8280235254346,49.2888562097895,56.6190524786736,85.7823755247597
62.9314285697637,69.8566614293903,57.8322328604062,65.2816432194346,42.6091528863186,45.0641292887443,53.9403687287874,73.1223999903545
63.5879356786811,66.2127907333295,55.3890512350962,64.7953933282173,43.6984929042865,43.9103111265786,54.4161889039391,73.4443350238071
62.2829767539991,71.4973709969608,55.985208429056,71.7458003298366,45.2707385102261,45.3625080784687,53.7016778223122,81.1923884078104
69.0318492555891,56.3417918143895,45.0040955322484,66.8412510722873,39.679406825227,48.0986765347356,60.4200278992011,76.8441251458177
69.6641428705087,60.9874317698928,47.2431746931909,74.9572828334102,43.3217760356995,49.3547132749659,57.6244656736515,84.16114754858
66.4073196083181,76.5738551680996,61.1147166257711,69.2249008263117,46.6372687130158,46.7736827391358,55.5884546427389,77.6608228348356
67.681598863004,69.4199438694099,56.7540540263364,69.5495741677651,44.7562539314322,45.0844672062687,57.9656861143956,78.9379322053989
65.7446189884188,68.4906721892204,57.7809092870103,76.2780608359659,46.6183545356757,49.087783714219,57.5549978019004,87.6482247482066
71.9835925257846,59.7819332743908,45.3831405032706,65.6646213958472,39.4361405536556,47.866911417859,62.5495272746469,74.3009074693966
62.8155499766685,81.3320516630369,65.9846732945023,74.8282023335613,49.5191289021473,47.733678554425,54.3545815856569,82.7699023313575
66.3033576219826,63.517195695597,52.9487289912424,65.4169598231878,40.6469012995454,45.6567574334284,56.9835375646658,73.0322891002705
67.7761604065192,71.1634800228036,59.4851992397514,66.8343717696637,44.3288927596691,46.1218354787417,56.8567704359332,75.0313240681168
69.0916914306097,67.4666686194666,55.2415807595311,64.4094139039251,42.2228821607126,46.393763227184,57.5750778049251,70.09131854555
65.6527968329457,71.0077438452761,59.5944876153125,70.5202273604308,45.7156750525035,44.657009522334,55.9952609664568,79.2934479591898
60.756756945789,62.1898911527514,52.2363117345803,69.9873579000405,43.0477729543853,43.3096741527676,50.8224564253997,79.2772250829999
62.2433364916026,74.6703132021351,58.3834614315691,61.8575143787727,45.0893673951437,43.0063155480734,52.8540339577528,69.4243939015465
67.6016089556596,76.1384498430452,61.9623211158314,62.3131093605512,42.7542221944505,44.3552336011547,56.8557072594269,69.4230333279416
64.7853043940484,61.7324441858453,52.005355302876,70.7286356765869,42.6629060234478,47.2937050952451,55.4556107516523,80.9818591317274
66.5651086612317,55.7524762776476,46.3438224272427,64.6312511248152,39.7341706065324,44.0231315314807,56.3272358332186,74.9344673969679
66.0559225097448,70.796544555348,59.4396725669242,58.1147327841394,40.8707105320972,43.8179219956628,57.020700901204,66.4006574234261
65.7511428287879,53.4830987079343,43.2090135219602,64.6935124229817,38.1631092952354,45.2060855312321,56.8141124705104,75.1546028130793
67.4467618265468,73.1155262169903,59.2364748991551,69.2095784655387,47.0208184894829,46.9118570719068,56.4599836169664,78.5733910660344
61.1842648809815,70.750747823112,59.9596681276174,62.8503223878502,42.5544853431661,42.4876242340336,52.5973738135374,70.8177412597881
67.8549659842893,73.3680078266144,57.6180533349851,69.0017079073741,44.0226462154726,47.3281734016733,57.5431424368927,77.1400629926566
67.973636519626,63.5146050806382,52.587894100894,66.9572000009165,42.1506888091855,45.3435233219896,55.1055319362047,71.9067741657818
67.3253876595231,78.8803566444827,64.7202324239358,74.4690670642171,48.7142694100064,47.8157990638162,56.6463543601024,81.8574145486365
68.1398932696551,66.8149749231081,54.9858217288203,67.8613404768444,43.482406855864,45.7853115686679,56.3558066203886,77.2145301254199
67.8869689654175,62.8586077879646,49.6978919895702,70.8471138636129,43.2583501659023,46.294660230749,56.1459883558319,79.043066695018
65.4096560275818,62.9864230921847,52.5308603233925,82.9653817562383,47.1032714413237,49.3151317298828,55.3287675823198,92.1901149074628
66.1112574621883,60.0351420753101,48.4011695700769,70.8803419435428,42.8062222403482,47.9330247976919,57.8181414304509,84.355514486668
66.9000615642743,58.4796605707932,48.6878672561601,66.159608928103,41.6431456665784,48.1357085567377,58.2133646805768,74.3835184966385
68.635757743248,69.3105091328664,57.562685829504,65.1130961420345,43.30530755777,45.8037735729136,58.1737273266374,74.724949330281
66.4361655835242,69.271931558863,55.9496719298135,68.5727548071844,45.1470582756851,48.7081381814768,56.8165541738393,78.4866071821833
66.3385852721669,65.6244222269053,53.2136891022589,66.8750109207665,42.4010101539187,44.9289252413102,57.4714017003853,74.5883223708576
64.5930765744261,66.9121440401904,54.5045745537579,73.0831824670677,45.5415620532282,46.8944319613143,55.1110171403398,79.5176365926371
63.2282348453873,68.9094851314806,53.8952631310802,70.404138490326,44.6743963615145,45.5258295437772,53.9782709900173,79.6127224340845
63.3573478835566,67.0110918335934,53.1896723823176,68.0398128565951,44.086570859722,45.665553740865,56.5502410059332,78.5697611455762
68.8948201628419,80.272308597788,63.3432814117158,69.3301447117481,49.2124348589439,47.503229507579,62.6799990100812,78.7409764089516
68.5108505590344,64.2730896737963,52.9516965273695,67.5788115338216,43.1082254472735,48.0759153325904,58.9807703378936,77.8881944843888
65.7559453662673,74.1055316036947,58.1869537359052,65.9897623418545,43.3026739850987,45.5032527539148,57.4772705933548,75.2521194009746
66.1678065080932,65.3172669296608,54.5555591918893,70.1025364222601,45.2455980222888,46.9469266159266,56.0969699065011,77.6401741403304
64.6941622024553,59.9891811955913,50.0925338123716,68.1228191696394,41.4389149036048,46.7721225883479,54.9912978824431,78.1706344010525
67.9849117370275,62.5780410606142,52.2819512740378,60.7782171673525,39.2209457612992,44.4192027639777,59.2722397724979,66.1952510417594
64.609622880773,70.4807220465148,56.6193940672279,62.3936284561735,41.2077211997077,43.7787932011136,57.0415331510374,70.0135176879148
70.6840685419382,63.8325170854481,52.0665146572377,65.783439289025,42.1583234438672,45.933630658492,62.0096397411817,75.8907300286535
68.1706930461297,69.1319952898653,55.6633239466523,67.8283493782171,43.671116536979,47.453798711982,59.8205202308634,77.1080225337007
69.5236258472646,68.9484532265786,57.1399223862128,69.750449454849,48.0711853518273,48.7897402163395,60.6949646344964,80.3005917522159
64.5125670181081,73.7520318565701,60.1480828107897,70.1289999150237,44.9096411382243,47.0888481513545,56.8749303961611,77.5851735802798
66.7238548411068,60.2969206593382,49.9603218906594,71.3163073222986,42.3827014999816,48.9457527917237,55.6472450789895,80.950756561789
63.6543852478773,77.7927695718241,62.1801452745227,63.1180956249271,45.5537510812934,44.1405149816916,53.7795382479519,72.9923591740197
69.385008296939,55.2887902405585,43.0041762765595,66.1090201010739,40.1496533287263,46.7119290279514,57.356801362172,76.2514257192404
67.8859404305607,54.7577419403816,44.9190219464503,57.8356828577291,38.490261446701,42.2190917445139,57.5701105571003,64.7924214548706
65.1896751981284,75.6757755269337,61.2301186673254,73.3773619184561,47.4343218570627,47.4327135198953,57.1217366097984,81.3783156519567
70.3008380829225,75.3404359530499,62.4968037862833,63.8649171533115,46.1932197128212,43.6209787179814,62.2697810667402,73.3640560124993
66.3196929194836,60.2397373443038,47.5876195074787,65.0853809191706,42.1789965268097,44.6017473433151,57.4636986508179,72.417697962812
68.1345107495238,69.5124695538187,59.0655946322568,74.8245322900531,47.4964494301833,51.6143263649546,59.4875085613891,86.2294448433683
68.8040778188833,59.069073589151,49.3552496676317,69.549287857019,42.040343337643,48.1466829672265,59.6219132398113,80.6958281497858
64.0871350761034,76.4609652987849,64.4650528654158,62.7148427775895,44.9579939079074,43.3247285917052,56.4303532125263,69.1236207787714
63.7531880876743,69.9453372609388,56.1651991288958,69.8377780815035,45.6019443182668,47.9662287969025,55.1646344153829,76.3699638468564
65.8238891117063,68.257787977638,54.1842427659548,64.0017810269849,41.8436725810942,46.5675181822113,57.5478458484295,69.2348283449214
63.9998058373387,65.990676751262,51.5111936354117,68.2455912111069,44.3441844450003,44.5960925330544,53.4754466431374,77.8943926495332
67.7130132760115,60.244278800603,49.9481043441964,71.7164195045536,42.7679921347336,49.5906589814122,58.8775651231079,82.3996978111341
65.5518419180333,74.1640796730154,60.8074325080038,74.7128816217199,49.375292911566,47.6433733983181,56.0307925711695,86.800135343148
71.4268162314422,69.6203723579034,56.8380521871587,68.3914111147784,43.6827741273894,49.3989918433898,61.1673824774405,76.8058205710181
63.4880044152976,72.3932704591259,57.7459991405863,69.9382507114272,47.8190412327797,46.8733626025369,54.9741974455778,80.3287408007107
70.9395358834871,60.7112600286373,51.7307768292329,63.6141615876723,41.2933806433156,48.411161478303,62.7084419245335,72.8265584414688
63.9110635896588,64.0861703740884,50.8122068328355,63.7027942048513,41.2093770077251,44.2365636084992,55.7837954882873,73.0752659113491
62.8946481882296,69.5078419334218,56.5006577081149,61.7641363598327,42.8428566317942,44.0504828525183,53.4607477086017,71.5249231495888
66.937246137456,55.4958518762057,44.6075514931799,74.7957659827609,42.9894533555771,46.4264499123161,56.9691367087659,83.4593987190607
67.70817596582,63.3228026085306,51.6435129035506,60.1321352403883,40.2567311167976,45.6898528505352,57.9433132342577,70.4136763670559
60.622146723079,64.8903664114223,53.037354312592,64.1002286904043,40.2195836289648,42.5781131248643,51.7295434382694,73.1498737273495
69.2385975522165,71.2251245933632,57.8566114244838,73.0959044924189,46.780705793436,47.0467144105106,60.4148208668775,85.811281143469
61.3776840014286,61.9318093618987,51.1090594962799,69.9591929283664,42.0175181000865,45.3898230549782,53.112357690306,78.2012344997041
68.171818718331,61.8781470543158,48.4038275439735,59.9386906321401,38.7313377374989,44.42364228716,59.339563232585,68.3329494933843
69.9039909620251,71.775913318394,57.4432402982668,68.3967402478717,45.3511715354465,48.5538919732289,57.9145491681598,79.7884545886946
67.7018512112952,63.0965375741079,52.4741957007069,65.0053663200886,41.3906748601524,46.6112234558138,58.1258518116769,74.3855043183417
67.64531937072,74.4341425458165,60.2426949636809,70.8805020525429,46.0861445611648,48.5452835675085,54.9372247281653,78.5332486158612
66.2822832395791,56.8127742656776,46.3669046720864,61.6219407659885,37.9110940934507,44.3186501585921,57.9860223025014,70.3406533879095
61.2867550964803,64.4205446202362,53.1113732476522,73.8734833583788,44.7181692432878,48.2828947822245,54.7530186599124,85.8264043845084
62.9207477316211,62.6885337253745,51.6614115869755,67.0266740337333,41.0656007068745,46.1775578651764,55.6225892794553,75.6759830955933
63.8196183233986,64.012896471424,51.5407288297616,75.1210812826144,45.3285615465151,44.2841459655894,54.4487167970177,84.8425690601172
70.2717146990164,73.038262578564,58.0974710760136,64.8282439954332,45.1819632694264,48.2882820693808,61.9576747958634,73.8034811461843
71.8036137728833,72.7537095446596,57.0158191054223,68.8288958694551,44.8921827862076,49.5083842355765,59.5937707892898,75.8355052090094
67.1757577445351,62.0452718769318,51.6304423615889,65.9181875303813,41.945245013708,44.600397753616,56.4073481987908,73.3849309880291
63.8819228673935,56.2295140739225,44.9457144846931,68.3984874743874,37.506425969294,44.2575159873261,53.1612458872941,76.9228948544125
66.6419713221053,63.306920511969,51.0097681348689,66.4354972732384,41.643955534673,46.8420209819817,58.2831751618024,76.7492091007831
70.8890252485849,76.1405802189876,60.5386474708939,66.1564879585139,47.0840948300178,46.1735975504497,60.1569386255292,76.2695184619874
66.2310252788465,67.7140129310504,55.9340866995887,71.0213831212282,42.9542653137448,47.1336098158651,55.7799926688832,78.0972322373121
68.1593807495362,62.9239765300742,48.6301342276622,70.5593743240858,41.3603681423358,48.3618261722753,58.2911411970841,79.313132677372
64.0367960246856,69.1237946931748,55.6939887232724,56.2507140232993,41.847660372894,40.9708128279044,54.0893571932408,63.9518416867727
68.5584659898429,72.8395745676799,60.9712939793885,59.0243051924411,42.8319326237594,45.3685399589142,60.1510126277754,66.4921582390876
64.0579432717527,81.3214327499611,63.1058298352396,69.8523548020444,49.5353290552708,46.4476873565313,52.3551426650127,80.2756940503988
61.7615422775871,70.7903150001742,57.1265027086557,60.2699777631263,43.1327340387196,42.5610240366209,54.5156572939299,68.3912427678738
63.2701381422744,59.9811803714158,50.4228295453157,72.4920250822917,44.7282106360623,45.8178283306139,54.7528878474352,81.9889587433637
63.6329512327741,81.5810839254283,65.8894634994819,70.7773527157094,48.6113417923458,45.714943683559,54.5480202483514,76.4957586967588
63.3277715155446,67.0713515931327,57.4079654343057,66.2296050776954,43.6212784048188,42.9870847093117,56.0184099886597,74.2389363439868
68.119637169352,78.5774666898737,61.3841727055969,57.515694872861,42.64807794515,47.170005985517,59.3634787133691,66.9913452944311
67.6835334956753,77.5942707788208,63.2549007493855,64.7354287323181,48.1410397445498,46.3947721855089,58.0511150478395,73.1674770700742
66.3178116763142,56.4312803555002,44.217357970657,70.3761118171791,39.7691640049766,45.8865498870007,56.0381696873078,80.5583139191278
63.503380049307,78.0621927482005,64.5061113758293,72.2997257276704,48.5250607052387,46.6085142872357,53.6456998354403,83.2385700305256
63.6953120134932,66.4630028338765,55.0655111245953,61.6223747304601,42.1496688896575,44.6926383743698,53.0686938515038,70.4972704648102
64.3278060733812,61.9907530438161,51.6686110488935,72.4874057479662,41.9725634068077,45.551590698947,55.3926845393514,80.8886666713281
63.8625161218471,69.6975055677702,53.4759351258852,72.5239913169155,45.2329850042694,46.5544114175906,55.514259759869,81.387767253326
64.5466871203478,69.1318050877715,54.5622208300664,59.9046011454778,40.452547793783,44.4303521822999,55.0501091674767,67.932534903533
68.2263237908012,66.8088663164599,54.610306460668,65.585727330395,43.3803052499198,46.5475117094574,58.5917948117005,74.7949470488544
63.2542597419387,67.1019630255801,55.4025709619079,66.9668922628875,44.7357557048086,45.478905884448,54.7118704902387,76.3717017122722
71.327909024941,76.157656834888,62.5773376748849,66.6973906173198,47.1907395117205,47.5540644793692,60.5077465639147,74.5126867438973
64.188495514009,75.1445611108536,62.5391315452283,64.9879456965756,44.4359529414756,43.3168001380344,53.3177855517082,73.8908934767918
67.2070957710007,69.8357459366966,57.0017209763386,67.5266458083306,45.6901081808873,47.8981019585036,58.4482670068479,77.675275120795
74.3220533372877,64.863298520838,51.6781572542623,67.9184487851604,43.5876150267211,50.2216013989204,60.8389807333911,77.9495612779484
69.7877950944848,76.2012359909717,63.611495053123,76.1016722713341,49.6259573554108,50.7506744088908,58.7626751961212,89.021184656586
65.8626270714929,72.2192334734451,58.8366498293054,65.2801351708292,43.4293789943687,46.0236006488322,57.0775824604204,73.0963206076762
62.2126688316708,64.8348767637646,53.205646233769,68.6812736983624,42.4859464479692,43.2043485195992,55.8782046665934,76.9951971982567
70.4947829602925,64.7124970692817,52.898470665067,64.2115807009966,39.9973075978025,44.4789105009947,59.8406592432411,72.305575227267
66.6003696131061,64.8153643784971,52.4025938404436,62.3506611745476,41.9613968683098,45.5834581261212,58.3594088075153,72.1185165138762
65.4196791328426,69.2696461831221,54.0685803916778,66.5084878506194,42.944591420148,46.1038815342691,54.7009275534088,74.5903416258972
66.1324073406327,71.7678076650893,57.1932221236982,71.5210910976349,45.8030884669262,47.4208609229538,58.6033318784285,78.8540879673618
65.3946728915141,72.4123244176548,59.1727755797942,73.7531856266199,47.7881076918879,49.1936855777765,56.3110285793071,83.7953233474021
73.5426123472851,69.9382456547144,56.9354369124704,65.1642491655602,42.8297775095191,48.6805509507189,64.7318727171024,74.1234650863555
70.5820035279784,57.2684010733912,45.1696476131663,64.9008661321617,38.465517845856,46.7518121913321,62.0920453536566,72.4392271233038
68.1737722363161,68.7225917599956,56.2704940610925,68.7947765058661,44.9600935575429,48.794309192027,59.9024544453055,77.1505175918306
68.6693561312883,74.7702761090513,61.5782453831973,73.9293259020188,46.9962709816555,49.2055118307356,56.9945017083502,83.0001010829771
64.3494019398169,58.9640801446057,47.0847123170495,70.5726025499912,40.5169462370819,45.5052437098111,56.0470451141838,79.9001268018837
69.7595202615471,56.6012661171696,44.5414508095206,65.3523550630292,39.6099330827329,47.4514381491568,57.6962355388172,77.0730813128441
65.4670593310098,71.5661300823131,59.0577677791807,60.6659729034895,41.8509488076275,43.5611561969759,57.1418459922856,69.3137149895742
62.9739908677579,66.2494834948188,53.3252009219532,62.951812117506,42.5253642844644,45.8134437492181,54.4504720867319,72.1752272963165
72.960389965808,71.5215309483904,57.3631167632416,70.0873606953128,45.0861576447534,49.172643942674,62.5515115730843,82.6087972127153
64.2473908817616,66.0830872185285,52.254302412592,70.672557167254,45.339548042943,47.6233047700259,57.1563737921242,82.3827772803344
67.9718309899415,79.1065762356829,64.189345487939,62.4900170433531,44.3464363100692,45.6514768477904,57.0915054451087,70.8248284772429
66.359818128726,73.5364586892043,62.7214113109843,68.2568499562982,45.4680029131279,47.8719409388863,54.6245711222878,75.5728013202357
63.2798274587548,70.4804870447304,55.4726706223236,64.9779802425415,43.7507799062548,43.7939376481643,55.716595241258,74.4859699093554
68.7008668163042,72.9769765695402,60.2861305084289,75.9371110479111,49.0915143231508,47.8409581975548,59.7079411692657,86.8294243015911
63.9202566936062,73.2830218190511,61.2907912530578,69.6974044629583,47.1334428043079,44.3913453945645,54.184275383129,78.5863723258265
64.4968432667201,74.7027171133853,61.3660302970068,61.5606796567891,43.0733281900834,44.2053726476123,58.4043139642671,68.6254074953934
64.9816804684594,61.8788344523019,50.4169790019102,70.0597263143564,40.3270092789915,47.4127213167384,53.9544295079247,77.8194025081433
62.7990733321646,78.0357857637199,64.9403371902036,66.4227066489872,47.0875337245403,45.2570472112114,53.2812367386403,74.8282185461203
64.9312041326787,59.5558780269144,47.9352783506968,65.5556605882009,39.199761444159,46.0697946850648,54.7340044763197,75.4922582902534
63.9422650283343,54.271880481621,41.2665013208661,69.2166348364942,39.1282964589652,44.5128584643987,55.595808686367,78.1610684280859
64.5776473139526,67.4243481030559,55.0284310571533,71.8607246961927,46.0569636344406,47.2033397288823,55.3937517857393,84.4913858432746
70.0030169563776,72.6469210945591,59.7964844046092,63.8229533346626,43.6449585694611,45.3679228195399,60.2169241227939,72.9505161112931
68.1683831083043,71.3351681510963,58.193431615852,79.5427122927329,46.618735543093,49.1293072528744,58.2871518680689,88.5392865549766
66.1685451245315,72.9858294173613,58.8145435431167,72.4122685654129,46.0562118915307,47.1685520362923,58.2942514728653,82.385508308509
67.4444958006076,66.9388619503633,56.2786179091117,59.4880546573604,42.2760815652031,42.8173793142055,56.111740944625,67.8243553645885
62.5878270647978,64.3849316562767,52.516539152449,60.2250836744846,40.269665937129,41.8690175059242,56.8134182672216,69.9240440156555
66.2948055741346,69.2214709837525,56.5791955850159,66.3666037605029,43.4838789321716,45.9096361972734,56.6229440533682,75.9387020884659
69.0356516097956,77.4918026838842,66.0058214852494,65.655478988368,45.8424554141267,48.1913866985511,59.7769436361988,75.1177385668072
65.5685401407485,65.3314008210347,53.7829606151351,68.0252270041211,43.1661583091524,47.1638036161322,56.3730280405237,77.2953498341996
66.5184175300051,70.5338857172218,57.8463723591995,72.6669845204222,45.1601636027982,47.2437333730652,57.3393116251253,77.6216887748595
70.6233097228173,71.1943088169085,58.2821714592426,59.0734158595405,41.2589824670545,47.2212606755599,62.0145096167292,68.8938778635684
64.6715042515245,75.5400972148746,62.4953201587769,73.0649120216183,48.3145440603194,47.4609107534291,54.2824864246733,83.5407409819501
68.8603791164523,62.8386120593723,48.2596114618629,65.6713679812405,40.4428049017507,48.0422151565734,60.5331570645477,74.5964678372152
70.943182387864,64.9844697172176,52.6741263889837,67.6223583540451,43.2055740841005,48.2262516678028,60.8909539725595,75.8195442442012
63.7202754627485,68.1284640160199,54.1113823669508,79.9121310771527,48.2811682904755,49.6041793046141,56.1659515074715,89.4581231314046
68.1700194092604,65.2459597921078,53.3320380589339,73.1934605285604,45.7703838548979,47.4317692546755,57.851588065745,81.8335586776134
67.3258373214875,69.5922710336701,55.8965734580375,66.473297493646,43.8667876903974,46.3787347014985,56.2377619057041,75.6420752061186
65.9095673094537,65.7356762119007,53.2670422675191,66.7216448243475,42.7242600403297,47.84245043789,53.5580932000206,76.9098113854796
65.1052714192552,62.7725226005239,50.1199753211777,64.5632170194093,40.9892813129969,44.5840790439099,54.0397975180917,72.55786249491
65.0864124592758,57.4227283873491,48.0439898628065,66.079637073437,40.5117578193824,44.8868346647985,54.0422674729644,73.7273744496399
69.3582286463584,74.4190309464576,60.9122222656599,74.7745853569388,47.8265351289364,49.050458410417,58.5451390885822,83.0472454746595
69.5379411241277,69.9736964467762,55.4467584525085,69.408330638723,45.6459623805965,46.7767717622102,60.7458334024358,79.1450764450525
66.2999662689627,73.7968814371072,58.0101547724897,72.5666860740846,46.7450384553236,49.7358319596579,59.1034644851954,79.8095142034211
70.6348773356012,53.1793016073632,42.1913311856957,66.4646584068983,37.6293117081363,46.8878702979442,60.8460385302306,74.3879116798119
65.6210381384848,72.7964941825131,61.6563730160342,72.8830846042011,46.7568248045969,47.2121184815979,56.3789825112722,83.5972880824047
69.0359626662251,71.641148063557,55.9633486102002,72.4192395029886,45.1750307360711,47.8390164861964,57.6389666175,81.0191362130669
66.1036145965563,64.1048142783974,53.2213759180146,67.2834856717833,45.2287737449749,46.2690855906778,56.8861187857881,77.3444873519366
64.5728280415809,71.6467508330804,59.1475953215826,66.0161747674533,44.9402395530855,43.7087626745029,55.6200463914672,73.9331545725151
69.2235057893067,69.3287838843844,57.3126121558681,63.8246991135474,43.4659492776095,46.8600804391484,60.0211234158951,73.9521116328437
66.8680027334131,73.7783257439946,58.3197488449543,61.9635193068458,44.2750373280237,44.1982342042843,56.9959988835475,70.8926817947402
63.8622498060989,69.9526557212523,58.0515360566538,60.0388537150724,43.6230740008825,42.3019379919462,55.0755762844674,70.8615739504932
66.134179068315,70.1414444699273,57.4823848098897,64.451744876659,43.9172898179114,45.7907335102745,54.7690244483459,73.7610619204813
71.8596587000207,69.6006156630445,56.2845191707539,69.5696463524541,44.8817809310055,50.1133359389567,59.3791392687452,78.7403154334876
68.6810822458595,63.5096636375819,50.5915647302757,63.3641429534132,41.0855243609134,46.3578913868424,58.8828447072137,73.9111008694672
62.4557229082126,71.9648321913495,59.6347861595826,70.5777126201845,45.5000115123418,45.3939364885829,54.8944944526814,79.1839120511018
66.3184326295334,64.0867545865327,52.1335337851555,69.0093847865176,43.5384554719074,46.6199085797377,56.7037569530662,79.1447290933927
70.8557167848381,77.3424994810128,61.2367151842421,65.5967475371508,45.5759822709736,46.70323280478,58.0914237772564,71.3260340698502
62.6002000549686,69.0896251227198,54.8258226310113,66.5472060666452,41.8009177384834,44.3391851686194,54.7054162566917,77.4954109505132
69.8975230272858,76.1213451620977,63.3383474071464,67.5209995289421,47.5597753413086,48.7924991206226,60.0162861994527,77.9190357359462
64.6859991897467,66.5202237828974,55.3944443206389,65.05114447177,42.7973667001787,43.8534241373044,57.2208334004406,72.9757482746471
66.5043873360441,65.9754186619306,54.5453087936886,74.0280468642179,43.8867831346027,49.8529873575592,57.8722505248223,84.5260369255759
64.9700925905312,72.3997474310552,60.3129206138358,72.6153165951736,47.0168761591276,46.7865744743202,57.8820974143575,81.8027707271513
72.5813222560261,74.4485579243819,59.1916216240527,67.1888270786058,47.7686983539813,48.6976893610893,59.9119206799958,74.9511086273011
63.4491633737377,61.5545773663319,49.1576765284637,68.3063182350649,40.6203426078722,43.7314545220032,53.4826287075793,79.6463539491714
65.0414196452101,75.4004207075463,59.8556372164583,72.8756463655621,46.3921261126373,47.3989838323724,55.1877426411924,83.8676915998483
63.0658429737751,77.6187146464067,62.7756832701604,67.9966736333582,45.1807221229675,45.5821062363916,55.0882710943392,76.9431334867822
66.9109940263099,65.1792432764805,52.5533368203816,66.6302086724206,41.045154734122,44.6291477050379,56.3988445376781,76.892110603171
71.0783642145686,70.7803650780571,58.9376097153262,60.3941574869345,44.4374476607102,46.6148981491816,62.0194365062646,66.2223385309033
61.6855662549211,64.4055166278491,52.6014757897871,66.6091135502224,42.271136951727,45.6346988634486,53.8466505492043,74.3584672770298
67.7036384224225,67.5285905332794,52.5896142134358,68.6808324009319,44.1538804694378,45.9608602984034,55.968425142398,77.7801406073394
65.8336513126126,68.2475378902515,55.5062195066903,62.6055807980211,41.4723752561298,45.0189278368671,57.0075423019669,71.6097595422493
71.8089399427894,63.835982807517,51.9668531667649,68.4823200922397,41.4576510000193,47.809655415128,60.9879002941452,76.6678531632317
63.3810536330804,77.660276741639,64.0030007537726,64.2460538964962,46.3030419497088,45.8489176019199,52.507017555917,72.1631650209522
67.3837488813318,68.0777570676298,53.9534208850026,69.2453606184404,45.4193331696068,45.6360874113004,59.0929900415037,79.2523047415883
71.824162691786,65.3679900414075,53.5506808748447,68.3918592277882,42.4438636377385,49.1739190522928,61.9331742104298,76.0277000476367
67.1839826532985,58.0432986252097,47.8313921877622,67.5534064319588,39.713798143881,44.5699622590939,55.6900692892545,77.0738853832278
64.686533825978,68.2829652194149,56.4376298428139,70.0534056836221,43.3400880797864,43.6197395562807,56.1582954882818,77.9476218694671
64.7313847668725,62.3555165938019,51.2652954068585,61.3807754845117,41.2086086470023,45.2414842409991,56.4947768925704,72.2008968135901
68.5364530332363,64.5791123910561,54.0838844400274,66.4785090412768,42.1458767126618,45.5174822094015,58.9473821073372,75.1700849754173
64.8780034115244,65.2264300859979,54.4519810787603,67.8517826403899,42.1092802474187,44.6301577812549,54.0272144656471,79.0818576460622
70.6822601170818,56.5613664325206,46.5171432677847,64.878960187782,40.0958289689061,47.6887964796632,60.921841646791,73.7817261494422
67.7210482798509,70.3159486936478,57.4009559072372,70.7967674705481,45.2980935441177,46.1708002617245,55.916155613893,78.8708888332592
57.7128135710228,69.8082841407788,58.626667118675,64.3567205296476,42.193323176113,40.9813540045297,49.3106946117737,72.721838371485
63.9735694711959,71.7205162073607,58.2666223504492,69.2173136328145,43.5793239552454,45.7221383395717,55.3828662666,77.0446540029495
70.8359530189476,61.7743421742808,50.9998675496147,70.5511284974855,43.2120659252293,47.7405430801391,61.7800821276392,79.5343177798046
63.7397766918074,55.3068982731133,45.8129718029077,62.259302366486,35.9235579902384,43.6435042091387,53.9884990052589,69.7901929653712
66.3435389970514,78.5692080452431,64.470517146472,69.0793512313281,49.3395611187529,48.8427930626728,56.128795672766,81.6899222993255
66.0049970328678,76.6822444822496,62.6669807076371,72.8949336546164,48.5902934888533,47.6730707850401,57.1360680560564,83.396901007947
61.201793362724,64.6836407797969,52.7037291765073,67.8844716899038,42.7467322975932,42.9597597349015,53.0452550103862,74.1035543359046
67.2318356458393,58.0734095004151,48.1527098445332,64.000477975545,39.2242221020712,44.030155779753,58.8364229934605,72.6943070154156
67.4879694880321,66.2530169538144,55.6355799506884,64.6178273931292,42.6983150756994,45.0829463894254,57.9098125523651,74.2686753508185
72.7339053699627,69.9911325195865,55.5075920279547,70.1406277547687,43.5062547187827,47.2188272379594,61.93528095621,79.876528267574
67.8188441958676,55.1619040285014,43.0126172818543,64.6404047726525,38.7773506315827,46.9358786995555,60.6227351510626,73.3447816107547
65.7213507743079,65.6463327203846,54.5169490756959,54.8441509825804,39.7922794106157,41.8284368028138,57.968145027512,63.246796117532
67.0277616736654,68.3192536831155,57.5365925487647,75.0618709918306,45.1824301111349,46.8915045376093,55.8952280436617,85.8693420999492
65.9786823120394,79.7475172963988,64.3512006642811,77.3488715307546,50.1094886704153,49.2371366910382,55.2130318131605,87.5699282792726
63.8744553957542,60.059682103564,51.0118158281296,58.2502277766849,38.6686699747285,42.2578227610504,54.7811194441547,66.5828199957564
65.8953296590392,81.9028705015802,67.0012228307076,62.5653575575961,47.3143134451551,45.0505071602829,57.9072274656545,68.3322210667949
68.7862447199689,76.2205256512954,61.4359556209282,64.1085086139099,44.7922608690669,46.6275405086722,59.7879251559462,72.5022953382921
68.5261935401079,66.5804970809952,55.0351917767352,71.2974997218002,43.7556073833371,46.9604109271829,59.4575444508003,82.0070721083868
62.8231747750273,66.1079226652235,54.3177648825767,70.2647506894115,41.1774522702231,44.9894386397677,54.2469324334696,78.3678216460893
70.4188849710777,71.8483451898087,57.4562504804054,59.5164241864548,42.1018363836511,45.6835634350616,60.177876927818,69.6230152581315
67.0089229350191,76.4639732757975,60.9154990009028,65.5169483573516,45.9357529865451,45.9065403349649,57.3299155975042,74.8833932273778
70.9766670364017,76.4192984063411,61.0617219670492,73.3624718917659,47.3684095076969,51.2595149210597,63.6476893111176,80.6995889430616
62.4333770568974,68.8838447623673,56.1898714886741,68.5054836568801,44.8193291474678,44.311960678833,52.0978377308373,78.1913125406708
63.588246121772,62.1542874870435,52.5271223904719,68.4408427674787,43.4779658280295,47.0839824747479,56.0147350693659,79.5268535204615
61.2691140080607,75.2551204591173,62.2545319659002,67.2946831251433,47.2940496414001,44.7715955295443,52.3327534568569,79.3528086054676
65.3558212187285,74.1074549063558,61.6907430859936,75.7652111827186,47.3437808042347,50.0175118983026,55.4608620680252,85.9712230669766
66.994403408458,66.1090775964537,53.1156503202061,67.1728629025207,44.0683135906693,48.0268232883094,57.5130245120362,72.7760651195074
71.6753634953439,60.6661614324773,50.2254647192902,76.0105027315312,44.7391187806504,50.2940068965508,62.1802950319147,86.0292188208282
64.7948819704223,66.0442342613936,54.1023024749582,63.0995853335331,41.6262036256757,44.437961964714,56.0077788357148,71.616522121064
63.3878102205253,71.879407940179,57.1367217551469,61.7123190661934,42.2107038370785,43.3284330639808,53.200121049085,68.4657122271593
64.0617222909236,66.2158732729277,53.6113107474425,64.8247657245407,43.1745933569575,43.6466954594233,56.0926725674019,72.9726789760697
69.006689678651,59.2981491479121,50.7887391116787,62.2978243677064,40.4059632150207,46.7068175942912,56.8582721421738,72.4072820613204
67.3155761442171,61.363963483092,50.7172604008374,64.7215511293144,40.8733289377737,46.0495413348842,58.4480089034567,73.9298531078145
70.3148141699331,71.8543847440504,59.5559317189716,68.2948130595555,44.7281406282571,47.3950682213599,60.8566596695848,74.8037763207012
67.5543685117069,73.3880490173347,58.9767047625179,60.8405204594709,43.6169231884335,45.1847382267195,57.0458255794137,68.5092816178232
60.6529248979729,69.8996673287966,57.6308496150298,64.4712767392394,44.4456025124978,42.3659724503522,51.112835070104,72.626817550336
70.3478194613135,64.3142337131159,51.6779425284077,80.3491263605837,44.6118317518843,51.0288542367231,58.9402980857406,88.2050452529588
63.6258568106236,66.7094197802824,52.3593290858796,71.0082992395826,44.2339510696469,45.4350487018728,54.2209843453708,79.9446751917575
67.9243342049082,60.8826660054596,49.302899250878,69.0040575942985,41.2770983273572,47.2926808404678,57.1815494799697,76.5582638026133
66.3775073141659,71.9614049949345,60.2551735569429,76.5902763738212,46.8102766267308,49.1693947170804,57.0475045001963,88.4373477579138
66.5535036234655,55.5735100364689,46.5941951990043,71.2522117204864,41.624966455007,49.4262289922572,58.6051651231228,79.8033922754328
71.9106360744339,66.205565375309,51.8544255063588,72.9574616773114,44.2207236993675,48.8860982392974,62.2413433970489,82.2462651241808
65.7872574507633,67.197798660121,54.6817789120288,67.3409244248353,42.605621444392,48.783327736528,57.2614164229023,74.2281314538302
64.1361948582458,63.1735184807902,53.3871130667757,70.2453846013321,42.130546102763,43.8883145112561,54.3696708338953,78.3835168405099
66.9739794429696,81.6100019574768,68.3977060849545,71.6620709003407,49.8424252291384,49.3585423101079,56.6289361107112,80.9770646852688
65.3524943909224,81.418633100527,67.7082146658067,61.9672127015433,46.9199231496835,45.7527066684399,56.0573024520219,71.52904516301
68.2875859798383,66.1742016544434,52.7661175453476,66.7449747753019,41.8793247016602,47.3498682596601,59.6086847823432,75.144790855266
70.2126860760569,70.6762155817472,57.6562104038813,67.6106397646666,46.0359337208447,46.9168458595354,61.9900780810052,77.2662403137632
60.7348602459892,70.8151492993214,56.2184340117685,67.5684223978152,45.0201563249512,42.979853662596,52.6788714540838,75.8806851469598
65.8217349600012,69.6258142087144,56.7847145790032,68.7866027019395,44.7270946600323,45.4950409097135,57.2370674263032,78.0992268258164
66.8136747112194,71.9022348890369,56.4274514169167,74.342505580194,47.3812737271392,49.1017543603234,56.7732475754517,83.5944468977058
67.3372019170302,62.8700168000086,52.7857002286043,74.8267511974978,43.7080911144615,49.3921643574844,57.9931254752866,85.6709830675019
64.6588026137168,55.7985297395452,43.2448793155606,64.1762799826511,37.9058374330306,44.6014789892236,55.738948133823,69.6931681434404
67.7866673838924,65.1305762146197,52.6761562937496,69.6011335975189,42.9642581214021,47.7252622241088,57.5167956374325,76.3185719508848
67.5052070566228,71.929185177084,59.2029163163938,65.470955086829,44.9984414373399,46.1368914049562,58.5985345943092,72.9934966837422
67.6409010559623,66.1634352366292,52.9525036849845,66.4619595114173,42.1937301952169,47.423669949057,55.763217645563,78.0429139911612
67.7922615574936,72.4598815344522,55.7468298906008,68.083564765472,43.5314144562232,46.4897337914062,55.5937668801147,76.3407726266972
69.8540019329333,62.8789859424372,52.8790437691241,71.3476235803345,42.4346404278044,49.7559513939045,60.1417984121702,79.8323693246647
68.7467637649881,70.5304466938512,55.2843546578224,68.4654039745164,44.6256216541418,48.7958170461848,59.9281028679831,77.7212790956181
71.637676923568,70.4141040203067,56.7644022586333,69.3064426142259,46.1679421969876,48.6415054626515,60.4778008305889,79.6126105520961
66.3832003923569,68.2862988446191,52.9376000884112,71.4648984648351,45.9355138812776,45.8490381334045,54.7859933736108,79.2855703579483
63.2860607123747,59.8997958202415,50.4157539735177,61.4438762279981,38.6286111609726,43.5499799873742,52.9581681167123,67.6358637527295
63.6954097596123,76.0125284601022,60.5724134563728,69.323857267747,46.5761489809193,45.6305226437507,56.1315825012007,79.7584384732289
67.1173021068762,67.8972331279633,54.6335759768388,68.9276845704831,44.5805042186407,47.1204705043284,57.7503783488575,78.7188825221583
66.3630534955653,58.3455147864256,47.7830135629989,65.9361409591087,40.5686434150239,45.1966689251549,56.4121656679687,72.8452263759159
66.4482449911242,61.9633929459995,51.9368106047612,60.6146810884814,39.3670509929656,43.0087377131749,55.129043273337,69.0198747483111
60.8058274209981,68.239021381769,57.0429359758241,63.1377011340891,42.6407991361555,43.368340520229,53.6146956000187,72.392595749412
66.0491861218279,62.6119253822841,50.4619989151781,65.1224887582568,39.2218248117026,43.1327311604796,55.0982848103754,71.5628253353936
62.4949386144732,55.3967066146233,46.0271679132892,71.2100553263962,39.000992156252,47.1935595282381,54.9681197598542,81.1326987035121
68.5509606547503,63.4873590943662,49.1534669201212,72.3416534953479,41.3952207803628,48.0084480999004,58.9502390354911,76.9720619958577
68.6557041419445,66.359228564784,53.8747773240962,71.3109422379416,43.3747725348397,47.8369579352943,56.6968105950447,81.4063777780139
69.5709425038066,70.1654425645865,56.4179087636651,68.9323602776089,45.7155311846591,48.7918153079283,62.3682278240653,77.4247813682676
64.7004048635301,77.2045168134674,64.5040133990528,65.0740381502983,46.3681279552572,45.5192953113267,55.6298390275528,74.2926159055066
68.1214060805371,64.5000881786499,51.5729474096001,63.3301419911037,42.2380139019161,45.1725482463727,60.0299345624344,73.2216338732616
65.6825897575186,63.5212046262917,50.881462949035,66.8241922431494,40.6260424674236,44.3273668050137,56.27377346634,74.7181563421206
62.1200280091401,63.1422793653011,51.6214549145978,74.4924124000443,42.663721986637,46.9096079286898,53.2698277616926,84.9812665910652
68.3833783246265,73.9316622433323,62.2660011421736,68.9190873139459,46.9886220813952,47.3722691931369,58.7245503573259,81.0670435872361
64.2690478045857,62.6176775809368,50.3621082895065,66.952794107685,40.9189532903431,47.3605724086623,56.5848281216491,74.0592596360467
64.0214981722906,67.8811604309343,54.9928723868039,68.5523482663823,41.7015226625467,44.7468759056467,55.8701421273759,74.5573647455049
63.342815379398,80.6550495386029,67.082733768297,66.3712203036587,47.1075985208392,44.5349873453049,54.1748272918836,76.8577273298467
69.6699050457661,59.0469962039009,48.1989239943571,73.7493357357613,42.1771219931104,48.2217925168955,60.4089454192048,84.5094278753131
70.7611215530462,63.5051948412719,50.9272017154703,65.4071599584215,38.3538306623822,46.9434162338799,59.0015578131269,76.2208968178321
69.8986576353078,65.6611206017807,53.0033202964259,64.2540053782384,41.6831609612148,46.8345552771433,61.2278084179922,74.1762355051487
67.086048144018,59.67035982927,47.2085167029857,67.8374789879786,39.9226123764362,49.2600339178404,56.6521283441427,76.4939051262822
62.5574825097027,70.0044942435808,56.3094028826932,70.96422887232,43.5376918963752,47.8401578961081,54.5175398019377,79.3207065223813
67.2114997588642,55.0100099917893,43.751869047881,72.1840489675352,40.9346348869943,47.6731227611207,57.4893099753198,79.964137096657
70.4141936747678,64.2735058301503,53.521502056612,64.0762966244358,40.943540638139,46.1188985813838,60.3000256711344,72.976941705814
68.6669987543876,62.3836041687709,51.4333082915711,70.4618062151198,43.6100863777029,47.1864659138407,58.2191573895474,79.7520342165506
65.2984873608723,63.966971278962,51.6796761134847,66.9576764274237,40.7791273747566,46.8356027637681,57.0017511584218,75.6852016710103
67.1209655109047,73.7764081791521,61.7107665911909,64.4660575552845,46.0644700351187,43.6675635788194,58.507586621291,72.3715699281165
65.2483628158609,70.8998105759717,58.7852371951811,62.9714845657892,44.1991221879095,43.7832590970999,55.1907873451506,70.9781404753534
67.835995276718,79.2447804281103,62.9934873140158,61.8674293877521,45.2518194794456,45.1751430903176,58.8314177433595,69.9823264739567
67.2116297015956,75.5515469428246,61.6682939124344,67.0605469779914,47.4968846347181,46.0488342265096,58.5188557929816,77.7978372629691
67.3244936882653,70.575826805037,56.0492133086185,64.9362046515697,40.9564775517799,43.6580233502726,58.8151779858244,72.6440185883158
64.9018019102408,64.9881455549522,51.9325870808096,65.5616098632228,41.1337762387976,45.8181230145865,56.6595152104942,74.5602098996038
64.2161827187971,70.5308375344778,54.0693527953648,64.7906091636182,43.3286999163017,44.0119520929006,53.4305483833704,74.2087566478096
63.8412572937516,70.3995257870215,55.691283160356,76.0779155457671,49.2167427517527,47.9250075691781,56.0944990439836,87.1202694956123
67.3922853096035,66.0892801653072,53.9496413639184,75.2817940695257,44.7115196524758,50.0249620340537,60.7024429383949,85.4442395322023
67.6613309803858,58.7049916732489,46.4081681165287,65.0543189237823,38.6315965102398,46.4051561959897,57.2218387434353,70.9461856977834
66.152353061659,72.0565710554287,58.2838270823214,78.5693707794996,48.1531552969057,51.1389385545436,58.335939927334,87.0512051799826
66.3535069017557,62.7075301230187,50.2240812704343,62.1866931796023,39.8240630959238,46.6473812825017,54.2086026361319,71.1192442665657
71.4032127808495,60.9919545462837,47.1869516211493,72.3984519370145,41.5365751996036,49.9107964970886,58.2053295742431,83.3043964307674
66.6176587687257,67.8789588153312,55.7847151763273,69.0393186509698,45.6549211844071,48.0855819580091,57.3287526881205,79.2067641380723
66.9641408570153,64.6527520128118,53.9146504855385,64.6660821180725,43.1959087905097,45.3075883149822,55.1459755793709,72.5833848073289
66.4411003893016,73.1509322171566,60.7424298617513,63.6923825812794,44.0396589464836,44.1534606247878,57.465262230132,71.6167167722723
64.6275186163192,66.2160781852267,52.9914102099012,72.1259107595743,43.4304323515242,48.8034545318211,54.8222642482454,80.2225234744963
66.9586650999894,75.6756929763261,59.9958629243807,71.9093136405806,48.3777995806831,46.1448426203727,57.2921580836215,81.4959321277701
69.8070159186938,70.4191442534275,56.3624986786592,63.2976045754657,42.1773861927413,45.8029767444943,59.9571225658843,74.0013516712759
67.7809801340721,70.344711119787,55.0557378614209,70.0205336571048,46.0047122527442,47.6759943705533,58.384375209968,80.0853858831199
62.3753195462484,66.2646257667089,54.2691565389982,69.6048119133059,43.5528960862278,46.5059907312586,53.6934359031852,77.7816350809698
67.6331473242558,75.8408123400018,61.3478394085457,64.1549439060601,43.0659011216724,44.8697935044017,56.0253489844544,73.5688135109755
67.9773052257147,64.8223510153384,53.2280463395143,58.8142378999268,39.3937629770011,43.0414333397382,56.9141497233917,65.3489249124509
66.4075198123764,65.3523623492763,51.6685158676183,67.0604294000927,42.123468022099,45.8507220270611,58.2502675050034,76.3440491617289
69.2515005538875,71.3651354897357,56.4896234997807,65.6662884224784,45.3177909470254,46.6595039172003,60.4846844531587,74.0970029151436
65.1108165606772,70.793559106104,55.6932500966288,65.6472732037547,42.755397248076,44.1056796887973,55.353167276607,73.0766204614685
63.1776440109058,81.5428065458908,63.0306005904924,74.061827380656,49.310830317164,47.4330371333706,54.4624802218838,82.4607580910953
67.4514414622389,69.0297526400353,54.6784870489363,67.5017754192504,43.1104843929446,48.2437377825236,59.180691633272,77.4825414543266
66.9841617118319,73.1756895135548,59.8817577302599,69.0539602998524,46.8527418565026,45.9864186589285,56.2203803074785,78.0228986316997
67.0456165249276,67.4894528910961,54.6549762327929,66.7350051024,44.1746542619869,47.7982016223318,58.2708078962657,76.7336844578897
66.574257097405,79.4366375654463,63.4264133057425,73.0756122433681,48.9232152037375,50.1728505374425,60.3770038605766,84.8619609208508
68.1789790533356,71.4965215939374,58.8822390571381,70.0036930671171,45.8855361329983,46.3784393112492,57.6348916298767,80.8532293959898
63.1429415151055,72.2813579793993,59.4261257615602,70.8562917425671,47.7830332810771,45.5855705156159,54.4925666501426,80.5424829082824
66.4521089693522,71.4953868883156,55.0480507413377,61.6819467980197,42.1260013906466,44.8976338982348,57.1299884680404,70.0460008402387
63.2273486432176,63.4388663726188,50.9758948354386,70.4912637878787,42.0410922428662,46.385262619635,52.7428095595566,78.0381203838515
64.587304619639,63.6965934567196,52.4487654830573,70.7884867798993,44.4161028934856,46.0427064925758,54.6480134590274,81.6520790659749
70.9256773369058,72.6559349986193,57.385956524019,66.8520931524577,44.6236623266174,46.8868025192539,59.5580969707878,77.7104880336976
61.1312587635597,60.8588800838544,49.1399166438107,77.9856391349994,45.6761278078905,47.1386835911079,53.8182319173327,88.4383352517111
67.7829187732018,75.2053881758187,61.2393333046998,69.3768293293088,46.924318870152,48.2281035459466,56.9641869039164,80.06179515303
64.685179989393,58.8872786868612,49.3796056396842,63.5716325825409,40.0260644867798,43.6714936926275,54.4165875289872,72.5469433412978
65.7808233499046,60.2851417515562,47.673272700607,71.1441898259751,40.8021135312902,45.7910159205291,55.0861268946007,82.8102547480994
66.7663025163972,60.0714779445701,48.9436071513811,68.0842318538495,42.008982240314,48.237577189195,59.3162283619147,76.0418832484301
66.4830924671682,70.6730397783868,56.4230187295993,67.5376417405249,43.9037016451491,45.4736299327086,57.7175163421947,76.4171771425753
70.0722619849688,72.9100809001666,61.4904440385569,68.9022870037678,46.724999037451,47.311150661765,62.7909001344324,76.4562590120097
61.4471650655615,57.5053661992064,46.7895407300677,67.1070173533025,40.4576450682356,45.3816060193945,53.6342131475143,78.655289647401
64.1182290612545,64.3261060653298,53.5049659719031,69.0463885902334,43.6459030309236,45.3956582144851,55.1551526311887,78.0392160613082
64.7945245407636,68.5412547588056,55.932254016145,67.4475903497148,44.6724505646214,44.7181240314388,54.4649195704171,76.3558121589691
64.5998209038547,56.6782706179472,49.2660184737255,66.0256046835871,39.7086072294254,46.7621240119542,56.9399330852257,74.758817570129
63.1271100552806,65.7343821191611,53.5640769792886,72.5470364841211,43.2310029119734,45.2300908296364,54.5137575139123,80.1353161477665
64.2159051886586,66.4589490973784,55.0579185271634,73.6792066494607,47.074679435456,46.8555671807821,55.4948011479241,84.0965214970091
64.8896978034746,74.4186164886556,61.4714711567082,66.6843295923798,45.0964550058275,45.8182821965684,54.230999294579,76.6911060682387
68.0344473264852,72.9286652779519,58.7084090283364,65.2904885015178,43.8255109327522,48.0764803365152,59.9526487823133,78.0027539902804
67.6918712698149,60.2699560670541,47.1596867010991,69.9866566583259,41.2270415382466,48.7513904449239,59.2942981867323,80.612378603111
68.8327944174821,59.3067115697479,51.1687701876301,67.6183875862416,41.5995836270538,47.0639754324504,59.4845704501717,76.7632832357004
73.7783733268762,63.9256101826683,50.9709267224227,66.1604155997188,38.6760860976433,49.6613763438407,61.5080008246557,73.7513498464253
66.6646911796135,54.2648446899667,43.8004233236555,71.0933329989987,40.0142718713128,47.0931324981992,56.1093175901736,80.2217205897992
68.9538774336043,58.8732061400951,48.8406659108902,76.034798471735,43.753910275695,47.4845957701121,59.4337768713671,84.4759796854811
75.2740414615982,73.5599353020219,59.871186209881,70.685603106667,46.0763280665797,51.6486704442468,65.7718688715167,81.7933273469378
67.1376183246806,64.3800211749894,52.8798156555702,69.7887073932086,44.4980133549087,47.3933144219382,58.070386911527,79.5386012410076
65.8307382359186,71.8322764106727,61.4481032026761,60.8825341500025,43.3012637495171,45.1620441968083,57.3254249841653,69.0505131218453
61.978963528837,73.964444415582,58.8908586030767,66.0945880697427,45.3899610895065,45.1257408469651,55.2943496473919,75.1268658057385
64.8558061051118,63.0798147391008,51.6157713936355,61.0858787893694,39.7223588430954,42.8786646689746,56.3985026181386,71.801602269145
62.5340326405634,64.1777126244779,53.4873431227429,67.3136123166496,42.4862998514673,44.0955931862196,53.3869931722302,75.5251627824262
62.5134978081592,78.2683276128532,63.1933202466835,62.3646153176892,46.9489178218962,43.027433095131,54.7999288638638,70.5516662798777
64.5967163090779,65.7300436038366,53.4724569523535,72.5120433238477,42.9611714871221,46.6541600156028,55.814974614473,83.7383593806014
67.8184635191659,68.7924645471607,55.0690503774513,70.1511508903297,43.4713528133711,48.0512296010414,57.8233551753807,77.3095987338563
65.4297483458345,75.0617834733274,59.3771601960792,66.5786673037794,46.4469519667664,44.6301403211268,57.1302441601943,73.7096024888298
65.2830056490866,67.7930838897988,55.3708548332118,72.6988012698638,45.2622965307598,47.5820099651903,57.3820372195419,81.7799226720541
60.8377609958238,69.3068563448476,56.8177322668059,66.4845489703596,45.7616477217251,44.0330035656871,54.1879688103608,75.7037041293928
68.99937476505,60.8990857309451,49.2257402603355,61.1500931358699,38.6872201288336,44.2542951226203,57.1387073394535,71.1126214117516
68.8827007701549,80.1346233113041,66.5825947894757,67.8221241925418,48.1196808109789,46.8337420935066,56.6958120299598,78.2440451806685
70.5999998261448,60.5255756491414,50.8768922010078,71.3770466346197,43.4056012157894,50.0181187237762,61.6227258617656,81.1726112144618
61.9640140297212,59.4351232789407,48.8880561530168,61.3706719768882,39.4597678900344,41.6750278720639,51.5948731505453,69.717008039249
65.832741265031,62.7285021855848,50.8356072652232,62.7231445177582,39.520333830874,43.9365696991458,54.4644793698386,71.3994231285588
72.1755955430353,80.0876613463749,65.3469794534502,73.4772750413099,50.5352299219907,49.8992743974879,62.8520309404926,80.2418841518329
68.0947624028036,57.8735597589041,44.1796135409326,65.1112203902874,41.1297483049329,44.1706906314426,57.384182954757,74.2167022060555
70.6730051602835,68.2951993953662,54.9660727212739,74.8850096411719,45.9708215985052,48.7296800188176,61.3174909600995,85.8815384959898
67.9818405513683,59.4256000543872,49.7577358627253,72.9452653876937,40.284484463778,47.977530907157,57.444696105653,83.3833958213969
67.8472733460496,61.2856323584114,50.3319857372229,67.3511622909231,41.457104854956,47.9745075905574,57.2355294150989,77.1884620737695
70.0263348499434,68.9355976887647,54.8545389821315,66.2189832000127,42.6455323413045,49.7304905258047,59.6295678289593,75.2929311718041
60.6799927759391,71.925580036881,59.0728491363535,63.59513470813,43.6291839778196,43.5807664357751,53.8316915183454,71.2255527227553
64.9797536914956,79.313399624946,64.0456714585148,67.1004047698556,46.8296333229047,46.3157642491629,56.5738326409794,76.7333222655182
69.1180881043585,67.0928282763488,54.3932693908501,68.7189782774054,42.3673166494337,48.3251348405316,59.8935623200561,77.3593280609537
70.7185461360503,70.1473504490576,56.7935387745158,69.3519817812165,43.8622694187704,48.1738803706073,60.6560813990343,78.5378177900131
67.9624601707741,48.9851524710314,42.1115886857611,70.3691628930879,38.3092118518296,46.2300106366938,59.6078374079293,79.8737851894377
67.9467926294929,69.9550356529207,55.9924332140045,72.0761362938241,44.0259175395715,47.9201149863822,58.951446518553,81.7266278537706
70.3468230560222,78.7483128543439,63.5284283901377,69.0547853692435,47.0736274775375,48.4321998316052,60.7157367800461,78.7549100738654
67.9718184385667,71.2259942516552,58.8507429844705,61.9224416081727,40.5794310210934,43.8018079993636,57.5258721280506,70.85764835085
63.3576038331022,66.9672401806805,55.595289806744,64.6112709999234,41.1597140962782,44.3773101277064,54.2032877499435,72.2994145527873
64.634087742027,66.3080296825008,54.3799051925791,71.3305245062603,45.6836291103958,47.4005585521026,57.5170308727105,82.5192480312423
66.4456517749449,63.829753024192,50.7642461485387,63.9550835661869,42.839214434969,46.1437784508653,56.5040635586912,72.4674465578007
68.6905736888408,70.0085145849951,56.0398718098358,70.061252745314,44.2767959393143,48.3317154739867,59.0503066634605,81.7861876584253
64.6742156646618,70.7245375783723,58.5996205468389,66.4864744112662,42.4453968334788,44.6866479220391,55.0403560451437,75.8298230836308
67.2514394469308,77.212663162717,63.2816200211151,74.6289647172665,48.6356306834284,49.2075011436522,57.701880722828,82.8215015910065
73.2813438928122,54.3496800403092,44.8031623436978,66.8567695674195,38.186928907697,47.7944543651077,60.8878158003323,76.4901569813808
61.0565864448751,67.7967712610715,55.5374992507047,67.637164094767,43.9977426742571,43.0399878126641,50.7898642688875,76.2348961423669
68.2795689191253,63.5163518959416,51.2853037592241,65.4249900051691,41.8855215729311,46.3499148649439,57.8812029391583,74.3583487041054
64.0059017395477,66.0995440685355,54.3205981142358,60.3579750920879,41.1167284408841,43.7315533131008,55.4166573008882,70.311030736122
63.3387788977446,65.6712275285893,51.6015862624901,67.5772451031455,43.9375821269288,45.2081095376908,54.6798537561623,75.9135410225126
63.0179698748657,63.1316903485269,51.783743863329,69.3547732444654,40.069634109199,43.7928264074913,52.6974525535435,77.6822361471409
65.9799088643276,70.2295604179071,54.000589068558,76.2062863249053,45.9985616708739,49.0713327210801,54.6265411216711,85.8474676175943
68.0684192360713,63.691356465245,50.4599612695959,63.3047456199141,38.5289987801689,45.672663540558,57.3819220977814,69.8881276022732
63.6601398042618,58.6894346867898,48.1708026809018,63.2811255612292,38.8226930148311,43.5672469475254,52.929639652953,74.1588225275195
72.4983976455222,74.5554546127739,62.0616192224801,51.5441755973548,42.0105447599756,45.6497619041458,61.9365770254959,61.2110077828898
64.9853041936509,66.4383430016915,54.7725386410603,73.2133783630994,44.3208415744608,46.1588865833623,55.5156470190068,82.7807147598066
58.6851319846378,65.9297057030603,55.143954224261,69.1275285267241,43.3749704701004,44.171463609454,51.5020281463339,77.4422141573848
66.7924665695652,67.572288216002,54.8583940511836,68.9504171667632,43.9214800292309,48.1847311269925,56.6953113885177,77.6385458846693
75.192955388941,59.8325066638316,48.8975125929084,75.7161976617034,41.8892454643827,50.4513233276655,62.929394722785,85.4009317457695
71.1550729820621,72.4710504193202,57.2897304148193,72.4000638991482,43.7367122492788,49.6432000718872,60.516419676465,82.1292513514733
69.2660731252491,69.4764779083509,56.4811283340812,71.720740622106,45.1946821415842,48.9783659323445,59.7600032094989,80.7230183404177
69.4838192360523,61.0354208232254,49.3566063863661,65.1931964927078,40.7549065184528,46.6323454018964,58.0926163960051,75.4258494782845
69.0270425905333,69.1948171857539,56.3481494359201,75.2429682024369,46.7022080746773,48.3616400972339,57.0412858975688,81.8269592707114
66.577904234666,66.46628066148,55.7577798643009,64.6881321275262,43.5622186547246,45.1237982437117,53.2880346936555,72.3062386058316
62.687913392022,72.3191663677403,57.7887465197107,68.108340008366,46.1224815203066,45.389491217569,52.4739039395917,75.6461644571153
59.9968441277893,67.1577865482095,53.6696851272012,75.9002296813496,45.4018476229367,44.716856870158,53.0817357355999,82.8449733902908
63.5117853791586,70.2599341168126,57.0693062295512,74.521197719538,46.4684919126602,47.175115980643,55.081864968016,82.7342230660085
60.8702412402068,77.9972619917791,63.2154723492287,54.0003861543931,42.7188211756615,39.5951624427073,53.7078293211231,60.2625129575206
65.2664688146355,78.6674065457615,65.2953601670298,66.9137379600433,46.5115345187769,44.91248968476,53.7704940532236,73.8147976828027
69.0509662577066,60.4620097536159,49.7430327515017,71.4011367465616,41.6458694138972,46.9328686848239,59.630809038283,80.1435823877334
65.1510297092421,67.9964439803109,55.1936927167006,63.049620559855,41.7126291922968,47.8444822706549,53.7636077896917,75.7451110051787
63.4289090335761,58.4934295886469,48.6711555148182,68.591127204725,41.1867859194184,45.2493952734814,54.7980362285246,77.3552223245697
63.6716660723222,70.8147307080111,59.4441680847656,71.44264792241,45.5206764288214,46.8099848699226,56.0221411200922,79.4462814401502
62.3340846836356,68.8853937773646,55.7036326207042,68.6378610280172,45.4975159162898,44.9047947627244,51.8180739417247,80.1906034533681
68.8347388395945,64.5229376591327,53.2398375954303,67.4582369669259,42.3530022947338,47.4568226140476,58.159616458913,77.0302785513187
62.0296703278718,61.2254342323982,50.6060282545013,63.0061927519557,40.7216321405115,45.151586714027,53.403928518322,70.9669072767337
63.7070189283652,82.768042868594,69.1071382477383,70.7736929152475,49.1086214480363,46.2692597522723,55.9804564449918,79.1532698177895
67.5308641386906,67.8200595676847,54.4549593309248,62.9984383774529,40.9294985933295,45.1182706729494,59.8783043047971,72.2515970355772
69.8970480942262,69.7197929422331,56.5724073003848,64.0383756796109,43.0723982546448,45.3479624669192,58.7998216349381,72.5508619204858
72.8845352677725,62.1098474627636,51.0234585303732,72.2488977108362,44.2847846491804,48.538367838166,61.9482299325547,80.6793026344466
59.9521653721276,78.3754755783201,64.474704467214,69.3245762142712,48.8005906306814,44.8375375811924,53.2606244685266,80.9228957606351
68.1864331334573,76.6941230980026,60.6293340344856,66.742988528602,47.2295371683594,47.2789206500467,58.8046490925788,75.9122496567143
65.9050865523951,69.1579096747833,56.2180574296483,70.2909541484052,45.9280724024822,46.5136261518945,56.7409595393366,80.3084296763877
66.8074740210404,69.4783083735341,56.1880396303506,67.6109313525946,43.3820918926089,46.2042966459249,54.6981785153167,77.3184315645576
70.8501997774015,74.3287275397057,59.0004505472438,66.2026532551403,44.312157891739,47.9828213627876,60.3187793954861,73.7903822732688
64.0676374497164,64.497769341076,53.6294165619234,72.730994941323,44.1247994249516,46.4342958162109,55.7817184302719,82.0824359799569
69.5676391930122,68.0779998459317,54.1667809247342,58.4469584856271,40.0978937151524,44.6001670402572,57.7284103451095,64.7959653612269
64.9661530982795,55.9217610827002,45.6206396969795,59.2517595697523,36.6916887549477,42.2288399039575,56.1709009358801,69.1202865427742
65.115090682734,71.4490943275111,58.3521965479871,65.1357445980864,44.5378218192461,46.2225156221758,54.1689689131168,74.9006147689206
71.2291754045001,85.3365217137637,68.7544482895134,63.6835614510419,48.1644817309624,46.3491414887395,60.3437411386838,74.0611111157485
64.9785599718162,71.0343766505231,56.0916542281483,69.4556439461645,44.2366609497331,45.3952411593967,56.8553660589954,77.7501661025447
66.3252747686542,60.1017219089875,49.029164361615,65.7069945110861,40.2488614692888,45.2849606016397,58.7480377108139,74.2268632060697
67.5287349258473,73.1609573045165,60.0768770172054,75.5020676942103,48.0832267033377,49.8460633542022,59.2329643589785,84.6826689235725
69.1825731688019,74.0206900094744,58.2632357334506,63.0384705315525,43.1016133680272,45.5300985867675,59.9918131726147,69.134561357423
62.8539176651209,70.3824994127267,55.2652326639247,68.1136631528562,45.4333397301993,44.9390196662358,52.979080327832,76.3322099078182
70.594231596167,69.3752943806767,55.2891367317523,73.2596583959327,46.4542355094816,49.5611410266869,58.8397893758755,83.3994263557879
63.9540220120836,74.0389907574461,58.7647274554664,66.3393718487235,45.0970836317088,44.9226192012004,55.7346977404365,74.3482135472952
65.3610292525739,66.4655909425835,52.7997549501881,58.6497278347493,39.5731799769732,43.1936011385313,54.4198641286039,66.7304993015974
59.3763861871134,58.92991139061,46.8626356612922,73.8217579368562,42.9624426808653,45.2074929867335,53.9971734398396,85.4443548554248
65.5968125283758,71.6528064375381,57.9130275230363,67.8115883804208,44.0794614928078,45.6840728644614,54.5235265938804,78.2139735940348
68.7349955043435,68.4573160739238,54.7592319432414,65.5654831076092,44.2204990113807,45.8416106624235,57.4417547470702,77.3867177111556
66.8835125302568,74.9933050124685,60.752828159117,62.4603788346819,45.6028474482451,45.3672534059393,55.2086002152334,72.6354311427427
69.69872109049,59.1522849156016,50.8541659394298,64.0581178022128,40.6691076030603,46.195880160836,59.1431300859108,73.5794011558139
68.9468710619452,58.2012894470068,46.6456372343316,72.57853639547,40.0840817129823,48.931818634061,57.7562729237521,83.3296692370387
66.1089653071527,57.8329781412456,47.2847365944469,64.8295577242113,39.2691230691684,45.9215909586737,57.2435026453601,72.890662534843
71.4773967992272,74.0906076302595,59.4706093988953,70.9883236832133,45.9634000455728,50.6454485449254,60.9398787712574,81.7377788246197
62.3142271765851,75.0439104788214,62.0107182311028,66.197405878786,45.7927911052935,43.3021265082716,54.1733533657328,74.4199536884993
68.9769458391873,63.9117368167426,52.7320859271232,71.9450004805678,44.0252330065017,48.8092753016169,56.5988176846247,84.2275626433404
70.3066495531544,66.8584561558136,55.1803034512778,66.4786281476952,42.8352316957301,46.4395681641444,58.3262183571577,74.7073373472301
65.4230039173346,59.2644731053498,46.0312069115171,72.7047795369858,41.6879391546732,47.1050855600663,54.2410635563607,82.4807130227154
66.9848446208514,72.2620954821844,61.4898230761045,65.1704343620621,44.7711109202364,46.6022248090397,58.3126060172526,71.748873882262
65.4797563279932,55.8979539151672,46.9549691262081,69.8060352514584,41.405913423002,47.3749758888166,55.9480133622802,81.623599554322
64.2212331473977,67.2900384898486,56.0648550077757,69.377782281337,45.2807834808368,48.0942237631536,55.7022232811858,79.9593807397177
66.4403935809799,71.9757160392951,60.8105640515079,78.2605850152848,48.0737564028934,49.2022931221323,55.7430899690226,88.6157384771075
67.3907626262272,68.1649215819856,55.6978479951794,69.9773640324072,45.5875856609823,47.5655194772688,57.3899038431558,80.1847994965948
63.4068712024061,69.9806328126567,58.1114289356809,58.4872601913456,41.8231518772134,43.7184010680892,55.2205978232167,67.9465561120319
70.4993999342293,65.0266037048485,50.023874829291,67.0513596130402,40.5607445551148,47.1943104027768,59.5359386209501,75.6557001275873
64.8160590103945,64.5141151139951,52.0134745370502,65.4038480435433,43.3693580298352,44.2896507340326,56.5636231341545,75.649643796698
64.3698574197933,68.2507609840821,55.49507290295,66.1745862985722,43.9136213779713,45.2010104862823,55.4516826321359,75.7693498780842
67.7340528486438,70.3939258618178,54.5424987907203,67.270038189191,44.8838465211004,44.518439406445,58.5412299497669,74.6726478572278
71.5359773038189,65.2592288335729,54.2128967740125,72.7135119287756,44.2303411938966,51.4462083259963,61.1577543856636,81.3542220208953
63.0261573432399,78.6455552091419,64.8893337288608,66.576407031707,45.3568005264272,44.0852503901623,52.7023008292788,74.7204960194611
68.0436375500868,66.2004259555689,53.9321020778935,68.7415685863786,42.5786376979594,46.55310542764,57.7252267227537,73.4152220607414
68.1744737264707,78.2068723419139,64.1659734707706,74.0999712639462,49.2997707477757,47.561727358172,56.7951974277222,82.6151687297432
67.5225438448646,61.6115491012729,49.6925309264585,66.0255676081681,41.2205447775773,48.0719145721198,56.8949170363708,74.979318148605
73.9296409880758,74.1334257074416,60.3127410829986,64.1695868779714,44.2735779796401,47.9735080048465,64.1343430056532,71.7578756862847
68.7998901869932,70.8722727424722,55.3668466582899,67.2510586159133,45.1361714529279,46.581000878548,61.5290475487058,77.2011372931049
65.6442443957866,59.0492354496707,47.1636863764837,66.7927282733255,42.5473326659271,46.7125043763794,55.361589369498,78.5299968534068
65.6138673185514,76.492516370305,63.5293939933677,73.9743488058351,48.7057555213196,47.5415955261138,55.1298177653798,82.5174465807961
69.5405711343841,59.9695338722116,49.6188033930038,59.1183888187755,38.0842775102062,46.013144088893,60.2166663096413,67.4465922677348
68.9054430539407,62.4182192360657,49.800743626842,67.9936042729915,39.6878314788749,46.8940145313035,60.164599100475,77.269491078553
69.338973213252,63.4631514338068,52.581025726677,73.0397221895021,44.9305049246257,48.7742858743333,58.6977215725539,81.0199623544067
63.5149294995959,60.9795989450712,48.2937303021272,66.6481657408692,40.5576760568465,44.2999675880181,54.7050326861507,73.5538758579603
70.2182819337281,66.5017308389442,53.9353123900801,72.4664011772048,44.036138482531,48.3600726447764,59.2966919623143,79.9771526531534
65.6242440221028,65.1522274570177,50.8381484918722,64.6790550680612,42.4854623173568,45.5954292007792,56.2838656722578,74.4771057959252
70.859242184,67.7207679583881,53.8494262581415,71.2042675469095,43.9559226431519,47.3076287559186,60.7368930008989,81.2929293602561
65.7281525450991,66.8979411152459,52.2738845091853,63.2399949029058,42.268945055831,44.486245956426,55.1574436928603,69.5971289191173
66.1592844447415,54.0619947682452,42.3541860076781,76.4896888435839,39.380404154132,46.4662522864215,57.8376646603129,86.3262533408385
62.8217815917952,65.411555218226,52.9716427324111,70.1685846867952,41.6453197851251,44.3952766797349,55.0395424071787,76.1346958402032
62.7913784682618,67.1269500423465,54.0032175889675,70.5412568040881,43.6136899288509,45.993115995908,53.3598409417786,77.9503761143332
67.6659472962816,64.2415432553437,52.0258867281654,60.5991135146743,39.8171358166072,46.4275929885109,58.3991726143953,70.1053408604836
66.2793982977045,59.2009788768771,46.8651711465962,66.9023671707735,38.8151130502917,44.9963578433716,56.4178408211125,76.2851590372118
64.0033710269757,63.9531246596104,52.0096398056271,73.8387425896762,44.9493949535634,48.1428043533397,56.4133852717955,83.3247033085219
69.749429117094,78.1307423513224,64.2056779687715,69.8395294608861,48.48816663253,49.0101861606558,61.0175134230997,78.1796806498323
67.5967516341338,66.5948820121893,53.8221526240658,65.9483855506774,42.0241507373007,45.0842441583406,56.8046488242659,73.7437301697051
69.6404387625578,62.2712824809457,51.8627927876841,68.5060509403683,43.535216400718,45.924730060955,60.3367660838474,77.6253301547561
63.0297087876627,65.9881674883978,53.3379173991281,70.5625384886222,43.6989691676177,44.2134561681562,53.6333036947452,80.8483953940248
65.7057189034006,50.3636942294064,41.297892175548,67.3002153756308,37.8330288572748,46.0538196815074,56.4798211713503,71.5330182582456
60.5554140887809,57.7859216068113,48.8453526941555,65.2786468941734,39.5122622358112,42.467017841123,54.0833962600138,72.4554153884928
69.0816078114909,71.7386678393921,58.4475405192724,76.140595341856,47.6734675270391,46.6560492268164,62.09669943408,83.1688067440171
64.0973249032905,71.7098459424367,56.1681555972347,58.2062348868915,40.5359450864057,43.3502280177029,54.6390534715935,66.9623378358972
68.9603396035718,65.4614348437416,50.3779931385911,65.0046452160499,41.0996368203111,48.0855426470232,61.2922756677249,72.8937936647467
63.7640786287019,67.8740407823385,55.2761060386832,66.9260305519936,45.0770617414107,45.9104163514996,54.1047995074058,75.1196067319939
65.8769155756948,82.7123590518787,65.2007397516878,64.3885408077747,46.7055196123769,47.5861830541924,55.7841321248656,74.0051773527958
59.8253742123756,54.766405807993,42.2767617366558,66.2032063643565,40.4877934122929,42.2812865281555,52.1204047908183,74.7984922038408
65.0694871057111,73.581128489607,60.3305328613625,73.1148384351298,48.4089982601918,48.7502844706755,55.6261206681229,82.3285789227742
65.9527403398451,69.9993102520799,59.1301879378859,60.611859899007,44.8940442974762,45.1656921267635,57.0275414995707,69.7662878723242
60.9586231031287,70.839269137443,57.0275444006499,71.0592184121646,45.3415743467778,46.534267649775,52.2173888238705,81.4043618885236
65.9045425243747,73.9727101837402,58.8076752896706,78.1027389749585,48.8856933288505,47.9811555445264,56.1122693042841,90.8178082730662
64.6226502384588,67.4742918444535,53.839950887818,69.7539498347887,44.6456342331248,46.0525589972926,56.5111374305977,79.7812391766228
62.2047669192934,73.2585812399593,59.6384603610334,64.5463362811411,45.2465994890225,43.0286384943405,51.1031437689287,74.3266515692888
69.2644862752086,72.2143082529068,55.7103571431521,62.8862399210676,43.0504148046442,46.3917042455639,60.0920729850906,69.6589576644483
63.1381505829974,74.0489797415041,59.7477251370453,70.6727020450043,46.9033850174113,47.9801249076122,55.666262648455,79.8920606278137
66.7750023639253,60.1476074037984,49.6116930229315,69.8908398390778,42.8528924645969,45.7641689921442,57.2120384844701,79.8379943350202
69.1976293567452,71.7938023155681,57.8310436909577,70.6502254388427,44.9665817859959,47.3670690532388,58.5583119949492,80.1358153443553
64.1232607974138,76.8635932882625,61.4871992861667,66.4714031645975,46.9632072699509,46.4651748243789,54.2302554031409,77.1531953914645
67.931256204592,69.5638329984186,55.4723766945704,65.6531733911101,43.8044751906858,47.1704213275929,58.52791149417,75.9401522977962
65.7681961401975,60.2184400081849,50.4060156927047,65.738387871364,40.4288329394111,46.3515240715203,55.9785397042858,74.87094182843
71.1931323290542,73.6510948032302,61.9190267547219,68.3239864054941,46.9165120991934,47.3932893041273,59.2680070060887,75.6272495800869
64.8163080631688,55.9003457548827,45.4717667618803,70.1323761043069,42.3503185082343,47.1204045817718,55.2028992854333,82.1219172894877
62.1104185791708,60.5464011897394,48.1730958712806,68.3964917432097,39.8255119545183,44.6403077846458,53.8462849689721,77.4700157496459
67.3197782266144,63.6859814105029,50.9357047242664,67.8557117578871,43.5750679387056,47.1493035404646,55.9306144316798,78.8853972552559
66.4297261417335,66.2865669839577,52.9082702980066,61.2542402917873,41.5676468272703,45.3628123043749,56.5204366759917,69.3174655433533
65.1061323469677,79.2055358727846,64.0374802765236,63.3059266760794,46.1596300982416,44.1852563922511,54.7507815166281,71.5691657525523
67.3375967492723,53.5701498618861,42.1400505968008,69.2620424966345,37.0514835369236,47.7768448794088,56.7692186768285,77.9997471479257
66.6781535604895,68.9552297322175,57.4085304703651,69.7142827816229,43.1136255933808,49.143257944034,58.4391119898721,79.5873635062849
65.8905834888487,67.5123996092879,54.4472992334402,67.1997490547118,42.4881805679585,45.879429744297,57.4652342240312,74.1309607108873
69.1141977135363,72.8105572491534,58.0248840882974,64.9637565973808,46.9510749803946,47.1817226606922,57.7492075216713,73.7235292764476
67.0544709953662,69.3997739970866,54.7175474165719,66.103798697083,43.8933017323467,45.9658283672582,58.2599899642389,75.8440993384699
69.2773931990443,57.9471514794772,47.4660349851558,57.8503466043234,35.2083774757689,44.680078592291,59.6204071189824,66.0697805398125
68.5430581015528,64.3090158920277,52.6514031963287,71.85148349639,45.8192201038717,49.9591227050859,58.1508017995963,80.6748261796887
71.208346971737,65.5904122711443,53.3738625547454,70.6254469754404,44.1014796058576,49.1244911752598,60.0456552314169,81.2184798843411
66.3558313315759,80.5070434809532,63.6020970733296,70.6559966404569,48.134540546204,48.2007916271446,56.0539228577728,78.8229285203523
65.4902275785276,74.6209974707296,60.5900752356563,69.7335353110172,46.4298944775447,46.0465933141428,56.9069487019439,78.0352927001563
63.4171056406717,79.560439286327,65.2873300804061,65.1738371892419,47.2472546712259,44.1883493026941,53.7744592792674,75.2932813447155
64.7610012781385,73.8336247388848,59.5321424908721,66.1156524993824,44.0825311256293,45.2639129974347,55.9837125245317,74.2922549699721
64.6384730294544,64.0255121730638,52.9512852503288,68.4848132954869,41.5520201323127,44.8690120829231,56.1107914014577,77.0182419828252
67.2025431955178,75.5492866849794,60.5091307891149,70.7150481950047,46.0235441341901,45.3555573433947,56.801449278662,80.5538201978916
63.3561361960382,75.6026089705518,61.8031159037543,60.8290303686306,44.6397070880196,46.3478333229996,58.5304411975535,69.2463791480605
66.6999108897806,68.6070737410828,59.0591597749079,76.3539041652892,44.7546073650151,48.9652920810214,54.1646987746047,86.2901444052861
64.8500247532154,76.8616804876121,62.9114702014548,69.0919712794035,46.8869077332983,47.5408515722981,54.1360146225355,77.4092167623807
67.5936217905866,69.9402127088165,54.0609984350055,68.096848143736,45.1646373067932,45.4776260807393,57.4787611361439,78.2383748931448
65.3434191201831,78.3554135528512,61.8838526810961,66.3690801356867,45.7507093495826,45.6469512265147,54.7729192941108,74.6971901708254
61.7260408899287,67.6616272167891,55.6060617088083,56.9033496036474,38.9219158224744,41.2764887956167,54.2467582360711,67.2572545415231
62.9786850378421,68.3012379036192,53.2543529371408,66.6811463846167,41.9368180592231,44.3479289668932,53.244006514879,73.9226922955898
69.2757018057694,71.477912295231,58.3170427014114,76.8190347559461,47.0279363421063,49.6335334159524,60.2433497430203,85.7261961445394
63.2883393576553,70.6133434121125,56.449039376304,75.1776910143007,45.7336375733133,49.1243828224121,55.8504955593179,81.9138124819508
63.2569853572224,57.9783080914932,45.5487947964998,74.0366295844867,42.4562092676464,48.0876920368415,55.5814017300169,84.0349683941971
64.5546922924257,60.7259575367528,50.9310622267129,74.6892910389185,43.1040184471243,46.276282684489,54.644485899447,84.4145192712558
63.2534652287235,60.7015351969978,48.0626033023742,66.4462133609828,42.6016372440899,46.5135749392458,56.3269222240145,75.4516580619275
67.2520126100988,69.978358871988,57.8353522747757,69.4139502109805,45.3494987845793,46.5924024785888,57.4740484056326,78.6841162270147
66.3043373353755,62.2912186619731,50.6031052661222,67.2888618031848,40.8684095520295,45.5217652783898,57.0664927448225,73.391926530105
63.3686212278529,67.5123348602264,54.8853821101841,68.3962066037978,42.5022613905049,47.1245547374091,54.822818429413,79.3425458607
64.4344577811488,74.5903796271534,58.931516565865,71.7107697554366,45.8198085680246,46.1788186437847,54.2896522915503,81.1128934752267
69.1919018636584,54.5391143701466,43.1367675217057,70.4653024150608,40.7359596722759,49.0896593945785,59.3174285867681,83.2077005545113
65.3199037829857,66.8446455179292,53.0319606661181,66.3079946807303,43.062446860295,43.9439242922761,58.1082387687396,75.0502664167418
61.8333610361477,74.5039614185162,59.728000229523,62.1436967633963,42.8738286449155,42.5183489541667,53.4966105334285,70.3404468731468
68.2978668027434,61.1226841639222,49.6751628848868,70.3386924719159,41.9872044979004,48.7263818561202,59.53582791596,81.8459890218612
63.1254796408568,70.7193700890739,59.164365869119,73.4964698769883,46.1959519332678,47.3958874571076,52.6234175113845,82.8982940477965
65.6321569082163,73.1671394922316,61.6663229805564,77.7846725845538,49.8270011338664,50.531824972167,57.6834981473903,88.6986463270153
65.032290362995,64.4081522658085,52.5851847262868,64.0966477103191,41.5985113312851,44.2376761660017,56.7251902006776,72.1991783991224
65.4131016244493,66.7828328287853,53.1589832098892,68.8991959233638,43.6263081396297,45.4147414007764,53.1595318065411,77.2216419196597
69.0572348292225,72.1047173121854,55.3351822378413,73.0001159155152,45.8602587381769,46.6520062826797,57.9300768859597,82.4883459751022
61.7234029736127,60.234175758317,48.8716719833237,66.3364772354116,43.8765299540831,42.7714538574893,52.2294091693876,75.0814508423439
70.1231075029701,76.2013244504702,60.7262702776692,74.8982357534811,48.9195010566374,51.0283358379174,59.8293968598563,85.2110506151893
66.2300469726063,76.8436191463424,60.6420645414806,59.503023317219,45.6126800106193,42.6660358689552,58.2136463235437,68.5741325410723
71.2280269133758,73.5753779642729,61.2394552028335,65.376074048026,45.9053431420709,48.3014865502456,60.8563542696538,73.89812674781
67.7398913347723,72.2888134530542,58.5200377759649,67.1814607660609,45.7541668445142,46.6413666182303,58.8410919946665,75.1390157551519
61.5046199763313,63.6238615005782,51.6074837051948,67.7715254738016,42.1419527715838,43.8298752919057,52.1161200224783,76.9120142065109
67.4889468759111,86.2164287303814,71.1779753342493,72.390766881582,52.0010696198942,49.5728974872656,59.2410289025194,80.0749352923079
68.7975063534181,76.492016230014,63.44086075296,69.7145863936169,48.6500392188528,47.9685067523648,57.2584691212565,77.8030665472397
71.2857043478699,69.604496016666,54.400817202562,71.754664342555,44.710151156509,48.6662498854987,59.6765329002999,83.4107970501789
71.4352881779525,62.2395216913499,50.2910431850638,65.3623387255523,40.1659026670635,48.1991259663333,61.4290017842959,73.7250284221446
68.545732415731,70.6812153613421,59.0762499224113,57.4345457837013,40.8114271584726,45.2559685638975,58.7685695676903,64.1486889840828
67.3952189624253,65.8178063162451,52.504359638552,71.0473455961298,43.5706645701821,47.9810578118719,58.7664636729085,77.4026324292941
64.845621302629,66.6760973142989,53.059041993755,65.0885818318637,42.2061009782482,45.5970991020633,54.9462117602196,72.1430865350449
70.3888576755457,67.5490455218424,54.8620372072025,58.0016307428726,41.0941164293872,45.0493256131829,61.6427900929282,67.8175671141864
60.8838917967634,66.3772172243375,52.1011152741477,62.1893186408068,43.080160094245,42.0963830575973,52.5605231095988,71.8921567932599
60.859122243035,69.9909126949293,56.9122017523963,70.7431071352263,45.6491087749402,45.6101852786753,51.5691523324196,79.0499151860631
64.6409570494397,73.225113852072,58.9279697192543,76.4645398010523,46.6107205363268,46.6414114849507,55.5738814661777,83.8231937834239
69.2492088644623,64.2307247484942,51.9859827876891,69.9214723412931,42.7519945106926,48.2940413375252,58.4814391356745,78.0475027909001
65.2796609907923,75.8892113054753,61.1010130929791,76.2954039799929,49.4200455764617,47.8822751632027,56.1619026356106,85.2561599312398
65.5244789243428,69.1016832709199,56.8294786255923,71.4707782709035,44.1459888455631,44.8139198054593,56.3285393221398,77.2546997691527
66.6279529879078,78.9413941643805,62.2453328244589,71.6101089520128,49.0737314000377,48.2151418674956,57.410255472871,80.5775405871601
63.2492159878523,56.7717325578561,43.0090296391913,67.0016954470538,40.1782961540285,47.6568926501149,56.5112759084807,80.5759827307755
60.8152166079833,75.2985292731791,61.884728449587,69.7698890392548,47.9863923847233,46.0634954929537,53.4637214099152,81.8045089667044
69.6173799599054,67.2644374357074,54.4028856200701,65.3766688546481,43.5811176918392,48.5513504458774,61.3042983658523,76.4459500194424
65.2095814339358,67.52977592195,55.2508804256215,70.7708070600233,46.6731473759078,49.2599762429751,55.8361737595327,81.8602291583607
68.5058916716963,69.5031622071548,53.3982660556164,74.7518748426781,46.1300457628067,48.7071678910706,57.847155238123,80.7591334746138
69.0774986166083,69.3564025741799,58.9902834326308,67.5234326651045,44.9125149878296,47.2473604234985,55.7480685333347,76.686251282281
63.6636732562292,57.7068844625472,47.3532271689999,64.5814183334104,38.9781873682949,44.3235450221381,54.4930853985555,71.6772737026432
66.3743936402557,69.3442463522085,55.3170399163721,65.9382371135841,42.4857465475614,46.322476156241,58.1650430097146,74.6605044911582
68.0961850723795,68.5742084401965,56.0664599284326,65.7985937577012,44.6265188053367,47.1803740168114,58.143539229989,75.1868521991631
61.9186861944365,72.8618968317839,59.1421219980234,62.6092603009159,44.5691859463759,44.012496401276,52.7290154986679,72.2437719148984
62.6965781068994,64.7733435261342,52.1826223311975,66.8672815144384,43.5923162200408,44.5767319830896,54.9735076856273,74.7902818104455
69.0480811328315,66.9345146770599,53.8278808475883,75.0311563895849,44.8401021314681,49.3606557965217,60.867306579878,82.6002660800554
64.6228583304368,68.7350380015664,52.8515315364271,58.0451202524812,43.3866457873427,41.1981937210995,55.1062483337967,65.2114502443433
66.0085213836294,67.9569347833762,56.6733628051261,61.3043247643194,39.9664816042205,44.1776191610165,56.0980813970537,70.4231007664644
63.0590961472495,58.3081916280557,49.3572086455925,71.0510601762837,43.0705288494962,45.5940482908494,54.0591880872671,80.3967261422813
68.3662048079905,56.6566866511169,47.346593870128,62.1487902648473,38.5161778308123,47.6511897954492,57.0546766373484,70.6376432981869
67.2820406922452,63.9491234246564,51.0554275629002,63.390349711704,42.4112693221207,46.2923176848116,57.8392585309303,72.7888901000894
65.8355970484902,57.0670243185367,45.9182350950804,70.1748655368923,41.272701017433,47.1076139479276,56.1919604011677,79.5216975426444
71.8954259073069,78.4125092375282,61.971672540543,72.6199884299332,49.0017407167514,50.2014355494461,62.4599324849126,80.8532953799256
63.4239274511199,79.5376048685786,63.1584069800508,71.4601968932062,48.5983072599939,45.6195001100594,56.4374879745619,79.1283352767651
67.7170731933234,51.1922484245473,40.3480018865677,65.8094243147127,36.5637332394725,46.4586001885399,56.1661218771632,75.4618983180807
67.856535063396,68.5943863862117,55.670808201587,66.1696696956495,44.2495523340047,45.3687376025426,58.6242326665406,71.9068780041789
67.3672305759318,76.8233996184808,63.5644287578167,67.1949101514143,46.7395220978461,44.8938897504606,59.4447548973758,76.8985893085197
69.0133818608196,58.9421808012318,47.1608071539043,61.1197143727541,38.3258853673486,46.9047993201864,59.0796672606155,72.8221861290564
70.625173727547,65.9981193356122,54.6676144108539,68.5008109148915,44.866277640159,48.5220544788807,59.940795510763,77.0871025705331
65.4590715504069,66.3174415373246,52.8581189600679,66.6979288950206,42.2538035680445,45.7440294844138,57.0380484999072,77.1333218229581
67.0521826578294,70.2670410830868,55.4597081578276,68.0663295430411,44.8294732152034,47.0417828631562,58.7025439864124,78.5675498890127
64.4310976912722,69.0256716546837,55.9847126161375,70.1662747274816,45.3049973748664,45.0588488718758,54.4778412402639,78.524301252584
68.1889622200655,71.1527938149416,60.6326508987916,65.5465976336221,44.378188304264,47.1752755215109,58.5384018044804,74.109415397235
65.174643782231,79.3816813911221,66.2184185531672,62.7311106424174,48.5252854168851,46.4196250935383,57.2196415153797,69.5782933878675
71.1898443975415,75.3801476925144,62.117269198038,68.5442343121185,47.2162103038508,45.2660237788252,59.3235699905183,77.3557778629011
67.0880694230763,63.4697695567476,53.0155713227457,72.3017568856814,42.0933607432332,45.8865595003789,58.6738753871903,79.8130957825297
64.9538938151491,70.9147703460099,59.1047065498019,70.5670321327603,46.1344017735107,45.9462045415871,56.7350781325289,79.8957031125109
65.6066820287168,77.4691283487369,60.7235246847592,72.5315171934336,49.4734889005858,47.5178252932043,58.5090264171706,81.9882533454258
61.357583792022,74.288604533522,58.89657413407,71.041616939965,45.5178080006711,44.499314001902,52.6749755647052,77.9578718704048
63.9039580250311,67.0629106543807,54.9987885498607,67.4903959806718,41.5107600707481,44.8289107559409,56.7495344869855,77.8937068640711
72.183410552707,55.1321968423294,45.9967401147493,67.911472966616,38.8028265775348,48.4943314726289,60.7151347546875,76.7981394456172
68.3762761692056,80.0974507082177,65.9939815782414,67.124671870412,46.8718468769282,46.0966533033926,57.8705744482221,73.8750187978725
68.0698712351941,71.5250059200591,58.7120167269414,61.8044359070542,41.8787022622228,45.6153689047459,56.3723508700611,71.1185437534201
65.5857437463061,78.085680626416,64.201294994198,61.1686415917881,44.9185878750119,45.7277147199591,56.4191890965885,69.4401245900208
67.8666511993696,75.6832229848219,62.2167024598623,67.3096722443953,45.7591387247369,44.9056441442827,57.2708782286741,76.9590539071294
68.1750658785055,70.1087737488317,57.8015267729345,64.4217343363389,42.5963473288252,46.8788509276099,56.2227276052848,72.0897861256172
68.9736966315922,76.1899099236328,61.2425761687102,70.33145532936,46.8529499895544,48.0809347894711,58.6398531717317,78.9082526068574
62.6260643488676,72.76141005977,60.1609121033081,69.6466859292292,45.7663634333344,46.7295135204404,55.4465859693708,79.3547988445724
65.7618060842377,72.9037508223605,60.0893988025145,77.2292013891249,49.7440975392627,48.4583944033876,57.2987669032437,89.5088742077643
65.4742605802512,73.7404183287964,60.8171914983158,71.1355187699944,46.8670872489379,45.5587883391932,52.7264589153371,78.2166260915945
64.8192017887181,76.2512625157669,63.9285742004061,68.9219386536177,46.8252787388862,47.2089936875556,56.3257644687225,75.746151492033
67.71767536894,60.2396871316488,49.4681666375909,67.1909007313676,40.9874192963928,46.2096674085465,57.8672021242087,75.2816747633703
61.0099182359337,54.9094894135041,46.210051993598,63.5655263726538,37.7115931583052,43.4461627673783,54.3235312971394,72.611742007072
68.7476595172012,66.6019916337555,51.9231385713886,67.7844917870667,44.6705807060058,48.0408297693041,58.1544833698776,76.0118630521239
68.4487919473365,69.3448413952951,57.6120872478423,67.8320808041634,45.5142934483583,46.6160988712761,60.6352537594496,77.583670125385
67.5157682512988,63.4462454035531,52.8649678738184,64.7851126495703,42.6716554026171,46.1782190748432,59.5042881447567,77.069651966853
68.5322590274601,68.265168387926,55.8236117317316,67.116229548842,43.025864703659,46.3056452280213,57.9655159877754,75.4426592273168
70.5306533351849,70.2987093605955,55.9824427470818,70.7710402609175,44.728790715645,49.4210115849385,59.4061622984989,76.1159123249177
64.9054034472217,62.9214037160852,51.9753314241851,66.2980636813565,42.6183971575393,44.7037802347972,56.5632882621333,77.2021448265477
62.6209202997402,66.0203675104301,52.7952450759899,69.8044196262057,42.3016910062075,44.9111156151345,55.0018538417606,77.3974317425764
65.0892949097333,66.6063644401326,54.3852497843985,61.7336337410052,43.0863479343372,44.461359534816,55.7854522135736,67.7721920327758
63.5974160395746,61.9265484838866,51.0397305686518,70.8907887597853,43.5047057138742,45.0066882329211,55.5456499780599,79.2383964084162
63.8001463156191,80.9399137085612,65.38762668471,66.4900969696922,47.6027704247661,43.6169252478769,55.7489330571095,75.6259096020249
68.091956426965,55.6737924276535,43.360381208641,65.1551741437706,38.8632646638549,45.3721296175633,56.9862694076673,72.6061560795711
65.6902017946943,74.5350893055747,59.5548272844396,65.5560746090126,44.2929697717407,43.3752142527479,58.1123786838087,74.6868678795951
65.9792742501792,55.1921198490774,43.8227189067229,72.2425431322194,40.3995745268008,47.5325056181243,56.9206874496409,81.305566362219
65.957415678605,59.1139899238443,48.5620058576562,64.7609806034805,41.4364314336562,46.1454740296744,56.873150804069,72.7649075150131
62.6221657690903,76.8184020720104,60.5961936410795,63.9964623748567,43.7370487375889,43.6230740716062,54.389290213891,72.4176403552847
72.4477901546948,68.803415129392,55.6625379064417,65.8175053040627,44.0242634409235,49.0322604051963,60.5768566717772,74.4577469558213
68.2902885110563,72.3489667730742,60.9264768508121,73.8996989461113,48.2335851790436,49.3203519536555,60.1320238231223,84.88609771902
61.6679933001699,70.5823078055443,57.9579000927055,68.2836087606864,45.7046075107195,46.164713677134,53.7144090896908,77.3215009252484
65.77779410586,69.8476234730151,59.1776576548065,71.7540301427484,45.6419319144973,45.962736533134,57.3941444730283,80.8601711207705
65.9399138070727,65.6733341713636,53.492316744091,70.1581191376788,43.0929519775639,45.3142741755187,56.6818176379125,79.4644357800608
65.7422387968916,71.3861571446703,57.5425562947189,64.7132951221069,43.4301404285975,44.5258779180959,56.9652060499355,76.4929010277239
63.7386560301231,57.1081095186315,45.3390647208477,69.7828128770172,40.9338066799071,47.2805707124405,54.0415676309912,81.532252623955
66.5235696704284,59.7216374481398,46.8293731412933,72.60367570939,40.3761632748444,46.0225784542572,55.4970395231937,82.6449476472412
68.5718857987815,60.6104883107825,50.8701475244153,75.4679263348355,43.3523517727425,49.6432482173571,59.3609161382884,85.4737782242195
69.4086504977714,68.9310485383873,57.626829531918,69.7034120603784,43.7878045593529,49.4675720904173,58.8050321660256,78.1835440546693
69.4433961511654,68.3968893291429,54.7503336571237,67.3328320182031,44.4988936673439,45.6317637349653,55.1306956203372,75.7190749149715
69.1590968230103,67.8973084996233,54.0725235770759,65.3898300717717,45.425430082351,45.502979216459,55.7578957295654,74.0644309325031
64.4287078243967,65.6624055780883,53.6739683560681,68.2557992637754,42.2059943131657,46.0215417416078,54.7483308135759,78.9712422676321
66.3256092587499,75.9746021518949,60.0956344781332,72.5596430731276,46.3991562202554,46.0950346056732,57.9033671294164,79.6696067070206
68.8280806459351,66.5317476249442,55.9486704056785,72.5760429012809,43.6767423084679,48.7990218274538,59.7565402509647,83.4598437631563
66.8782863432223,65.4090477747232,52.9261682919507,71.5107478750325,42.8965308667183,48.0986974899296,59.4759039643227,82.043881724044
64.9303035509149,75.4943862135941,60.9762474350239,69.2129271764508,46.7134642580211,45.7388578327373,56.8544493400825,76.6252573423903
72.2184941923797,57.5718997617964,48.8310074554606,68.1580999412214,38.1235605414333,49.9168282450596,61.5503519056447,75.8936219156624
66.2650161472952,70.5075085212245,57.3091428681537,70.5357852812821,45.574991793062,47.9385265683296,55.2408919913531,77.4834469632638
70.0387793325623,68.2278224327646,55.4580192058553,64.6746719959373,43.4668881999084,44.8153892644239,60.9192782038112,71.9320212947561
69.9376736879825,72.2321948210034,58.8916542401874,64.9840345787031,45.913792684865,46.8398655318976,58.391754366588,72.6484315226787
67.9217150297228,60.6744987851876,46.9242215318122,69.2214881812442,42.7886942022803,47.0581075373645,59.7439913514359,78.4062371081343
66.4327334019314,71.072953495872,58.8604059841251,69.6073126813285,43.5548450495287,45.3276553459863,55.4136935976959,78.1351164254745
69.3724025263595,70.5931237984324,58.4388241537411,71.4191026336597,46.8688762459022,48.8307519212687,60.0235041890378,81.2632504638103
63.1009940047532,64.88139875679,53.2699872076324,67.9524656244876,41.6074402068455,44.2743056478958,52.2189486439904,77.6509653895576
66.5148828044626,81.9692669961551,66.3737578510064,71.9736777585048,51.7487903584487,45.4584495867522,55.2938921632078,84.0540229684274
66.8010593936131,69.8489727456354,57.2534748885848,68.8462271223017,43.6825464998172,46.9312608071434,57.5312544948086,78.7987732627616
66.2943021809316,80.947873123718,63.1833750326766,63.5097641953031,47.620414335791,46.1423399462217,56.0535236861069,70.8548234363538
65.758107550185,67.4504629682194,55.2700960780913,65.3477107481143,40.6890856658356,45.0763180897442,57.7681226448444,71.5436710776257
66.1492915188483,70.998797005745,57.3758090128171,68.0428843260359,46.3762500092508,48.7953870131107,57.9451173428747,78.9300050377684
65.2980934573974,62.0226046402555,50.2039827414208,70.671841957363,43.4723766726491,44.7082059322698,56.9471334667178,79.816032044493
66.2969697632045,80.2768023665772,63.5461526226911,65.3229870811252,48.2890104829156,47.4841604872421,58.2531166405818,75.233836632676
64.2796479187368,65.7017883728434,55.3410933142729,70.6765130102833,45.1155011734959,44.5525733184541,56.0002832008494,79.4301569866992
61.119522732205,77.063253021111,60.5699315490129,64.1701396108777,45.7577353119036,44.7967877825201,51.575878230044,73.7597397339679
66.6028394353268,70.3633206339913,56.4786725488628,77.5250360606474,47.575112227328,49.6916540880378,57.8591896029048,85.7311711025592
69.7637498881861,67.7972698418742,55.9766186817471,66.883313039468,44.302692793657,46.629400880925,58.9498190711938,74.3503142232982
69.3815952726674,79.3737800157663,64.2349245117258,62.6828148620149,45.9230291339131,45.4476390306539,59.9188314686084,71.9286391106528
65.1663741503777,70.5176076791525,56.9002694860501,69.8091709962216,44.0451483883235,45.3930080477812,56.7984993052062,77.5508079665586
67.4639671320162,62.7912297693722,46.8800941420932,68.0614472752164,41.3857981975233,48.306178688761,56.2092877347733,76.7604978986154
68.8601643222077,61.6607314452757,51.2584346274434,63.6748119958735,39.3648678414463,48.0761881790479,62.392230091464,73.8619695417548
66.80412530494,66.1627060532793,52.6699490877743,63.5510745607031,43.8740651463688,44.649912567897,54.1180733756716,73.7878639892345
65.4334989948357,78.7580694329727,63.762529811433,70.9099083401451,49.5357384093281,49.0249370543996,56.5612466510284,79.3841648683784
67.5568287420148,55.7637150932998,44.6972139168068,60.4544975803801,36.9262786971122,46.0696331832654,55.7794522462576,68.8494410370501
65.285154205478,66.2842743851187,54.0248983454263,61.5527526038083,43.0275858736073,46.2948225416814,56.2483537887853,72.867396461969
62.0855317004614,82.5281876169233,65.467078599152,75.1009416623586,53.1478079581558,49.0319065875372,56.6020144325303,83.110083306893
67.421352469003,69.0130240833484,56.1736071304461,67.5645162822089,43.7640106472283,47.9274568149909,58.2018761611285,77.5125252083717
64.1612676721023,76.191714946345,59.5293718925296,74.4640044702656,50.4678610138102,46.7726186922357,54.4412541835274,83.4060171327138
65.6800872266163,78.5038582451965,63.8833332571331,56.6438275078032,44.9399683092988,43.3213452067557,60.4852311090445,65.0781260817141
63.4799953022618,73.5374959315798,59.9457744383683,69.838505162443,45.5868604184663,46.1852393820056,53.7437035778703,79.4424825935557
60.0448008673494,70.6226084617842,58.3939880139041,65.7332356531596,42.6642895722459,44.3025119047929,51.6780352656786,74.7884193010376
68.4271397193107,55.7948659664455,47.4723556729188,68.9430196226639,39.966369671496,47.3510217257027,59.1254267759597,79.6887003476464
65.465269251296,56.6618683176944,45.9623652295319,75.3736665302855,42.3683978057341,48.3628689034814,56.9800610721103,84.7027595029581
66.1832857460942,60.6807212845513,49.1756453378089,65.4024083591858,42.1838926124795,45.063164374075,56.9555814365494,75.371545753515
65.337340274841,68.3237223565907,55.3825477738051,72.1050256991117,45.1562793016201,48.0175794680218,57.256118901241,84.4402994167967
69.5615584198356,66.1874510487685,55.6621340907199,65.3398240193386,43.9297785213294,46.8575481097538,60.8885013107763,75.123850585712
62.6050448696001,76.2409422241025,61.2840936651655,75.5168702692119,48.4987129653982,46.7133562054843,54.6026293711571,83.6782277471802
69.7255859692509,69.7765611103013,57.5004459786097,72.6598252696326,45.7747856506227,49.4192496270434,58.6556018287247,83.2137455599817
62.6910733439502,62.094350364821,50.8642036087746,67.1347809040769,43.9142256591602,44.7546093484327,53.5195974838533,78.2804333091637
65.5214785191639,65.5432879172761,52.4710238370343,69.8333476862465,42.1290440994565,47.7216571548459,57.2300165272412,80.2805192033202
65.1188540260745,55.8735913031179,45.9116246327831,70.4005082722361,38.094258346993,46.9346096504539,56.6986535974567,78.5732845970904
67.7172297113121,78.4860370632058,64.0803704983173,70.015692347929,47.4964545335635,47.2975856697471,59.7473936409383,78.423652038608
61.8772954731507,59.8708092859372,47.8416004330342,66.852864741605,41.4438320150184,43.7912864399101,50.9575519774305,77.3303712476496
65.2010232945395,75.4317434762999,61.6553824525327,69.7854322412322,46.2545418736991,47.3138069749416,57.6986832117988,78.7649558377275
67.0995953094966,74.2456645356896,60.4555730419947,66.5904795987479,44.0637312424856,46.3569720253689,57.2145062678035,75.855773850044
66.664083054625,74.0173524168874,62.865393632906,65.3453608169767,47.6764349281269,46.9168792074297,59.5028897467513,75.7151397178001
68.8699212918303,67.502145937374,58.1476979983648,69.8212681117639,44.5104742182984,47.8442117516957,58.1443872491318,79.0682469728172
64.0460290401491,61.3815000744949,50.1253983311742,64.8988129581368,40.2811136097993,46.1916364361166,54.2876270343345,75.5173470812267
67.6822009714155,72.3206562822964,60.4851268222133,56.3575678472035,44.0748937819534,41.9061778182998,57.2133519193611,64.8048599352003
68.2871009312637,70.7291951629389,56.3822698697148,71.0986493956155,43.3016492257909,48.2923823806174,58.007022941223,80.7905698471172
69.7594437748534,63.6181379946062,52.0855051728062,73.4363439865205,42.9506902951885,50.390010857128,59.6977873501352,85.1978467020132
65.760120193381,69.4213336579446,56.8158494355164,73.1890352006281,45.612164390874,47.9453934553141,55.7180190892767,82.7995742522551
70.1545746035357,75.7850189800791,59.948807416542,74.0812462293904,48.4221656947461,48.6946568527137,59.9406421063606,82.1011684183622
66.4036580523259,68.0835501048739,54.3464223645877,68.4740636366721,43.7744293950476,48.194841604929,57.6399704664461,77.6356987436842
66.3457110648696,72.0272487834532,59.5804778391458,58.1738782495284,45.4534720683242,44.7494688267606,55.7617158392522,68.2658524430156
65.5188079716626,69.1928533105578,53.6740108395643,63.8985305692696,43.3594001759856,48.4102004192876,59.144649151262,74.0177589589908
66.771505405748,71.4931326658719,58.2952301712387,69.9434261425188,44.1815711547773,47.3523183829827,58.1366364462439,79.8638739751002
65.5734954457732,64.8516953526342,51.8406973950439,61.5898526410769,41.4237275811047,44.655828307499,58.7767540944659,73.2675086164592
68.6436648307749,61.6341191719097,49.9911986993452,66.1677052023588,41.3338164933716,47.7358181625512,60.9734009682481,75.3650640886165
65.5960434141327,63.7788667568283,51.5186029697817,64.79627527361,41.4153972129106,44.7276932322953,55.9192843686841,73.3989771075199
65.5309448385873,76.4381959043126,63.8457106425025,69.3579927315235,48.8915577259433,44.3478638977485,55.0801489287245,79.7972350069998
65.6333935212821,65.1907456955565,53.2543175688436,67.6023862489185,42.4667208137454,47.5726288292451,56.9029792696018,74.6817548269524
69.0043518376594,64.9780849774617,52.5948906386537,65.704630593198,43.9718348634119,46.4130629566028,58.8415166143528,75.7737186030931
71.4827163407808,71.3986363014437,60.2404810158993,73.4756792179554,47.576351447535,48.7039389586406,61.4208738261276,85.6984262626083
69.9115432943715,65.2422154835461,53.2183571651952,70.0186056321392,43.7576274119393,48.6547849060043,58.0616835436755,78.5376300759388
70.0114024942413,83.870473411054,67.7609654886483,65.9562363776426,49.807126269787,47.420077928135,58.9868317730164,74.2914218655915
70.7256815481663,73.1343946733293,57.3233191233832,68.8258231696727,44.9711910235783,48.1297537676553,61.4647291330094,77.5947606557427
66.4035969258061,77.0581347286823,64.653180078222,71.978808491284,49.480756546271,48.0148721609702,55.6407905772148,81.5080203757933
63.3429411428685,70.9501162939756,58.3086089276761,71.7588743878594,47.407233583188,45.7911284255409,53.3369459942239,83.0260235303751
65.0740703893139,55.6784716349796,46.0288558570512,68.8092844522195,42.6360943865251,45.6960277334696,53.1190512623063,77.9146316170898
67.7107977124965,75.2463882629827,61.8437242882743,68.6284772126192,45.784508506956,48.3101471828845,59.6211026464953,75.3051353488682
67.1712615105982,71.3713911570997,56.9680582348775,70.2806543775003,46.5669166495114,46.9848297445513,56.1933650295436,82.2422342865957
58.5504476461129,58.6468090817307,50.9849585287208,68.752640206178,40.8890526828482,42.1808694200676,48.978521264269,77.1020660772706
69.9797911609213,71.6980630579133,56.8733151740629,72.1565675391195,45.1036374961191,49.3039127112003,60.0301225929629,81.2632769894722
67.3261137098206,73.648931871337,61.713695969237,71.14724146093,49.0918473800987,48.0525100941072,56.3425026169419,80.7832027530488
66.808747204151,60.8076947134708,50.1117613144157,65.1490068535185,40.6949253010301,46.7618691327074,56.782692360648,74.6023524157156
67.9690365355855,58.3685860950774,48.3323977523969,62.9805331561786,38.5598913782094,43.9431210921331,55.9204110650974,71.336084607328
63.2914418553815,72.0535919783238,61.6349286230689,71.4189924045111,46.243343369469,44.3572188093205,55.447738148298,78.8675953283301
64.1875239134063,62.6842613456021,51.3060126248674,71.024298823912,42.7026241375813,45.772859116311,54.3905929384088,79.4565245725157
68.2537558123152,73.7299741558043,58.5106012027352,64.2892055098682,45.0223023573402,47.2989372659943,58.9497115247945,75.5579291880109
71.9038739716614,75.1471435286749,61.302038660595,67.9086880356352,45.4767058968543,48.660641203287,60.6033122594091,76.4363249854677
67.6587757796795,72.4248773126352,60.804425911727,68.2303232119429,46.4698958729455,47.0332451703358,56.639922406768,79.2611308997263
67.8775046110363,68.2772870415543,56.2925200890563,70.1511483044832,43.4272006715544,47.8015121448821,59.6123697002232,81.0643704173455
59.6044743125479,58.8938308501381,46.7635584838681,71.5761707621141,42.8966597477952,47.2958288038537,53.6464263956178,81.138922295572
71.1698103806737,68.6597971454547,56.1951741401941,70.2571958691005,45.1089885459201,48.341439983155,58.3105695713527,77.3217754944003
71.1552333966315,68.1882814329154,56.0943481882732,68.5503534872858,45.2432730343765,48.1109367776884,58.0191917926508,77.6361534527793
65.0975426284216,63.4864436797695,51.8524353695319,72.8853963148563,43.377879232225,45.7423645771502,56.8469712959039,81.6981354793583
65.7200663263302,67.1684588158693,55.6990278550554,71.0431015575878,44.1193575347325,47.3929706380228,57.9640744133835,79.792549763582
70.2998355998153,61.5931861573253,50.9556334252145,67.8441513049683,43.4456071683857,45.8346533634378,59.1556180426773,80.6551992387422
72.3635404278866,69.5342146663967,56.8611594571135,68.0892464007334,46.2162455185814,48.6565629371321,60.5769694841725,78.9102847403363
63.1771419292907,57.4821984605305,45.879803114043,73.3181167920879,39.5813245994365,46.9852771092368,54.2169778361177,82.3597889550911
70.0072251489744,65.0991237775034,53.1561479813939,81.5420008394922,47.0522209246777,51.9808550179503,59.3144490592554,91.9005273621495
71.784254645355,70.2107039580306,57.5367340319264,67.2869678979617,44.9824244627528,49.2245591098976,60.4887723216506,77.1449707219422
68.1730777694646,56.8270608252138,46.8159036263556,66.5053884521796,40.4055504863132,47.0687812323966,58.4127713438347,76.9576068077249
67.32759652762,62.9682162608481,50.9255501608688,62.4695527881709,42.5448752310352,43.4170442858933,56.3293516792915,71.6777620089165
65.9477365363099,65.2063953823142,53.5948441070525,62.5735438012563,43.1303026718746,46.5116023012067,56.0885305942957,73.1583928787698
65.0360467095251,75.1544649679216,60.4376304746335,70.0299737363793,46.0691018710326,47.9434249649159,56.3078576201149,78.3346231533192
68.6236025623998,80.2734970962062,66.2855615289226,64.6020227017261,48.0363653702324,49.2200946305285,59.587301017769,74.3082274815668
62.2038900460145,69.1946231924859,54.0156173531429,80.1948128368792,46.599534731399,48.1235086286878,53.8738428844078,88.4179540244649
63.4630648557909,61.4671484415002,49.9577333431044,63.5817184798744,41.4084664203589,45.3748112164703,52.6521447739691,74.7011368490818
64.2235074534888,68.7906447826515,56.3320512702681,66.1354159592174,43.5828203137526,45.5521011892419,54.9101749357734,75.016777349996
62.4121683018361,66.2548212439465,54.3076620193922,66.7253348751838,42.4528219277701,43.2012520040464,54.2857526180788,73.0325413137469
62.1351672818,70.0261246751052,55.8405402887483,64.3427234002187,44.0994087298528,43.7163642949607,52.776669318861,72.2877473684317
70.4781658469762,66.2107970882488,50.4130318363286,75.8532240537572,43.3640309561062,49.0814963189329,59.1256239522352,83.690248987726
63.3547120238962,70.6535233739203,57.9426775965698,60.4843191546827,42.5200627255972,43.8944572672467,53.9840230623438,69.1239357258517
65.134153442855,58.368981435377,47.9455119369903,68.5211580772841,40.6896828767992,47.0676119813696,57.4337801488178,79.4229000498096
62.9548486651055,60.2626841616059,48.3117377473853,72.2446852428139,42.2454756543701,46.2146918291474,55.1497415328906,84.3281603128506
68.7790448754873,60.3334957515885,49.9907148328053,60.9786159946333,38.8378579999378,44.7811297297394,56.7372637535396,67.9854349754261
67.9134321332144,72.8546149269047,57.7144114389783,71.4744984633909,47.9733657037267,46.9306964061395,58.2244700274028,83.0015691527426
69.9422113475143,69.2766258673089,56.8115639048719,64.3584868195547,41.6295966348123,48.0261537146998,59.8383410074954,72.7906451195552
65.5751846037034,62.4984600412807,51.7604108613856,65.6352782768369,40.7485421203885,44.8262973940558,54.7235475242916,73.5621002345711
71.3279172587246,63.9084928161897,52.985749135921,65.7308004179771,42.8199707562855,47.610878518343,59.4621540205004,76.1690067322464
66.7488046144059,74.8375863147218,63.0524944118205,60.9991943516771,46.2663238453089,45.4164520960754,56.266548809171,68.1611303908822
63.8626024807522,63.170635014633,50.9811120967907,64.6684385150982,40.3543474295229,43.7270768999891,56.1514721250468,75.3684959172808
69.0212703166063,74.58435334473,58.2246702488162,64.8354091058856,44.2066966209654,46.6596972217784,58.3426427210859,73.0529367857447
72.0754618036902,78.7029458799436,64.4026516535075,63.9802678732691,45.8456377281841,47.8725950191109,60.4633429892092,75.4197895423235
68.0031339869561,60.1391773356681,48.389564131177,68.2522002714956,41.9709025561905,47.0945880380546,59.1656064290792,78.4110183065699
64.3711563493612,78.5136041357433,64.3445286775083,73.1824383653923,49.7381824699753,48.0078670392131,54.8580765997013,83.8949404131322
64.4504448471339,68.0262934996458,54.1375121438682,70.8896919839884,42.2367652925536,44.9693938161777,53.1040701265907,77.9729421747529
67.6907078217067,76.9823763515565,64.6046691990613,76.9834987573728,49.4491495532948,49.3519516189983,59.2864536799233,87.8653816146766
61.756181734706,66.6772812508158,55.5801661585668,66.2522700022239,44.145708909917,47.2213695424444,52.9148241319655,75.7300747087119
61.7237725489221,59.7068956812429,46.4452347974432,68.0868711755139,40.6982394231466,43.9631033333841,51.6420501087189,74.6950504301305
68.0247192089974,62.4960647091321,49.4307354433576,70.120913419425,42.4065179047481,49.375472314719,59.2167261606882,79.910179456073
64.8986164065414,64.0513033071915,52.9142778593156,65.5469113048863,42.9196293210827,47.5286525887588,55.7641618130215,75.9222918122692
66.637116488943,71.3020000582917,58.3092068539957,60.1964376579603,43.3375490694744,43.5314455720832,57.3968267513709,69.0994959642165
65.1043546695727,69.2599811322057,53.2673250741385,62.1632281075159,43.0148301839704,42.815345978558,56.0105022936789,69.9459387931953
70.9200911324886,59.1236124790359,46.8107711081059,74.3711675118298,41.8729177034004,49.1405124025898,60.2280199724519,86.2045731382903
61.1960812985336,76.5004097127229,58.8947473728661,73.4458487376514,47.7923909957994,46.5988767499154,53.8105921892514,83.4805070628208
66.5260637212211,70.0337590927201,56.9399974247965,69.9205381091532,45.994294852375,47.3791269167469,57.1204266069974,81.785800496371
69.2772326833628,65.1240178203337,51.5862586298366,68.9371040892477,43.6265517178211,48.3006885736676,58.0143833622611,80.8075495658646
68.4712054829002,73.4658814376947,61.2925003153785,62.4830677650167,43.1106906801973,45.8519899807083,57.0895082710079,69.6329477637911
63.4352860453945,77.5304434313753,61.6144473308716,72.0847665454722,49.0586599598999,48.4211848088318,55.6400731247546,84.4318324618126
65.7963492595563,65.354704707434,51.5279843716589,68.3049909971032,44.0040985853898,46.5381438542857,57.0085732344806,79.5819664109107
66.078977638533,60.5927135021301,47.6584365306289,62.8011503923647,37.5203938874021,43.9586041542645,58.5520241868924,67.7704822420393
70.296350011226,56.1203316958609,47.2962387873264,70.1677546977436,41.2450161956829,48.3170622413574,62.0043960480167,81.2255971281508
66.7374829844608,73.6485451281886,58.413754826667,61.918079299836,44.6520824397555,46.4179053386277,57.7161725933746,71.1332924091577
66.072987642547,65.8604147701802,53.4657565734045,62.9545541960376,42.4135857759403,44.7884972944089,54.2863680633082,70.6855436780547
69.3956190003943,72.7261034227994,58.4455179422443,62.9883108898718,44.3393267997087,46.8344799486589,60.1062346023336,70.6695533388113
61.863603839561,78.6518638038222,64.7319792338387,68.045350194691,48.5274853153286,45.1155541390486,54.4098555365585,76.7720863018173
68.3662458051336,75.0132660250197,61.013409999846,58.9850811908134,42.7492424439757,43.557903392627,59.9526329649647,66.642291124453
69.764219370641,64.4244590070428,52.8649425785808,70.5327891341416,43.8755879990924,48.7528055162243,59.3118280303457,79.3229848311926
63.2321581289677,59.4608081752296,46.5282536722341,70.8450192663948,40.1623941070925,45.7742021477216,54.4279317689643,80.3124700612021
68.5641490012431,78.5671249647988,64.9066137273923,61.8239673829553,46.4726458620825,43.0151974599842,58.5238326269129,72.5259149439995
69.2721349889371,77.8281777601593,61.8577532827584,72.7394953502592,48.86859740814,50.0983989440999,59.632315933522,83.1562887620658
69.7202928909126,63.497044552179,52.3133264046476,68.3304043159426,42.6841950516798,47.6249644804524,58.2908763783363,76.9212388027284
71.1591169330231,77.9955116180416,62.1870089378389,68.7909323179376,47.0366616238894,49.7272952887187,60.7352456201395,78.238156334981
70.824259964068,73.56346639623,60.2857234588014,72.4484438165373,46.2351437771969,49.8783242631795,61.5663011302212,81.2685493687651
67.450483691161,71.6377054245795,58.3048811941742,68.6004709545028,44.1236335178485,45.0169767715756,56.3246489637749,77.1615174255554
64.5251472214244,63.4749693736084,52.7747179120288,70.3943347427002,42.2601806705276,46.1553217263671,55.0505626347036,75.8813999981619
65.1861834457942,68.1565845072016,56.6469952643696,64.9612429678376,44.1167454925181,46.9289549266347,54.4580373858405,75.7181711565674
67.0520596278707,66.9497114012048,53.2075551955823,66.8891634078153,43.6429174896577,47.026830950036,57.7612797512141,80.1326520396872
64.0343105900258,73.4258989349069,58.8806184049614,71.0576193577246,46.0465839856524,44.6784536802889,52.7828626675845,79.8675612407902
66.188841706475,66.8279850233563,54.4751296839661,69.5912346892523,43.4007224505828,45.8432108866498,60.217800422775,77.7433123502666
63.1595767290997,76.9175478793297,60.3245016519665,63.8284338334653,46.1092397900379,44.7559500020455,54.4027474184875,71.7942826544433
63.0927214947714,65.2356500139187,53.4613452498783,72.1477317331932,46.078046373607,46.2463997698313,55.1605401893647,81.6160339975634
67.7775295325007,59.973525790608,49.4728459958246,67.1372985677057,40.5835484613007,46.3504311259718,57.3008333656786,76.2148397001591
65.8597464570951,74.6864255656563,60.8598636209899,63.7127226461227,43.3650280654827,43.5947644075874,54.386944911322,72.1086725181226
62.0172702366827,70.7896590698831,57.1846444275368,65.7835255093165,43.2221553443805,46.3545005477813,54.7345467821382,73.9914338503385
63.9912563653252,63.7361501747422,51.9255742094983,59.4473311071477,37.4379014173785,42.9523958798762,54.4910282361325,67.8859994891175
68.3281683983045,63.3861431420623,51.1812270453123,68.6336280523567,42.1036937084837,47.8953932945499,61.0986428174648,78.2758211695315
63.0703594482,61.2837923792089,49.3579196638853,75.1324382742809,45.4049426855459,47.4284887506039,53.6611735880361,85.4642572423792
67.2256399124309,68.1947744133906,54.2207883745049,68.7670124279504,42.3491281676346,46.149877805979,57.5156837724083,78.8499873928055
66.120173827429,76.5540836884611,62.6442499077893,69.5624772379069,47.5604562589604,47.2249173249384,57.6259911277968,79.6409579635189
74.3936031290163,72.5684084586018,59.8112302747815,65.749423285077,44.9768249146033,48.9450240054671,64.2052515675067,73.7014704687337
67.8966436874356,65.3296493110903,53.0338905062751,62.1803147518517,40.7770379633683,43.1686928909611,56.5212607214928,71.3030369188221
72.8252432133605,73.9896264662398,61.7718416298132,63.8095675175534,42.6589977889427,48.0291363166321,59.5665899482744,73.0802297137996
69.2781177622688,58.0115875897714,47.2975163952738,65.493834876281,39.8314122060533,48.6246574464004,59.9311193813891,75.5314136539869
62.1776808852605,72.0278830112282,59.071216995309,70.0519860099144,46.2289861209497,45.9032212292687,55.4283603827908,80.6957426826303
67.805892774101,77.653564042074,65.088194397895,70.3375391681834,48.2634923150869,48.3854903782556,57.0937878182552,79.334987080014
68.1634645369156,75.8002000518309,60.5158692785748,67.4328566721084,44.941447146896,45.3274683945394,59.5927454689214,75.3292337110525
67.8238958051341,63.7144244750974,51.9641064260996,68.3309759728049,41.7159307086478,46.2861307085424,57.6337401504297,76.6043198180702
61.7052119563986,63.5135715221541,51.4136657458692,68.8877839724333,41.808343651882,44.4847016635414,53.1892115890339,78.3896417003512
72.0127772259292,65.8045526866763,53.2525624686361,66.7762346162386,41.0666456932002,49.0835646635998,62.2953420024026,74.5457660579424
64.831230664698,59.2873193943744,50.045884244759,68.0779644818624,40.4551059170346,47.2338383334747,57.3345303880075,75.8528243793415
61.4352107086295,76.5978352090716,60.839316751069,70.8438014589103,48.3299430252924,45.417995314042,53.5369253727267,80.5030446000951
68.7087060744467,55.6326620995334,44.4517127352993,65.5213220363391,40.1331577067795,48.8766509202371,62.2624859825662,74.341260994061
62.1049451118786,66.343777539183,55.1506422725978,66.7535465372063,43.7416157244412,45.5786712601855,56.089376423708,75.1314140426111
66.9535741511423,67.3688395564901,55.3604161344282,66.6258510135096,45.7792730772387,47.0153291911768,59.043104661167,76.3984548371691
63.6420584381879,65.7974008204288,54.5409381585161,67.9633460576781,43.7950214718906,43.7189282804347,55.0683972241241,74.4771345783156
60.9732636739333,68.7275714333366,56.2349589521479,68.2998459479203,44.1142515600638,42.8942611328261,53.0551851033408,76.0837367078689
67.5056868401751,76.0407290274313,62.3072931133736,66.6966628517404,44.6167477905474,46.2314167985706,56.0645714682828,76.683535645539
69.8670656984324,65.7398869588836,53.5544397376267,74.4461827043567,45.1970792032024,47.9667402254238,58.721805780215,84.7503121632528
65.3160777181891,80.1727202229811,66.2208830701194,58.9249577284353,45.777545350935,42.3682184494406,57.4813703997201,68.9889196311722
66.0529604115696,72.3644542764062,58.7432136102929,67.3917215631735,44.4318240370721,46.187330740906,56.7237487075496,75.3901635837358
66.5654980904461,74.6696327022341,61.6752167549075,71.6861456506526,47.0489566389514,48.7982641624048,56.7163587398081,82.0464350059979
65.6281689435564,57.6700700105281,44.3058889993786,69.4407844754761,40.8946531367142,47.4533079699124,57.5413454819761,78.6623347038397
65.6463095745052,62.5080078902324,51.1466522600397,64.9494500040774,40.8883461373345,46.3395613104971,58.3911688637634,74.7853814115768
65.5659818706775,69.3607088586151,56.173700993682,67.9184802142825,45.6344548490851,47.0314391924528,56.4824235438008,77.9367676294281
64.3938906737734,63.0728719090268,49.495445251593,78.3376481220698,47.0717606536551,50.0327616535739,54.1006121329429,91.1550174986365
62.4838150540233,62.4425698894268,50.0387769088522,69.8205855892341,43.9575139872755,46.1796067306636,53.3112080397731,78.2746112702783
62.2298156874043,77.6127389029624,61.8035495721399,68.132571131021,47.9862650857217,45.6785155257234,54.4647734009262,76.4171518514189
64.6281832473112,55.0157403710086,44.419420947644,69.8799943381979,40.1691663775869,46.4181982606538,55.7095019998247,78.7340545444216
65.2024797863416,63.1429558227573,52.0155530893799,77.6672289469564,46.650255935707,46.1867658629114,54.3930966518015,86.0425091468458
67.6734669289536,72.979316399591,58.3770011753341,67.7468288438611,46.1835733034688,46.7114280289865,56.9508678891704,75.1015406573669
64.4266832691935,67.6405442802598,54.8027222116387,70.25433211879,42.7368345349144,45.891953048427,55.9271350191005,77.0805353213924
63.3077696752349,61.407033610412,49.8022600135833,65.4796590875827,41.1607661251018,44.5704144754372,55.153908705753,75.0634838388101
71.3973417785164,77.7264897860222,63.540587265464,67.3075511824712,47.5398114168186,47.8055294972109,62.0559807882296,76.1953617228171
66.7136147531901,70.1154629511144,56.9780587548975,58.5231379162833,41.7370781234329,45.9633879745503,57.8716553275967,65.7809987941798
68.0169301922082,56.6846762357181,45.5390946751799,72.9942666425902,40.9659273369475,48.6956865715355,58.4145131783351,82.6376996757
65.3485070317102,65.1937530856471,53.5045894341848,70.7921444788634,43.2528445824219,46.255887891317,56.6129212573738,81.0854280988407
62.170650783471,78.9931372051443,64.9830574507997,69.4151385514408,48.9524018838139,45.9604119979249,57.4412426848735,81.7231443062282
64.6732427646943,81.4941472043814,66.4644034975684,73.9983707536094,49.2190923823623,48.8633772170432,55.6367264923498,81.9839655163157
65.2622187120456,72.4042324665661,60.2552692829055,67.8339144908402,45.7177137339647,47.1797045923687,57.2326162447035,77.2102437100381
65.5610281095448,67.5413194995113,56.8375002229776,67.5860995352425,44.3657757863849,46.935696340983,57.5431867484298,78.519308974832
66.7363950548221,52.4694640732585,43.7581618756084,69.4198471404049,38.0741413583224,48.3401722967746,57.8613670827103,78.197157470425
72.2773405427819,78.5344770033378,63.9775114126644,62.5593593743553,46.182763607389,46.3654425333072,63.1542850226238,71.4264252134615
65.2078627340968,63.8825835164259,50.7275174398337,58.2758984182384,40.8422782136469,42.5668374143077,55.3973385026603,67.9056930617304
64.6167562723697,71.3601378661187,57.6087297762525,64.0241611398533,42.9537053360183,45.9696292876781,53.8652869276387,72.3052459759425
61.2543122871587,58.8764481151126,49.1681144904314,63.0656772042325,38.4980997992155,41.4631283207569,53.773372749596,71.468475305592
65.3950802636534,70.7315169114262,59.9759286212384,69.3718500477075,43.6778801229773,43.66959448273,54.2848947635838,79.2193149212565
72.3133063599066,50.2692237936156,40.4671560814291,61.5131816095474,37.9646784521634,47.8505130894645,64.1871250484549,71.9438258493008
67.0913407647143,82.787111003657,67.4805053551583,61.3224446180226,45.9345948559793,44.1622228724545,58.0170109871315,70.0393080758585
68.0863626112571,63.9609908116937,50.1213503099145,64.5486143162222,39.7956076907572,47.1855173866002,60.5665645658634,73.3556739455404
66.8331394150556,71.5054268519879,58.2036454215937,72.4590510858929,44.8397153085307,47.9462393369632,56.6173933729489,79.9227762844499
66.2483460301871,52.8276057801292,44.616710386222,67.3287426606833,38.1062355025983,47.0146386725008,59.2321804708391,77.2947245882399
66.5437418785502,71.7490078794888,56.9824025786047,65.312052121345,44.8810112540017,45.1283242965751,56.1197685317079,75.7163898488162
67.2936749116427,80.0059635429012,68.9921845686918,69.9286708160331,48.295768003467,49.1051095088928,57.3251727138962,77.7407605122634
69.7606187316198,75.9284192067749,61.40653219248,67.5087572256396,47.2584553286084,50.2980608147529,60.7072173608099,79.4688252059572
67.5707268903181,70.5642372837724,58.1898259475314,72.5524769848545,46.188577492167,50.23872434518,59.0239700662111,80.3976616039888
66.3941491986567,64.5091937622236,53.2027125861223,63.7578637105888,42.0568527528555,44.8514131037621,56.6697470406362,71.7315232271648
65.2936003485721,66.0462565690104,55.3780857531713,72.2912243990925,44.7371620765167,48.1781252792804,56.7121520848978,80.5414090348679
64.3233370670477,89.0089167327118,72.6176766372362,62.7781098644337,49.6031635513517,43.9731918843266,54.3501016443166,71.525060650939
69.9146116928942,64.1487353215927,53.2442478424221,63.923390771158,41.507680943996,46.7437015261336,60.0532202307478,74.2010314964709
71.7994920492671,64.6320786039897,52.2853831067198,62.6566709384557,43.334352070372,46.8818719695344,60.8738161327903,73.0637860010234
61.9760788790189,64.2496420386336,51.5928798450604,72.5269924165886,43.8522927089308,46.4441372594291,55.0765539116367,83.2033056625466
69.0506543321752,59.6661138129384,48.9888907230928,63.504044620187,39.8057263730963,46.2718968601736,56.6570993018554,75.6315448156055
64.3610697035812,70.8385187928902,56.1791881876167,63.123573913376,42.8486773762413,43.7035429918053,56.4695102399223,72.4101357711553
63.4643667943165,70.8339671908683,56.3742077413415,66.6142452220304,43.3228085100958,44.7855909476784,55.4969906752424,73.8002175019733
67.4343740632896,77.2832043554854,60.7345234093327,66.5487847446151,46.1676593921445,46.4951013144798,59.8470633187458,75.0776345154862
68.2671558900954,70.9739151575438,58.4738984904032,69.824394370523,45.4758149897957,47.7608902412882,60.4112806679247,76.2003041367742
71.5629338852974,59.4904506882116,49.4304099140289,67.1451002503843,40.7626554750644,49.1034561776347,63.1530413016888,76.1789006312908
68.0553195150586,66.3924519392997,52.5619592382751,65.5327162978155,43.2523290466729,46.86241364407,58.0616686807555,74.3469435599089
60.4233289965792,68.9679887251679,54.6739375619113,72.1446755807013,45.1307061111767,45.9001575484145,52.9146296774053,80.6024308594067
67.067707781747,81.6139988911166,66.1139015120628,57.8302160105914,45.6730294120343,43.3634538043428,58.7397220984897,65.0760736956918
62.9900249473295,61.1632099271079,50.2848896489106,65.4631906430085,39.9431566140439,45.1477755744734,57.2649402568144,72.1121474771215
66.2860403566551,64.5723836216054,52.8799506215069,72.3105850831252,44.1973586123752,46.5244956870803,56.2048222130475,79.3521008136878
66.7321264433889,73.119652803591,60.3413338105267,61.0395727965745,43.7707361997295,45.3459807726677,58.7047819650806,70.230035120831
65.2715365232419,64.7006796882262,51.9943084617195,66.468508022127,41.1717154637283,46.7533869726842,59.4492410938716,76.8457417583151
68.1887039963495,64.1311205271629,53.5110824647994,70.2689254302222,43.3642904929749,48.7465761107976,56.7898575536157,79.4144182649739
64.5131426275395,61.9172894381842,52.9909487981773,66.7314742519074,41.7913331820818,45.9921305482502,56.0667419362636,76.0053643545375
63.6524071286577,57.4579293550071,47.7907976114659,56.6729613685752,36.7101611982978,42.9023493758229,54.6167787005999,66.2910835843139
65.3731426209783,50.248530790726,40.2693115399992,71.8952836747789,37.9855917045073,46.8761871797242,56.2502460376488,78.2183037763453
70.3491073784409,66.7069544133199,55.401853019854,66.1998003313777,43.4278587619744,47.3353761572781,58.9899952103327,77.4314252993259
65.3396372814119,61.6666246330623,48.2327834235656,64.7282338638046,38.8133220748875,43.3025262129337,55.442720940096,71.5899209814446
64.405406946968,69.5988120670008,56.8344097898066,69.5594387376797,45.3683957955737,46.3554706603351,57.0382342621892,79.19451786118
63.509394897185,71.8915941996829,61.2355653894958,67.1815866728603,46.5264282092544,45.5730679208131,55.8005723767616,76.5930596248318
64.734519650916,65.0936870711559,51.6506212035995,66.426774437058,42.5337428530645,45.1027876302498,55.182470680891,74.3701168587619
66.7877288675422,66.4919574497956,55.1533280582323,66.9572058885385,43.0655647556727,45.7146700628271,57.1335396248172,75.1336998778007
64.2659448310837,62.1952616983149,52.0879002313806,58.2777310635892,37.9583725258821,41.8940859231311,54.6416983342907,64.2105809436357
68.0820008157291,67.7410911001278,55.574532208119,68.8818674599277,41.3733468419304,46.853532258247,60.249058419719,77.7316021811165
61.8170763271956,61.8516836226667,51.4402185977375,64.7307208999101,41.739443303938,41.2117031920411,51.6823538766371,72.6601132107345
65.8529889107617,62.4785465290001,52.5849423140865,71.784702692761,42.1408293069816,46.4268546888624,59.0106592478754,82.3887085798126
62.6378548625079,72.8238837096597,59.9975968112897,64.9554125522032,45.0013870320463,42.5550505150277,53.6135602002318,74.8515386615831
70.8557902375502,63.4027944759969,51.9320723437753,63.996795328352,40.6582908973179,48.054798480011,58.5144940188556,72.1935132720787
66.1522717823488,74.501396672036,57.53252912397,64.056749918902,44.3296400967324,41.9637411715692,56.0275056937307,73.0162407301893
68.1649790011942,69.1751538601392,56.8378878434484,63.2981613329461,42.2084191828733,49.1681938575205,58.0283550253548,75.4356707500073
64.6810660687412,64.3003870063023,52.3463726175601,71.7365038942717,43.5074940091586,46.1167216357634,55.3690346108627,80.5699087295263
67.3331262606081,63.4246864082,51.4919397203656,67.9478114255822,42.1485956051241,47.2296291182822,56.3699932778721,76.0807549637089
63.2547400661795,69.2808677103576,57.4553994307095,63.2705024487537,44.51832746316,45.3566092668198,55.4515640961502,73.7692983322555
57.7985548507476,63.8358476497052,50.1794839900689,74.9554221863908,44.1483438232069,44.3638554954452,50.5252428084151,83.2267893393976
71.0400371803999,76.6179547629127,61.2060520568215,67.4580910940016,46.4075298043446,47.3361801303451,61.7861629599676,77.5468588801834
62.448504555311,66.3957989396692,53.2056684828279,69.2755625360001,42.9719688171195,45.8737426346637,54.2702041341652,77.5958349629302
74.0167426896031,63.7465705191974,53.4942012271679,70.568173193507,45.1701018115852,48.1429167713933,63.8159062995798,82.671746562391
66.0869853647392,65.9555390037419,54.6706307974997,62.161836084223,39.7875900694658,44.5941456091049,57.4310017934803,71.4204533462346
65.6965175791912,70.6796444199829,58.6941526201778,68.1814707699473,45.3497358306325,45.4571620786351,55.4901985403049,78.1822306357371
67.6698193257049,68.8391310317828,58.3236442168111,70.8263364875396,44.7089805055214,49.0838653515153,57.662860355267,79.1884401897674
69.6966659695147,59.3651925877391,50.2844675655953,68.7421989945845,42.4405506458669,47.5735716924478,57.9216255388584,80.5655879151631
65.3168202079472,77.3094594630797,65.4856792823989,73.5261293671434,49.013940035126,45.628507617163,57.192278699306,82.0275534042868
67.6441209001813,55.9572613352119,47.7140336306178,59.0139997553074,37.768034225815,44.371346458548,59.3551118598054,67.1287556761596
71.7255762085171,65.2432202026414,52.1863960757417,70.2253443392924,42.8961234097386,48.8491106089269,60.4267431609951,78.7585692677631
62.6930946278396,76.6780863203818,62.4930468862718,66.6176447603521,43.9271160128501,42.904401976498,53.1513818288537,74.486040351409
66.8558128555163,67.1352218700051,54.7439900586712,64.3713153542278,43.0347117655587,44.9602554691946,57.1961817004568,72.4371331969628
69.118562460053,62.7846936839816,50.9193962671705,67.1367341604947,42.1254436402414,47.5781907115272,57.9190868408763,75.786827778633
62.0045180998749,64.6945846709993,52.5535535073001,64.9360415711841,41.5656258137814,45.1746631658529,52.3179022631165,75.0460725092825
61.7708695979712,60.3514331579824,48.8517012249019,69.4393942146728,41.2338145063996,44.7088740950589,51.3902159970637,76.529825489072
70.289468909735,72.9033559843684,59.9395279249548,67.9326366225901,46.7712368199472,48.1104683871749,61.7274444338781,77.5123434631536
64.6124413314253,71.6480711160386,60.1784329978063,73.0949188569947,47.0661128098915,45.2319601425744,55.4939572237164,81.9951175021297
62.2135173221243,66.2554886583471,53.1658620739329,68.1245333968616,41.1607594682041,44.8927545979461,53.0727223047023,76.0955457277802
66.4151489899486,62.3645622159519,48.8200837256794,65.6364897697282,41.7103088216215,44.9395050940385,57.483348651957,74.427482813805
65.0543352216039,61.0475271980382,50.7849856472089,58.5431483029434,37.641644539207,42.4397721104836,54.5867599414895,65.348236146987
65.1588131687943,76.0566644170626,61.9299459819961,73.8105162079999,48.6486928334221,45.9961564235469,55.22829482766,80.8193739002161
62.2253324047916,74.6620570452256,59.0739217274581,64.2211460792309,43.0072206514655,44.0238469620157,53.4195070024553,71.673344446758
64.8058474803513,52.6755611858525,42.2155081367985,65.7516212553913,39.0360557166194,44.2469756564709,55.2308685840075,76.4116217446079
70.3668954147444,68.3257023710777,55.740758847665,64.0802886554016,42.5007152955246,45.4470319845071,59.3785878778225,71.5870216034214
67.2453244542464,84.3166364358124,65.6669853782162,65.2158806939408,46.7440834526797,46.1781642949672,58.3000052659995,73.5624248464334
63.3772043454885,62.3949460957021,50.1143198485628,72.3105596544257,43.2826289931204,45.6591821156804,55.6447387388078,82.5553507757905
74.0844953217046,57.141708839501,47.205164568786,77.2649040990055,42.4586570774276,52.9717750971484,61.6928766594891,88.285550936872
70.1579966110515,52.337721418243,43.728342473135,74.9147523430351,39.9074256854075,48.4666709788514,59.9254950427134,82.0198163312569
64.6880778741985,65.6093241645383,54.0493079391241,74.1007068796255,43.8874662372111,45.9759795166745,56.3966212466025,82.4874028276585
66.3428468488593,62.1255594719977,52.2513003446031,67.2800347394565,43.3961799770105,45.3922176903724,57.6696605276021,77.5492017282706
57.3186209200456,72.7349505498153,61.1677205354486,70.1435384080193,45.4506302063035,44.1848986993073,50.9439591519188,76.152406419168
69.6477048512212,60.2504996834381,49.210932965096,71.2735868399456,40.9333084231021,47.6926292577887,59.8088017798563,76.9522222897257
66.6292480177829,66.0802014593951,52.0193139256455,70.3270219172708,42.2170881808245,48.0440594892868,58.2284859888928,80.098947156242
65.6374502212494,74.343535897756,59.1000084711286,65.3521261871308,44.6358061535827,47.2613447051124,55.3899352329983,71.3607349081253
65.0941411959557,64.3019481214344,54.9757547228568,68.1806130087916,41.8326172428054,46.4710923046996,56.9695099165248,73.6470615945992
65.4965434213445,63.9897639053099,51.8676344608933,65.7009822472346,41.6484741075345,46.6320307413941,56.5087146861956,75.4346539308425
69.9947519292061,69.8774819906502,56.9987070709399,60.6170805346624,40.0865783252104,45.5420688769179,59.6556724206001,68.0019603999888
63.4447917286924,67.9426923058532,51.3195698850743,71.3808436854586,46.0673701409695,47.1860781438776,55.4052889593192,78.8150415091592
70.043095798523,66.0664408688341,53.8219810144833,71.1012366351488,45.0264099997676,50.8887607021668,60.3163296317054,81.997140657705
68.745150916911,70.0061958484418,55.2980451908087,64.5833404474188,41.6416922743684,46.5304555979188,59.6118489976073,71.0854208122525
66.0865469628112,60.6581501563598,49.3237444842142,63.764415457524,39.6304736135159,45.325313846652,55.2565911917394,72.7853046892095
