"V7","V3","V1","V8","V4","V2","V6","V5"
53.2196649774768,69.3614633870148,62.9773675649487,80.0494913069323,71.4811060415431,85.4983970538629,50.3503393210665,51.9135175919518
50.1874440928427,68.8284475495462,60.033965570776,80.4863836423702,72.7543635494471,86.150460016105,48.8301701041548,50.4324194920701
57.4758402032363,66.2275853768755,64.6253236966895,71.8571948890888,63.5369147709762,78.819219938821,48.7610099914597,46.8014162772006
56.3475014132539,69.2249298248787,65.7790983215303,79.2274756442786,66.2091558290786,83.6267090205591,50.1990142660133,48.1449022331178
54.7720943142553,69.0339971824888,65.7898423036413,70.2384211736656,60.4170256872931,81.9906299899099,49.4746547205686,44.9271795964729
50.9497253150473,70.3876065201972,61.3903990961623,84.3316051683218,75.0181690844954,88.3319630429911,48.6290864066805,50.4875059935664
54.0258957168288,66.1564925172263,62.6673061633145,75.8816106958062,67.4921010998481,80.4713045232508,46.3631318400098,48.1304759319846
47.8390560826131,65.5966771401928,55.5392813913862,90.289105175359,78.1588714257685,84.7696960506498,45.4793620663712,52.6545802245608
58.3464625936028,67.1421229087305,65.1110803725313,75.0377665667799,66.753302653301,80.6352620625077,47.9095329192088,45.0737499827117
55.6947962713402,64.8507232185572,62.376891915074,72.6829982835613,61.6856360680007,78.0135720999863,46.4344477805872,46.2601731667927
50.1374207369847,63.0750293555304,57.5337888222832,81.4784379581022,73.6610334896896,79.2278986110978,47.7654134099,48.3456269728674
56.5304708195164,66.5901691274331,63.6050859142174,75.5933753599309,67.9727482575931,80.7207481530797,48.7034440216325,46.6187846119292
59.4124238159544,68.068215300642,68.659111970887,77.4126031273134,67.6044237239536,80.899281376177,50.0297275882953,48.5425885768373
51.1702166104378,63.9706684125597,57.7409960591903,78.4570122621441,69.0055764460454,79.9223895135316,44.5991247369527,50.1198714652704
50.6733140791995,68.1777141711054,58.2991118503748,84.7273187719357,74.0203790507332,86.3254990938971,46.4232768835515,49.978473346117
54.2080266293779,67.4932986851416,62.3113414641097,81.1545687968287,72.2673349697392,83.2648603818305,47.4245141194128,49.4395341784151
55.8333593193025,68.1110639661499,63.435531636995,85.1300159678428,75.278136748072,84.3519114426911,50.1250245288442,51.742689797935
53.4781593991943,64.9707047301031,60.28446448703,71.2514373250676,62.9119906571122,78.5514717119437,46.7003854346262,43.939305408265
51.6730782684898,67.1891398148493,61.2664953572437,78.6707635345809,69.2016727751253,82.8883028449598,47.8780453047729,49.5352110355276
50.7787356051673,69.1305873385939,60.4596387184839,85.7523753474461,77.6484233970775,87.3263877991237,47.1615854511956,51.8854029835206
58.2193372876117,72.6835426746521,68.7623791815937,77.8827442289055,67.9789640612496,87.5038350571009,51.6285540836381,49.4262537561239
52.4572722453427,67.4952792825134,61.9449264306523,81.455964418673,71.5663825644235,83.398231346525,47.1419626689594,51.7024794584127
53.6927666184426,68.1071579733598,62.567846717559,79.003666831212,71.0508336596197,83.8888907519147,47.9691677740086,49.7729757536512
51.3271145586729,64.9276868191725,58.1951714653732,76.6009963564907,69.0221639206566,80.857201274423,47.9015673504886,49.0982006446034
54.7500827669238,67.6866594783742,61.1747428733487,76.7548331055091,69.4217196985521,83.3402901372836,47.709346784908,48.3030047376863
55.7559662908838,69.9963513202857,65.8065619476877,81.4119384407982,73.7421719753986,85.6446078383542,50.5755144237011,49.739891675519
49.0974410037617,66.7667501274996,58.3151225291164,87.1663639077961,75.9676816819215,84.9156818178795,46.6619326717433,51.5091448206403
51.9862793381433,66.194057486656,58.8154258509981,89.8030982332035,80.2200629978507,84.3465206530783,45.868670019163,51.3547052588358
54.8316428163632,67.12257891402,62.6891181916824,73.4155439981725,65.3823606291622,81.3876989855543,48.3099921152431,46.1117490806447
57.8867228382111,69.6558842175009,67.523143698542,80.9989759946668,71.9243290141659,84.0715400511625,51.6302697332226,50.178496063033
51.6664765900692,65.4524856078973,59.5100603997527,81.7297829762575,70.7629946132438,81.3816703569382,46.399027695915,49.3631715406602
53.8875525242921,66.3629457432068,59.0068162301268,92.9049329899681,82.896006990739,84.9142798146525,46.7654955929288,53.3283106303558
50.0530953610158,66.5878179606706,58.8373388697796,78.3970634643388,67.9848243693936,82.848601331291,45.177139829349,47.9666090120795
50.3177831068999,62.9777426731681,56.6427866872261,86.1273677720992,75.6013604267426,79.8083325495059,44.4074008311678,48.8873820689224
57.5136155110255,69.7710099970487,67.1351505831202,82.9972671885207,70.4845830568742,84.608377842947,51.0266190581833,50.8482767575956
56.6666735121777,66.9476016426005,64.8856321171616,79.0997023176253,72.0435279806595,81.4135273228632,50.1453077970916,50.0103489980016
50.2411226010822,70.4527662561449,61.5663365092323,80.4420036433873,70.4324933376618,87.9512538694358,47.2685916369009,49.8410008374217
56.6227919138891,67.3621812281611,64.8465131766428,76.6045637254972,67.0052257775196,81.2618407191514,49.5892746908172,48.140269534413
55.7894515198403,68.2841131357918,65.5391265572702,74.6674940669358,65.6125039974972,81.932261056507,49.9270466144345,48.0343532249625
58.5020175304837,67.4204198677822,65.5255716024381,75.9010360835304,67.0125251776604,80.7781169140181,48.414906651399,48.8702653455461
51.1739538268116,67.7151258554681,59.2865034494848,79.8379908199262,67.6737459334953,84.4696624877753,47.7296283489129,49.3437081569918
57.4899850081659,67.3661403473167,67.2422677460434,72.6234079302628,65.922919631937,79.8501720717569,49.653611423384,46.4380601561357
51.1282360825381,67.3884605313254,59.6384360228759,68.013635133098,59.7511915465834,81.9915375257861,44.6680087236255,43.3305605888858
53.1276479957553,70.7050525105314,61.3133835186952,80.4885967361302,71.101891837497,88.2518885768293,46.4452522655849,50.5191190100981
53.6547925989428,69.3740560326743,64.8221375428804,86.8379417425015,75.6119257077059,85.8640927835064,48.7111852970171,51.9816674708969
51.6827003067291,65.4452353612886,58.7965857403661,71.1816951953418,63.1327017931326,79.9861032715236,47.6966882581068,46.104333817392
52.7539243801612,66.5504365457393,60.4025887138715,72.4674643945798,65.0367990327706,81.4281722261825,46.7001383547229,47.8146421525389
54.7844455345698,68.2690824315937,65.8794238572236,63.8958738267935,54.5384825628349,79.808778169763,50.4868101253717,44.5935743774607
55.5148554721856,70.2800669188808,64.1852947873022,83.7600292693792,72.8732753690297,86.954199608431,50.2437256532158,51.1976536955631
55.7792019688055,68.6577156009898,65.1117028264322,78.253274863407,68.3908001988039,83.0320441379081,49.5330638581854,48.5309862183897
51.5112148600412,64.9437028752292,58.6724789106289,74.5079554547857,67.9178990145536,80.0568381113433,45.5621797303556,47.2335379512884
51.3973692302357,68.4298126081843,61.628483459318,81.0914784670542,72.7687155755627,84.9493487076487,47.976316015646,52.2839891980512
57.0232135491377,66.0553100812151,64.5232529430123,83.0581336177689,72.7218935585258,80.7050258618794,47.3500597613946,50.1586076672703
49.8009033640685,68.512366268893,59.5078756612828,85.095207210083,76.7402058537803,86.564299593045,48.3841612360705,53.0938962399518
52.2330836734431,71.51557468561,63.5144050044948,84.8155216080577,72.6302919963111,89.0568632205845,49.1342888558224,51.4168858339487
53.3437699748776,69.211291648934,65.2155313293967,73.9093790312869,64.8297683369993,83.1863927758167,49.0843751441899,48.8325881822579
49.0080728024538,67.3053872976263,58.2033434590162,73.7254478858095,64.9107490315787,83.3818782395681,47.3317766070428,47.4125005671195
57.9562712290453,68.7893263801489,66.6760900325886,82.6014074848865,74.2888266462577,83.7610260975884,50.4020719776023,51.8324829430393
55.5551633004765,68.6315671256292,64.7867747292048,81.3034137616137,73.6620854853478,83.9694879224381,48.2687559967726,51.0147322549584
57.4111613981398,63.9002497384023,62.0200981929215,78.4707951976672,68.8228358784998,77.8674992141439,47.5802070876296,47.7628943593662
56.9570424739433,71.8695604990706,68.6802579547358,77.8978655037035,68.2142145649408,86.269003550128,52.0544849409229,50.5357943148176
51.3319464219513,66.5541508322519,59.036880894461,81.6242657321639,71.5852548396928,83.380072129169,47.0145479339662,49.7036407636005
57.0737205778735,70.9265005155104,67.8503220404087,79.7921816120002,70.2175434328686,85.7583776112838,51.3577921110091,50.3183295577961
46.7176211968675,63.9760020285728,53.9921557280174,80.384838622995,71.077332854619,81.3447057320324,45.7120143849543,48.8158656444702
51.5611503604931,68.4118651226535,62.1356866370745,90.3339575643658,79.750757635951,86.3897180730017,47.7349414418162,53.2632460870217
47.0608237729762,65.4574894470447,54.8248894604918,90.9325347348139,80.1347912584237,84.8553366467886,44.8228573691933,53.9860969014024
53.3464141870579,68.6347634904517,61.7557332137781,76.0614196794536,68.846319088346,84.5439395082961,45.7655167949856,50.2451950703402
60.0886603277274,69.8326028908838,68.7230226662553,87.2527121740528,79.3060118229322,85.2966551842047,51.0955815505408,52.9401715966848
50.4481600684932,67.6727280315386,57.9135080918965,82.2417411653385,72.6137672352838,85.6361732927952,46.5816615320266,51.9659982638295
53.8521719357363,66.8223354553184,61.0632307015105,81.155340819487,70.5798693866116,82.7625576868814,47.5312004011762,49.4881860147487
53.8309931527822,70.1717839781428,64.5305913327792,80.8384102228358,73.5652722750432,86.5631984774906,49.2595970582579,50.4385422349098
50.3958870764693,68.2366667974254,59.1821331042433,86.5802815859413,77.1958470847677,86.5159817876216,47.5354557511232,49.7886293496133
55.1700899235851,70.509371062101,66.5776897929299,68.3179852809305,58.5213814131936,83.4166899965529,49.4728024228817,46.4519075390129
53.1846676386666,68.9007898323876,62.6740689330706,79.016019244026,68.8594072773864,84.8607115918093,48.3406398828781,50.0977789511178
51.6117246727326,70.7653196065946,61.9512346931766,82.0167978187716,70.6765978103758,88.2686092328864,48.4530662232972,48.8135335671219
51.3197831385944,66.4843435696621,59.8326873445289,83.6088967697856,73.9184102914332,83.4533259582259,48.8616057465088,50.2560830042755
54.3562819000834,68.7908879915659,65.039865693541,86.4688629475594,75.9899888878127,85.0399481230996,48.783946843293,51.6425429545871
50.9756442860936,66.4093245127988,59.1830993866869,77.0732447900578,68.4413229360055,82.3272403183992,45.457765871572,47.7649440150189
53.2737234028276,64.9673903838882,60.362346712909,83.7833775357886,71.9089357680853,80.703336588802,46.0075637215403,48.6746357909924
45.224598723156,65.4698221716392,53.6296967221932,79.8027208199709,69.6971641739425,83.534365683381,44.6640221498163,49.5012675468045
56.4667506800898,71.4205912554265,67.406251167306,75.9032306121391,66.5553103589393,85.9079712501739,52.3213477764549,49.4936434596702
57.3878385710173,68.8207524472548,66.112243074858,74.739180956799,66.7151486216782,82.5845748461484,49.6517599589881,48.3463673734494
52.9263066892614,67.2552734733339,60.544569453213,74.9998104861821,66.125152530768,82.7607900937264,46.3274750996208,47.1390108833499
55.3345100329835,71.0555893546681,65.5886908827447,76.3571252756826,66.3316122649111,86.0993812717237,48.7725360762681,49.8570788044984
51.9884156289817,68.7951589389384,59.6344394918724,85.3348072823407,73.3628460160866,86.8669636296193,47.2145624175343,50.7710927907998
49.4654017832007,67.2684877809745,57.9170667232836,74.8666324636343,65.7579052335609,83.6933817764304,44.6905533361669,48.6475219393833
49.2679370271818,65.2544047979383,57.1747262820435,83.7700208098959,73.7457967306622,82.5331432602536,45.6363403145263,49.9320936317143
54.7557381969619,69.8953212546751,63.938992254452,73.1920968935263,64.9272668892451,84.93542523435,50.3179922182286,48.0330863002807
51.860179763232,69.5586434815226,61.3986595852883,86.2429138911862,74.1830912001375,87.3055698315125,48.7505789717618,51.8485670024729
54.15410007636,70.5889783588741,65.2028882462144,81.4702408963849,72.139602980183,86.4462517116703,48.7255963440177,50.0165776360286
57.5347976392988,70.3996224134772,67.9158986127985,93.10083329099,82.5058735523455,87.0543210937829,51.7135590881855,55.1163139917602
51.5752214115731,66.0938573364947,59.7933708719393,79.7168973177425,70.0496310598564,81.9696273808547,46.2000016737512,49.1687098847673
55.7500490826278,72.8094386026786,67.3977284974294,82.9997318375068,74.2152930154297,89.0634689738879,51.7965656310364,52.129044069294
48.1145167673518,69.2707142541902,57.9086281710328,84.9816094831651,75.8944470676057,88.4717396245709,44.8035266311615,50.7115672352489
53.3080057997429,67.8937718919391,63.4313037662566,83.614284247285,75.116316243085,83.8838944270789,46.8411652264366,49.7292055221924
51.8050082421067,69.8427766743389,64.1935453376215,86.6569842630821,76.7743688808032,86.7051521430213,47.8824715589037,51.6295078323744
46.4574113113664,66.5977754421385,55.6579810103567,86.2358612318886,77.6189005116401,85.8055566266466,45.2653065136524,53.2270667850771
49.6856203045266,64.9689754340368,57.2714837830415,80.0222126357068,69.4880871735532,81.3444805385689,47.3810025953727,49.4749330765138
53.4842076570213,63.8200568124716,59.3329685698656,73.8431694100549,64.7383887401264,78.2825006565317,46.1199625212494,45.3789936546688
53.7197403385762,68.0059543506292,61.7371671641829,81.1700334961778,71.7968779129353,84.4374977776033,47.5919931741042,50.1775563347784
54.8916920602371,65.7359997895795,61.7677588142277,79.9475605523819,69.9965514250636,80.7089009563938,46.7406611104477,49.1163821980083
52.4941513233375,67.5969591080259,60.9231434839181,76.6766340318992,67.8574041157016,83.2810895733198,47.2613194010006,48.780373118563
55.5326648650196,66.4095555380508,64.6642741746158,78.8427632769904,68.9572852388746,80.4645048637468,47.3250741953791,48.2725317443099
52.0061270099081,65.8470180426288,61.3695662142374,81.9824301067433,74.333717440451,81.6696427860074,47.8446954020351,48.2643272582266
58.6273993269568,69.2673822121353,66.9693928158739,83.6178224672993,73.8080698616517,84.2896841138528,49.590335799324,50.2296675849967
50.0010858885618,66.9409677245584,59.9205565059896,79.426230847003,67.6047178185038,82.9231453960089,47.3422792568568,49.8776936161219
52.5981767742521,70.4010656395975,62.806346149282,85.6112771606471,75.0655495569591,87.9165239230164,47.950707882288,51.1128491844143
52.0616432112147,67.1522978841626,60.428335326128,79.8181427621422,70.0059668987548,83.4122737883747,46.2976130198612,48.5827539790646
53.7670514271248,68.2732786960033,61.6285219725953,83.8822324005475,73.8794290924836,85.0968852058028,50.5909099470769,51.0193146609669
54.7255644391895,65.4741127998157,63.0890526353965,81.2929618562372,73.7040722632977,80.2619722920681,48.2371126785869,49.0850942658518
55.5384227565128,70.7948177728246,66.4751749806044,83.1036852259981,74.3186004953928,86.6767624541396,48.847827490093,51.6196188297054
56.8172902416872,66.9405524554117,63.3070532234568,91.0387859757901,77.480339566574,83.4855985595169,50.5564771066174,51.684257774357
56.529466938832,71.8334170120897,66.0134725953858,87.8611155578962,78.3007258202564,89.2505989085116,49.3696744194347,54.4028650504261
56.386003000064,72.379825823945,67.2885884713937,78.2501708236331,70.8528443260546,88.3515263476643,51.2048511198745,52.7332384601554
51.9227886970291,70.2494167923117,61.7972681437219,82.7590578393112,72.8873984395002,87.4648247768553,48.7483621675718,51.6889035020823
50.7764358028666,68.1926643166914,60.270628802188,75.6475838670614,65.4792411128911,84.1837756961735,47.8186393781957,48.1579211782658
48.8571317187629,67.9049167849103,58.8230998733141,73.6865531389305,66.9834199332399,84.1262731649524,47.0269985587003,49.0263041502684
50.0595748260088,64.665350657087,59.249345811022,81.4065323666736,71.5547252564248,80.5275568070586,45.8111214465746,48.2859947497721
51.6323630122574,66.7713415741809,59.3488842815229,90.0235078183066,78.4047983796832,84.752055459454,46.7174041805497,52.6682047144414
57.5506416549457,67.7109496082738,65.6502809037181,84.5324216514078,73.4479703589749,82.6003934466846,49.2378839192391,50.125119306932
59.7655771981495,73.1934591752315,70.2066822675836,88.9955010489762,77.7116957092996,89.5321836022536,50.6062611800785,52.6899958399945
50.3787998399937,67.3000228441389,61.2889782190593,87.3186555168924,75.0954641856548,84.3573292003287,47.2929550301702,51.0921807132173
54.5215630821483,67.9316136583047,63.0714454804062,83.7079635804011,70.5000655929224,83.4393370909772,48.5546320094177,50.2897515371715
54.6307586606215,69.8503802987686,64.3930808043766,81.3402302682508,72.2244532751783,85.6017264418041,50.5569445448033,49.2008199869395
54.1564723370354,72.6640145388694,65.9883026448828,80.3041244285387,72.4239478201613,89.1666890030212,50.2500895411653,52.2065460575111
49.9995256117016,68.0255454470441,59.9125723771621,74.3891800629958,64.773853259056,83.8982988055016,48.7485732712603,48.1024463559673
47.5683289124385,63.1888963622185,55.0905945284631,91.5606115030417,80.5839327381493,81.8053804358086,45.1557415299554,51.3039776244273
56.1256262534156,66.8956007280903,64.447151151563,93.85470872268,82.1506155320908,83.5813728812415,48.0330616747695,54.0252414818657
51.9957123133156,68.3161395383532,60.2769233833891,84.7684324699458,74.1755935230792,85.8698656108217,47.5668437481964,52.0445282461631
53.0108850289611,66.3302708994277,61.1157183487216,76.1170302870884,67.3024392571869,81.203090993473,47.8238049767714,46.4668326837447
57.4523092774192,68.731585129573,64.4340760980291,85.9967359878518,74.2270558278863,84.9266101160918,48.7511235325559,51.0390085690925
56.6092689849419,70.3026822934726,66.5744879949624,76.2507667680884,66.3862744759019,84.5701996284002,49.0319180975826,47.5355065410826
49.4273233287071,64.9666214978201,57.242727084768,81.8425353773341,71.5059334608595,81.6884939077774,45.3487774082645,51.3566513831236
53.6304067759635,68.0574687746567,62.7214622070861,77.4465746755304,70.6231713874939,83.3880486473249,48.941631150695,48.8700033149765
54.9163643038904,68.0943599503445,64.2773088384342,76.0810508125753,69.0702912826458,82.6349425191377,48.0402017751333,49.4180894174902
57.04020916959,69.4681320702563,64.974790999022,74.4354704543174,65.5597073367441,83.8888444076095,47.8264513375639,46.3325697365338
52.0765395081558,64.7496590095204,58.4466522813858,92.8797692510864,79.78359376594,82.5966146035557,46.9345530141127,51.9072099780832
52.5031210032341,68.6119447648306,60.7698296217383,82.4584304908512,73.2198911402453,85.8918513645961,48.4751389063507,51.0039410913026
52.1470926801262,70.4934700115173,63.1247600513929,73.8628914416936,65.1921631394332,86.0656155785786,49.5680462014391,47.9599874479521
54.5480514932981,70.3029793958895,64.7641126104006,85.115384949191,75.4964698110048,87.1436135808555,50.8938282752933,53.3490392149626
50.829301743268,67.6037189927166,61.2102988994243,78.9086105167515,71.0334361214124,83.7241454098849,47.9454790727696,48.932768169662
52.066783523082,69.560166586436,62.5834357008228,76.8477458148255,66.3034634733498,85.3157219471932,50.0982904326222,47.5720873041531
52.6533509879936,68.0540171228178,61.3483165030375,77.3012432244632,68.3866686586353,83.9494491616336,47.894053602627,50.5813147922279
53.5961881832715,67.832417939409,63.0704527827934,76.125354777519,67.9951451938034,82.7645028571371,48.092636367877,49.9541772278032
52.662242271625,69.9212940130663,63.1893029004448,78.285779041964,69.0094064644607,86.1366084174078,48.5293425126398,50.5951770026378
58.660610363456,70.3984075628687,68.1897575132383,89.7367337680987,79.3690428300944,86.5081024549825,52.1308878676543,52.0131394973359
54.4741904231359,69.0556650669793,64.0376506200044,77.3551160918183,68.2875981630877,84.178227155401,50.0213599492536,50.0473168631235
56.9808381809679,71.0246626265145,67.0444163192448,85.3609720335994,76.5520362171502,87.079604250646,50.5123435475632,53.82771034969
50.5379885758773,65.0390562721615,58.6417694759823,78.1010078839646,68.1763158475122,80.5986889249543,44.848644099195,47.3278399901093
53.7097383072986,66.5456937424147,61.5837923982226,79.7428709220817,70.6015504428559,81.7507400829267,46.7753260839555,49.6361537788209
49.5362467992781,64.1637970025591,55.7656145982066,73.4686596471978,66.4654977019511,80.1876913709334,44.0728792901685,48.3642526698263
50.8313344556293,69.4015038798296,61.5491002263784,84.2635972568172,72.7902765969766,86.6223386991847,48.384902440066,51.0891530024326
50.993698385566,68.4124700145419,60.8602582219189,94.398789983592,79.5046848990321,86.9657658455471,47.1094553189866,54.5497118382632
52.3530674322798,65.6756721151307,58.6508664311903,86.9693178606057,77.0650274285784,83.0864606997142,45.8085497773959,52.5447425748295
51.1569230422537,68.1106123663847,59.2541735603399,78.0604889743581,69.3961653146962,85.0808359241039,46.8404798688375,49.4285962977076
58.4390177853241,64.8678384759819,64.7145796970942,85.410068825858,72.260920144073,78.7114306819386,47.1932983548373,48.1268853545633
49.962039922153,62.8345701302796,55.4054225104291,83.8598838617496,77.345052965779,79.9583753075483,44.3546769522144,48.3385079181176
54.1562481444923,69.6967000000277,66.4113168554786,81.9725107629636,73.7379490690466,84.9957668449081,48.7792814669977,50.2577987719937
58.6909036614565,69.1351867793652,67.3186367787864,88.3908721187603,76.3462832386408,84.7631120309499,51.2893221771947,51.9770565331755
53.7326903945919,66.2021037338002,62.4508325212082,85.3477625795467,74.9758757677958,81.9367801035718,49.5583846059522,49.2444757902651
54.3487652090554,62.0751130276187,59.408303620107,72.7628165592705,63.8880035399381,75.1503269810873,45.1022874502866,46.1923434018994
57.4397012805196,66.5112318638001,63.5536920779783,72.9679728304752,64.5507994311042,79.7580124930762,48.1054322802811,44.8114623379209
56.5635140840057,69.5627878641297,65.9217287626809,85.0469732577863,77.094466992954,85.404033733432,49.3166747958095,51.7200927567696
55.6722809773893,71.1626796279425,64.9459226563126,80.6545233839886,71.1716535770558,87.3987309968155,49.7280345742422,49.7247282489602
54.8452298080175,67.9911799048757,63.8970570888436,76.7418648617741,66.0388671166243,82.5285169312798,49.0949392976696,45.7266822560472
53.3924826418743,70.4573214232178,63.775134823733,79.062005515837,69.4609543830918,86.4876480553465,48.6982726879808,51.2330899967924
53.7115639028368,66.3588711899624,60.5779191540828,67.8097352236089,61.2695011438285,80.3349211122005,49.6611797598379,46.6155624363968
60.5778140272291,69.2170248021091,69.7858886555661,76.8298004290362,68.4143742591813,81.8772331675291,51.2018352888439,47.3358427979665
49.0864818198031,65.4305906499199,57.5762134400785,84.5980684939716,74.8214009326876,82.9714032110625,44.9612284023169,49.6365149622162
59.6005675989545,71.0553795794103,69.290658727715,91.8797359770139,81.1831209514908,87.2915003486091,50.6317930240093,54.2440301667461
53.9109307361131,69.4902700831308,62.7218888256507,82.45115245614,71.57817060339,85.9348270746155,47.6343999199251,52.0205376024743
57.0669552058139,68.2777153289394,66.4344596819494,86.2923314504465,77.3645656780783,83.701152193322,49.3167877394578,51.7283529002036
51.559698265993,65.5758371782536,60.6959833872672,84.1781451309115,73.2660785544655,81.1864710893094,47.8480285879415,49.5201441203802
51.9346870957532,67.1951615447572,62.5018999500578,87.0727425877838,77.530492427799,83.6517030727178,47.4684794669916,53.6870872353478
53.518478715255,66.5198728194924,59.7392460702653,80.111570379744,70.5004338646112,82.7624265332525,46.5045989478591,49.6372969805817
51.3433417466838,70.6714634723837,61.3627448475733,81.1985709521421,73.6638349668778,88.4896648978859,46.104996091354,50.5620301088175
57.3215950572551,67.379392565076,65.0603637363247,85.8009854615233,75.5973249805943,82.4730328562914,47.876347631133,49.9557056618951
50.3180424788829,65.512394331213,56.9351717240294,79.1696244388078,70.9666528416524,82.4844674169389,46.2793730716206,48.5999386069057
56.5153593336546,71.9445943082425,67.0671403701408,72.4918271726576,64.6856280045514,86.2908406942977,50.2452063912917,48.7805099879128
51.8881839328236,66.253735292772,59.8239501207782,87.0756516218328,77.6723668578244,83.5813574611997,47.6803301582607,51.1222788250632
50.9828832113245,65.9334998592581,60.5993570397979,84.9446715448638,75.1394811126033,82.4978140329137,47.9457536609201,51.6264738941524
52.482963300868,72.0665620104635,63.684207576683,79.6540718772448,70.8429070897073,89.1677076140093,48.078934311714,52.2617975620553
54.6654268709682,70.4474159910617,65.9029570321402,97.8361325732737,85.8836997885229,88.7129455338585,49.1827626855789,54.5947800729295
54.1456271692527,69.0213026056534,64.083379572846,76.0066393634426,66.2144199624173,83.6857451126717,49.7986391864324,49.4669124455018
49.2244876293912,66.5724633465053,59.3706787292483,90.7781631584846,80.5836605605069,85.0128693577127,48.9391350915924,51.2114788540023
53.7377404673526,67.5664427724253,62.6038887197448,85.9505868844857,76.5542193962674,84.2442805943446,47.5261468456964,51.2593902380275
59.7824501217174,68.9068245008649,69.0250373446286,78.995217085218,70.6802622257107,82.1895265341156,49.912262569807,48.0616768779518
51.5839618887556,64.5996131631594,58.3062026070354,97.0765177749179,85.1419010439702,83.5765648091652,46.1380404016705,54.3604893013842
56.5326121415334,68.4728940251486,65.5504706905275,86.3445479885183,73.2891076457514,84.0630598558241,49.5755356296533,51.3422330523849
51.1939674407039,66.4494513860442,58.6348466852323,80.5346583382545,69.365374391783,83.1295941079254,46.7481895451512,48.8645548080522
59.2263272451348,71.7672284475397,69.2672085969325,83.580445938937,74.9292597971328,87.144116510639,51.7995721390942,51.8319418691864
57.0293908444536,68.5094061834783,63.0489525357159,79.006754821141,69.8044135259854,84.0700572357828,48.6205104668523,48.6403256187039
53.4845788204765,73.3130718981731,67.2983883312153,73.8281426533231,66.5604790171516,88.4827370619377,48.9466952163971,49.1921116537844
55.3606310676199,65.2882684714889,62.8037253626172,71.6402860453418,62.8616021286048,78.0577345256146,48.1072687071838,43.2140953743294
50.8969443189331,66.1335642042091,59.7138168368979,80.9131249391774,70.5228098735595,82.0926761117915,48.1083732261728,49.1518916236522
52.7852803121321,69.8543499195473,62.1457895731388,78.1723915785837,67.496505664136,86.0085352850863,48.2824065852101,51.1277690831329
60.4020126880804,67.7528744395298,67.9866996201128,84.0844100890266,75.2279139755195,82.0104727698276,48.6766335880438,49.5636842235842
58.0612438469249,65.1397254077288,63.8549976713339,80.0821513681662,73.0574659973734,79.201558638001,47.3348103325607,47.4168040440769
53.1916021437894,71.9725156518664,63.3621068455863,85.0108264747354,74.865957701723,90.1012835509474,49.031701797743,52.3908243082884
55.4591825470168,66.1901563831622,62.6736638388357,78.0777121272189,68.6001396805109,80.6683840696116,48.780771753818,49.3485833442999
53.8942861324264,66.6182801806327,60.9753351916009,89.6169028945729,76.6327454015154,83.8823022963931,48.135634729334,52.280667214711
48.7949301447719,67.0534465647711,57.588196873757,80.1870009907384,69.8008028053684,84.4513497042591,45.3021669487757,49.6192182561227
54.682642273764,68.7224969873783,64.6779143158201,80.8337317986867,72.7178550265233,84.0579143681467,47.6354910531986,49.5920028663139
58.5617784950436,69.3631152595125,68.060393290188,82.9704140281493,73.4980735388867,83.8825670286648,49.5885793162096,50.3313411643788
47.9016412080007,67.7319492896741,58.3768388191727,83.5507326760242,74.2470791166441,85.613993728646,47.3886749399505,52.3219369717532
53.3418925308321,69.6829808560244,61.8848349689311,77.0268336296375,68.9811446422635,86.0229016390299,47.5666039788838,49.5718219407484
52.3525575017327,67.5990454709871,59.9063779217044,74.7935357453682,64.5326239846381,83.2605620934033,47.2519386876186,47.9724796819823
54.5738128693484,65.783054704002,62.7793270483123,91.3423831476312,79.4987282425183,82.0080924444396,47.1516576123367,52.3343409201424
49.8174021173023,65.4617545425871,57.2409701575904,75.0328838497779,66.4159685398399,81.1203644623564,46.1554209153119,46.5204237848931
54.8121621010803,70.5945217945129,66.3114189140476,82.4745835568835,73.1267815206961,86.2679664932973,50.7458541830877,49.9701191844007
60.7823967208163,70.0085560132551,69.4205439342944,76.4587001616271,68.5240671006467,83.339853448016,53.0000430498881,48.3428090076039
53.5999517208265,70.8066448245522,65.3489692241479,77.9793956989299,69.9838627335487,86.3939039693661,50.6379347933714,49.1493549610877
49.3693136203505,70.2195984114763,60.1347437829611,73.6975093872992,66.1422604395631,87.054984135877,48.8689505829706,50.0715378654904
55.9134448504769,71.009496924021,66.6438494776641,86.3981333357363,77.9708086672155,87.7500154384723,48.7496716649376,54.1815441047852
50.9333180305266,65.0363121455131,57.6219707022731,78.3843698800489,66.6929784648618,80.9465531177516,47.4262986974527,47.3299966630296
55.016207262472,70.5828424448288,64.6481692743495,68.8194177329235,61.3744253727274,84.9392522965029,48.501306011029,48.9450922792272
54.148000749365,73.1589560040897,67.4950915265848,79.6028003395509,70.1396294796043,89.1546440849151,50.2678599065448,51.8451656067607
57.109716787075,69.9620118194587,66.4127518601322,73.81681986406,66.374272368924,84.0541727455236,51.5126087821261,48.4140364420016
53.4563067613073,67.8066183722059,62.1032337738659,80.0207904535563,71.303154756102,83.9063900769933,47.0404623624395,48.9341806141849
56.7477447171139,69.3458487860469,65.2994786875163,82.6050774452803,72.0919137623478,84.9476241115308,48.6562867196934,50.8969712546135
51.5680271551618,67.579557819422,61.9957466157622,93.085130806576,82.4216521495044,85.5898729484219,48.8895668199906,52.5896806414671
52.9322221810231,70.9300625144125,62.7842805385104,79.3096746144318,70.965554595943,87.7819683209752,47.6093873831567,53.3622470147576
52.68580331448,69.2841242443205,62.4597170188026,82.0297345922519,70.6711461610408,85.8618539692548,48.948914505263,50.840314184919
51.9457534359338,67.2410923474471,61.1389376124259,95.7024479897155,84.8021576146753,85.5787264066137,47.8464041376681,54.3629906072715
55.1467852806929,65.7966382032829,62.8627402256425,84.6647582117942,75.0662383944332,81.2707770948703,47.327179994199,50.6264133141415
54.1414262960964,71.5222107456574,64.0248784844224,78.4788034708035,70.8511078808053,88.1001178087203,48.5250853703982,49.781054796173
59.7487065341821,70.3147157021731,69.0835768554021,74.1385762221512,65.860828859031,83.5093395230912,48.9618266184236,46.3094863374444
55.0579804658971,69.4296128838059,65.6613956281439,82.2656478615088,72.1085545455633,84.8902224541992,47.3431279115261,50.4659582997729
53.0690707296641,66.4270883335887,61.5253118391996,78.3930579483309,67.9152219062772,81.4694837973251,48.6216784810985,46.4610643860432
49.9977223433197,67.4246534198177,58.8200706317939,84.8879333580714,76.3426621019546,85.1842900559706,48.3255185819822,52.0974229514987
56.3317743396289,67.7537657200919,64.6840178703621,82.8623786923761,72.3912452971371,82.9269897846165,48.4800801994325,49.9147221908528
60.8963506625336,67.9102950275954,66.7832527955201,89.755368847601,79.6978342470471,83.598075742171,49.3419682462111,52.9428788144187
52.4567522660969,66.8137077004299,60.2635868152022,83.7157848523619,75.9305407106998,83.7911094832831,48.5734995672238,51.4091992392693
55.4074214647076,64.9327547333351,61.8106335230465,85.1535168299679,74.7365827655581,80.4878139644739,48.5575712636414,49.7884644710693
49.8771183306065,65.7230748060491,58.2978552394294,74.9706001071054,67.1289201608054,81.3313247756157,46.7990324110872,47.0239543884381
55.4722666674541,70.3556213000039,65.5988694537885,73.9021166248591,64.0747580596306,84.6313374401596,50.0153693239375,46.1244259802035
53.8055246874206,68.8924352798518,61.6237442767757,81.6870272709337,71.4590658557023,85.5815147135957,47.1985951481288,51.179454631808
48.6291017421515,65.2091195552993,58.6115744112276,76.5448696558513,67.8214182866013,80.8035702330276,46.7122495910136,48.4385495446769
54.5744039191873,70.0828736067829,63.8480677865933,72.9443537432969,65.4390737935107,84.9855726917963,48.874037465857,47.1343454297444
56.2058627663886,70.9313823662203,65.8920963618132,83.9310935533652,76.2741119250608,87.3946221729519,48.4884229125258,51.8415643475181
53.2506501095678,66.0065951700958,59.9305678330532,79.638655675183,70.8586990517147,81.9033617991372,46.3174924598682,48.500222224381
53.5207736723871,69.6559679565589,63.3398362838931,83.4945840459829,71.8050613664001,86.2165266366754,48.5106743585541,53.3302454763409
52.1653266894778,65.5675014591782,59.2935029918405,76.6410334343861,69.8004802497478,80.9884862234404,47.2347826147669,48.8830419943024
54.235850374969,66.918009087267,62.4261114084624,76.6602946224408,69.7568574036921,81.9122971710964,47.1072125753544,47.5439823115595
50.7774496644493,67.6867801994501,59.6285801674967,88.2003437854865,75.3176132495814,85.7189098594341,48.0240403201656,52.7677508388552
54.7375072196135,67.0163165258215,63.9677146573901,72.1224814158874,61.3575024015397,80.3505118810177,48.1898402378861,46.4270609667438
53.8821157051969,68.0202072597955,62.5930938908167,82.9368713375182,71.0432763828683,83.8872954108819,46.7735466533728,49.8163546586616
56.2192075579633,68.9137619470292,63.9089021988152,86.840720830963,75.7271489200927,85.283635348929,50.5624394581276,50.1961188566996
55.2915385288737,67.7971373031779,64.8191968339003,75.6322772996056,67.0730367450837,81.6865699913291,47.6886192794397,47.0784157963376
52.044117103842,70.0807560617649,62.6786150851362,78.7544816565589,70.7603479680356,86.4273596828049,48.1087864907983,49.243622314696
54.3809884479687,68.9128979715195,63.8723406009814,78.3359194175149,67.314828666585,84.3293633291639,47.818456312715,49.5055502511615
57.8566635883597,67.7751532705262,66.5843268882244,73.3281540001498,64.6472956960742,80.6301570160203,49.9988948839582,45.3380765884358
54.4513788802433,66.8070278607901,62.8833017747102,80.0614334271274,72.9129323868751,82.1097470876068,46.1711876313997,50.050822299129
55.9764688218747,67.8534676427599,64.4760021478921,84.3938683574424,74.3219168133422,83.4250390806355,46.651685555302,52.5654210107268
52.1867738038494,69.373697355139,63.3869275734029,92.6618447214149,82.649690261969,87.3053830985343,48.149837610476,54.2519427865022
58.8835635039075,68.4182823683297,67.5448394331318,80.3847358493256,69.1272729499438,82.2115550085223,49.188639417631,49.2902397699454
53.4863190818886,70.0712272969263,63.9073419205204,91.8307232950064,80.4906877731247,87.884466969738,49.4750518315398,51.9236001963306
48.9873853843514,65.1898796191529,55.2096591742281,77.3508679317154,67.3098110571236,82.032730791735,43.3936028339426,48.1177029060577
56.093566328302,69.0355201571948,64.1422951946788,89.8614586326407,78.6884778964759,86.1503776090884,49.2191673168578,52.003243931594
50.3173663603783,65.1679002779037,58.9398104230752,82.8953364842066,71.9768397577896,81.3586593236322,47.9044438864121,48.224371395427
47.5323033596569,64.2356814684328,54.0111334662405,78.1556734369691,67.235751622,81.3145498398183,44.1004133200638,48.7413554137807
53.4489441360333,68.6277183535209,63.4345841906341,84.6219923269036,73.841280936661,85.1018206214155,50.1932769445375,52.7440185774904
58.3174807413194,69.4707029499336,67.3533160537277,88.3883926474854,77.0434965796364,85.141943872978,50.7186958667812,50.8616587103839
57.1782878925448,72.3109242852226,68.1349424521467,85.754131645831,77.1544133646546,88.8307889412617,50.5475742707402,51.4924132128499
52.2941849802955,72.6544982132762,64.1376188453889,81.2910153037001,70.9311739378013,89.8581954592753,49.952271879155,50.6489207271028
48.9259515811517,67.8821588745742,58.0501670271093,81.95572907217,70.6470267690528,85.5122950313417,47.5074865902365,48.6846737463613
53.546936436554,68.538236288207,61.5488013452367,87.1167293232239,79.5815526166444,86.3838533171143,49.6760210140032,53.1640796679316
52.2266618502223,69.3762573752645,61.8989407234598,89.3448783208534,78.1495939937499,87.5367006991318,47.0933057789051,50.6528095903954
56.2852152981252,67.9380573010694,63.4996000408546,80.0134682205686,71.2847221129126,83.053466849445,48.7648095126272,49.7403949092552
55.9979736348863,68.8814750101412,63.5766455191251,68.6899074344227,61.5849469197694,82.7942714399703,50.4573707940212,46.9182651615939
54.6415529423208,72.4279463962957,66.4919564427086,80.5293275609838,69.9639186004282,88.3887133777353,51.3478848402075,52.3808521826772
55.3084030446033,68.4729268275727,63.9901002109564,87.1672301097478,76.2852115193496,84.7657175837203,49.6116723900082,53.4538036232974
55.5159271666457,68.2662059244335,63.9668390834329,81.1069330559404,71.7250821358586,83.6854295481503,49.1443627324304,51.0430244400026
54.4507169475037,68.1530042179959,63.4844692535734,79.6804157675702,70.2570878211544,83.2947191709092,49.7560000519501,51.2170904476041
56.2700424836509,72.2093539501991,67.099112782434,82.4948820190863,74.428201418328,88.4549325870319,50.8334481492941,50.7355903714719
56.095090600713,72.1429799059874,68.0404516550667,85.9134301197675,75.7295488685587,88.2869817581889,49.4815084469321,51.8371138405281
55.8049629999356,66.0820111151551,65.2549222706412,80.5828184659273,70.5840360331427,79.8883346845903,49.5014862615471,48.8608175985728
51.397339868401,64.2103293966434,57.7219983873244,86.1953866965736,75.7948307965695,81.1647423390202,46.7372756740781,50.0745335175362
53.9973749435581,68.9572614945366,61.2657250451803,79.3500532573559,71.2595520079584,85.3398769142986,47.757605895796,50.6445691255344
57.6889439236856,69.8431347782639,66.5172642045442,79.3182233987732,69.3892068231032,84.308913966898,50.3353857452708,49.0494514854364
54.4154359617102,68.8400173019662,64.0294935631033,75.9108206218712,67.549802959171,83.6534888855187,48.7302297852503,49.0350473793864
52.332846210747,68.2146275068803,60.7307234839114,80.3811607309214,70.3880396215645,84.9931795764108,48.5313322945975,51.6861282867573
55.4770567383459,71.9670181603285,65.5630434197436,73.8222678755085,66.945790654669,87.2404153274933,51.5567923951558,48.9171241422038
51.5993226778288,68.7585930614175,61.9763071049782,78.3839488791347,67.1373519355522,84.8068639894454,49.1683732819164,50.320904476483
57.6098123186934,68.8734492130743,67.632600399156,84.894860483279,74.7839287987067,83.823046764062,50.8477253146692,50.1288883893664
56.0346604810535,69.7176472860308,65.815479080934,85.7437824928173,76.6373243941103,86.0021181006576,50.4957166399425,51.3160531108136
54.38652076501,68.466550977192,62.3752858558995,80.2723963496923,69.3871516054005,84.2426548479146,48.961601642604,47.9822512774464
51.6773709440011,64.8345084785241,59.2167566624825,87.8307910885545,76.0666773731102,81.7645491388385,47.6244032877117,51.3034642485763
57.2775983000087,67.8608228712576,65.8990887021871,90.3173066173615,80.8535688097864,83.8076211455378,48.938383513679,52.1478584414884
52.5374344326402,65.5347618323163,60.8595743153571,79.2020918749122,71.7438175999781,81.0067951167676,45.4201833657955,48.5588694743196
51.023750317004,66.4133374437974,57.5621603768144,73.6658890143781,64.4867326565514,82.3556154505369,45.7598370073761,47.958290089626
53.7047268790107,68.037417116291,60.5839336013912,76.106771853857,64.9224334329208,83.8104038484376,48.2038081088845,46.9292415376223
49.6941047715044,60.6843196366143,54.7669183206338,84.0930988381652,72.0769798487327,76.6830651106201,44.9397133967876,49.6868260236224
54.2313699432029,69.3446496301127,64.6749660449037,88.7008810893533,80.1576281325027,86.501385344802,50.2508158970421,52.1090410539168
52.4705735860622,68.8287036835214,62.499302874437,87.8437127788597,77.7694190997877,86.0262514096161,49.5148669566627,52.2139164759505
53.3950536009747,68.7488657349729,63.6979720519619,79.7140803264369,68.4821951909734,83.9276876720937,47.8570075681203,49.9776105613804
50.3743263892278,68.8161830368976,59.5054444539691,70.8755552202147,62.5184136439269,84.7073411168999,46.4031537612787,48.4044359326736
55.0075105406335,68.2168095508382,64.2162747385107,69.0216756929479,60.7633417099617,81.4095396605883,48.0651509209724,45.5050534901776
54.543914436336,70.4535584386889,63.6582884656642,77.2717656222046,65.8963933198256,86.0103496371857,47.2965771495946,49.4410976060132
47.194161280196,64.6919868653787,53.6439493270174,86.8142442120799,78.490390536737,83.9480814050768,43.8665046701973,52.7291630616849
51.1920520250556,70.5154719389448,61.6738348272775,82.3405849921623,70.2927354309074,87.956101952271,48.1095418726687,50.9819154975237
53.3854706104522,69.5393614128211,62.9484580709999,91.4075290510894,79.6920732124438,87.4511539718503,49.2588295677726,54.3291003042353
50.7092369671849,69.0462053014602,61.2900140781627,79.0451590408335,68.6520216638521,85.521956285488,46.8407113967551,50.0191402331606
57.7544144090261,66.3415117682717,65.8943162787857,77.6755797688524,65.4429146667145,79.3351238961781,48.3578831591768,47.0839625151027
58.6916677125275,68.647098220494,67.7921097793282,79.7570489745951,70.0715320734758,82.2563198014704,49.9984582205032,49.8369373131655
48.2829916961358,68.7860547230011,58.547898225293,79.6733149461663,70.0300859043362,86.4791984192391,47.3606968175589,49.5628079609996
52.9043805718509,66.8593174969184,61.0755150646212,85.448203814073,74.580444872206,83.5657795573284,48.5141202910212,50.0989393540489
56.4739025666508,65.112808708694,63.0507684520931,72.1847822179441,63.0434109223842,78.0335391242855,47.9676560772488,46.1299870164558
53.5162016320122,65.3895028395798,61.2910672010112,85.9001248279723,77.4366362188105,81.584735138503,47.0989895916789,50.6497862375452
55.6406737555117,70.7873228300821,65.593830206416,90.6465797325578,80.4505045133026,88.2450859298882,48.2744385678768,53.7603456740627
53.5627485945146,67.5926004333875,62.0960483077096,67.5139206517374,60.2391478231183,81.4658376687539,48.154712918232,45.6876668629912
51.2556041335778,64.8226051103919,58.377169372292,73.4896211229292,65.7612284725459,79.8278771361314,45.6129178454381,47.9361650363356
51.9407843902303,69.1867770388802,60.2335368025243,74.0681431533074,64.6188494851374,85.3562937808586,47.7170402600586,48.381444253802
62.0740183824814,68.6395963187369,70.3773453867455,81.6960539965886,70.2543154815287,81.5334402089962,50.5124392911225,49.7820944745382
53.3864846016566,70.4597265791546,63.062259631426,85.114396081945,75.0048733534944,87.609656839489,49.0999977183989,50.3972571530365
54.8394670386609,71.2933010774573,64.5003890081166,76.83152794054,67.6424203478394,86.939634900948,48.5745414106085,49.608876828719
51.2848255356091,67.9128699604288,59.0582933084036,79.2640799246964,70.8583513948617,85.1205736504246,46.236644848415,50.4442005782256
52.9010653771573,69.5464906176122,63.0262898233708,78.4313457521949,69.634633282096,85.5942378539317,49.4712124511062,49.5823183351889
52.8088551916475,72.4951993405074,63.1934240807791,80.1400561086128,70.9710733605019,90.0715788257757,48.9012808856426,51.7779661554014
54.2486233021225,68.2676178093219,62.6828360823934,89.9583680752658,77.3010271917732,85.5203522449246,46.7557093370233,51.7148736428955
48.5822783063634,64.0329251351568,57.1191673652555,91.5575733821147,80.911373081662,82.0739530012261,45.6672424351365,51.6781266457444
52.1419956412805,64.8206681216392,59.068410990992,81.4247056634829,70.5457315548528,80.6225753492318,47.7899925599238,49.5588584934734
60.5466433544598,69.7364209802756,69.2483420838622,83.263266927272,73.7250149936597,83.8964183450196,50.467881509775,49.5244145114194
54.9741097195814,70.3304841926309,65.8114281739614,91.6247680922715,80.8870598435615,87.6449990657891,49.9475821884777,52.6985952454194
51.8758206897725,66.993338940138,58.3834390890254,72.8349478306499,63.3907310907542,82.5890313228423,47.2518342718879,47.1766603819479
49.3048146065558,65.9550905801268,56.6436880473041,79.3991474516936,71.661680000444,83.2204136077638,46.4294824935494,49.2295009839898
57.4009055487467,66.0048732793765,63.9891177552438,81.6893093100546,73.4084490235103,80.6651088146792,47.5778815113857,47.7941664698864
54.4448314713296,66.1249020560108,62.545893003728,78.9376293168581,71.1321158176444,80.8841448317877,48.0820107835397,46.3852674454704
56.6790147304062,67.5217469758247,65.7508600272013,80.3981443537922,71.170972674783,81.8731265897085,50.2832999619095,51.1501072003474
54.9404971122698,68.5332241560145,65.2385160033542,86.9304383889253,76.9854422986092,84.616042835122,49.8684247151637,51.1890173553946
49.3451549120225,63.7687962506798,57.1432361417231,91.7828271736395,81.631694898914,81.7419756198564,43.1322183240295,51.503543791499
51.5285169853744,66.5097044058068,59.8577617286204,91.8489692005471,80.7153843874613,84.4599005719579,46.4638183315111,51.5131816071562
48.9380566731829,69.9033595019131,59.6235451230365,82.9952680653981,71.8585385401053,88.2310499797819,47.6913709514574,51.993587060981
53.1966020348438,66.4010406006072,59.9872790467114,84.6792174552033,73.4960582116832,83.2980473655489,48.4366495486129,51.5098122947531
54.614947857029,68.3066479051987,62.9889053283268,80.1961277532321,72.2454842239813,84.1112578551075,47.5293239152552,48.361777725847
52.1226066320901,67.2276940573875,61.3263970347642,84.7943394780009,74.3682339199805,83.837027943688,48.7798282716061,51.9594577007078
57.8418849783719,70.9987075040823,66.8747413843493,74.3176723450695,64.9834363757668,85.2397882397563,51.9581042475789,49.8227741814835
51.4408541109484,66.8337953672686,59.2754396257799,81.4987919432794,70.2063107129789,83.4661829110975,46.8511396183414,50.21046632028
54.7031035511526,69.4418671261088,63.0647051169071,86.8579684343145,77.3309889149762,86.6401469677374,49.6250846112499,52.6484969853356
55.9179269673929,67.0915860094892,64.872344590075,79.3911289249971,67.5128074765429,81.2473039795971,49.0158412277082,47.2794998530739
54.338607316691,70.0985970393798,64.0594232013595,73.0940534994751,62.5016223450224,84.6749811665885,49.740888231134,46.767569850114
57.8722067148219,71.8207638133152,68.0710550918328,92.3672895459129,82.0543649795512,88.921227070594,49.8237374361839,54.6404197934323
53.9082975505877,66.9947015000263,63.3770392574563,90.3082414678886,79.8679393266817,83.6035794204155,47.3908414450291,52.1566747057041
50.2583934845284,65.0041002782734,59.3932820608128,73.7765637055018,64.7749083561222,79.6524705509635,45.871682501463,44.2625591497804
48.0980434433993,66.771920657254,57.6920945185282,84.1482402914987,74.2119134319463,84.6880748159393,46.3244642663089,50.7026633451985
52.5830738690706,69.4531539393147,62.413014149749,72.8653382443436,64.0222996348954,84.8352944794685,51.0697366715559,50.2120707265824
54.7154870595717,68.9336014481648,64.2639034724145,82.5410021296113,75.6863408250597,85.2389113457439,48.1513881862653,52.1992655490294
59.0351026926881,73.3433128247626,71.3298859214577,71.8494103571625,63.4795129106381,86.5997880809838,52.1254554196663,48.1028769198902
57.9639633930412,66.6068004577264,64.2964009096077,73.133644424378,65.4348264659765,80.1444067120605,48.0099456675082,46.9602324222524
55.7438866344316,70.011599938087,68.0019079044729,78.3702666389292,67.802896116353,83.8498393636756,51.1482863694123,47.8012473183479
54.8570769422224,68.0527200698273,63.6701246989869,86.420564418002,76.5448595437725,84.6510092347862,48.6666482663808,50.0104867436472
53.4785199442124,65.6234231621509,62.4354159455572,89.3597032323328,80.0820731582832,81.7797761314453,47.2396580291568,49.9445143585566
53.9734934959551,68.5710874180242,63.0397331939053,81.3793739264583,70.4587184202041,84.4564514383317,47.7489485136082,50.8279697593722
58.0776240415393,72.4981329746637,68.8362891401828,80.0918320068079,70.3490929579767,87.5247459668184,50.3069894841341,49.3741288240302
54.3020038198745,66.0969146143684,63.2944767047114,76.6680237334948,68.979580220428,80.2673655764443,49.178522754392,48.6650626481314
51.3604382941442,65.1218299709716,60.5472808782719,77.067108429237,71.2432184959059,80.3811949240229,45.4898853401066,47.8055484216222
59.8386786440729,68.6476194237023,69.1956897402612,79.7707553928548,70.286027800991,81.792060982635,50.3696180513117,49.175847416079
51.1688359457369,70.5620302301131,62.8275711136106,87.1479888310536,79.4184567851756,88.5812029487404,48.541390908912,52.2615178355306
47.7588290987446,66.8910614491273,55.9685821143957,80.1203976112053,69.7444824421983,84.7408827527885,44.0578704636288,49.5278013043158
53.5892320141565,68.4712203441302,60.6397474490406,85.5000092224215,75.7309990840215,85.991657473658,47.5915499042265,52.1175854928299
53.3854896360847,67.3309417277,61.6750567388124,85.3247113537842,74.6966421859882,83.9508628641665,46.8502069051351,49.6923169581416
51.6517790548097,68.251445233525,60.4853449031741,80.3520655104204,69.5125051994957,84.6380101922833,48.0126530625406,49.3180200428643
54.48749071939,68.1917940350788,62.4024807725124,79.6286077174168,70.239666153663,84.0459018451866,51.1890569574775,49.842333808522
60.1120892172184,69.2925539699453,68.8570301986022,84.8248544863722,76.5629163287194,83.932097639961,50.2591587990673,51.0258875773276
56.5601971110671,68.2417226103136,65.446293898123,72.3930389300897,61.288662602174,81.2690274326342,47.9602996811743,46.7549889280514
55.9744655740009,69.9746341336336,66.2820563993836,73.8099030857473,64.9105491702066,83.9129737534121,49.1338663210935,48.0940336156983
53.1780649871431,66.818168116624,60.7261565509373,88.8919850563181,77.2405374148405,84.2265492029536,46.6669431089219,53.3764426755974
58.4303197078769,69.1641935058699,67.6287130593986,85.437314915041,74.5247177653643,84.0636228647061,50.5745820165906,50.8030874616223
50.5536588827638,63.8102528310906,57.1629308426747,77.8449368458582,70.5012402112248,79.4650672618874,43.4203925270704,48.0487716410447
51.9366875292731,69.7664852951078,60.0846851317621,83.0283000465549,72.7361689254507,87.5432794342689,47.7472025409818,51.0211214799135
59.7400341297181,69.1284529364926,66.0447666950746,72.113388170852,63.2418200255454,82.5312135530782,49.1556022024531,46.2739144098879
66.592119558483,73.2616934502414,76.494835575293,71.8763805505617,63.4619940033972,84.46804061066,54.4198848759548,48.385585193435
57.6861330534501,69.6425763341729,65.3048161309122,84.4595708224892,74.356500871033,85.8491029695111,49.0894031324468,51.4898838525568
50.1818834652311,65.1910417241077,57.2823126655157,87.0451112135302,75.0231190589333,82.9230872294784,46.1777881736823,50.759555609387
55.2720434760915,66.764290754074,62.4746465922878,85.1559424366508,76.9609110264975,82.8195167817994,48.0641488709365,49.9915613123262
55.251479132592,68.5600568016805,65.5861735150962,85.3499728453651,75.3395918211891,84.1490149192324,47.4228485559432,50.491700026407
49.2442192556531,62.7845799054302,54.0554850480483,85.0602704041379,72.3453847461899,80.3786315237122,44.5689916533544,48.4445243263706
56.9547547237513,68.1383420334971,64.9269102427508,84.6655512236518,74.6419756113433,84.029165718564,49.8821678588436,52.2665294761893
51.9360950531071,68.9528750344584,62.4675661068335,68.7174606284875,60.5625334321202,83.1938911536857,49.637204396097,44.7219314010545
55.5306306916969,69.2451767618935,66.0301186955701,84.0021605197864,74.5247031133924,84.5742994221551,49.6522779662964,50.1868447340974
51.1909287520366,69.3845145017846,61.7187157263332,83.7684770957266,71.4782938569809,86.550509129192,48.2023772671141,50.3587494924017
53.8151781532677,66.3430962830673,62.4842094109568,77.4416508217893,65.1040087299716,80.8138352761912,46.4473390733831,47.4211853201662
49.0190757533271,66.7501846827692,58.4364534796024,79.6785120895312,71.3609703741528,83.5960993678881,47.9544394645474,50.1298883132494
60.8343389316699,70.0145204514064,70.0825683805258,84.3040847541072,75.8072307782325,84.3976445493413,51.8607495819986,50.2355352402321
55.6677316218736,69.8079719500328,66.0451139454116,87.2269836734344,78.2761078982074,86.1752733458906,50.9929988257422,53.834561448006
53.0130773704448,69.7746903524853,62.298662538357,78.4869305799074,72.159385287909,86.2170686403465,49.1650640116444,47.9985491941586
52.9684178477902,72.2335904312767,64.6064483562765,80.4509550081815,70.4320245825425,88.9014500599397,50.4392489018291,53.0779201051564
52.3915436113957,69.178006063516,62.8969478053425,81.7201810639464,72.0415593937793,85.4024267816998,50.0272330778107,53.1483095171545
48.1601948311144,66.3437970778404,55.6447419395816,78.4347329114322,69.594127352134,83.940377149732,45.6918404167426,49.2921276361019
50.0590921236255,60.7163695399722,56.8433314267312,83.5203604120194,72.9715765679295,76.1989067804546,46.0798166021875,48.3986796676135
58.2697811095795,67.8904868394553,65.8253214233214,73.5742574923319,64.6613541247739,81.0422527916489,49.0844776002833,46.6668465984331
52.4912743506941,68.9503799603821,64.131500987198,83.4878355636363,75.076698278009,84.8569695488659,47.5751936328348,50.6132507747072
54.6495959013921,73.649606053641,66.500448879553,83.3962874485713,71.7009263070973,90.5459070864107,51.2550983467983,52.4570847034058
52.0883038979219,69.6405585710791,62.1993543274946,72.9095283902435,64.5451880756697,84.8942999366971,47.1130944424979,46.7721031531983
52.4565880329861,67.447696182302,63.4855579293095,83.2842410199249,72.634242654847,83.2821873211583,48.3296081889514,50.9256086538363
55.5161989736259,66.4480727143635,62.8372356588638,82.1677046762753,72.0445102921229,81.6804132631167,49.0567726906753,46.8349117828019
54.7189109350223,66.7611067215593,63.424349048845,85.8235608877848,76.6640722156996,82.734562626636,46.5572381763869,50.3737970392069
53.5520420042043,68.8234488242938,63.9781052636264,74.3496480732551,64.9780773403971,83.4211250541317,47.7451232862458,48.704492834652
53.8263534458757,65.7702519826317,61.4543154909154,83.7149939013687,70.2640129132352,81.393392191264,48.3005457511191,49.20371168049
57.8142822098571,68.7762415374708,66.4015225049555,76.5792091799121,66.4160255380531,82.5599888728049,49.443214240812,47.1554612082132
55.6351389553547,68.9725189142509,66.7103651400425,70.6277310776566,62.4089330891189,81.8343437738906,48.9889932897023,47.3077304721921
56.115295852174,68.618212375823,64.677728272922,84.934909262789,74.5782132656522,84.3480942986886,49.3512411565891,50.7885915020097
53.655438076319,67.8590073877238,63.6870789860984,78.5589107729507,70.264652792979,82.9605687106254,47.7657788349689,49.2576358241495
54.2437238012392,71.0912776316176,65.3229898629755,85.5207727796055,73.6865828101083,88.0641950883961,51.6882863793701,53.7902576166258
52.6297540644793,66.8612118053472,61.2395185101025,84.2350738968017,73.1115576996797,83.1775872307999,47.983217095594,49.8144613139329
49.215739927217,68.1754538747883,57.6143423149297,86.817933311914,77.3826412571641,87.0038592044599,48.5610314467466,51.2004559557525
52.1374497400098,70.5109224540884,62.536074454963,84.4127650250474,76.2143168080724,88.1516235147561,47.5904361839903,52.0440871469586
54.3869704129181,68.9286585051547,63.7825383663912,76.6848878895268,69.1342982673066,84.0485265387411,49.6121690031237,47.8345569502982
60.8768494571159,70.4383743743056,70.9751973100105,86.6321324082257,78.1644480627508,84.9717239739008,53.8833161874089,51.466114525848
47.9661470384161,68.7332040797787,56.665502849544,80.6042583129765,69.5449791674111,87.075056403589,45.7654594931437,50.0183726583037
53.9194665542427,69.8547029697469,63.3912730859078,80.4317441159064,70.671976554036,86.0947664158506,49.8414566734224,48.0996442373833
52.2925910090764,68.478668097956,61.229438012742,87.9880512138562,77.3437728779255,86.1777521062985,45.8947238808646,52.2680400912933
56.7774187018312,67.9077275611514,64.4211433348355,92.1952644310376,82.8447501434677,84.7842394103279,47.677214058043,53.8163844850466
55.5301485027322,67.7648542202136,64.483306199121,78.5086921020344,69.1252118689394,82.3450110279418,48.7706513909492,49.3676221285487
52.7672557253464,68.5344383705997,62.1769682455225,78.7916369892076,69.2374479044074,84.7065315882125,47.2594735351183,51.5993753760462
57.3474394245342,69.7824531402657,66.5427571707554,84.0605849863567,74.8142261990417,85.1860081292124,50.6292656113913,50.8941909892934
55.0713059832794,71.172570635603,65.0007851810993,68.1515316847937,58.9387329586124,85.2914713242919,49.5216189637621,48.7054120194847
54.0807408536655,67.8469404289731,62.7283143445193,88.5831250422303,81.0006299530033,84.9215256183341,48.7271948463755,52.0056226818217
52.6848373390336,69.54289700711,61.8016135474943,76.8815551926041,67.2450418108777,85.5935759174691,49.004769515144,50.0194220355198
53.9939658376438,67.7818100771464,61.7291444742281,73.1886297309206,63.9422552095082,82.672842645595,46.2023269946339,47.0624432413494
53.962647692835,68.681520450648,64.0618613606986,87.1680613344614,75.4225770747494,85.2483042949414,49.802789907959,50.0310694265865
48.6702805935296,63.1166527066539,55.3696245934959,86.4024454668369,75.5586365498966,80.5304066544526,43.0182425732427,50.1293124639699
50.0831841983795,62.2781126231695,56.6794832700667,89.1335341386134,78.6560720445817,79.5234249530595,44.5919538005607,51.1378360224431
51.9825048732904,64.139666905672,58.2452610104797,78.0095601542245,67.9479406568799,79.24211092773,43.6458322805508,46.823816600763
55.3320308868959,69.7637719100112,66.395475092173,88.8325034473928,79.8371646799459,86.1482345510887,50.098871385207,53.4386220046499
52.0848371061221,63.7424944478344,58.1236301286879,79.83355878652,68.7085872012074,79.3528637992046,47.880704343758,48.3773118438738
51.238374025668,66.5791904089626,59.2428752794902,71.8702898040533,64.690962122859,81.6961416050694,46.8378949455767,49.7135179086348
59.4879814094642,69.8406578954688,68.480413010673,87.2334689358798,76.9431128233786,85.0682948157269,52.8060881296376,51.3922302450498
52.9454616327645,67.2707502727029,62.4461857082281,79.543113637165,70.6207422388827,82.6876582502444,50.5073856769033,48.6724437345304
51.4330993881986,68.3701796741446,60.7604616877415,84.502382097273,75.0690446750991,85.5888351067187,46.7552620231381,50.2235968329057
53.1831865573133,70.5150128165618,63.0424951141998,74.4079165012667,64.1697857297566,86.1085824890113,48.8715998505028,48.8354247629223
52.4257449807328,67.3811685488204,60.212665714235,89.7927614913462,78.3609242583982,85.1860314511576,45.8027717183625,52.7143698807552
48.8869261552767,62.2850064986655,55.6179586792659,64.5452551889946,56.6830238380946,75.7798883089668,46.1461732024401,43.4897287994164
50.5883206669362,68.663159095313,60.1551425288626,90.0990489275609,79.8793227973715,87.1041758799558,46.8954952141551,52.9389445587382
54.6740368943675,68.0952013872954,64.2082200611284,93.3731592790719,82.3725967050978,85.4264794929688,47.8854308285557,53.3317378433204
53.8746280545813,67.7812844543065,63.4034269204974,79.2072481667765,69.4201568635791,82.6796534200859,47.5512345226304,48.9930185882044
55.8102588827033,71.8409575127751,64.3135715467446,81.9620218265019,74.6115052578619,89.0277256104586,50.6884347117056,52.1611543075351
48.4291095196229,69.1982215682226,59.928768237593,80.0744706353038,71.4550838606604,86.6530072224432,48.2644448751528,48.7480637382928
56.1432771238071,69.4784209033454,66.3367961150146,71.744238810018,63.2696968045468,83.0542632422158,49.4124378881775,47.7263321923476
46.9898781513988,66.5785821528388,56.5409477249214,88.4841645996651,78.4275141382382,85.5052078302881,45.9943906456636,52.6297152235004
54.1754533130105,68.8784143471892,63.719893201919,83.4054108910171,72.3525695152301,84.9684267981762,46.7345960360879,51.3217017519038
51.6100103568564,67.7409959159842,62.4276681350652,85.6791806997545,75.8609127599452,84.2709651169523,48.7600217867276,51.1997121970676
56.9720561353403,68.4831498888652,66.1992203775465,80.7145985947175,71.9812579709035,82.990103852387,48.9062011316142,49.2543433897897
52.0759416422932,68.7855068772202,62.0765340172685,80.3275770752989,69.6278038840362,84.9899636259114,48.6252479707824,50.0792344157415
52.3058976411019,72.983792876976,65.1003967582434,82.1360718099335,74.1952458036598,90.4398672434868,50.209490059589,51.4254097885787
58.4696060319495,69.2190093153667,67.6200000843871,87.2221817941213,74.7332270690033,84.4547676383929,50.2498383926887,51.4105965878338
60.1376421524973,70.9526146954855,70.8398955162387,71.9783450287235,62.6291288011948,83.2277798381696,51.9156317523255,47.3012106733168
55.0539546352316,68.537653459042,63.5577328071353,70.1515887054066,64.3634262469133,82.6542346815119,48.6614541021159,47.7106322811265
50.2897624614937,64.6932146035073,57.3523584137767,88.9257309704246,77.9889590781108,82.555528158951,45.2311167599029,52.4396582641361
50.4144881380569,65.4867257665928,56.2108455981191,75.2477845937029,66.5218616661553,82.0638249868583,45.533802089754,49.3904654936195
49.8739182936208,67.1197979682007,58.5288300181426,88.7012618798803,79.188741384761,85.3051795234286,47.1625073024712,52.271639474528
52.4966970656784,69.0125337411335,62.4829520759786,79.9615922024411,71.936256080763,85.4241410663095,50.8396572022234,50.9832831849939
50.3670727152373,63.0044029746842,57.5304282966737,79.2160006935925,72.7711269966984,78.6251379942671,46.5324341843225,49.6330736870453
51.2253366027954,67.6636918975606,60.4826587596261,83.0939266119605,73.1223816929216,84.5526304987662,46.5570782030879,51.0573992869612
54.7521816483507,69.9286945306729,63.204192958122,67.0050130030813,58.6083316790835,83.8492762626055,49.8067262428976,44.4772857563461
51.0843742615913,70.7091346045991,61.654924772505,74.7771558155448,66.2441327833787,87.2258635902781,47.7015142738769,48.2261424235139
49.4429511058537,68.3493253245977,60.4008436543851,74.6835412922966,64.4238113692668,84.230394103725,46.8842694675809,47.2644067820291
55.669515896723,69.1520586842964,65.5272175449675,76.093371753042,66.7375648543841,83.4248002850199,49.4178185032487,47.7973395118907
60.2142148760697,69.245728271652,68.4953198841845,69.1809012963746,63.4476482539027,81.5330184814003,51.1575768771848,48.0986046131449
51.7720648577734,68.1203732585003,62.3097954916362,78.8535637385303,70.2926885020767,83.9239978779243,46.8053099692679,50.26216195844
58.2358026895907,70.5878467974925,66.7308811326474,80.5036802609913,71.762478461902,85.9518147463404,52.2979079829895,46.9570925354992
59.8256403888739,69.8862960491149,69.8176066308297,77.2173031309031,68.3010633627895,83.1782646766033,51.4866328481283,49.0631793979347
59.4609306749287,72.8691687938155,70.9938982265096,81.3365997034543,71.1789382263078,87.4186634745674,52.5024309361504,49.6930370761874
57.7836559594416,70.6903469498018,66.7660863120451,76.7372271611966,67.8819287842628,85.3288138097349,50.7842495226185,47.3030494344875
54.7625527073424,70.1205265147576,63.5680513768228,85.2150665085407,75.5122731380445,87.3822171063022,48.7962283214889,52.3179045112094
58.323093739431,67.7920746293468,65.7311837003435,80.6300622921659,72.4875527466115,82.4730998503818,48.9271498749567,48.6893337652642
52.1070908744482,65.7955117875864,60.5173953354306,74.5599342901375,66.6053698738463,80.6561964362362,48.6095864089845,48.9001039063094
51.8718367278993,70.354516299704,61.3567342832217,78.925529741745,72.1753226365877,87.6220139491419,48.8009967529621,52.8403382985966
54.7707981334826,65.1378482162843,61.4811175682063,82.4734926461655,72.0197274484378,80.1422267549938,46.8220696016563,48.8805464473215
53.2616067341052,68.3927007251858,62.1982545938544,70.1479664882298,61.4497813563989,82.8395876043267,48.1566773663131,46.1376201175346
50.4079959543238,66.6688137234745,59.4204132480171,77.9731520638665,71.4770599308764,83.0737725616773,45.1543593429553,50.7941306703447
57.9556167328918,67.2951287611674,65.9719206715503,75.2096509537122,66.7347803986889,80.460737474161,49.570759715619,45.8886759216879
56.3224320219395,70.7129752592717,65.7689034433177,66.9981784855146,57.3487751244849,84.0010970851127,49.6237993951818,47.2093926601577
51.7945324295061,66.4595126116663,59.1622296573084,81.8937422548532,71.9080414252779,83.2233172034118,47.3818723175004,48.999140733927
59.0521986841585,66.8425788016866,66.6972315833204,81.2905710809147,72.3808812669708,80.8301814206198,50.2775539890486,48.7469366187763
53.6825555118595,70.2550280530991,63.6124927847308,80.2009315908219,71.143263607542,86.3897688435088,47.6059382127724,49.9707692427794
54.1304199695948,67.8664571564127,63.189538110543,77.8350509448873,69.6649704647875,82.8193327483291,47.8922534338134,47.3658410614961
53.1910487552522,63.4393563869837,59.4698508076108,81.9208263410376,71.9465483914498,78.750376085966,47.3864591325752,47.8392463834278
50.7645603745429,66.4001202326195,58.8941702307597,70.617837916401,63.4289464472059,81.4139301006714,45.9413699700711,47.3645462125847
56.3801116811227,68.1082884905191,66.3631904681997,72.2664057239619,64.1666176077034,81.0187167193751,47.887884587874,47.3775079060033
57.6922081190464,67.0445020372077,64.2829021069785,76.7316337969573,65.236229540475,80.7031253828151,49.8434071528077,49.8323563772072
54.4504138611454,72.9076776239596,66.3352955623949,75.03609547132,66.048598999886,88.4192513293282,49.8244371815733,47.6244420018397
52.4827160546378,67.8752141138206,60.5099226387191,85.2601215506836,76.0462110960601,85.0949559634129,46.6805278263543,49.6896953020814
53.0348393390923,68.2352265122828,62.5685468551491,89.6586055867842,79.7125374079763,85.536003137276,48.961955648546,53.3762845354736
48.9627092285224,66.5934600634919,55.9664746399096,78.9657660395456,71.0535947082418,84.4646626562582,43.9548095954947,48.5758463215467
56.6796861362664,66.4599559918291,65.7776028679679,81.2882843081045,71.1601393775436,80.1572000774356,48.2669431325645,48.8172175303424
55.3569363874482,67.7081421200777,63.3943932342035,83.9294654000624,72.7994785662108,83.3277685057862,47.1965158737134,48.8121322706641
53.0973939160345,71.0602752885901,62.5217909048461,88.2788240236242,77.8213444860622,89.3559124326307,49.4066678501081,52.9259990652875
54.9561634128499,66.4117712510254,62.4457415439048,75.0407167652707,66.5726022671793,80.4910785046538,47.8250492079306,47.4048315809828
50.2516867905418,65.1257405362158,57.9198940373251,78.9693132029092,67.3021520933634,80.9064689535006,44.7978531883779,49.150653647167
45.6460795084703,65.2231192736014,53.5349483354244,89.638584819968,79.4043183418843,85.1319496502058,44.1501520267491,52.1649130597905
57.0951683322728,69.2490857580793,66.7066240255919,84.598977713154,74.9770425706128,84.6337854316673,49.7067970652442,50.6201696034894
52.4055795818788,72.2835024257583,62.582888977489,90.3779069395436,80.2269161615025,91.6833655961863,48.8850073943058,54.8603017463774
52.1315696225221,65.7885436585131,59.7495697891821,78.7986894199949,70.1379734602294,81.4793464967316,45.9768034076195,48.0624660634572
46.4866795835103,62.8807054992939,51.5402848831727,83.7493384235183,72.3033516150414,81.3766750783659,43.727831726545,48.4985834179268
53.4881669413019,66.3982951335754,62.3821688180158,68.0090149080247,60.0720053038007,79.3011580773758,46.6671648189973,46.1259454028009
51.9522952532678,68.4794261676346,61.1031006943914,72.8485732257694,64.9334038981631,83.9881997810794,45.5730623381029,47.0285658719683
49.5583059916091,67.6641575033876,58.71918050156,84.9351905856538,73.4171031597419,85.6511756644609,47.1261332937125,53.4090955504482
48.3128948415167,65.0886313185335,56.0754870723902,73.9290049017265,65.1302436108773,81.1009055392759,46.2649687584167,47.5628394384962
57.6508472262658,65.8355404496551,66.6469049267158,78.0651520755244,69.6365330733631,78.3975282101867,48.7140344598216,46.6706192772482
51.7971223853613,70.8635240111024,61.8537464974267,80.9015274312566,67.6488543633,88.0232958666956,47.9066659004385,51.926891797294
55.9342441860118,69.265934082784,65.235302798362,79.2133749443697,70.5198267427972,84.2137251646441,48.6505009749521,50.7318365850787
47.1632692313565,68.9147845963881,56.4432787909462,74.7742440071737,66.861325830515,86.8712952034739,46.6419304586231,46.2309179046078
58.9720472104727,68.0016750548158,65.7311999279975,68.5864608579536,61.1854642126392,80.3643938223808,50.3891404848369,44.5694547135587
52.7571431357033,68.5909721516342,62.2771593652879,80.1257391797572,72.3083221300954,84.802082184668,47.9534691394372,47.759752322399
54.1116216619835,68.5313956298629,62.9207457785985,79.2983971037779,69.3963071307569,84.0434512704681,47.9088440821134,49.4068152838177
58.6786097756604,67.0440358805133,65.158292469544,82.1258456768413,73.4658876742777,81.7023202113937,46.865906452251,49.0626557303943
52.9109362823232,68.9002743045379,62.5421274676164,81.948635229876,71.0982077679348,85.3000693029694,46.7956130054337,52.3819617753463
57.4063557723687,67.7254700246772,65.2744394994888,80.9193916517791,70.4549827120188,82.2033135014256,50.1547607315038,49.8469535445665
50.1502657780235,69.1981377041548,59.823513177038,81.3461473836278,70.8183963930819,86.6886829415674,48.4942692878133,52.3048133660779
53.9906064463723,65.739092780773,61.1808668462744,71.4408520120713,62.542765798931,79.4529804518132,47.7902346519429,45.2704023611406
54.328529262657,69.1976226218817,64.5122291202115,81.713256921307,72.1723516199217,85.013431579293,48.2800902524967,49.6724008900614
48.3517774629614,68.9788435306997,58.8201122812657,74.3509630212185,65.8143666931961,85.5896273196243,47.6474858152715,47.8788008402434
53.1615768072352,71.2230211726984,63.4730468655194,80.8725250659506,71.7424190969461,87.9929520728339,49.8287124847076,48.553404814864
58.3349924389994,69.8377885344673,65.9108786984079,76.2891325857294,69.9839877541503,84.6149521526188,49.0586240244888,49.5320768619664
45.686438905795,65.4501314869298,53.6516872533686,83.2001013626802,72.3918147064298,83.8364516865992,44.9760455213335,49.2307719546012
53.7914547047183,67.5544218306508,63.0957566953709,79.7278953321475,70.0169867446558,82.8325244777363,48.9113760166416,48.5967121364816
58.3935853414297,65.791762889034,66.100680892292,72.9820403774472,64.7660989288804,78.0026409044377,48.77710635582,47.3144156597782
58.8631436985585,68.6159516308703,66.8679923717773,73.9820482602759,64.0647728440178,81.9015765215567,49.2530835236892,47.4183262684318
55.032176718256,68.2417723046505,63.5312198772096,86.677776024549,75.3270225912014,84.7484743549997,46.6593081408606,52.779858912478
55.0801523777378,70.1384881531599,64.7346474783785,75.9859364570686,66.0786924853593,85.243487161717,48.4166719340954,48.0525575371448
53.0287855082701,68.8069573435717,62.1531704141201,86.7754255422318,77.1799189780354,86.1847853965402,48.743488023183,52.1212207455502
53.0555142342268,67.7815206347007,61.8157231682512,79.2838904627861,70.8477979958718,83.5832264912605,46.4779028472618,48.3174006770846
55.0423056742587,62.6249823291175,60.8668608670148,82.2259199800793,70.3212961068044,77.1242003889461,46.1646607411192,49.4164194174144
47.3494149566319,62.719157974416,53.5216800500315,87.8724448691998,76.3980765306233,80.9951563560812,44.5127876750084,51.1116304509789
51.2737389754287,68.1546513228956,59.7305473872428,81.1224719623941,71.8045739893405,85.1265411269826,47.9009455308944,48.3546714897562
47.2692520062823,65.3304654149148,54.9910022077556,85.8425878298014,76.8574201587531,84.1989014539949,46.088491144857,51.0628476059945
54.5418843201619,67.8672848735622,63.6447425340719,86.2795452768915,76.9786999297924,84.3137918108817,46.7316867596112,50.1238779084496
57.5903344617078,70.2173472695601,68.9194878739796,76.8016759782938,70.0448425731821,83.8354278898045,50.1333206190156,48.1353254527614
57.3673825566956,68.4617772643169,68.179929364123,84.0961718860411,75.2393882037956,82.8099081530264,48.8828960835624,52.2235824948662
57.9520099242575,70.0760279839941,67.5108440501683,81.9710480153426,70.7860389809294,84.8846926013161,50.3872457866976,49.9188693235923
54.782010778177,66.639668770644,62.9218054261757,80.1865275081916,69.3123868243573,81.4351272572464,48.0857289598836,49.153777516422
50.3266886079581,67.5044160057365,59.4484299191709,80.0170135706568,71.3936649263022,84.4118653735815,47.2973515401565,50.7251386205235
58.9421707995927,70.1292544792429,67.3359093145987,88.5085017961506,77.5834794598985,86.3098899956162,49.4801268970759,52.5414944941313
54.7764596007441,67.8847342386756,63.4420300197168,79.9958238988486,70.7205880235871,83.1622936168166,47.8953703916813,48.9831116721848
55.1929295581136,65.7771293406809,62.5385783172747,75.2065189131852,65.7321424629397,79.647540936294,47.8104692215341,46.9318725000034
55.0522528093691,68.9825769409667,64.7827293162249,87.3585483686168,75.2479201161727,85.1697708413638,49.0363073484887,51.5807662366806
57.2302847801499,67.5213233159968,63.7937554949991,73.8421228242991,65.032532302327,81.4683920418048,48.384275092472,47.4937826115396
59.3395397861822,68.9235163380714,67.8457164485253,74.8110147199368,67.2159174916193,81.7868686408661,51.9591815247022,47.463695554931
53.8347017489503,69.8555597955337,64.1258243464777,78.7806640563962,70.789782118333,85.3708405806314,51.0856509892208,49.754559933775
51.5486663928006,67.8401132866002,59.6721569071648,85.0722540114243,75.6770674152261,85.5766722280576,48.6708179713423,51.9648868526641
50.9583179247063,65.618564955108,60.8283986579615,83.7123213509804,72.5888786224973,81.2809766162333,47.1036352073213,50.3886250511004
51.9667666869429,67.3386601122903,59.7749121838768,82.4141167827749,71.3393634482231,84.1535381508102,45.9695598971527,49.1506007317529
57.3680778303944,66.253033558694,65.3013491922102,74.6200533329199,66.3595886229106,79.2993996557447,46.5248142682297,45.9475307344264
47.2315528247426,67.1938278340459,55.6968953825893,76.5256231878555,67.3996702936513,84.8171264369807,43.5528685608035,48.2177413799894
53.6315359149062,70.3873661269145,63.4026264301646,85.1744505153628,73.3425359359264,87.7104266748785,49.3953815766563,53.2042827087626
57.3582826079574,70.3042375951557,64.2661093031737,83.634369480079,75.6270613383463,87.1825452494987,50.015473117481,52.9632418188238
51.1257603290064,67.4356940119893,60.3243852755134,79.8742081270649,69.8085417622502,83.8152321383218,47.9476813065278,49.9252782663539
49.39356891885,68.6342209031555,57.357097496035,81.1602459893009,72.4158522495945,87.0216899063859,47.1647160219928,50.1735969621173
53.1289065429671,71.1898923046425,64.022193397649,77.3845239260242,70.4128153213237,87.3125148485717,48.6482296605098,49.5449661781259
50.4160188718545,70.1062684221009,60.3547445380228,84.3465493449441,74.7465246366731,88.382132552134,45.5073783700094,51.8538726618795
49.9188852571126,67.658313620575,60.8049295768794,76.9421041910797,68.453961664002,83.3522121365419,47.8976548753233,48.9233486145065
52.5611458798072,65.9942775587581,59.2360643825306,89.9634577397091,79.5162693711319,83.9870950088717,45.0394610808987,52.5077706217908
52.5241021193231,68.1753322676452,62.8539972458549,84.3537031300136,73.9102771243529,84.6189298408106,46.9889521392665,51.3907048989099
54.0098783928855,69.4728046726104,64.0643137251191,87.5085622634937,75.2685862158604,86.5242064177298,49.9556148669864,53.9292930817995
58.3908113804093,72.9653592293872,68.626656157588,69.6848166586836,62.3442841270559,86.761390651324,49.2502113891519,47.3701261615437
49.0152210298823,67.5906805579289,58.5511615824267,78.6621788209856,67.4975302596915,84.5070395244326,47.5963051387599,48.6719369182019
55.8301916249017,65.2899642627925,63.4619941367886,73.1871796068507,64.3669891417087,78.204248037993,47.3142282899804,45.3356076879253
58.4765405249267,70.0220968373387,69.1111140949086,73.0336246152533,63.1527733373459,82.6717145059688,49.5757036755952,47.6506014147163
54.2783570939566,68.0089774636511,63.3207173667602,90.7316822259784,80.235498438149,85.0370856628172,49.5676278350955,51.9221951330126
54.1951159481791,65.0510104680784,61.1482775737357,81.3473222225851,71.2611962030269,79.9802992212055,47.8467478425872,49.8784570357643
53.1198355073069,70.1307193733692,63.1590368260936,86.8589738589886,75.650235439224,87.4628305911091,49.8924304580978,52.5937938916129
52.0673325430283,68.8764068174058,61.1654623079196,83.0787957591034,74.1797233264344,86.2281308624963,48.0398853952174,50.1138245715249
53.5934045121261,65.1212201358702,57.9992969182824,72.6536762142517,66.2308514543353,80.7851650813078,46.5373034474456,47.9132986396705
53.8528271362948,69.6443109939155,63.5333817051311,75.306630066447,65.9439710098235,84.7597180802424,48.3825233474979,48.0044537510772
49.4076660982083,62.0556540362092,53.9153967688121,83.5406181836007,74.5219459592017,79.3104750127149,44.1440218927095,49.7116595330612
52.8063360368676,69.3107849540901,62.5434679856584,85.0162049016825,72.5802306877153,86.3245888919537,49.8987163608402,51.123080160822
54.5127423888052,67.1254044500922,65.6574672548998,83.539844986309,72.9316833860089,81.5238015640453,49.9671895403504,48.8590678006383
56.11696411557,68.362135444283,64.9165753450919,87.4345830971429,75.8842598362363,84.3469196905445,49.7934616017096,51.643837422259
57.1849510557789,70.8953580854862,69.6048786696558,74.9584557981065,65.547676163705,84.2033593388231,48.9850733092058,49.3761124454099
55.4747445509272,70.9935758158551,65.7108110179344,87.4037321733823,78.2821328949287,88.0355453612063,50.9666429186104,53.1400433255527
58.3079701052809,69.3989004891674,67.9377362432836,80.3045388266449,70.9664010921937,83.5022914478965,50.5346351574064,49.621025798877
54.0913281357272,71.4019756851631,63.6943525302726,91.2765374470268,81.0556253678899,89.9128446290552,49.1231298230125,54.2291323139212
52.0812167781177,66.0626660686748,61.2116705143982,75.7258904839534,65.6796184046617,80.6281272727284,47.8970161432066,47.1070745003694
49.7466493250377,66.997965707286,59.4374083811859,90.1575474800785,77.4093610910508,85.1004393996967,47.6600544589453,53.8379772953848
54.431083432957,69.0011442777006,64.1344169754575,83.2595304666056,75.0415618082508,85.0915069858587,47.7499964516106,51.1239029207914
52.057476769673,65.3232386169468,60.1131474664251,94.4695436070896,81.2491062399657,83.2729713984829,47.3419583420387,53.0319598980484
56.8670540854032,67.8302394614405,64.5605942696219,80.3067365470976,72.0599683629141,82.7439558924592,51.0193381828191,49.6434237212913
54.0713795204119,70.231865414618,62.6583007648498,85.413946006753,73.7938443925748,87.56681112887,48.9289977652915,51.7628779501769
51.9578624777369,68.2635611471745,61.6130579360508,83.2769425989433,71.0834600666219,84.7707524033115,47.9627306380761,51.2048998282676
53.5422280501743,67.7736087937533,61.5304332063441,77.5915515237437,70.146494490948,83.4549250200489,48.1848238843968,49.3786113049833
48.2198332690696,69.2151769855376,58.4029717120791,87.3909312455074,77.7373646354395,88.390492638194,45.6808600971344,52.6393369938021
57.0585108705647,70.3302942384006,65.8375257220804,75.1233760393002,68.4219643894062,85.2352260376425,49.3757142119203,47.6969094405773
54.5180721982676,71.4154663183714,65.241416242525,87.4558095476677,76.0862568127731,88.7539066008177,50.6708488707294,54.2550785693941
57.2310719630328,71.0168950951679,67.2229668419797,81.6511852883722,74.3572086489286,86.5679327039591,48.7171234863503,51.4590104925976
48.8470770127143,65.5939207248229,57.9539191411212,73.5293835479173,63.8058699002617,80.8848507813906,43.7749231446749,46.3517100217986
50.1507488630212,64.8870183013644,57.6477066878391,93.9654611157704,78.9077978242653,83.3312946194314,46.6733889865371,53.060447460823
60.4044595920613,70.2800057156155,71.3209775212334,84.4138968599236,74.2907461427803,83.9546952382116,51.195349136567,48.8214333595936
56.3145082833708,69.1917078549324,65.0302476907232,93.5052722651132,83.1990811092007,86.7436957293555,48.3590009655938,54.2842179024715
55.6848249382013,66.3106069712343,62.9903242573378,81.2266056121873,70.0476085815769,81.3548584049215,46.3873576302275,51.585222358099
54.6295523316431,70.4446378971287,64.5759656759908,88.3739878354044,79.0011751098757,87.8759850568484,48.8344812344896,51.9507843034703
52.8261811111046,70.7566354670643,63.7589845288028,85.0312170978157,73.9841861539906,87.8803252663626,48.4745565891051,51.8435065697311
54.0247055934324,65.794840563724,62.9015379431076,85.028865650292,75.7594115944131,81.2812677593694,50.2823243615107,49.9889528610657
53.6283260446948,67.6272128463794,62.3055177508873,71.1031586918015,62.6288497996799,81.9089353424352,47.3263109843483,46.3653184988229
52.6029846927384,68.5957572176728,60.3322336352172,81.5211228508414,72.3645679511143,85.7792722515519,48.0663327162382,49.1214421403768
49.6674434245852,65.9494904462628,58.5356649955124,77.5863439261393,69.190952877759,82.0710481845674,45.7363493401208,48.2715187344642
52.2992507095636,68.365728160047,61.6381294832581,91.4218096250205,81.7110655648742,86.5823832817514,49.4225108368984,52.3615943318074
58.3270687628405,69.4446650502966,66.0375828280251,74.6172508373757,66.4294586008646,83.4360409051672,50.846611362261,48.4103154993386
54.433864427481,67.791696187194,62.8609456633967,77.5590295404349,67.3541564326299,82.9183114367486,48.4616874348238,49.5216073656743
52.572574978112,70.2950260363886,62.5815682151969,83.3399894835532,74.4184707680827,87.476295691443,46.6456996259841,50.8844898291213
48.431919507041,66.058110549386,56.0386727284389,76.7213608852249,66.744841077491,82.8574278275606,44.2912420080703,47.915662933666
51.5339962217782,69.0925368265721,61.8672912981705,77.6473980882994,69.6335788552933,85.2852276720611,48.4856270753866,49.254125289314
60.060385491183,70.3011435732144,68.3247821018321,87.7147961187928,78.4479643103187,85.8655975177332,49.6644313165875,51.2046284505696
54.9172184112221,69.2718049089246,64.01324346282,81.9726330079058,73.3281625323936,85.2261612849428,48.5355509858267,48.9015320833683
55.5440151277204,69.9957704584624,63.964210446025,84.477535103817,73.3561067490973,86.6497892780647,49.2622650197289,49.8820367257493
54.0383185179912,68.4623750900978,64.1503004986925,81.4684704030441,71.8315100812472,83.7609740060569,48.7529260958342,48.8340668107928
54.1470842161194,67.3839908337549,62.743088978863,83.6156197090041,74.2227918238018,83.4818200764379,48.6833018829163,50.5701241954859
60.0662191191313,71.6058076242891,70.4642195922133,82.7692625314928,70.9852028765643,85.9521818413342,52.2600705717604,50.4652013514032
53.5177326412485,65.2953780271878,61.4976943133714,68.0259613059702,59.8470192172425,78.216297790752,48.9598977899367,45.6871508350829
54.1798129065444,66.7452331797104,62.6196495416791,75.3066894665654,67.1632446092514,81.3173154838396,47.9490827595313,48.5173592913445
47.2036994270469,67.7888548747448,56.1126155808723,86.8282681369215,74.4963915665012,86.991130908676,46.2604980199733,52.7883407379353
54.8737168878548,72.3723860139864,66.4360069806274,75.8628500436153,69.5690852762367,87.9065685320118,50.0373510913986,51.0260751882436
52.2188052704345,69.7886756904386,62.8582380565102,83.3578100567585,71.3172909373749,86.58511749918,48.7705767828762,50.1847245795565
52.1245864092246,66.2849985481725,61.4396386447204,92.1631800890518,80.1833849855633,83.342999596661,46.8372805028843,52.8676315787324
53.8804562991439,70.1249820118308,62.7800731202183,72.422261069155,64.8330502945269,85.402427616497,47.7177710356427,47.9449952938698
54.6564822516187,69.4952355315234,63.9311767015565,80.2381468310546,68.9894737651336,85.245132137071,48.7670591247165,48.3072577928998
55.5416295864468,64.5614809846262,62.8158949458792,76.705045511613,67.8872089340959,77.8959637963687,49.1176547888303,46.0504825533081
49.7908672297009,67.2323506774035,59.2071542596502,84.8202727850264,75.684202170433,84.9662348085697,46.1215876212224,51.1483453457637
55.2424185870795,67.8722851635065,63.1080250259404,76.9630188580462,66.2102029450792,82.8101910037719,48.4771992119388,46.7946333576571
54.9512132574183,71.8572384791272,65.603574718044,81.7208876942586,77.2046643554087,88.7771367414909,49.2427888563519,51.4068504675479
59.243856760724,71.5494107745159,70.7938326848017,93.8846210073799,82.3755762915199,87.5996762045713,51.5290166945012,53.9740595209968
55.1140935256755,65.417147729423,61.655643219058,76.2125120972705,66.3927437118726,79.5116851773341,46.4457924207376,48.9652511238082
51.2315809483932,66.606595521653,60.9165518101066,85.9015415510413,75.6431808942597,83.4010465128962,46.4137677511386,51.613095725536
52.0945302542513,69.9988302754907,61.8754496769315,79.624060779587,70.1361123126019,86.7917039907448,48.3099368821395,48.8893882573087
53.4709309860771,66.9779826421421,61.6200816304262,75.0848659875979,65.4437555693144,81.9786669551022,45.8072513211468,47.3249966327707
54.5384166751313,68.9225954982037,63.5469529651874,84.1009194182492,73.196896517757,85.1578507098039,48.5791602032763,50.1683155411918
56.7092754999455,68.5963192480344,67.0451136301215,81.1876261311846,72.6059768437012,83.1359297304277,50.5359895346384,50.0466466610509
51.2350513847085,66.133292309556,58.9783198109736,75.1715168667536,64.3737783490728,81.4636410098293,48.248267664111,46.9200254076563
50.0320450611894,68.9154134091496,60.3699451019504,77.8879427286635,67.7938380936734,85.4315269387303,47.2118606634978,48.9244953876111
56.3764607615204,69.9749482700322,66.3448906974893,86.3335730378833,77.8848007410425,86.162258929376,49.1787949180401,50.9572547150128
53.8481188642556,69.6021028749295,63.3136711237039,77.3096802931681,67.0155157455564,85.1787067376205,48.0762645711853,48.4588072786425
54.4262964238348,72.1115265919703,67.488106577224,85.2879336737237,74.4493381845517,88.4798193782002,50.3687404694931,52.2199108853424
55.2013215590433,67.929619313367,63.6942893152605,86.1572488060716,75.7034028131055,83.9489580133595,47.6609962095352,50.9372890931565
56.86825754977,72.7176353412635,67.1264209580713,67.3416188493023,58.7583625138061,86.3747396209456,50.7190730318552,45.3927161159359
56.8527771066914,68.1308633586671,65.507158644115,78.8788288301841,70.5582547080081,82.5918474038199,48.4734039908742,48.4918667781257
54.3847169917053,66.5740821843206,60.6780356742217,76.2111656937339,66.5715785070701,81.7957746979949,46.8101515838819,48.1746243428014
55.431747430844,67.555972493008,64.9903796272742,74.4347339795362,67.9415133606845,81.2543591918812,49.5434078394275,46.1442438650229
56.504004290524,68.3760281154265,65.3972899241794,78.6864825716507,69.3718400374478,82.885395005919,48.9319194766217,49.5616689205498
55.2616426632011,68.2237721574075,62.5891727087075,69.4549954678518,60.2396645786115,82.1068624299953,48.6728477825903,45.7476680718692
46.6076496812447,62.6653115437999,53.7611308561654,83.918440670278,76.1941401822764,80.3754434548566,45.0787661674516,48.1725970611053
59.3593449667306,66.9766114789334,66.2206141355057,74.8019845908159,63.8802781826126,79.6683515163917,50.2076122013913,46.1779705489764
52.8423158939651,65.5448807301842,61.5395458775457,79.6818710442555,73.1667604808439,80.917090243301,47.1480566064766,49.6911558569984
49.9314789095484,70.4879435303546,60.7453135676738,87.5103934465172,77.4458897177528,89.4231732328796,48.3386813637271,54.2138518071148
48.3134630725347,69.5880396351683,58.4007768629797,66.5138051104521,62.6268472259791,85.9249783564264,48.2589264983437,47.6231657386309
53.1018118522399,67.3677379752026,60.8377422321873,70.9003488022645,63.1438800334708,81.8958690944781,47.6740101820638,47.2661307398642
56.5290559111816,71.769345618979,67.8452633366378,81.237999770537,70.6158060273703,86.7773636591151,51.2377478136925,50.6151275763045
54.1499052109379,64.8352188191887,62.3075450624869,80.8390222209403,71.8214753315257,79.504629113597,47.4637203524217,50.8425442411567
51.0140747564763,66.46646940531,58.7812454210367,81.0707181260875,70.6451197607431,82.8733214997267,46.0419763259226,50.1003992367462
53.7329063972305,71.0881308663546,65.1691291207655,86.5595392146092,75.4050487714719,88.1366953976824,49.1450999814788,51.5060589696624
46.9557965167106,64.4479640994527,54.5486142084805,84.1042054280457,73.9976768224733,82.6093682129037,43.6581925310491,51.0648245710975
58.7603562246607,68.7605659682353,66.126098629173,69.2337837372898,62.422132300735,81.8647272626818,49.545334506464,47.1581131137524
53.2199932412004,69.3937566598815,63.2453423810248,78.6112846098477,71.5759927239668,85.4010088291771,47.3548303304941,52.0999833427487
56.6384102826864,67.2841814680439,64.2132636671154,81.6735041156912,74.0572105256295,82.604656745996,50.1211187398329,50.1618815704416
55.1245180975675,69.7617547240501,66.5162391258628,80.5954350345164,71.6470263670508,84.8214608150205,48.4113471337325,49.5595747775313
50.7209636970098,68.1728528128197,62.3700460835885,83.7481600130152,73.4779108938771,84.6730794056715,47.169442320723,51.5155883340117
55.4348742095483,67.0571951652766,62.7112683655303,85.9858927111643,76.709652300465,83.221964323901,46.9786996921829,49.3227151544372
57.1174722053031,66.2680204335316,62.2114328618596,84.224924956917,74.4830123548922,82.221134203808,47.4412918421558,49.2766541512345
51.5947564415442,64.7328418211632,58.9391564965949,77.2148663567857,68.6536456138748,80.130411837122,46.0494524102566,48.4593142291476
58.5066707124674,71.2447040603435,68.7174451332008,77.288810316778,67.5769244407403,85.2492318430682,51.286760617933,50.2731840899277
49.6168626324887,64.5656679077963,56.20720135621,75.2061528444757,66.159227015918,80.6520654089608,45.0161057957207,46.3194346580578
54.4212686522183,70.248527112683,64.4337136100779,94.0256870506812,82.2167267859216,88.4549241505129,47.8515347157107,55.1905435155979
53.388895361742,66.9685199080013,59.7581533880038,70.3712005141433,62.5549823003805,81.6836856844818,47.6248334895696,45.3201888134391
51.4403189605322,66.4410839532772,58.6843702538239,81.1027130027206,73.0560094453829,83.2337249022425,46.4957877688532,49.9519179367055
51.6877706334433,67.1072582805257,62.9726350768596,85.9422707569778,75.9596885580327,83.4568997583649,49.4825356971354,51.7647723462575
48.6364980599369,64.1920075731678,56.068530170837,79.641511931984,70.8961436173491,80.8603234177195,45.6849218294763,49.3708470062722
53.1112397631093,67.8063761441052,62.5538696966722,85.4643222419081,75.3765183464244,84.1843045945617,47.3535306427531,50.5984823386484
53.6279718668975,65.504310232847,60.5242149995331,83.2010492360485,72.7928975710327,81.4107851624919,47.7249774806889,49.6750706961126
52.5192591454636,68.8196926274568,62.2513787922324,75.4783303276477,67.0773660264936,84.6601217274765,49.7497466450023,47.8459857857828
56.5372662473016,68.1540046848341,65.0234914393234,83.5297588775112,75.3578847229101,83.6659300083879,51.0766160252957,50.0436576298702
55.6696993243925,66.7283425688954,63.8426102201522,78.4726531900877,70.3654314958558,81.1223440900885,48.7647242960293,48.0161922706102
51.6832432417727,69.4922125715271,61.0851286780277,88.1002159416157,78.2777963165418,87.902938709109,47.3655764619852,53.2853196508704
58.0945008575357,70.3446802245993,68.1185764392322,84.1595441486086,75.2585587286332,85.4816265114056,50.8530290452229,51.2300554506519
55.6712434136021,68.4036410361345,64.8646157168901,77.4284291592585,66.9490905131581,82.6732011440167,49.734771670777,46.6846194153546
53.5159268438293,68.4245267156614,64.0832084336806,82.1151551349869,74.2124117181606,84.198624644658,48.9403902698882,52.0973620411094
53.0324987138246,72.1753323848636,62.444143892513,79.6203711200726,71.9330964924282,89.8677977535631,47.3985634357946,50.5736674476664
61.0783004443857,68.706161969605,70.1171102617138,76.8149314677966,68.2044855421269,81.1230233300866,53.2444889724542,48.1432573636713
52.1265292498902,68.5992447942211,61.6007232994186,84.3336074298208,76.9061425098063,85.9172817894942,47.6131335804423,50.3115999177603
53.0911284741477,66.9731191873333,61.4774107315792,79.1488405197113,67.0659666900002,82.4141301969021,48.6354261919241,49.1171703557502
50.5531565591013,68.5446583548391,59.4786887835485,74.4362131486932,65.0445018543489,84.6704129181669,48.7525670352438,47.589551523587
55.341601943573,71.5228986671355,65.8417939165729,84.0516368076233,74.3130029383513,87.9691583038807,50.8477997428234,50.5210178645999
57.6943873411422,70.2545930217204,69.1728977544016,84.6123397177317,73.3009625509727,84.8028271486593,50.0163745973722,50.7241954153812
53.0152406872963,66.1415436501642,58.4947746885715,87.5093143908581,78.0568606528383,84.0680071439709,47.183902760805,53.4729183290642
52.4241393594935,68.6201054085257,62.7671014975379,73.400255205976,65.5122427670639,83.5211870852804,48.9183975063407,49.4936056241191
50.5444472936972,68.6641151456393,60.4707211699847,83.7101329448602,75.2499779766311,86.3064365414858,46.473060824872,52.7316686091695
56.8201667082551,69.4583033356051,66.7214945925206,78.512813517118,70.4826596446292,83.8125202208152,51.2965423025616,50.6056848708799
59.8663173158156,72.3618225892643,71.6002771495111,85.7005379357199,73.4003990601219,87.0181663864209,54.1230128184719,52.2800777560363
56.621549270212,70.7065328198213,65.5552634655792,75.4550933634965,67.7514210412611,85.7397662769608,48.6419901403998,48.5585443059967
50.3875493631473,67.5300243805361,60.9951803073395,84.0890603534186,75.375060910734,84.46659178261,46.1103326558197,52.1017712221819
53.0200313714583,70.1446864521584,62.9191461581745,81.7326826194885,72.3573668952792,86.9838310461463,49.0859535857656,50.3368577281268
49.1779152620227,66.7041149384571,58.501537368091,86.0855526762134,76.0109881694525,84.4392489534125,44.9723791997016,51.7713680064618
55.7678895097143,63.4623412850532,62.0276870988664,75.3532036650037,65.3042492145568,76.8027341770442,47.7925303959958,48.2984007886834
51.384003275518,64.5924243811508,59.3209952241614,68.8457888545263,61.7900608988685,78.2785627665928,47.1654595036799,46.7123121115838
50.7422741874577,64.2667542592472,58.6640582192176,86.3817759106903,77.3331085603855,81.0197075444181,43.9897312816853,51.3068003411309
51.3739026420894,69.4983732104537,61.3941346684337,84.9748484320419,77.8283784866312,87.2795871051608,47.9989623099678,50.8483151662799
57.2737903351471,70.0628880900926,67.2874636580807,75.7118906738171,65.9560157013508,84.0344100901356,50.502477830179,46.6417246267612
61.1688322389298,72.6918965300792,69.8777982617864,68.539515611115,59.4446902309737,85.5166611470956,50.1138556419759,46.9309499290028
55.4515838851751,71.673845168819,65.6328768211938,81.3113187942247,71.6466125472141,88.0604634741737,49.680606293283,51.8571889922801
53.1672095997414,67.9010744804076,64.0115661022343,83.9484721230846,74.1196039981556,83.7984722427205,49.8561790747378,50.0941177014109
54.5871668526662,65.3719596815251,60.6302804725025,78.2414996959442,68.3759046195597,80.2541362713082,47.5932513507836,48.5192152805456
54.9461485399356,69.78600479063,63.452589241061,74.4254964188911,66.9898896315284,85.0458383170542,48.8875846694228,48.029628611461
58.7819778293534,70.2553779685723,68.4149263561472,82.7143475694939,72.1635490927735,84.9554561470034,52.5887977925314,52.4448320695281
51.3692753478857,67.1302558693545,59.7094736047373,92.8088264347701,80.0486804578386,85.3892627727579,45.3430581377045,53.0294925945554
55.9917196168119,67.3767673062485,64.2646816101971,79.0755493359406,69.3866409138602,81.927709667199,48.4269734060474,48.7894350014677
51.4718741190918,68.2895754974367,60.3457017740128,78.9244459634508,72.3717102352706,85.0115121196319,48.7868019275334,50.0617288360335
52.7660186256252,66.6118126151484,60.8485835497908,78.9700107092989,70.6131310316308,82.2926217084335,46.7437909414876,48.2987692218328
55.20776977891,70.8738961638065,64.8125174564487,82.3878605943453,69.1283177058975,87.0895763000086,48.9109502937467,51.1104480981221
52.1575265346951,67.4925748472153,61.3812301225724,90.1493451662721,79.9359148869388,85.1831397615766,48.5805509636017,51.1855785186975
56.8290771523568,68.9365107153336,66.6223812073383,73.0045521505362,66.5907295641937,82.4247656309984,48.5729925032353,46.0909020602662
52.590246747279,69.8407725958299,62.5960288055028,92.8268244800776,82.9569272719396,88.4555538907329,48.1710445765372,52.3174344451459
53.443049843114,63.8508579841439,59.3533082560521,84.0326528653676,72.4235374674797,79.7305106604327,46.625936045495,49.5932004293227
50.3934719564855,70.6593276967059,61.301267370645,82.0176865742825,71.5105180637515,88.2273741352394,47.915001534664,51.4812998444721
50.8818766632831,69.9775565581102,62.4143922898187,70.0455377103491,62.9729036395325,85.1524833708546,48.9304653652607,47.4229530645306
57.8436078268362,69.4527639004794,64.1028552440009,70.7428398980709,61.8216551688217,83.7077215949342,48.7015175609966,46.9054476434081
57.9818404896299,68.0292543130486,67.5502237622942,85.1459168395072,76.9185489767501,82.3916886281343,50.027811372626,50.111131962922
55.0109532970916,71.268399866104,65.7862928490936,84.6749814524938,75.2405487913608,88.1279570869814,48.6776138772157,52.0445327929015
54.0536920275898,68.4328237361624,63.6306650906379,85.0427517074404,74.0845875196087,84.5563811399121,48.1767346571926,50.8289474527553
59.1723040675975,65.9995279548879,66.13323709776,81.7190784341619,71.8266444593536,79.5664977121433,49.2289153264991,47.6678567910698
51.104810923538,68.0292184792366,60.6095705464376,88.9351572220918,78.5508810166913,86.0529963237861,46.2764117250673,52.9603994589155
62.774255037081,72.9238370066153,72.5554999844831,82.7752884695343,74.2852818617715,87.3180898367883,52.4740323326391,50.8383475531036
52.7672401576102,66.3522491924647,62.235781044833,77.1571567011203,66.5811709611604,80.9269322087283,48.0557897736237,47.9433495814248
49.6685378972796,65.2898799109281,57.3016872805069,69.8050729577635,62.4097900205298,80.2377084459577,44.3920642473519,45.2318880071282
55.7673363376833,68.5245647580312,63.9416117366441,73.3827710436021,65.5319478598895,83.0398581658387,48.3057010962562,48.9205869829045
50.974068062464,67.1569138898977,59.3110487866581,80.9511856634856,72.2023493783767,83.892645705947,46.4429436396653,48.8848126077756
60.3377893898352,72.2046561687882,70.7906121116577,83.9745292724364,75.4680254084396,87.0372056875408,51.6972118120695,51.1912791644941
58.6336999833284,67.3880626987461,66.062337648982,88.9805707149388,80.9055763290771,83.2176116442918,47.5428060624017,53.5182901994581
54.0306757734379,68.4632655787214,63.688650665067,90.4959697467084,80.6181141249198,85.4962595532996,49.1650666511296,52.1355648802824
53.5367184708085,68.3701253971844,62.552975460344,77.9099686930427,66.1650642048646,83.6505868604112,47.2411441790471,46.8485613644152
54.0455228138759,73.0216519123694,67.1886652502047,88.9593929050045,76.3331288771528,90.4540161148473,52.013369958791,54.0891780421347
56.4820190118556,69.0687037585795,64.7584237113685,86.1343142558712,76.0557147969594,85.4011364381439,48.4682236492724,52.6025935846725
51.683072812126,64.2234613592241,59.1941491451277,76.7775745608305,68.6937993786164,79.164487242635,45.9268019924586,48.3254517935209
58.9206125668699,70.9520298378721,68.5902790318343,81.4662100388205,70.4726520523826,85.6964918474051,51.0862181717862,50.4710368353494
50.3104082742159,65.4934250859121,57.821312511476,73.1728622245791,65.8708946344658,80.9442510836656,44.3492727425595,47.503439265902
55.2379611677663,68.6727890365204,64.4136472546258,80.3695152312674,71.4258671287093,84.0587923093665,48.9443743667332,50.6376619340815
56.2369227900058,68.9828872095924,66.9411826816095,76.331565879203,67.4241399728896,82.8081287935436,50.2726118349383,49.7356048822534
56.7557561296476,66.4134248896702,63.9961955125922,79.1419850585468,70.8712375553524,81.0294120677993,48.8786292814677,49.8446352896334
58.7223917559963,69.7487152606238,69.2019857986665,88.2219862786746,79.2416165013311,84.9706328583201,50.4610821677148,52.6322189229918
54.0251789599436,68.9032026125761,64.0896620788011,80.5772945082126,74.052901528822,84.8173022565071,48.2869812235397,50.7957066132557
49.1075279953014,67.783907256954,57.765869246226,83.7161489720381,74.4695697504805,86.1660947733691,47.3618692960955,53.774167557303
56.4497403570251,65.7439426533323,62.82562293828,93.5913283196019,82.8519141712691,82.5561617959913,48.6258960803961,53.1341639944618
51.4951159008905,69.7507750036219,60.4133122202967,82.8233664597515,73.0062902915569,87.5581170458462,47.3631834348313,51.1930772849349
55.916333948864,68.8469708432127,65.8136695363753,63.656429075975,57.6082596511192,80.9233344759339,50.5706929793193,45.4214523054848
51.9836716001762,71.6384216018317,64.0579010979237,82.5247793395368,71.6871005237687,88.7874798782802,49.6293181144598,52.1146739232636
55.4382316448872,70.9830586219428,65.7257429285067,83.5049444097996,73.8255461529144,87.2132848305418,49.8067732639365,50.8658024969944
54.3058843465028,67.2095675934374,62.7875580257379,87.4371279481586,77.8545473780061,83.8950551759451,48.2582756699306,50.7724781670202
54.8631474092294,69.4226990233912,62.9465592472663,78.5405459579341,70.4913178260311,85.6355855676998,48.1355604605936,50.3457128604173
55.650077327034,70.326633594382,66.8811267121485,82.3445329794465,75.4910522306918,85.8693968476661,49.7911033920494,51.9584538157408
62.560107004476,72.6403874938918,72.8780873081209,88.0530783850421,79.4730968202491,87.5209378615505,50.2522714004754,51.2805007787422
52.5459110709128,67.2257109743182,61.1767967550869,88.1274557289313,76.6418578986058,84.2198943856334,48.0652106892999,52.9339626459498
53.9204813812227,68.942448701895,64.3877619824867,71.5850333224893,61.9340387984321,82.635257033016,50.0152696833456,44.3814849916745
55.3468478295987,67.8663011195419,66.4487227011919,75.7451582539139,67.8256821865767,81.2683038856391,47.7437019412989,47.545302079066
52.0372052036565,68.5504716509926,61.79837399264,101.634079462606,90.3305291781946,88.4269359413732,47.6874776523088,58.1789740635139
53.6516889829541,68.6243231002121,62.7230086655289,82.4535008663013,71.7404981446144,84.8260548459945,49.7976407849745,49.6861900183538
53.2807758830021,65.7110035009557,61.8520316023264,73.9584358203645,65.1378285948966,79.4446814039375,47.9758505059456,45.5143504972824
54.7043996053329,70.0245755742922,64.1689423199085,90.1903693329565,80.3611343506191,87.8420752781654,49.0626160439531,54.2400175338297
57.3313259511306,66.4548310259205,65.7220791006178,78.6851968009559,69.8463117984408,80.1154676697236,48.7365426430796,48.2299044349433
53.7391747186798,67.0395844476082,61.591967832736,72.4559648539798,62.1179080351163,81.3227774005827,47.4300942104242,46.2441735194884
57.9816835379372,70.1590227769145,69.7422458068445,87.2744352758763,78.5583061823044,85.2868486596019,50.6375483324594,51.2619102242291
50.5281301806853,66.5974304902959,59.3728285071614,73.4991476093688,64.3559542935909,81.9712481591168,46.1077997444694,45.3713484197436
49.7233742410432,67.4578074470022,58.9327232945556,73.8267662243769,64.1430014146638,83.3808737315414,48.5196327934394,47.7689479221594
52.9877327635879,68.2196787156003,62.0048857259369,76.4832621503178,65.2611586998479,83.6692670137141,48.2183902941273,48.0146357972479
51.3956862046091,67.5599496107367,60.3318849567525,72.0607318736554,63.6071205673795,82.883915150113,48.1115835737321,45.6521637234162
54.0803198337879,66.7173654363485,61.0806700939421,77.1910688605521,64.8561866024278,81.6887914039239,48.7510684633656,48.3452538759838
56.4476041431254,72.7582320771606,67.6438805678323,80.7929547931296,70.4166889330137,88.4018847068938,50.0696849303772,51.0096113226305
48.8646015150041,67.4223714031175,57.011992048252,85.4122216916965,75.8319424426203,86.0927301202289,44.4970159264699,49.3068257025
50.8086015677548,62.1558105671467,57.4351659286273,81.47551192241,72.8018799309405,77.6400039383652,44.5475529519721,48.0404946944019
53.5452698173809,66.5918507957293,61.54047901301,85.6698976222197,77.5602521441391,82.9379741583384,50.150454040193,49.6162096381725
52.7208255111513,71.2233521828059,64.722616622882,68.4043390785502,61.7771957450409,85.7051504349005,47.3864842232631,46.9451886927395
54.5425359661503,71.4468534949343,66.631085167129,76.62711496855,65.0313896398536,86.2573608174693,50.0843012739755,48.8232469198593
56.6681372292566,72.131399508045,68.9355296117052,78.3833586173509,69.4408347383773,86.7658793552668,50.4537939923185,49.3901015688597
52.2552010521213,70.0226855810462,63.7783132435658,88.1520167187374,77.2336060637139,87.5719051623053,49.6550661526055,53.3364492706538
59.1776200134265,68.962371511458,68.0024979564211,83.0008236900173,72.7084802978794,83.4620738255016,50.0494063074516,49.9688520136898
60.4711176334012,72.456962934296,69.3834814346056,79.158122769113,67.7120445416472,87.0495064678811,53.7432730782717,48.8271159687764
51.2327060973307,66.4082436807626,60.1776475844141,72.0271264576393,64.431842246468,81.224991765685,48.8503235971841,47.5651174582832
54.0358893842214,66.3722210989347,61.7197528082096,80.1657627312207,69.55001347395,81.6308171059978,47.4903236003197,47.1645933718181
56.5956959268015,69.1714831603516,65.989270481202,73.7424914073565,63.6052117469805,82.8314103896,50.8890008880061,46.9948139865533
52.4924726789493,68.8172730199501,61.962681801974,76.3025653146013,64.1833782326785,84.1369831205824,47.3248745841196,48.0906670676674
56.2537478638367,68.0876458336663,63.3245105344885,79.6904588052967,71.0606666055421,83.6242168804099,47.6419867964323,50.0331889752826
52.3082416859693,68.0359041630796,61.9210676566556,78.5399604749517,66.5647051984873,83.4115654655422,47.0350356105823,47.4432283148847
54.6621542952206,70.6792440660648,64.2556924327855,86.7985795027159,76.5959097468176,87.9753773030056,49.1723951612938,53.6009554904439
57.5903189968764,68.2988672860325,68.2854803742092,78.4610400273921,70.6773033094999,81.5936708696888,47.8945407021917,48.1567517613314
50.9910407360896,65.8964369933345,58.2677908705607,81.126302023414,73.0813910751375,82.7722091814493,45.3684391154713,50.1992912057438
57.9095251332475,68.5847122643663,66.0716470494628,77.3405263827485,67.7009684122465,82.4323451801956,49.060678305578,47.4774150781398
48.7683895028081,65.1446161806687,56.9923136809707,86.5918531783168,74.1617963265691,82.9349513668948,45.2776527952866,51.4039124347186
55.3962185677941,68.7398840642277,64.8926188236355,78.8559367047441,70.0898183176748,83.7689746165654,50.3952095391616,50.2573317235518
57.3055176898907,68.5861093538663,66.630555179373,94.2860351904013,83.8965389039157,85.329507665805,50.4443768077095,53.3918767565128
53.541049620158,71.2463547708378,63.8802336749804,80.8936078447073,70.5923446886153,88.0074525165136,46.9438609774517,52.130637970229
54.6301188194642,67.871637282872,63.1698269520604,78.7873672889588,71.0789157042748,82.9531901937479,48.2540143729263,49.6148733927091
47.2991433775753,67.1406352478629,56.9647830672421,96.9136748244592,86.2440294134884,87.5383453168708,45.5846443314246,54.0037671499482
52.6891770261756,66.0083663402363,60.5951868427329,96.8237382111725,85.0174481490072,84.2142088877751,45.2712917560864,52.0203529338146
56.1949566391521,67.3319340060004,66.3071330039482,81.8963431080068,74.6276225077517,81.4745033379584,48.7768828462862,50.1470665568793
48.7398305966297,67.1899333566919,58.4399636148899,80.2641403156988,70.8454337817042,84.1418756325073,44.842273075927,50.5063249659909
56.7864679331274,68.8915778380969,66.4844370825979,78.4760462964901,69.1440538830037,83.1795949580148,49.2857954241121,49.620505242231
47.477929892429,65.6120464125295,54.9203528517069,84.2253296670686,70.8102216986673,83.9889853607426,45.7045507287866,50.4773289745612
54.547710671893,68.4342760880942,62.3641652918281,85.0923125927642,75.2917203769,85.301516201579,47.916293401542,51.6240101819492
58.6737818087711,68.5020325742001,66.904022533952,80.4837341762352,70.9889454657204,82.7007743564332,51.3972589948183,48.8758587599488
53.0830898614303,68.8054712578234,63.1008003390464,98.1814022859521,85.1951312320126,87.5099116954433,49.7113539231615,55.4953676885315
56.5396128083179,68.1186571615721,65.1162958987423,80.4697729782375,70.1584509538462,82.8451245568776,49.5063705926776,49.5266638114447
49.1327454184589,68.1996158015185,59.0177562151785,79.434432642393,71.5579785869663,85.3542933408856,48.7642015289352,49.7245211957431
54.4633784130522,68.2711344277716,63.2235744950537,75.18948386305,64.5622783772156,82.8058078397583,47.0795867854169,47.1873504390715
58.5299752893965,69.4274997199273,68.1937288493938,83.9404333552364,76.7451117700191,84.1421997026804,50.8706976762064,50.3391839412978
48.3409355107139,70.3257330042085,59.9147699616729,75.4483808520954,65.2578293013324,87.1900457697606,49.3546794156425,49.646809135552
56.9052546353446,66.7017217148158,65.1032661905514,81.5352598620529,69.4580617995024,80.8794038965328,48.6982489796145,48.687967793819
54.3324076768655,66.9522879540649,61.8861683428826,85.2406147830114,74.8211190799159,83.3799121014876,47.7727470235097,50.2373735004534
51.4560753090351,65.9177987371318,60.6688958266461,76.2569010177226,66.8237775129801,80.9711687867522,48.5994298265557,46.6110604916014
51.708163680942,66.1693996729287,59.7393851752748,86.477399724025,75.9339527554897,83.3261202838374,46.6015954945464,51.0488456332506
50.9719691173741,69.623824551839,60.8050156119803,75.0677312301989,63.8505297240389,85.7363688942483,47.9422828989025,46.0779048037384
53.6748002349837,68.9437376994894,64.0537921480409,85.6585139115692,75.8819395438443,85.3937001679859,49.6394407707128,51.5672864812805
57.8286062253638,66.9268541444377,65.2233613114326,87.0754405149571,77.1486049752094,82.1807926258325,48.9340187554713,49.5521862692428
56.2761755759616,65.4423645352405,64.4475512306943,83.7156014745497,74.4537484122849,79.9591646028372,49.2386096417659,49.4260576616507
54.435687748586,66.2657084994627,63.098377926796,83.1697127598059,71.3038500772882,81.3371054628625,47.4988577781618,49.623893437209
46.4289369934905,66.8813114318009,55.5478382157537,64.3442511317744,56.4600125652367,82.3187096974851,45.0702548237532,44.5306714404045
54.9358922080211,72.3203883482033,67.7639589634649,88.3916071528096,77.7516889015789,88.8919764033327,49.9010234471952,53.7044335621865
62.0207921855962,73.4640400633299,71.6841919305897,84.6650943401547,74.2483661294735,88.7437059850593,52.9572853087997,52.6310182247846
57.2619699372707,71.0497245221454,68.5278223862111,79.0894629193968,70.7699612265645,85.4259872026099,49.5701892784316,48.0139827012742
54.186641935047,66.2660095759548,60.6066175955142,84.0452751466334,74.2290298468519,82.8314543002885,47.837781761985,48.5153861370313
51.6696616919441,67.1535532578862,60.3025240826507,80.5501008197126,71.136476818403,83.4610870076321,46.8675078272622,49.5172532337231
51.4671998751587,67.2454866795413,60.5203614318087,74.3765727240275,66.3024149984635,82.5460349373524,46.9143576440878,48.4204835778437
49.2061325547965,68.2245561190628,59.8169352129338,67.4450426626409,59.5570176695848,83.0822773498441,46.983551583741,45.8292445827724
50.9459244195152,69.3366623408763,59.9963922355233,87.3568481564458,77.6992486310573,87.9991781366654,46.4672713464573,52.5045985751463
55.7780153952745,68.9491457997202,66.1034926271137,72.839239473113,63.8880905004859,82.4484296691516,49.25093612184,45.851150479444
52.4135114862779,70.6171538253497,63.2999996781794,80.0250724188756,71.4189987649835,87.3071961586059,50.3206860230086,51.6889360723416
53.5378680534355,67.3928604401857,60.2730522899204,79.8542258700078,70.2695805545343,83.5624091866843,48.1184953289807,49.2988341242575
50.8584666402025,68.2139040719238,59.7374270249134,79.0033789017154,69.7547852350908,84.8306645587498,45.9431231046526,47.7817149182815
49.8253392842906,62.2511000853939,55.6216823844844,83.9935545100752,74.4463355610786,78.954638007767,42.264913000693,49.424328423477
54.4710688955522,64.6178070626811,62.4032522964452,91.1592964215149,81.2514012154427,80.9853211563096,46.2148854360508,53.9453407235864
53.9099677469361,71.8298371641224,64.716476962691,82.8299339354775,73.2156329221048,88.4454289995946,51.2973591761122,50.8211617635252
52.6769173752561,65.4245321098054,60.1741543665463,82.2605351577179,70.828910912129,81.188535878121,46.3339568564149,49.0253901259626
52.5478088198918,68.9741707594697,63.3956377423681,84.4668335775305,75.2494720592329,85.5129934577993,48.7682869264138,50.4300500332013
56.4429631408376,75.1739711054385,68.7551327807045,78.2665328729364,69.5473344216675,90.9448971531247,52.5070762439577,49.0263262526973
56.7277566072669,67.449350839954,65.4980758770499,75.8327881597866,63.7374763678277,80.7913276895775,49.3239276945321,46.5268427147512
49.9157383146037,68.7471452353655,59.8293219224934,86.8526464138287,76.9992522410037,87.2452369531506,47.3455513917065,52.7095213159618
54.0132504522741,69.2308480356074,63.8369320078121,85.3987679714737,73.7087705133827,85.7994302544607,49.0524617893652,50.8520359883402
52.0973008928445,65.4980949093316,60.1297701624702,79.6561186662368,68.0100142277273,80.7602151645143,48.5675839705043,47.6077459621074
57.9059624712652,66.3537321840534,64.6081322276057,76.9659328891501,68.2837610701953,80.0487952420446,48.4005290566724,48.5944171206905
50.2153239148008,66.7658737535027,58.047089364151,88.4119660791642,79.854203036696,85.3403052846758,45.2804079672363,53.0760502978211
50.5889628492032,68.9348463564167,59.5428016931129,78.9671072017788,71.2494838450338,85.9937955721087,46.7085951314552,48.857243234209
53.9667180730332,67.587445605423,60.8972935658125,82.6026959840692,70.9312802834343,84.1774585606331,47.1077802928609,52.6305653195381
57.199091305374,69.5770843820877,65.7919901132385,81.0904880593266,72.3764851713315,84.711623735067,48.3082433871462,47.5775517071818
52.9788697380686,69.8457364143537,63.6221266014696,74.9766224464345,67.6111365282192,85.1906913468121,47.9460106197434,48.3021234484735
50.0862494920703,70.7582207633933,60.3871681027788,79.8250206632087,70.6309639623594,88.6460498351917,45.8866012489577,51.787223912071
56.9986213839395,75.1558626757283,69.9858262061931,77.2734168012033,68.0492608253548,90.5009075771152,49.9498286154593,49.695817100875
49.4801704830621,66.5381864353277,58.3250871611138,91.1018962799186,80.2652690149043,85.1170332858277,47.6640106192431,52.9703040617272
49.9179269018144,67.2171476345182,59.3964494127457,84.9853713362516,74.4372583223623,84.7856490652996,46.2439886915533,51.3792180381296
52.1959640317653,70.0491690331321,64.7467194075101,78.315578806153,69.6217282338852,85.5313576107438,50.1054924055082,50.154625177841
51.8590797598746,66.5530901880625,59.9216900013453,87.4670419061799,77.602438877867,83.9594878535739,45.4157404219675,49.7950734490722
55.1683192821149,66.1765894858229,63.1286873873791,75.8243453509171,68.1832298646112,80.1796757186955,46.993380598783,48.189468015406
53.370073667055,70.9806860076059,65.6847321892095,73.1810971055077,64.1012930061693,85.4513194989384,50.3346742263941,47.9391004982797
53.4438971021337,65.7090992292666,59.5633545006816,73.708803407786,64.5128645834034,80.5265770573122,48.0358957302541,45.9604534603732
55.1519870002403,68.5146122636512,64.4676029773875,80.9677268565421,71.689723756211,83.8803135037121,48.6664055118448,49.1701573402035
55.8298749871526,69.9012253633663,64.9443381610075,72.5263039095119,64.4525646799968,84.3123930419067,48.8822538016232,48.8955324684408
46.6364672130706,66.7888139994931,55.6191932169062,80.5953180681518,71.4859230582866,85.0091163266033,45.3804645443939,51.0858478182905
54.2030494054523,64.6648957562566,60.8327987337978,79.3603524610336,71.2458996851941,79.4532354313976,46.9699347379298,50.1479267097695
52.670060814016,68.2761909093047,62.3522017442806,73.8931614398721,67.4832952388297,83.5389785663691,47.8129381402489,48.177642666634
48.2053340310847,68.5581754163894,60.2000449188605,86.1030681651379,75.8277013474404,86.469622165905,49.2249630574373,50.9548465125776
52.3590515798123,64.6699455917641,60.6934890726714,77.6859008323336,68.29953288779,79.0754278544793,46.9669997734418,46.6394310249318
52.9833700503701,64.1691945317561,60.4865348392928,80.9068661711939,73.1015910465248,79.276224171839,50.6451316959022,48.2238218631987
47.535215237109,64.7081517667008,54.0177519622563,76.6624923013175,67.7606479903422,82.0875749723381,44.003559488831,47.0404344988798
53.9382236672571,64.1789121350948,59.6147986263109,78.5778999275379,71.1008108372184,79.242247448568,46.5044256987497,49.8542023067611
53.1125235278464,70.1868486008695,62.9947326200197,75.4000313185688,67.9620101330473,85.9720854726157,49.047842973926,48.6902293096576
54.8360725199472,70.35561250673,64.1178062182202,67.0306548127046,57.3127461384297,83.9844745077214,51.1082559678506,46.2133892731876
55.2323195561926,68.9264415598703,64.9415391315025,79.2331744621374,70.5560430518953,84.19144049271,48.1495152225881,50.850302563258
50.0069999130907,67.7920057160279,59.5761811898249,76.0830515803336,67.0119595545866,84.0791683881666,46.7095368236227,48.9804783509678
51.4779263102359,69.3937757082425,60.7386958074889,86.2368951396167,78.1085979327168,87.5578039135026,47.7523825275378,53.3965530142341
57.5393899248495,66.550175723094,64.8214515613521,82.2656583187562,72.4362466380897,80.973868297218,49.4089067408626,50.1065077424696
53.6525582005157,65.8230141865914,61.1185506674739,86.9836753204227,77.2942764878448,82.2495869753012,46.6708229990299,50.579079695873
57.9756306371823,66.9130364985693,65.8020609302481,76.8616053074269,68.3000335898545,80.4695381853645,49.1873919021614,48.1493678692238
56.426168414904,69.344127656032,66.3411542941864,81.0943630981893,72.577692099138,84.4803723081639,48.8742990219648,49.390309894422
53.6183472480927,65.9670751597735,61.2995575137246,82.3879087505536,72.2004748343767,81.5326109714029,46.6079341372574,49.939246413759
53.6848270696291,70.8020363445109,64.6209376839382,76.0049782474281,68.3040623025253,86.2064681728075,50.0832116120423,48.8936461930518
51.8350812874328,66.6353656081857,60.4254519969709,78.2057006927318,68.8731080353462,82.4090624376269,47.9559476466809,48.5459178056461
52.2956091182739,65.8985397452977,60.494229375445,82.614001516359,74.7731819668048,82.0130156419936,47.2180168921321,52.1427813776318
54.4252566342669,69.4988481605278,65.3187837333925,82.946182383285,72.0092612405586,84.9160244241592,48.559591297647,50.9112323397179
56.0545394163127,70.4876326589481,67.7297280296827,86.1618280172013,75.5571010893332,85.9591425310256,51.2314294757279,51.7402234789367
57.5925404241621,70.5948643913908,69.2014915298763,83.7566468309895,72.294891110735,85.2313094396151,50.0841454091556,52.2116339138561
52.5528030978626,67.1851863514069,59.9983426476276,66.6707119569706,61.7874006553801,81.5955228397764,46.340918484293,44.8629796551882
54.6023919631723,70.3049625190354,64.7975245679778,76.8779985710195,66.1839525990871,85.5908303382216,49.8801767895055,48.8547722763703
54.6157530557237,68.2297847222851,63.4057059478505,80.3624545727501,71.2167309881648,83.6852081122511,49.844719462615,48.4067662815296
50.7118140688453,64.8191376364383,59.1565142917521,78.8735069179851,67.6647393006819,80.1005862214052,46.3502389306306,47.6915325467264
52.1182324547188,66.3242813468505,59.4871295431028,77.6107982148428,67.685347078874,81.886721795406,46.9926766243209,47.4150692361977
54.116195535667,72.5675290473218,66.6715978381208,80.8970488519849,71.7992477914501,88.8673273985066,49.8403259404072,52.3841507636169
56.5904003293963,68.8347997133847,66.6880928572327,87.7300945614307,74.7823509234885,84.317130127531,51.1064294339457,52.615286831344
57.4635588631991,66.7576743154311,66.3719525666942,79.7942318537194,70.5846620146037,80.4302093980887,49.4678794716698,48.9597209170284
52.8508463684667,70.9520906591491,63.9760781263669,77.3323219479375,68.6112466650006,87.0482367777308,47.0019607124834,49.6322508766124
49.8268456397437,70.6472255382674,60.1045909666981,75.5660992052812,64.7106308884277,87.6877324282914,48.9387356501878,50.3688284790632
52.9932400519694,67.0848451708658,62.5133230558706,73.8026416279823,64.8396058149939,81.1158245336451,47.6946881825184,47.3955936972348
52.1883631030976,68.4786301709855,63.2775591203794,80.5289063903509,69.0481334306642,84.1122738427145,49.3374367510228,51.3756616514143
58.265553211024,69.0492063602242,66.0645178363148,74.1542314839458,64.0721744358725,82.5153459331077,48.4311535481333,49.3279076185758
55.9210768106567,65.0501052085295,61.57782771781,79.7783792430796,72.8083134773189,79.9288894429501,48.7673692268255,48.4598283618015
57.8850431701215,70.1994766300162,65.7059372593347,86.7312292886596,74.2945975928749,86.4450436246961,49.6949226762914,53.0491757840251
51.5093323472734,69.4115771907985,61.4652803516852,91.7839369577652,78.6524537980825,87.9397259988692,48.2990499428193,53.4157330742472
53.8067087699163,67.2026609920478,62.7679784313208,85.7030188915035,73.5866204965649,83.494485864668,48.6393765821904,52.6130698475254
55.719655988785,71.8400522531526,65.7265284318049,81.3450945105436,73.6468670094038,88.4776688901827,49.7415037812266,51.6769176113502
53.285097752301,67.9773980086502,62.0828921577999,87.4291243789383,75.8737815477148,84.9461103131717,46.5973487840568,52.7704093436593
43.2251506321961,65.6687837453397,51.9062514770723,82.2951411849479,72.2452934036196,85.18132490613,43.7832948320948,48.963495620067
57.5481240943481,71.6040367511007,67.8466069019009,82.3089649660679,70.9065746040288,86.9483597214407,51.2458209156688,51.2577255862254
51.0496216085273,69.3751156389031,60.2184959555489,76.9392752794244,69.2104027383855,86.4057748728216,46.8465412775919,50.7740338736556
53.520631709773,73.116853012795,64.5590752973007,68.4554125187609,60.179912698405,88.2046869704041,52.3099938157387,48.9305998909207
55.4735614365296,68.3492154068474,64.5606123925913,84.8726521445987,76.7366826827537,84.2815825526241,48.417424136916,50.6116103600643
56.1367949072119,68.4458939163016,63.1768458448129,85.4814040601491,75.4746968099121,85.1000382299903,49.8300398603898,50.5573709948187
54.0308158125973,66.5444247325981,61.964397516197,66.2678280864319,58.7863744713473,79.416565162715,47.417067503476,42.760511440967
52.8613840022415,67.5148174127164,61.171931697131,84.0182473941509,74.903287800239,84.2085994085611,48.7443057937847,51.6424809580175
55.8261977048831,69.3189596784631,66.290670232498,95.531772296956,81.8906884011924,86.4100256457704,49.7868151334353,55.8974723907801
53.3214657864523,68.5884400927094,62.8839209805862,85.0641710234377,75.7255474511121,85.079605183239,49.1065865051949,50.9525769831884
49.88079325756,67.7844259943878,60.4092680811556,76.1079882364618,68.834345835879,83.7754787772165,46.7197666845816,48.1616533147459
49.2250500257052,67.8716692484643,57.5935631099434,69.9656796417758,60.8623519562886,83.7873519216721,47.0855421848463,45.7467875545485
51.5572606498531,67.4495404558365,60.0386919044337,87.3527071980481,80.5174195659914,85.4518468728253,47.3891306121853,52.3298887194785
54.5018231042625,66.1918456382214,63.4464401965721,84.9800892363841,75.0149647475899,81.5449889500463,48.2625810051014,50.1445292320584
54.4193978722705,68.612543453435,62.9726686037624,83.51365989244,73.2854579067935,85.0272916646671,46.9694146377324,51.8414206801236
47.2055352208351,66.1152915079777,56.0095953472946,78.8872593690542,70.3078279717524,83.3313829720312,47.4591373118916,49.7669246891689
55.7164701673622,66.1300640168872,61.6383856566315,77.1651862524564,67.9037557542765,80.8555985987559,47.0689986510844,48.0366820620159
58.5716075797586,69.4305547978735,69.1360731463208,80.2800699303408,70.6420426819403,82.9552499099943,50.4698778843263,47.0489329825673
59.5069441234705,70.1339611868692,71.105001463155,83.7826419169843,73.1941356762076,83.8291245282508,51.6386769700826,51.1640033136173
49.2104498477216,64.1939893816644,56.9622982951847,72.4460457039823,66.5206697167631,79.2966266135173,44.7891425569266,46.6144375708582
52.0203124755054,68.4547125179219,60.6957768133399,80.1746630676967,69.0049651571882,84.9317442501013,46.7256060975559,49.7208511440857
53.2390897905085,69.4561611495559,64.2377569422076,75.2882143318414,67.1491202448806,84.3972024896061,47.9537953009982,47.5815548575157
57.6227901036367,65.7686248649337,64.22301020152,81.7557209251889,72.5187024776193,80.0944286643214,48.2541260176192,47.0705526396237
55.9144419386579,68.4888383189858,64.1233502487417,84.414955718909,74.2950940782658,84.5043998023867,47.8225575569185,50.837032796381
53.5884387393957,68.368334685955,63.9343860409413,76.5508166941775,68.514631825124,83.3084560640523,47.767686636067,50.0176397991199
55.7795544592411,68.0623188551258,64.9127190038789,84.249410658533,73.4629181387687,83.555810634165,48.2088311087485,51.2564472046042
45.5249960184812,64.8326774900025,52.7452278106949,74.7018626752245,64.5576576373032,82.2454927726151,43.4047192161271,48.0373872732144
55.1910885144891,68.9847542005276,65.0326680465573,77.877783074168,70.3202545483719,83.7161358000264,49.3349795930794,49.4130605602511
54.7719413769836,69.9399410543305,64.1903943715271,86.4931826866657,78.8092507951475,87.0567724723669,48.4503099535723,51.4728792684994
54.3793352003155,68.868345962962,64.9459293970713,81.2439527869612,70.7939367001265,84.3307249605767,48.4824074956268,49.7453013057826
53.1086433074366,68.7817283544759,62.5702127761863,77.4711625138683,69.9286366268122,84.258864769592,46.7490370766568,47.8019996375776
57.8867441678816,69.1036867377288,66.0730236689953,83.5867778139005,74.1322017154808,84.5837812593337,49.5359747166958,50.5454658664811
56.6365730283216,73.092315473122,68.9000395520301,76.3420740027944,66.2911564994623,87.6202771365143,52.4362313830973,49.5656588585203
51.5217074445139,69.0243864863133,61.5492082788612,75.3220728180346,66.5616707158006,84.873211673773,47.7045251392687,47.9351205137751
53.3275707042158,68.8693022457783,62.2505646937927,91.4933266394538,81.1859974073201,87.111106490838,45.7818025318499,52.5589238435639
57.1608539369556,71.5508451466979,66.9021283582202,80.3926822214218,70.4443419826078,87.0515092691445,50.0957193884136,50.1725107166537
54.6600200832028,67.1614138588928,64.3762249998794,76.2475251261641,66.6341591539489,81.1843980318415,49.5765558090212,48.9822305648458
57.106245146008,70.0792574083801,66.0655788541531,86.8844308158016,76.9974693668048,86.2161655627032,51.4263619774726,51.4397686321523
50.4755650753987,66.3707001427345,59.3522341679097,81.7918801051555,72.2384412538526,83.1583021690502,47.6678800798139,52.0364675321428
59.7672045871426,72.9967942665156,70.534718126436,74.4195945712216,67.8945976657873,86.8896368609308,52.4328972427447,49.9039502513739
52.5328487015509,68.3319271334136,60.6933459168529,83.461839035567,73.8827679600324,85.3552878207364,46.9850730984153,50.5449704481936
55.3243512770337,70.6153091907124,62.7927163447069,74.7780130243364,67.0376374256196,86.6000919694949,50.0782998657521,48.8538053254989
56.8360545268039,69.0101357499659,65.709373416944,79.4304829597313,70.4774178008625,83.8104843227469,47.1567608236679,48.3288316935972
51.8374765902398,66.4321471810923,60.0855179488728,84.8906151697313,74.1336181284219,83.1984935490519,46.4765828377707,51.4799229840464
53.917204084412,71.1362744639253,63.1107040386406,77.3865408909858,68.560999506058,87.8128051910152,47.1668985863227,49.6309551323966
56.3505575157702,69.7189723391837,65.7585906428,72.2808594345401,64.1461052466406,83.6840555604672,49.083675720683,47.1444011230443
54.1175317727333,71.6834103069189,65.3063798486017,83.4269937698093,76.3692874255428,88.6646929778021,49.6508445950842,52.9308746158149
53.4686065643041,65.2765464549353,61.2474448506764,86.8334117655335,77.6309407964822,81.6076589838631,47.9100886978915,49.5145568067434
54.1694933260771,67.2888473651103,62.1429183530366,78.9232741559931,68.4800583600516,82.4467937910496,47.6803873190414,49.358420380564
56.6896164747055,63.9917263455558,63.3146882602799,66.7386797920882,60.0162727796963,75.5683140582783,47.019740875743,44.5587157569606
58.8719069191112,73.8844209377052,72.099868127187,80.4778818634991,67.9690564957007,87.9989558752149,52.8735672753475,49.4355783189405
55.5097474759335,66.9509028177265,64.160549727583,78.7289281328136,71.6277827188929,81.4409577080455,47.9471825836482,47.4798038405286
52.8427066427473,66.5607181469797,60.9385473430177,83.1111113553976,74.5892916770603,83.2084918183571,47.7171160491695,51.9910335303318
50.801318595325,67.6230327757362,60.1168434848906,74.292705693911,65.745385874964,83.3454830622996,47.7465018183463,47.8729605104603
54.2744607783093,67.0471169550915,61.6753735715786,77.2034331792164,68.2912052186498,82.1770165256886,47.9601198013657,48.9630264345494
54.9061089628832,68.9372288187323,63.9737741820614,73.9075199790381,66.8039367411255,83.3372981434729,49.1889498091287,45.6197354933099
53.3895380353268,68.4761183518485,61.98055298929,71.8741775989117,62.1348560590824,83.0344427392036,48.6434455107137,47.0702033851001
51.2380100463617,65.0628051025414,58.220590861044,72.3809795272368,61.8311795166572,79.6597973194476,47.0543894072226,45.1076721043842
55.2201060349644,66.3221144185865,62.8707169727349,82.7003224728108,71.4897494911736,81.5180357204468,47.8176865279772,48.092701114866
57.6992800452075,67.1458437972096,65.2989174918867,69.4137402722038,59.4155141706882,79.467854257565,49.858091190393,47.5343247855166
56.558358575844,69.5271091441808,67.3870842042948,89.1181538378676,78.9340252842538,85.5284634934964,51.4498448808565,53.4023136793455
49.6515129337126,67.3901665785821,59.6034892139166,82.8584814298211,72.4121224677354,84.2408081511179,45.7521315645073,50.4226172653994
53.436930017559,69.2903818897383,63.8976756909781,83.4869655967489,73.6404197042919,85.5479543140954,49.3499309547602,51.1219132923303
53.3768665694903,69.0699831580449,61.9634727543491,77.5073814996408,68.2620566315834,84.8431648245028,48.4691652305341,49.9713133837704
54.3992009243706,68.3987811460449,63.1453642791804,76.3179120489392,68.0931193756774,83.4109607765022,48.2485253685783,48.7448867348353
55.1434188863625,65.5863007339688,63.1371542440143,77.3939352376996,69.5003639986987,79.5895498231916,49.0774020928609,48.2079505739671
54.0296729908565,70.2578927389981,64.6963127717305,82.0307903481622,73.4988770198461,86.7303606409585,49.0249655427023,51.4981054445921
54.1879276905103,69.4225370499902,62.5322456325694,85.6382110619137,74.6409058680103,86.9031861305825,49.6894633816207,52.1030378193001
54.9737630765702,65.5523144396433,62.9288677234803,80.158345058431,70.286628073711,80.1174151913075,48.6082891918587,50.0432280945379
54.3880087883964,67.1927300475233,62.2768475027872,70.8766636229717,63.1593275587352,81.1914961984415,46.492463911077,47.287933273459
55.8373517072101,66.0042976870562,63.8605180842494,85.9177056240647,75.8791571962147,81.2110716875197,49.1244742111193,51.0344700327846
58.0132867601061,70.6767437252475,67.0869065912045,84.2052927425271,74.9039432228849,86.6047698864706,50.9084337778937,52.6754196984197
53.3874249783051,69.1296249342428,61.5154423223505,76.6610213648119,69.0459692342285,85.3503314819457,46.9144643749459,47.4028782418547
56.3314991074241,70.648984023106,66.3395372078389,88.1964490137511,76.1537960565683,87.15412810172,50.8415402554867,51.0852250000055
49.1269441502758,66.4802562836263,57.2466161311018,77.0719658944024,67.7259528061181,83.2433599546738,46.0273189215826,47.8695051481588
51.152916726952,67.4616674645075,60.8911432420313,86.3310635234317,75.6892802866634,84.5701291831082,46.4473335565659,51.3421789409973
45.496527277837,68.6101695612251,54.3507702084389,87.3064717358711,75.0830479422674,88.9225143678783,44.8471324244483,54.3239097233215
56.3276925989641,67.2823458283175,63.5009399868656,71.9954364028842,63.6507130200891,81.0306293798023,47.7060574140056,45.145562103113
58.608988464089,70.2897896015482,68.684997309682,86.8629186711641,77.5375560661149,85.6218796151154,51.0089948939302,51.0050055510007
53.7334440086945,67.6890675066079,61.5139881073113,64.9915678433744,58.5202718445966,81.2480930421287,46.9142238925924,44.4775344298269
56.0549010607547,69.3349956982512,64.8868330889941,77.7716385647187,67.4041027309618,83.9684476860321,50.7664489850674,48.8380062489507
55.1333022503167,74.3704829628364,66.9811356646821,90.9452221425563,80.6250981156867,92.9930097728637,50.139775024565,57.8289218162776
49.1503979436184,67.4914546136094,59.3065145776255,83.0126942619398,71.5872335145092,84.7118699985811,47.411839357252,52.6969250938089
60.0736350285056,69.5678369314018,68.6479524709442,80.4662366083429,68.9219595137264,83.2082524228929,49.3962992956028,48.5650674844304
55.9405113776554,68.3678002533673,62.5914519477308,85.7439858578103,76.2583401538173,85.1807584170065,48.826046069788,52.1334712682814
50.2487291541497,66.0135761039853,61.7768579690053,84.9391882644347,73.8632975994076,81.9208717512932,47.3303163725418,50.4749311249505
54.0977430767835,68.9271100196667,62.5025068500827,72.4425362387725,62.0835344295154,83.6763588136907,49.3462360225584,47.9886018963613
56.4377262976938,69.0419111910702,64.2309349405458,87.9358836185053,78.8587336538923,86.0185521222862,48.7680865864009,51.8118089817401
59.1046879990465,72.6021319952013,69.8207571340659,79.0097672761146,70.1957974419308,87.2063359952717,50.2191037453014,50.5799069564861
51.2167522671369,67.8339130234083,60.2879873392373,81.5132414882288,72.3844102062951,84.6417905656542,48.0359668566238,49.2217391969354
59.0073741018543,67.2437651539295,65.7085750376897,86.133973169455,75.5437738815456,82.2179013423402,49.0060562313792,50.8289303135279
48.9818230120251,68.313138249177,58.0877115705007,83.9801828304884,74.5285066378152,86.7739515109766,46.9305266534637,50.806943128363
55.743720439469,70.1024090928059,64.0889077515759,68.1220173601835,60.7646192229077,84.2020332727955,47.6307079583866,46.374980760224
56.3453012577093,68.8136743712908,65.1504947292281,80.8388763267312,71.8461436214637,84.1485210252802,49.0649326383883,49.2950141195682
54.6052573091163,67.4066966372886,63.9388121415007,67.6836491281506,60.5890527860175,80.3668619366765,47.5323033724613,46.9332007182659
53.4897177094589,68.957463208622,63.2392861364036,76.7265310447196,67.1230811547639,84.0020760868337,47.1097987688888,47.7765761429317
54.4223858199123,66.8182304422749,60.5106657955251,74.9693233623914,65.4958117887521,81.9660726737194,46.9432612590241,47.7920911780114
52.6760292971679,67.9577123721834,61.8942033349202,83.8562088151441,75.1804573808457,84.7039912624074,47.0529994522757,49.7483671338473
50.4380797277506,67.110451574517,61.2295358768758,84.1447628246469,74.1795867521198,83.408212754032,46.1711878525722,50.7847161834646
52.1545929410931,66.7612114769611,59.1460542894933,88.9533227876392,80.1877789321733,85.0383910115913,46.4340061142449,53.7352088123258
57.4990656226186,69.6865330250436,65.7365885073464,86.591779390338,75.6067045139426,85.7114294525051,50.384929344611,49.8196126568561
55.3941027667425,65.6829245306354,62.7495821230857,81.9580406319623,71.6276941198794,80.3485121826894,47.776446918814,46.0067868387514
58.2118663249054,70.2766598758506,68.1039336006879,77.2781987815497,66.2379640738384,84.1493753870198,48.7532245240832,49.4556395767346
48.3303998183498,67.6089803336015,57.2842505509898,78.5122491862954,68.6967298432488,84.856141060226,47.3186872170437,48.5511974623175
55.7416651097718,65.5232708375311,63.4290071319453,91.1715212376427,78.1443960702935,81.620064199681,48.0710509025746,52.0965628014248
51.5986918662978,68.6797615476349,61.5098123568606,75.7402129318412,67.3979610832074,84.3658520783357,46.2966943492863,47.5815102554841
53.1557784614777,67.6717904029242,62.3674674555289,83.7846591095447,74.3945163134569,83.8763030264186,47.5675857487669,50.4022730012655
59.4608489484761,69.7598320948448,69.3304932517,87.7826776759447,76.6954899591663,84.5220332259915,50.8772562972463,50.9342320437723
55.0079312838762,70.3549452577,65.3538183102539,89.8861246305538,78.0045452571393,87.2903074287999,49.2892259888826,53.0113272999585
55.4086402306138,71.0047900546023,67.4263381986945,84.5869643518484,74.2418236219021,87.0220506696054,50.2810334011439,52.7736651171362
53.0223647815931,65.7057868862834,61.1450705653329,77.5098976850084,69.5843389419232,80.6738841344706,45.2153783635439,48.3953766400467
57.461644151053,65.3346076997839,65.3586308523551,85.9268846956247,74.4683240339415,79.6976464539747,49.7228487792716,50.3614801365418
58.5538417930295,69.3814503075544,66.0791644821101,81.0542958855976,72.507483330227,84.6479643013009,49.9511324367284,50.4885966941689
55.1165734617463,68.1691639267331,63.5998465480394,85.4270457586721,73.1004930586699,84.2281159631509,49.4366561793661,50.3832892580537
58.0130790654286,67.5879665833885,66.8362612439201,83.9809448850909,75.5715295249652,82.1715131333917,50.472098135622,50.1804184767127
52.2836208693788,70.1492633437539,62.698257513768,69.8531024814317,64.8309106909542,85.3289240894859,50.4999712800221,45.7236997829072
52.9835059578586,67.9843675402974,61.6965155886302,91.8092048361029,78.5076350106818,85.771360181072,48.2493106318127,53.2134381891902
53.2350921818138,67.5445492264662,62.6546974766541,90.1484930894561,77.2798441232872,84.2677641363634,47.8244957829799,52.0138667072991
54.3652744794441,66.303454175858,64.2192089728533,82.1872780578819,72.0650470689674,80.6725780125295,48.5785545395822,49.1080325063971
50.5066461286211,63.5067968016429,57.2604659969709,78.7360257228183,69.8983215558486,79.1209747909474,45.1915320517024,48.1217776911433
49.1813511826057,64.4707109875379,56.3061279392189,78.138387637569,66.6478162759708,80.5879714825955,43.9106940886167,47.3978475203523
48.0739779998751,64.3334727832417,54.4961276784637,82.446459600463,73.7448688040062,82.050659311573,44.7908337201605,49.8620385522874
56.8174930966166,67.4851463418437,64.4385613155018,76.7981730329462,70.2679201104283,81.8981907352833,48.6061748819881,48.9534892309809
49.9386099784911,71.331137095825,61.9069684836553,79.0119092756941,72.3871237348041,88.7507234923669,50.0114421263332,51.8219821216419
57.4822933917828,69.4288600003465,66.6810750956384,80.6242834868791,71.4059543223032,84.0548585611862,49.5254961052501,48.8210602609783
55.890573242441,71.0784627403109,64.710691907727,80.5443198835292,72.3710447055508,87.422814765693,50.6858501660257,51.1276966184297
55.6356115687945,69.9453624338215,65.8333280374735,87.0701489600583,75.7196231814345,86.1204538250902,50.8793407762678,51.7132810963318
53.6287966069435,70.1999251043034,64.3948949983906,73.3337061966521,64.7942854635331,85.008316868578,49.8216279841166,49.9739801845539
52.6484056427137,67.3316183422095,59.0410337233635,77.6088848808034,67.9149590238811,83.6335720695261,46.1559765513795,49.0590679156571
50.7436718039959,66.0881156557225,59.297439131821,70.3262625844166,61.6046094936282,80.5679284435431,49.1990439551857,46.8916241247827
51.165341823731,70.3347338589567,61.4200300190596,71.6458488513334,63.7458218315368,86.1343245359235,47.3270833141277,47.0463822830633
54.4174862172731,68.5435780738288,62.6397983162495,84.7333091886981,75.4045618387647,85.3246890097574,48.506001031026,51.4648979046078
54.0964377769292,69.0054333835285,64.9141209486156,80.6959470864566,68.4601661825674,84.1418850086998,49.6527508186205,48.2120908028609
55.6936393728537,72.1834544526067,65.7269897535665,85.2327924207517,73.1745920388918,89.0090879769878,49.4566389930195,51.2567944907944
55.9097289726764,69.3578652321398,64.9109529093812,88.1169098515362,77.8006200496226,85.8474662488705,48.723554235577,53.5613853973291
50.8669183892792,64.4085309382664,58.8765830800767,87.7699895028084,78.3094369182957,81.5281872245698,45.6152192230435,51.6160018282306
55.9806678204935,66.120265724172,64.1482027987146,84.9917005688669,76.0579115153063,81.2774261050393,48.8424066994273,49.4914334142267
46.5816603009576,66.4653190756385,55.8257403748642,80.3074946122303,71.3653820160753,84.2715058899715,46.4851221499377,48.8775867210467
54.6933836199034,67.9094444121925,62.9972148185724,82.7740009094411,71.8882270068766,83.7928599644693,49.1065184044974,48.7595761979538
58.8538817529008,70.7837121184188,70.1060366295823,74.7389859223374,66.1755706205677,83.6788508836768,51.9395987117287,47.3114944867517
52.2897862481661,66.9826940986828,60.6736893893419,81.5460510743026,71.5274872153884,83.2742998248711,47.1845092183826,48.3843824940803
58.4596583610156,66.8193944474799,66.4463647284384,81.6626961830455,72.5618805456963,80.669443842293,48.0916901592507,47.9376865699915
56.6490227295268,67.0966138604009,64.855890912215,84.5729293015423,73.4269239864567,82.402091026754,47.1562968176274,50.9990022770079
52.4339400456376,68.2778036938561,62.16109972752,83.2413390366772,72.6893717206993,84.6641068841191,47.6508911241513,51.2166037394503
58.1193971758616,70.3124117840516,67.9209320006701,67.5681983900222,59.886140974039,82.7300339597907,49.9511517560873,46.4706101564552
51.4662828499046,66.7105099096862,58.5142623481465,86.7249262983784,75.29510713433,84.3576783089085,46.9569542464592,52.6587987901856
54.4116635133025,68.2034484164365,63.4469900143075,72.1717195538634,64.4893748256494,82.2946664765432,49.219869037876,45.7912202171709
53.8738540885772,66.2123046187301,61.5407455962502,88.875203854141,75.8128844141482,82.7896708800804,47.6307131156598,52.2201965307412
55.021006865893,69.2805152162151,63.8003657290737,85.865929619508,76.3855970172015,85.9049113511055,47.8064708124389,50.1343101277427
53.1484571262764,68.7648090364391,63.1700514489401,74.5623042944731,65.9251112829553,83.5647481147448,48.610518044944,47.2190721337766
55.413521864883,68.911921842883,64.849430242768,72.9747137977441,66.2610258088484,83.1441277400777,49.2215760545185,47.8103360437482
53.1167855000179,69.3909086692202,63.8604610690172,83.310946150941,72.949970522745,85.9982234312802,48.0829739106733,53.5401412219314
56.3666203553619,67.1038847312308,64.8431321487064,79.8059552134333,72.2412692984694,81.6073148789904,46.4033590686749,49.0956542910464
54.9847603284798,66.7593497738275,64.4658766633447,82.7199019216559,74.0683932331721,81.8862288818454,49.5176999972509,51.5346443000549
48.2215331550321,65.8202152389387,57.4335379611228,79.6363509180905,67.0996454760213,82.41302519096,46.2097622272671,48.7106562428729
54.0934280679183,70.73113439929,63.8729497231728,76.257402161504,65.4020957472057,86.3112185755268,48.6427496126191,47.878869361107
53.8310066368041,67.3967672133269,62.7969078585665,84.3284270644228,74.3486500766532,83.4233828045223,48.3580670541526,50.098918296949
52.7401469376627,69.0647085808265,61.7824606051597,83.673719682788,74.5771795709288,86.3280638343228,48.8543483637951,52.1736358107139
53.7923455896488,69.7788681748196,64.7127753734325,89.4309831590129,78.7010711056126,86.8419813655053,49.8395205554292,52.6978064725754
55.5510256332601,67.8645724164124,63.2418324440232,81.1143361889158,70.7994120167661,83.3703094648638,48.5513974669525,49.8535184081405
56.144487443524,70.2730157521004,64.341378821452,76.4848316604561,68.408149845117,85.6086197620246,50.3553574424504,48.7958760678063
53.495416571585,68.4782697909018,61.7797946253477,73.3166442816969,63.6727959347216,83.6459425421443,48.9689431650296,49.1492806037104
60.8966278386019,68.5564750576549,68.9860350499751,73.4636775771691,67.5307393574672,80.9650741398901,49.5287547532815,47.0830836181662
56.0727371441956,68.501018531481,64.9838549967669,87.6554682660336,76.8805389333424,84.6128613084055,50.5459553821427,52.1234108648385
52.9263929541882,69.5367366331667,63.4364908281368,86.928169473351,76.2443325477856,86.6463890389107,47.9700292966318,52.9655555250953
56.9816060498007,69.7102171187158,66.1888416631659,101.678923017205,90.8791575057346,88.3854896826697,48.6479801052557,58.4481979673992
50.2471994181429,65.0617277749695,58.661968182975,82.8851681156221,71.6418272775548,81.4704089281189,45.4656600976263,49.3088777408814
57.4400097493059,71.4079237462526,67.8514126665141,87.4320203102455,76.2681849663778,87.5762470125673,50.7188744872278,52.0343184318706
51.5254479210115,66.3137997794398,57.0256880017773,83.9295657143327,75.2776038786982,84.4012034555151,47.9700459519762,51.3898995320788
52.4270266353145,64.5227438141829,60.797987172682,75.8279205245682,67.6537815517284,78.8730094960186,47.5408498697943,46.6719826724434
54.252374655593,67.6726175898362,60.8618936259032,87.6782579268333,75.0953302372097,84.9710752110105,47.4775674221325,49.5176302455802
51.8469391649421,66.1751238107916,60.0763493893885,73.1195032073359,66.6002789442228,81.0674279907731,47.9497429371467,46.9421340028817
57.7738384690228,70.8879632439803,68.3830803372658,82.7436650937387,71.9365422333041,85.7390463748206,50.6054595462136,49.8800341701853
52.869330575738,68.7179830030551,64.0021947842708,87.1464319535236,77.9876442498367,85.2420898770143,46.8174847383645,50.8131556329794
51.2001192265775,63.7534672796059,58.068602278162,87.9070965186417,75.238510994631,80.5656722928484,45.315234017289,50.848634622482
56.6780971430978,68.1790799860967,64.8928000336367,86.8741983130167,79.6029743737703,84.2319655420685,49.2408785886134,51.7794806351469
57.3690610208794,64.5693271231686,63.2533486503552,84.66286405629,76.5546553220403,79.5575688622543,45.2994252859032,51.1432558070467
58.2200635481757,67.4768402210966,65.8348729969127,85.1353129186678,75.3386201847431,82.3320133030358,48.9526918701444,48.4318961215578
52.8198128918977,67.6440056509741,61.4090669364992,77.7782184714186,70.1437092495642,83.5427184927486,47.659196082403,48.3181787608227
47.5090850242328,67.2615540657196,57.9319441886445,73.8988441108753,65.3293961058859,83.8605243634107,46.4846239210584,47.8529904289421
57.4350085539811,69.4592541142322,68.4900099236189,81.0616048184451,73.3775725032554,83.8898018882995,50.3370386221123,50.2339827441435
54.7807150612787,68.0429825240401,63.1898020443592,81.146636169329,69.9865788659926,83.7517311067594,47.4734246461345,49.060991769373
53.1190751013894,68.755428985849,62.9134635155249,74.7719547141202,64.5373800610111,83.7820270434781,48.3192603328115,47.6028254224422
59.9451845747495,69.4977131766249,70.8289305762336,79.7561902466916,71.2545622521321,82.5939409698818,51.7256217496361,50.151455782531
56.7373549513653,69.7510825232825,65.2029442569822,86.8827909160056,76.5567977750934,86.4201650590221,48.9064864353282,53.1529628290782
51.2674234098087,67.0265343753615,61.026547287791,79.3024094590179,71.7244490776394,82.7810268318551,47.6045908102584,48.8434946494813
57.918573509809,70.0934976127336,68.1216001518208,80.1260053562573,71.5373679652251,84.3753844800533,50.8938328958806,48.4058063591875
56.6864219681659,70.5171646481373,68.9073370608263,82.470458203996,71.8946992818475,85.2478649562918,48.2430647326625,51.6561203777778
53.0210522720528,68.0144678276665,63.630843865938,80.6501548875433,71.9585546236882,83.3150501535874,49.4453477730911,50.6831045143567
52.9280125643084,68.9264104271901,61.8169182255692,75.6631420980056,67.1725067344981,84.5978957338475,48.7168539600271,47.6106818735719
58.53494600127,70.4037980479487,66.5160196938671,80.3276597572684,70.7896034856717,85.5568550213383,49.0892951045132,50.3830362987067
57.0693206205738,65.4780897828751,64.2154604478708,81.7688418549699,69.2454738475487,79.558102536339,48.2686073750159,48.154938387345
51.2275630619759,66.7932537478376,61.6088913713101,77.3274679579957,67.5302411403172,81.697142615925,49.0229152225249,49.3670135496014
55.9601178827256,69.6426256405635,63.7671524545272,84.9256968925515,73.8316671175354,86.184407160439,49.3577903982984,52.0163019594196
53.298528619697,69.6542802567284,62.2918394397645,76.4648652762859,65.6909910617579,85.4477839217941,48.7849793956557,47.9726725852908
58.446237380579,73.0022342475287,69.4023326833115,77.7602580511659,68.8351470194829,87.6898470068338,51.2899852771251,49.7045334591358
52.8782368280727,65.7221280248496,61.0235797049601,75.1458204920486,65.6940483180248,79.9731847999701,48.3151680878919,47.0390348895535
62.489067000557,73.6532138107013,73.4825229158413,80.516233575909,72.1359397426368,87.6790516713069,52.6563093568545,51.5371545509445
49.8094381206613,68.0678330465767,60.0338294014832,82.4630336269228,72.4757309245822,85.018667743349,45.4941346368152,49.1906026051719
55.5628722767009,70.4316115085142,64.6849069789193,80.0181321529171,70.7142188816599,86.1812197314747,48.2722856493963,51.6002301559934
56.5713381118664,65.2820353669644,63.6337526549668,62.0514296328062,56.394088830295,76.2130352603789,48.3524628941437,41.0023504142496
53.2343516696103,65.000498006713,60.856591081139,84.235707833366,74.6387621080436,80.7961948267908,46.6299072018701,49.3783113359769
53.8993205984581,69.653482183578,64.0811275286336,86.3570948233538,74.938717089952,86.6819021442611,48.9208098423676,51.8657805600789
55.0777413864332,70.2116401256562,66.1260394324469,85.2889745962603,75.8529344162616,86.3148853880001,50.2047981357703,51.0210725587197
50.4356466050545,67.2055486051136,60.4009376133136,78.8484560695005,69.9364761497055,83.2132510563984,46.8959889657928,47.8698629270226
59.3407328883527,67.3563545376705,67.3897092754642,72.5727471840838,64.7664382092525,79.6038643077374,50.0547420854429,47.5267838253516
49.5287751835186,69.3949068234104,60.1265570551732,87.96351777189,77.7271317343887,88.1143451046409,47.2744304513004,54.2278856825971
54.4051587982228,67.3534723912674,61.9269000025666,64.6893504462353,57.6067893753532,80.4707645095068,48.1936844779021,43.2034400535928
56.329883840555,70.7584975597959,65.9610556581963,84.8216929045807,74.9586507721117,86.8908369467869,49.1573846851194,52.2330810495564
56.7790765248237,67.9437535093987,66.634866485665,90.0894826076266,79.8966642563124,83.8403042592415,49.3636263620156,52.4590328702368
55.7250266296237,66.3176448224309,63.6169362136884,80.1881697931179,67.7093253866849,80.4786802362067,48.0777008806604,48.1040749204406
55.8574418616344,69.5746941996442,64.7073719819031,74.2110965455792,65.3971610936049,83.9271040996904,48.7962684302903,48.80599585391
54.4427671487689,67.3481607907454,63.3450362709348,93.8063352033977,80.8996632123991,84.5970226377737,49.0710407899359,52.5830214319815
52.7091433527976,73.4624166169889,64.282948718598,71.8083320062665,63.9499195554372,89.770477199985,51.0407392555879,49.6547001981267
52.0536853808811,66.8894462070864,60.4181763036511,74.2689075416332,64.5717425272276,81.781194766364,47.3489070275041,48.2957772149943
61.1818710832267,68.4415060787957,68.3083438026133,78.4340157505522,70.7155146263926,81.9783578194293,50.8963164271619,48.3095336219072
52.7701241833769,67.1710049196773,60.6298597700535,73.3329886391011,63.3869958938516,82.0585108892666,47.7630065541162,48.1855546057376
47.7954647379093,63.7121710137956,55.552250658461,79.4826829293548,69.5782444380184,80.4114401335202,45.1695450526224,48.1439515339947
55.850997021826,70.1434245958911,65.9701975669827,78.7940763433369,70.8124449136412,85.0533142867123,51.2828259988515,48.7098819918019
54.9379478311916,66.6390371681725,63.0622344026277,79.9141384580593,70.1363054451919,81.5485015156013,48.1885349717815,49.9042000089161
53.7664033677857,70.6251402555587,63.7922605548541,80.8075736624735,71.610912471285,86.8807628038498,48.9943461730729,50.8287721544934
52.2988305020157,69.7317776939154,62.2354650474844,82.8215455782526,72.4506447631093,86.6010383795389,48.8910037604704,51.9549050173199
53.8268106378945,70.475957379428,62.9756689699231,68.0487438787002,58.5974287510008,85.0246809919638,48.587221086106,45.3509277332086
54.1675912055182,65.5060172094678,61.439858694583,79.3165830866899,69.1286594149578,80.4136319709126,47.7907711978116,48.3474671484062
55.4298454340738,68.299932376251,63.5023677118577,67.6272541194663,60.8219806288519,81.7690733557438,50.6547489726224,48.3867077195084
47.9159729782198,64.1087162146911,56.7043464133107,84.9628171956295,73.9835472993249,81.4841128661558,45.3611512241947,51.1303752078115
55.268483311282,66.4412945180142,63.6196005172221,92.494342160939,80.4624282437505,83.1122043623681,48.4108667162288,53.6987961291545
53.7029723458087,65.5658805005782,62.358032477747,75.982420528425,70.1369122635616,79.7238230791934,46.8414485024189,47.7922842363168
61.4008636293839,71.200065766167,71.1879385667121,85.3352863700006,75.2369555043454,85.5641035644451,52.0403348754778,52.777079480891
55.468150537365,68.2692597437868,65.1536103899169,75.0629582061003,67.9935412488071,82.5274341186349,48.5673176208054,48.7242933788703
55.7963300242407,68.8307178159959,63.8573305283863,78.8715916271448,71.1129526731142,84.3446735383893,49.7023857192645,49.6187012864231
54.0988977667802,65.7191513622866,62.2332273333777,79.0927683318564,68.6383100823077,80.2865814857961,46.8337657284212,47.7225196742957
55.2843160528637,68.9544193879615,63.1908769600049,82.7889312804266,73.5105668784215,85.246672449741,49.137885558069,50.0835561984268
58.4048128048637,70.2833831023757,67.5536773219899,70.629798323479,63.257716823561,83.475311920854,49.1086691344609,45.6496063788939
49.3107876618407,68.2172074568306,60.2408929999354,83.3993932110507,74.9314166116956,85.7033320273707,47.4951040045063,52.0459496061975
49.8703798714647,68.5245295068208,59.3362664276296,77.2639008774281,69.274418179755,85.42439055224,48.090942523867,51.4899153970903
50.9634677843719,64.9210980239989,57.7504074645942,79.1819789949762,70.0990301939656,81.2147145946525,47.5453235319629,48.4974620136988
55.4247749254368,67.323305596899,61.4583556155241,73.2262084999061,66.3671500462566,82.2677852776234,49.4456482627984,47.6940341304598
53.6342317188456,67.4832041069912,62.4377906522079,71.7197214586927,62.4797457193197,81.4823383705658,47.8210102795233,47.2616464736584
50.7121470229873,68.1479388818448,60.6403563354917,86.446784016641,76.7450896289103,85.7249045393506,47.1405972512381,51.0573323498536
56.6468498608976,67.9022784350784,66.2099297025737,81.4276463946381,71.8047734012989,82.3333435056361,51.7408711402172,49.5880390018336
53.7082320673295,70.1580719549899,63.3640707421998,82.6275740429012,71.9284368489114,86.8412374038848,47.7300554448857,49.6302061001096
57.4898304068322,70.3306164694083,67.0569501180445,82.7005664411433,73.4910599170271,85.2744952453967,48.9027711497279,49.4197871929366
56.3179381478031,68.7825044161424,64.0481632029671,76.9198620578815,67.473759125012,83.3937446006918,48.551215138651,48.2289063775958
53.3899843692382,67.7564984715359,63.027939673635,87.5855074161744,78.2980266252414,84.3574191674108,46.8607173805889,49.896020563501
55.9077384383106,64.7740954700893,62.1817429516407,83.1851328669184,72.9384706195586,79.8404600676881,46.3905099211849,50.5305546090306
49.5209693447528,67.7663665880314,59.5434585163958,80.194078500658,69.627765043479,84.4517491492166,47.8025589336796,48.8757872782805
57.596803490249,72.9493641553658,69.2849306992202,80.2171150321545,69.821260755856,87.9978015040528,52.8344785456951,50.5221703113171
59.6740932127552,69.449846966876,67.7363265124373,70.2839304160588,61.9160506981073,81.9639072018543,48.62234605114,47.4564269225773
57.1738353506506,67.696287368324,66.1018401677568,82.3678944805868,70.6854902409654,81.9016731462978,47.9055210538263,49.3959755206931
58.5216720872098,69.0816927229415,68.1419072048024,83.4282347501831,75.8558351690206,83.8286967395104,49.9561643479525,50.6488086624971
52.2307775550377,67.2286413924461,61.7118470988071,77.5153652063844,67.6003652325066,82.2223835491971,46.6379990711746,48.1271708062906
53.6009812953002,70.9181030884453,64.1004779901958,81.2069377544962,71.6215409736895,87.6371856622597,49.6709374582206,50.3275687697089
54.8106550057321,69.6295804203686,63.6317563069582,76.2594523865235,67.2984387012037,84.8689103409095,48.0348706088617,48.5147288782014
60.2578416150356,69.8554916646167,69.8174096571444,78.986187436362,69.2646850810375,83.2342458709342,50.0283828564206,49.1000626244157
54.2908226996046,71.0167446477631,65.8325336345878,73.559179024655,66.8127030837803,85.629073737036,48.114617711795,48.1849913674957
55.7532387272369,71.1971536507454,66.2885035156221,73.7048215533633,63.9671057485168,85.7619869315611,50.3635535893595,47.5374258769978
54.6244944261182,66.4059602551754,62.0952085407315,91.6520300394365,81.8674041114398,83.627635172543,47.0019253006212,53.8856942510651
51.5602083239325,64.9309369355952,59.2021228080668,77.4271593410468,68.4943492242651,80.2805880979929,47.5339630630752,47.3652460379843
53.9443212732479,65.3098466135772,60.9770468971174,94.9369074627861,82.1129084765823,82.9534216807005,48.6082426415197,53.1367639851071
54.1528587516331,69.843222473558,64.0889941786521,83.2616404664921,72.4161478535372,86.0371322691255,49.2878286812644,52.3261400246923
53.0017138244785,67.086502258687,60.7211053397498,73.6544304181958,64.1792394696126,81.9458784728661,47.9240498505638,46.6766774837034
57.1350175762323,67.6842793259488,64.3439386535448,83.1713643915673,73.1584557592815,82.9619234923878,47.9791518967463,52.1210163984509
53.6160927015241,64.4940223484237,60.4444366977589,69.3207536344042,59.4368409995755,77.5429034250072,46.3766625477287,42.136280425647
54.5995218363991,66.4574953303049,60.9411292374426,79.4737929694135,69.1206135014979,81.9909065209729,46.8936962214005,48.806688359761
60.2703130833164,69.4756832933413,69.4517040998803,81.9205590080674,72.46784449781,83.153342651825,52.6056045969805,49.2454849747047
51.939863573223,66.3966014304248,60.1508328524844,83.0157877001001,72.874955721612,82.75477152293,46.0263842431728,50.1152444249819
60.5223439285636,69.1249898655749,69.5898959255623,77.8078168347198,68.8969496197261,82.0807585415098,51.5834449733356,46.1556399652179
52.7342077465338,68.6126083245267,62.7760353510529,86.0396373026796,76.0601315716621,85.5010933202605,47.6069779783504,51.7344918964306
52.4220904484167,68.0120513941771,61.2984124061138,72.8078249851248,65.122890396199,83.2735443995373,46.3022379683921,46.957120218968
49.5162689751817,68.9130788540777,62.0332764177886,79.987411074087,69.2453768359245,85.0169030047184,48.849616770782,51.9476208104092
56.9152529098026,70.6940529573623,69.0220014883884,83.1800771764908,72.6011071633527,85.453687912799,49.3013126428774,50.3036745437204
54.4922117882645,70.4891589447576,63.1006560265303,83.7466167202367,70.9407739606235,87.3460619459801,51.1880871313787,51.7525774845012
50.5662661727204,72.7404547147638,62.1043835966728,80.0441965746127,70.8317404251659,90.7161946934806,48.5585110532173,49.9459510350184
54.9431986382345,66.8086456173686,64.1528824893231,82.3986524335208,70.5729891473323,81.6954681787575,49.1631031524294,49.9440519764869
53.6776851830314,68.118150609787,63.9007479181671,75.8040811262135,65.8528430218584,82.4829223739807,47.286652011436,46.5944465653208
59.13939635703,69.7750284940284,69.6700675658503,89.165014117753,77.2143734393189,84.6614849347059,50.1903595236262,51.2685639847059
54.6586836465623,67.6911574728414,62.3809291824269,87.8430889962741,78.5351217276845,84.7961123037081,47.8909680984545,50.7824896603033
54.7600173658054,70.0110103737649,64.3874984534694,78.9064998929773,69.5298292377841,85.4944021071418,49.8681786411292,49.3794805639323
57.0508955060721,69.3765556558057,66.5282532248914,71.6531365803565,64.1261259084709,82.867883681309,51.3110218045734,46.7322272849334
55.5416962339675,70.7736765480925,65.4439685509679,67.954015622128,60.3252166864407,84.5627972240176,49.3444894888561,46.7335804725682
60.2929934172866,69.0916560763077,68.7085317642422,75.2334901399477,65.9693974653635,81.7786764313831,50.601585128962,49.7167743088655
56.8147145340093,68.990163492771,65.4415496612711,71.0686676118541,60.5739316403793,82.2514131322071,52.4021100329677,47.8051600360408
52.5621028249807,69.9012704144338,62.2083139961168,90.1314473901505,79.5047157980506,88.0516185522932,47.0990915700686,53.6073645588268
54.4954224124064,71.4903410960964,64.4370735237071,82.3417337905135,70.9626873669344,88.1694124610998,49.6881277305512,50.6062503782555
60.3140808197567,71.1692655730033,70.6303451886159,88.0803565741077,75.0945927590464,85.7896626489692,52.3007010348434,51.7799268542111
54.0043030995044,66.3342003062722,62.9340914442124,82.1412272534561,74.5311481970045,81.5510046749938,46.942941356176,50.7323701846398
59.876132517798,70.1741166417799,69.0175430371895,74.5637444579285,65.1303411828476,83.1711191530894,51.343637361657,47.777292202045
57.027743483014,66.0340366153074,64.353755783545,72.1935130583545,64.6000501063794,78.8604932793499,48.7153946208296,44.833778292704
55.7304110039019,65.8412033041233,63.2973403627112,84.4936487590591,75.8634034483937,81.1625970303235,47.9823070614972,49.6676386268496
55.8533031939851,70.5182935855059,64.4374592352998,80.0945173273209,71.782599803511,86.5062674793029,50.1447297308037,50.2091226915737
51.2702851198676,68.2281942980681,59.5150973355202,64.9941354486233,59.1234574477343,83.0640914325621,47.619474601461,45.5035810425753
53.0160723600979,66.5096829383745,60.7029092560603,83.2063971078767,73.8148695664757,82.7730061949994,48.0721056863487,49.959262043946
55.5693810948028,67.5649064620162,64.1069142105225,87.8038399989767,75.0674839105953,83.5393444203074,49.248571983574,50.638458527021
54.4036958953735,68.8259914787214,62.6106039357807,83.2824975992626,75.6784987361401,85.6981316133439,49.7967227609809,49.933205784503
50.4863623745001,65.4492268342422,57.9965226782412,80.113006347082,70.0924918596071,81.8841754508108,46.7001771293364,50.5052960228518
50.4497741142516,69.8757746754618,60.5706824284026,90.6437773089504,79.8118385265562,89.0694107755523,49.0594088859905,51.9198037842605
50.6788379774854,69.1652815225856,59.8279214415269,81.3522361052592,72.2877084514113,86.7787123195113,48.5614796937669,50.5974167041132
53.6098999497451,64.5362505626107,60.7393272228523,96.8662637486062,84.6615896358401,82.0403766195959,46.4793732367681,54.3215171068123
49.5276607591197,65.2279474947802,57.3494680259395,80.2668479487475,69.5754123450457,81.8510312784459,44.8432060699312,48.1282952251271
54.8039243692696,70.902399110217,65.7921883840093,69.8127126972041,62.9177638177861,84.9428554707284,49.0686143036199,46.7597299320163
55.9996315695379,68.4037858596884,63.0869613866559,80.10136113953,71.5841551979798,84.0054678498492,47.4671965560729,48.5368168574203
57.7612392272074,68.3130669046401,66.2473895440344,99.408620850243,87.2225615005276,86.0395757132772,49.2647405134695,56.6206517244065
56.5042594437811,67.9680729308845,63.5985247406736,90.314995195658,78.9154478063215,84.8336529087024,48.0356322516591,53.1646090928612
55.6007336027346,70.8605152405879,67.0450753138967,80.6535188117591,72.5518617726626,85.9542664187759,51.2548589067292,49.4204327699848
58.3235124007061,71.5983307659959,68.3289762134566,88.5324673063944,77.7352019625983,87.8632221907284,50.2802885776405,53.235549808794
53.8857068821185,67.5202671784228,62.5591001668482,76.0332833854863,68.9973608537809,82.4716973056978,48.9207283345205,50.0011081076455
